{
"type": "FeatureCollection",
"name": "places_old_city",
"crs": { "type": "name", "properties": { "name": "urn:ogc:def:crs:OGC:1.3:CRS84" } },
"features": [
{ "type": "Feature", "properties": { "name": "3J's Cafe", "place_id": "ChIJ99S-SYTIxokR1BTec-LZPeU", "vicinity": "317 Market Street, Philadelphia", "types": "c(\"cafe\", \"restaurant\", \"food\", \"point_of_interest\", \"establishment\")", "business_status": "OPERATIONAL", "weekday_text": "Monday: 8:00 AM – 3:00 PM; Tuesday: 8:00 AM – 3:00 PM; Wednesday: 8:00 AM – 3:00 PM; Thursday: 8:00 AM – 3:00 PM; Friday: 8:00 AM – 3:00 PM; Saturday: 8:00 AM – 3:00 PM; Sunday: 8:00 AM – 3:00 PM", "open_24h": false, "open_0": "0800", "open_1": "0800", "open_2": "0800", "open_3": "0800", "open_4": "0800", "open_5": "0800", "open_6": "0800", "close_0": "1500", "close_1": "1500", "close_2": "1500", "close_3": "1500", "close_4": "1500", "close_5": "1500", "close_6": "1500" }, "geometry": { "type": "Point", "coordinates": [ -75.1463556, 39.9504228 ] } },
{ "type": "Feature", "properties": { "name": "7-Eleven", "place_id": "ChIJ34rarYXIxokRNwylTGdq7Ik", "vicinity": "242-244 Market Street, Philadelphia", "types": "c(\"convenience_store\", \"cafe\", \"liquor_store\", \"restaurant\", \"food\", \"store\", \"point_of_interest\", \"establishment\")", "business_status": null, "weekday_text": null, "open_24h": null, "open_0": null, "open_1": null, "open_2": null, "open_3": null, "open_4": null, "open_5": null, "open_6": null, "close_0": null, "close_1": null, "close_2": null, "close_3": null, "close_4": null, "close_5": null, "close_6": null }, "geometry": { "type": "Point", "coordinates": [ -75.1454446, 39.9497613 ] } },
{ "type": "Feature", "properties": { "name": "Allure Window Treatments", "place_id": "ChIJ3ZjRdxbGxokRcllHv2liQ70", "vicinity": "137 North 3rd Street, Philadelphia", "types": "c(\"general_contractor\", \"home_goods_store\", \"point_of_interest\", \"store\", \"establishment\")", "business_status": "OPERATIONAL", "weekday_text": "Monday: 10:00 AM – 6:00 PM; Tuesday: 10:00 AM – 6:00 PM; Wednesday: 10:00 AM – 6:00 PM; Thursday: 10:00 AM – 6:00 PM; Friday: 10:00 AM – 6:00 PM; Saturday: 10:00 AM – 6:00 PM; Sunday: Closed", "open_24h": false, "open_0": null, "open_1": "1000", "open_2": "1000", "open_3": "1000", "open_4": "1000", "open_5": "1000", "open_6": "1000", "close_0": null, "close_1": "1800", "close_2": "1800", "close_3": "1800", "close_4": "1800", "close_5": "1800", "close_6": "1800" }, "geometry": { "type": "Point", "coordinates": [ -75.1449236, 39.9531417 ] } },
{ "type": "Feature", "properties": { "name": "Almanac", "place_id": "ChIJ9XsiToTIxokRH_KKvc2Y9Eo", "vicinity": "310 Market Street Second Floor, Philadelphia", "types": "c(\"bar\", \"point_of_interest\", \"establishment\")", "business_status": "OPERATIONAL", "weekday_text": "Monday: 5:00 PM – 1:00 AM; Tuesday: 5:00 PM – 1:00 AM; Wednesday: 5:00 PM – 1:00 AM; Thursday: 5:00 PM – 1:00 AM; Friday: 5:00 PM – 1:00 AM; Saturday: 5:00 PM – 1:00 AM; Sunday: Closed", "open_24h": true, "open_0": "NA", "open_1": "1700", "open_2": "1700", "open_3": "1700", "open_4": "1700", "open_5": "1700", "open_6": "1700", "close_0": "0100", "close_1": "NA", "close_2": "0100", "close_3": "0100", "close_4": "0100", "close_5": "0100", "close_6": "0100" }, "geometry": { "type": "Point", "coordinates": [ -75.1462398, 39.9500962 ] } },
{ "type": "Feature", "properties": { "name": "Amada Philadelphia", "place_id": "ChIJ2YytEYXIxokRxmFAvm4D_bs", "vicinity": "217-219 Chestnut Street, Philadelphia", "types": "c(\"bar\", \"restaurant\", \"food\", \"point_of_interest\", \"establishment\")", "business_status": "OPERATIONAL", "weekday_text": "Monday: 4:30 – 10:00 PM; Tuesday: 4:30 – 10:00 PM; Wednesday: 2:00 – 10:00 PM; Thursday: 2:00 – 10:00 PM; Friday: 2:00 – 10:00 PM; Saturday: 11:30 AM – 10:00 PM; Sunday: 11:30 AM – 10:00 PM", "open_24h": false, "open_0": "1130", "open_1": "1630", "open_2": "1630", "open_3": "1400", "open_4": "1400", "open_5": "1400", "open_6": "1130", "close_0": "2200", "close_1": "2200", "close_2": "2200", "close_3": "2200", "close_4": "2200", "close_5": "2200", "close_6": "2200" }, "geometry": { "type": "Point", "coordinates": [ -75.144893, 39.948655 ] } },
{ "type": "Feature", "properties": { "name": "Apple Hostels of Philadelphia", "place_id": "ChIJD5vBBYXIxokRXUH-B03vKg8", "vicinity": "33 Bank Street, Philadelphia", "types": "c(\"lodging\", \"point_of_interest\", \"establishment\")", "business_status": null, "weekday_text": null, "open_24h": null, "open_0": null, "open_1": null, "open_2": null, "open_3": null, "open_4": null, "open_5": null, "open_6": null, "close_0": null, "close_1": null, "close_2": null, "close_3": null, "close_4": null, "close_5": null, "close_6": null }, "geometry": { "type": "Point", "coordinates": [ -75.1450552, 39.948825199999987 ] } },
{ "type": "Feature", "properties": { "name": "Arch Enemy Arts", "place_id": "ChIJ0WsZrojIxokRlOQfsU7VJJs", "vicinity": "109 Arch Street, Philadelphia", "types": "c(\"art_gallery\", \"clothing_store\", \"point_of_interest\", \"store\", \"establishment\")", "business_status": "OPERATIONAL", "weekday_text": "Monday: Closed; Tuesday: Closed; Wednesday: 10:00 AM – 4:00 PM; Thursday: 10:00 AM – 4:00 PM; Friday: 10:00 AM – 4:00 PM; Saturday: 11:00 AM – 5:00 PM; Sunday: 11:00 AM – 5:00 PM", "open_24h": false, "open_0": "1100", "open_1": null, "open_2": null, "open_3": "1000", "open_4": "1000", "open_5": "1000", "open_6": "1100", "close_0": "1700", "close_1": null, "close_2": null, "close_3": "1600", "close_4": "1600", "close_5": "1600", "close_6": "1700" }, "geometry": { "type": "Point", "coordinates": [ -75.1421522, 39.9519098 ] } },
{ "type": "Feature", "properties": { "name": "Arden Theatre Company", "place_id": "ChIJWTzK-oXIxokR_N_4cV8BHoc", "vicinity": "40 North 2nd Street, Philadelphia", "types": "c(\"point_of_interest\", \"establishment\")", "business_status": "OPERATIONAL", "weekday_text": "Monday: 10:00 AM – 6:00 PM; Tuesday: 10:00 AM – 6:00 PM; Wednesday: 10:00 AM – 6:00 PM; Thursday: 10:00 AM – 6:00 PM; Friday: 10:00 AM – 6:00 PM; Saturday: Closed; Sunday: Closed", "open_24h": false, "open_0": null, "open_1": "1000", "open_2": "1000", "open_3": "1000", "open_4": "1000", "open_5": "1000", "open_6": null, "close_0": null, "close_1": "1800", "close_2": "1800", "close_3": "1800", "close_4": "1800", "close_5": "1800", "close_6": null }, "geometry": { "type": "Point", "coordinates": [ -75.143647, 39.9511277 ] } },
{ "type": "Feature", "properties": { "name": "Argo Marine Supply Co., Inc.", "place_id": "ChIJUX_BZYXIxokRmcpDJRg5wzg", "vicinity": "128 Chestnut Street, Philadelphia", "types": "c(\"point_of_interest\", \"store\", \"establishment\")", "business_status": "OPERATIONAL", "weekday_text": "Monday: 9:00 AM – 5:00 PM; Tuesday: 9:00 AM – 5:00 PM; Wednesday: 9:00 AM – 5:00 PM; Thursday: 9:00 AM – 5:00 PM; Friday: 9:00 AM – 5:00 PM; Saturday: Closed; Sunday: Closed", "open_24h": false, "open_0": null, "open_1": "0900", "open_2": "0900", "open_3": "0900", "open_4": "0900", "open_5": "0900", "open_6": null, "close_0": null, "close_1": "1700", "close_2": "1700", "close_3": "1700", "close_4": "1700", "close_5": "1700", "close_6": null }, "geometry": { "type": "Point", "coordinates": [ -75.1435114, 39.9481474 ] } },
{ "type": "Feature", "properties": { "name": "Art Star", "place_id": "ChIJYz5eYGPIxokRmUoLdGHkkkY", "vicinity": "599 Market Street, Philadelphia", "types": "c(\"point_of_interest\", \"store\", \"establishment\")", "business_status": "OPERATIONAL", "weekday_text": "Monday: 11:00 AM – 4:00 PM; Tuesday: 11:00 AM – 4:00 PM; Wednesday: 11:00 AM – 4:00 PM; Thursday: 11:00 AM – 4:00 PM; Friday: 11:00 AM – 4:00 PM; Saturday: 11:00 AM – 4:00 PM; Sunday: 11:00 AM – 4:00 PM", "open_24h": false, "open_0": "1100", "open_1": "1100", "open_2": "1100", "open_3": "1100", "open_4": "1100", "open_5": "1100", "open_6": "1100", "close_0": "1600", "close_1": "1600", "close_2": "1600", "close_3": "1600", "close_4": "1600", "close_5": "1600", "close_6": "1600" }, "geometry": { "type": "Point", "coordinates": [ -75.1498917, 39.9519884 ] } },
{ "type": "Feature", "properties": { "name": "Artist & Craftsman Supply Philadelphia", "place_id": "ChIJvcBiTITIxokReLIjWQFNnzM", "vicinity": "307 Market Street, Philadelphia", "types": "c(\"point_of_interest\", \"store\", \"establishment\")", "business_status": "OPERATIONAL", "weekday_text": "Monday: 10:00 AM – 6:00 PM; Tuesday: 10:00 AM – 6:00 PM; Wednesday: 10:00 AM – 6:00 PM; Thursday: 10:00 AM – 6:00 PM; Friday: 10:00 AM – 6:00 PM; Saturday: 10:00 AM – 6:00 PM; Sunday: 10:00 AM – 6:00 PM", "open_24h": false, "open_0": "1000", "open_1": "1000", "open_2": "1000", "open_3": "1000", "open_4": "1000", "open_5": "1000", "open_6": "1000", "close_0": "1800", "close_1": "1800", "close_2": "1800", "close_3": "1800", "close_4": "1800", "close_5": "1800", "close_6": "1800" }, "geometry": { "type": "Point", "coordinates": [ -75.1460492, 39.9503815 ] } },
{ "type": "Feature", "properties": { "name": "Bella Bridesmaids", "place_id": "ChIJEcWWBYXIxokRJfnyYRFmcUA", "vicinity": "30 Bank Street, Philadelphia", "types": "c(\"clothing_store\", \"point_of_interest\", \"store\", \"establishment\")", "business_status": "OPERATIONAL", "weekday_text": "Monday: Closed; Tuesday: Closed; Wednesday: 11:00 AM – 7:00 PM; Thursday: 11:00 AM – 7:00 PM; Friday: 11:00 AM – 6:00 PM; Saturday: 10:00 AM – 5:00 PM; Sunday: 10:00 AM – 4:00 PM", "open_24h": false, "open_0": "1000", "open_1": null, "open_2": null, "open_3": "1100", "open_4": "1100", "open_5": "1100", "open_6": "1000", "close_0": "1600", "close_1": null, "close_2": null, "close_3": "1900", "close_4": "1900", "close_5": "1800", "close_6": "1700" }, "geometry": { "type": "Point", "coordinates": [ -75.1453143, 39.94911 ] } },
{ "type": "Feature", "properties": { "name": "Betsy Ross House", "place_id": "ChIJD4g-cobIxokRtyNk6bqTL9Y", "vicinity": "239 Arch Street, Philadelphia", "types": "c(\"tourist_attraction\", \"museum\", \"point_of_interest\", \"store\", \"establishment\")", "business_status": "OPERATIONAL", "weekday_text": "Monday: 10:00 AM – 5:00 PM; Tuesday: 10:00 AM – 5:00 PM; Wednesday: 10:00 AM – 5:00 PM; Thursday: 10:00 AM – 5:00 PM; Friday: 10:00 AM – 5:00 PM; Saturday: 10:00 AM – 5:00 PM; Sunday: 10:00 AM – 5:00 PM", "open_24h": false, "open_0": "1000", "open_1": "1000", "open_2": "1000", "open_3": "1000", "open_4": "1000", "open_5": "1000", "open_6": "1000", "close_0": "1700", "close_1": "1700", "close_2": "1700", "close_3": "1700", "close_4": "1700", "close_5": "1700", "close_6": "1700" }, "geometry": { "type": "Point", "coordinates": [ -75.1446521, 39.9522267 ] } },
{ "type": "Feature", "properties": { "name": "Bleu Martini", "place_id": "ChIJXawgnIXIxokRcVwo_6GsT-8", "vicinity": "24 South 2nd Street, Philadelphia", "types": "c(\"night_club\", \"bar\", \"restaurant\", \"food\", \"point_of_interest\", \"establishment\")", "business_status": "OPERATIONAL", "weekday_text": "Monday: 6:00 PM – 2:00 AM; Tuesday: 6:00 PM – 2:00 AM; Wednesday: 6:00 PM – 2:00 AM; Thursday: 6:00 PM – 2:00 AM; Friday: 6:00 PM – 2:00 AM; Saturday: 6:00 PM – 2:00 AM; Sunday: 6:00 PM – 2:00 AM", "open_24h": false, "open_0": "1800", "open_1": "1800", "open_2": "1800", "open_3": "1800", "open_4": "1800", "open_5": "1800", "open_6": "1800", "close_0": "0200", "close_1": "0200", "close_2": "0200", "close_3": "0200", "close_4": "0200", "close_5": "0200", "close_6": "0200" }, "geometry": { "type": "Point", "coordinates": [ -75.1440936, 39.9493361 ] } },
{ "type": "Feature", "properties": { "name": "Boltcom Voice & Data", "place_id": "ChIJxzaqX4_IxokRqqzC_kWJguw", "vicinity": "102 Church Street #501, Philadelphia", "types": "c(\"point_of_interest\", \"store\", \"establishment\")", "business_status": null, "weekday_text": null, "open_24h": null, "open_0": null, "open_1": null, "open_2": null, "open_3": null, "open_4": null, "open_5": null, "open_6": null, "close_0": null, "close_1": null, "close_2": null, "close_3": null, "close_4": null, "close_5": null, "close_6": null }, "geometry": { "type": "Point", "coordinates": [ -75.1427014, 39.9503702 ] } },
{ "type": "Feature", "properties": { "name": "Brasil's Nightclub", "place_id": "ChIJLbezY4XIxokRHlPLcsDsvHM", "vicinity": "112 Chestnut Street, Philadelphia", "types": "c(\"night_club\", \"bar\", \"point_of_interest\", \"establishment\")", "business_status": "OPERATIONAL", "weekday_text": "Monday: Closed; Tuesday: Closed; Wednesday: 8:30 PM – 2:00 AM; Thursday: 8:30 PM – 12:00 AM; Friday: 8:30 PM – 2:00 AM; Saturday: 8:30 PM – 2:00 AM; Sunday: Closed", "open_24h": true, "open_0": "NA", "open_1": null, "open_2": null, "open_3": "2030", "open_4": "2030", "open_5": "2030", "open_6": "2030", "close_0": "0200", "close_1": null, "close_2": null, "close_3": "NA", "close_4": "0200", "close_5": "0000", "close_6": "0200" }, "geometry": { "type": "Point", "coordinates": [ -75.1430559, 39.9480488 ] } },
{ "type": "Feature", "properties": { "name": "Brave New Worlds", "place_id": "ChIJ5xaY-4XIxokRfx4McTJKHYM", "vicinity": "55 North 2nd Street, Philadelphia", "types": "c(\"book_store\", \"point_of_interest\", \"store\", \"establishment\")", "business_status": "OPERATIONAL", "weekday_text": "Monday: 11:00 AM – 8:00 PM; Tuesday: 11:00 AM – 8:00 PM; Wednesday: 11:00 AM – 8:00 PM; Thursday: 11:00 AM – 8:00 PM; Friday: 11:00 AM – 8:00 PM; Saturday: 11:00 AM – 8:00 PM; Sunday: 11:00 AM – 6:00 PM", "open_24h": false, "open_0": "1100", "open_1": "1100", "open_2": "1100", "open_3": "1100", "open_4": "1100", "open_5": "1100", "open_6": "1100", "close_0": "1800", "close_1": "2000", "close_2": "2000", "close_3": "2000", "close_4": "2000", "close_5": "2000", "close_6": "2000" }, "geometry": { "type": "Point", "coordinates": [ -75.1430228, 39.951395 ] } },
{ "type": "Feature", "properties": { "name": "Bridgeview Place Condominiums", "place_id": "ChIJc27rn4fIxokRT_1fkKwd3qc", "vicinity": "315 New Street, Philadelphia", "types": "c(\"point_of_interest\", \"establishment\")", "business_status": null, "weekday_text": null, "open_24h": null, "open_0": null, "open_1": null, "open_2": null, "open_3": null, "open_4": null, "open_5": null, "open_6": null, "close_0": null, "close_1": null, "close_2": null, "close_3": null, "close_4": null, "close_5": null, "close_6": null }, "geometry": { "type": "Point", "coordinates": [ -75.1452847, 39.9556499 ] } },
{ "type": "Feature", "properties": { "name": "Brownies Irish Pub", "place_id": "ChIJN9iLc4XIxokRpzs99t0m8W0", "vicinity": "46 South 2nd Street, Philadelphia", "types": "c(\"bar\", \"restaurant\", \"food\", \"point_of_interest\", \"establishment\")", "business_status": "OPERATIONAL", "weekday_text": "Monday: 4:00 PM – 2:00 AM; Tuesday: 4:00 PM – 2:00 AM; Wednesday: 11:30 AM – 2:00 AM; Thursday: 11:30 AM – 2:00 AM; Friday: 11:30 AM – 2:00 AM; Saturday: 11:30 AM – 2:00 AM; Sunday: 11:30 AM – 2:00 AM", "open_24h": false, "open_0": "1130", "open_1": "1600", "open_2": "1600", "open_3": "1130", "open_4": "1130", "open_5": "1130", "open_6": "1130", "close_0": "0200", "close_1": "0200", "close_2": "0200", "close_3": "0200", "close_4": "0200", "close_5": "0200", "close_6": "0200" }, "geometry": { "type": "Point", "coordinates": [ -75.1440767, 39.9488227 ] } },
{ "type": "Feature", "properties": { "name": "Bubble Tea Room", "place_id": "ChIJldk9Y87JxokRtuDd-3ouHQQ", "vicinity": "319 Market Street, Philadelphia", "types": "c(\"restaurant\", \"food\", \"point_of_interest\", \"establishment\")", "business_status": "OPERATIONAL", "weekday_text": "Monday: 10:00 AM – 9:00 PM; Tuesday: 10:00 AM – 4:00 PM; Wednesday: 10:00 AM – 9:00 PM; Thursday: 10:00 AM – 9:00 PM; Friday: 10:00 AM – 9:00 PM; Saturday: 10:00 AM – 9:00 PM; Sunday: 10:00 AM – 9:00 PM", "open_24h": false, "open_0": "1000", "open_1": "1000", "open_2": "1000", "open_3": "1000", "open_4": "1000", "open_5": "1000", "open_6": "1000", "close_0": "2100", "close_1": "2100", "close_2": "1600", "close_3": "2100", "close_4": "2100", "close_5": "2100", "close_6": "2100" }, "geometry": { "type": "Point", "coordinates": [ -75.14635, 39.9504387 ] } },
{ "type": "Feature", "properties": { "name": "Buddakan", "place_id": "ChIJocR57YTIxokRVbmWuISm8ww", "vicinity": "325 Chestnut Street, Philadelphia", "types": "c(\"restaurant\", \"meal_takeaway\", \"bar\", \"food\", \"point_of_interest\", \"establishment\")", "business_status": "OPERATIONAL", "weekday_text": "Monday: 5:00 – 10:00 PM; Tuesday: 5:00 – 10:00 PM; Wednesday: 5:00 – 10:00 PM; Thursday: 5:00 – 10:00 PM; Friday: 5:00 – 11:00 PM; Saturday: 5:00 – 11:00 PM; Sunday: 4:00 – 10:00 PM", "open_24h": false, "open_0": "1600", "open_1": "1700", "open_2": "1700", "open_3": "1700", "open_4": "1700", "open_5": "1700", "open_6": "1700", "close_0": "2200", "close_1": "2200", "close_2": "2200", "close_3": "2200", "close_4": "2200", "close_5": "2300", "close_6": "2300" }, "geometry": { "type": "Point", "coordinates": [ -75.1471998, 39.9490386 ] } },
{ "type": "Feature", "properties": { "name": "Buffalo Billiards", "place_id": "ChIJcbfnZoXIxokRm3mXOoshmIE", "vicinity": "118 Chestnut Street, Philadelphia", "types": "c(\"night_club\", \"bar\", \"point_of_interest\", \"establishment\")", "business_status": "OPERATIONAL", "weekday_text": "Monday: 4:00 PM – 2:00 AM; Tuesday: 4:00 PM – 2:00 AM; Wednesday: 4:00 PM – 2:00 AM; Thursday: 4:00 PM – 2:00 AM; Friday: 4:00 PM – 2:00 AM; Saturday: 2:00 PM – 2:00 AM; Sunday: 2:00 PM – 2:00 AM", "open_24h": false, "open_0": "1400", "open_1": "1600", "open_2": "1600", "open_3": "1600", "open_4": "1600", "open_5": "1600", "open_6": "1400", "close_0": "0200", "close_1": "0200", "close_2": "0200", "close_3": "0200", "close_4": "0200", "close_5": "0200", "close_6": "0200" }, "geometry": { "type": "Point", "coordinates": [ -75.1432796, 39.9481848 ] } },
{ "type": "Feature", "properties": { "name": "Bureau of Alcohol Tobacco", "place_id": "ChIJAY9SbIXIxokRS7YaJIt4MTQ", "vicinity": "200 Chestnut Street, Philadelphia", "types": "c(\"point_of_interest\", \"store\", \"establishment\")", "business_status": null, "weekday_text": null, "open_24h": null, "open_0": null, "open_1": null, "open_2": null, "open_3": null, "open_4": null, "open_5": null, "open_6": null, "close_0": null, "close_1": null, "close_2": null, "close_3": null, "close_4": null, "close_5": null, "close_6": null }, "geometry": { "type": "Point", "coordinates": [ -75.1449313, 39.948224499999988 ] } },
{ "type": "Feature", "properties": { "name": "CADRÆ", "place_id": "ChIJUTR2yoLIxokRDx1Vqjqr9I0", "vicinity": "72 North 2nd Street, Philadelphia", "types": "c(\"clothing_store\", \"point_of_interest\", \"store\", \"establishment\")", "business_status": "OPERATIONAL", "weekday_text": "Monday: 10:00 AM – 3:00 PM; Tuesday: 10:00 AM – 3:00 PM; Wednesday: 10:00 AM – 3:00 PM; Thursday: 10:00 AM – 3:00 PM; Friday: 10:00 AM – 3:00 PM; Saturday: 10:00 AM – 3:00 PM; Sunday: Closed", "open_24h": false, "open_0": null, "open_1": "1000", "open_2": "1000", "open_3": "1000", "open_4": "1000", "open_5": "1000", "open_6": "1000", "close_0": null, "close_1": "1500", "close_2": "1500", "close_3": "1500", "close_4": "1500", "close_5": "1500", "close_6": "1500" }, "geometry": { "type": "Point", "coordinates": [ -75.1434279, 39.9518026 ] } },
{ "type": "Feature", "properties": { "name": "CVS", "place_id": "ChIJj9iSs4XIxokRgGYmmzyoZnw", "vicinity": "259 Market Street, Philadelphia", "types": "c(\"drugstore\", \"convenience_store\", \"clothing_store\", \"food\", \"point_of_interest\", \"store\", \"health\", \"establishment\")", "business_status": "OPERATIONAL", "weekday_text": "Monday: 7:00 AM – 8:00 PM; Tuesday: 7:00 AM – 8:00 PM; Wednesday: 7:00 AM – 8:00 PM; Thursday: 7:00 AM – 8:00 PM; Friday: 7:00 AM – 8:00 PM; Saturday: 7:00 AM – 8:00 PM; Sunday: 7:00 AM – 8:00 PM", "open_24h": false, "open_0": "0700", "open_1": "0700", "open_2": "0700", "open_3": "0700", "open_4": "0700", "open_5": "0700", "open_6": "0700", "close_0": "2000", "close_1": "2000", "close_2": "2000", "close_3": "2000", "close_4": "2000", "close_5": "2000", "close_6": "2000" }, "geometry": { "type": "Point", "coordinates": [ -75.1455317, 39.950299 ] } },
{ "type": "Feature", "properties": { "name": "CVS Pharmacy", "place_id": "ChIJU1pHtIXIxokR_hXdsGdEpT8", "vicinity": "259 Market Street, Philadelphia", "types": "c(\"pharmacy\", \"point_of_interest\", \"store\", \"health\", \"establishment\")", "business_status": "OPERATIONAL", "weekday_text": "Monday: 9:00 AM – 1:30 PM, 2:00 – 7:00 PM; Tuesday: 9:00 AM – 1:30 PM, 2:00 – 7:00 PM; Wednesday: 9:00 AM – 1:30 PM, 2:00 – 7:00 PM; Thursday: 9:00 AM – 1:30 PM, 2:00 – 7:00 PM; Friday: 9:00 AM – 1:30 PM, 2:00 – 7:00 PM; Saturday: 10:00 AM – 1:30 PM, 2:00 – 6:00 PM; Sunday: 11:00 AM – 1:30 PM, 2:00 – 5:00 PM", "open_24h": false, "open_0": "1100;1400;1100;1400", "open_1": "0900;1400;0900;1400", "open_2": "0900;1400;0900;1400", "open_3": "0900;1400;0900;1400", "open_4": "0900;1400;0900;1400", "open_5": "0900;1400;0900;1400", "open_6": "1000;1400;1000;1400", "close_0": "1330;1330;1700;1700", "close_1": "1330;1330;1900;1900", "close_2": "1330;1330;1900;1900", "close_3": "1330;1330;1900;1900", "close_4": "1330;1330;1900;1900", "close_5": "1330;1330;1900;1900", "close_6": "1330;1330;1800;1800" }, "geometry": { "type": "Point", "coordinates": [ -75.1455317, 39.950299 ] } },
{ "type": "Feature", "properties": { "name": "CVS Photo", "place_id": "ChIJU1pHtIXIxokR_lUnK8xBbVs", "vicinity": "259 Market Street, Philadelphia", "types": "c(\"electronics_store\", \"home_goods_store\", \"point_of_interest\", \"store\", \"establishment\")", "business_status": "OPERATIONAL", "weekday_text": "Monday: 7:00 AM – 8:00 PM; Tuesday: 7:00 AM – 8:00 PM; Wednesday: 7:00 AM – 8:00 PM; Thursday: 7:00 AM – 8:00 PM; Friday: 7:00 AM – 8:00 PM; Saturday: 7:00 AM – 8:00 PM; Sunday: 7:00 AM – 8:00 PM", "open_24h": false, "open_0": "0700", "open_1": "0700", "open_2": "0700", "open_3": "0700", "open_4": "0700", "open_5": "0700", "open_6": "0700", "close_0": "2000", "close_1": "2000", "close_2": "2000", "close_3": "2000", "close_4": "2000", "close_5": "2000", "close_6": "2000" }, "geometry": { "type": "Point", "coordinates": [ -75.1455317, 39.950299 ] } },
{ "type": "Feature", "properties": { "name": "Cafe Ole", "place_id": "ChIJNWWkRYbIxokR8TC3pqF3dPo", "vicinity": "147 North 3rd Street, Philadelphia", "types": "c(\"cafe\", \"food\", \"point_of_interest\", \"store\", \"establishment\")", "business_status": "OPERATIONAL", "weekday_text": "Monday: 8:00 AM – 6:00 PM; Tuesday: 8:00 AM – 6:00 PM; Wednesday: 8:00 AM – 6:00 PM; Thursday: 8:00 AM – 6:00 PM; Friday: 8:00 AM – 6:00 PM; Saturday: 8:00 AM – 6:00 PM; Sunday: 8:00 AM – 6:00 PM", "open_24h": false, "open_0": "0800", "open_1": "0800", "open_2": "0800", "open_3": "0800", "open_4": "0800", "open_5": "0800", "open_6": "0800", "close_0": "1800", "close_1": "1800", "close_2": "1800", "close_3": "1800", "close_4": "1800", "close_5": "1800", "close_6": "1800" }, "geometry": { "type": "Point", "coordinates": [ -75.144762, 39.953539 ] } },
{ "type": "Feature", "properties": { "name": "Café Couleur Banh mì", "place_id": "ChIJDakpzv3JxokRAiXuWydA6OU", "vicinity": "323 Arch Street, Philadelphia", "types": "c(\"cafe\", \"restaurant\", \"food\", \"store\", \"point_of_interest\", \"establishment\")", "business_status": null, "weekday_text": null, "open_24h": null, "open_0": null, "open_1": null, "open_2": null, "open_3": null, "open_4": null, "open_5": null, "open_6": null, "close_0": null, "close_1": null, "close_2": null, "close_3": null, "close_4": null, "close_5": null, "close_6": null }, "geometry": { "type": "Point", "coordinates": [ -75.1461989, 39.9524015 ] } },
{ "type": "Feature", "properties": { "name": "Café Square One", "place_id": "ChIJtfuR_ITIxokRRii4GTRSqCU", "vicinity": "311 Market Street, Philadelphia", "types": "c(\"cafe\", \"meal_takeaway\", \"restaurant\", \"food\", \"point_of_interest\", \"store\", \"establishment\")", "business_status": "OPERATIONAL", "weekday_text": "Monday: 7:00 AM – 5:00 PM; Tuesday: 7:00 AM – 5:00 PM; Wednesday: 7:00 AM – 5:00 PM; Thursday: 7:00 AM – 5:00 PM; Friday: 7:00 AM – 5:00 PM; Saturday: 8:00 AM – 3:00 PM; Sunday: 8:00 AM – 3:00 PM", "open_24h": false, "open_0": "0800", "open_1": "0700", "open_2": "0700", "open_3": "0700", "open_4": "0700", "open_5": "0700", "open_6": "0800", "close_0": "1500", "close_1": "1700", "close_2": "1700", "close_3": "1700", "close_4": "1700", "close_5": "1700", "close_6": "1500" }, "geometry": { "type": "Point", "coordinates": [ -75.146141, 39.9503713 ] } },
{ "type": "Feature", "properties": { "name": "Café Tolia", "place_id": "ChIJD6OTfwfJxokRNkKwfuXG34A", "vicinity": "26 North 3rd Street, Philadelphia", "types": "c(\"cafe\", \"restaurant\", \"food\", \"store\", \"point_of_interest\", \"establishment\")", "business_status": "OPERATIONAL", "weekday_text": "Monday: Closed; Tuesday: 8:00 AM – 4:00 PM; Wednesday: 8:00 AM – 4:00 PM; Thursday: 8:00 AM – 4:00 PM; Friday: 8:00 AM – 4:00 PM; Saturday: 8:00 AM – 4:00 PM; Sunday: 8:00 AM – 4:00 PM", "open_24h": false, "open_0": "0800", "open_1": null, "open_2": "0800", "open_3": "0800", "open_4": "0800", "open_5": "0800", "open_6": "0800", "close_0": "1600", "close_1": null, "close_2": "1600", "close_3": "1600", "close_4": "1600", "close_5": "1600", "close_6": "1600" }, "geometry": { "type": "Point", "coordinates": [ -75.1458069, 39.9509946 ] } },
{ "type": "Feature", "properties": { "name": "Calandrino's Old City Vino", "place_id": "ChIJkxn6Sz7JxokRcVWev1tVtDI", "vicinity": "110 North 2nd Street, Philadelphia", "types": "c(\"liquor_store\", \"bar\", \"food\", \"store\", \"point_of_interest\", \"establishment\")", "business_status": "OPERATIONAL", "weekday_text": "Monday: Closed; Tuesday: Closed; Wednesday: 5:00 – 10:00 PM; Thursday: 5:00 – 10:00 PM; Friday: 5:00 – 10:00 PM; Saturday: 2:00 – 10:00 PM; Sunday: Closed", "open_24h": false, "open_0": null, "open_1": null, "open_2": null, "open_3": "1700", "open_4": "1700", "open_5": "1700", "open_6": "1400", "close_0": null, "close_1": null, "close_2": null, "close_3": "2200", "close_4": "2200", "close_5": "2200", "close_6": "2200" }, "geometry": { "type": "Point", "coordinates": [ -75.1434789, 39.9523575 ] } },
{ "type": "Feature", "properties": { "name": "Campo's Deli", "place_id": "ChIJ84xfvYXIxokRn4SySR0dtsM", "vicinity": "214 Market Street, Philadelphia", "types": "c(\"meal_takeaway\", \"restaurant\", \"food\", \"point_of_interest\", \"store\", \"establishment\")", "business_status": "OPERATIONAL", "weekday_text": "Monday: 8:00 AM – 10:00 PM; Tuesday: 8:00 AM – 10:00 PM; Wednesday: 8:00 AM – 10:00 PM; Thursday: 8:00 AM – 10:00 PM; Friday: 8:00 AM – 10:00 PM; Saturday: 8:00 AM – 10:00 PM; Sunday: 8:00 AM – 9:00 PM", "open_24h": false, "open_0": "0800", "open_1": "0800", "open_2": "0800", "open_3": "0800", "open_4": "0800", "open_5": "0800", "open_6": "0800", "close_0": "2100", "close_1": "2200", "close_2": "2200", "close_3": "2200", "close_4": "2200", "close_5": "2200", "close_6": "2200" }, "geometry": { "type": "Point", "coordinates": [ -75.1442638, 39.9498303 ] } },
{ "type": "Feature", "properties": { "name": "Capital Access Inc", "place_id": "ChIJocR57YTIxokRV8gp_L0eqIk", "vicinity": "325 Chestnut Street #917, Philadelphia", "types": "c(\"point_of_interest\", \"establishment\")", "business_status": null, "weekday_text": null, "open_24h": null, "open_0": null, "open_1": null, "open_2": null, "open_3": null, "open_4": null, "open_5": null, "open_6": null, "close_0": null, "close_1": null, "close_2": null, "close_3": null, "close_4": null, "close_5": null, "close_6": null }, "geometry": { "type": "Point", "coordinates": [ -75.147154, 39.949088 ] } },
{ "type": "Feature", "properties": { "name": "Career Concepts, Inc.", "place_id": "ChIJocR57YTIxokRBuDTbaxPw88", "vicinity": "325 Chestnut Street, Philadelphia", "types": "c(\"point_of_interest\", \"establishment\")", "business_status": null, "weekday_text": null, "open_24h": null, "open_0": null, "open_1": null, "open_2": null, "open_3": null, "open_4": null, "open_5": null, "open_6": null, "close_0": null, "close_1": null, "close_2": null, "close_3": null, "close_4": null, "close_5": null, "close_6": null }, "geometry": { "type": "Point", "coordinates": [ -75.1471045, 39.9490423 ] } },
{ "type": "Feature", "properties": { "name": "Christian Science Reading Room & Church", "place_id": "ChIJba9XBYXIxokRm0QTHux5JM0", "vicinity": "225 Chestnut Street, Philadelphia", "types": "c(\"church\", \"book_store\", \"place_of_worship\", \"point_of_interest\", \"store\", \"establishment\")", "business_status": "OPERATIONAL", "weekday_text": "Monday: 11:00 AM – 4:00 PM; Tuesday: 11:00 AM – 4:00 PM; Wednesday: 2:00 – 4:00 PM; Thursday: 11:00 AM – 4:00 PM; Friday: 11:00 AM – 4:00 PM; Saturday: 11:00 AM – 4:00 PM; Sunday: 11:00 AM – 12:00 PM", "open_24h": false, "open_0": "1100", "open_1": "1100", "open_2": "1100", "open_3": "1400", "open_4": "1100", "open_5": "1100", "open_6": "1100", "close_0": "1200", "close_1": "1600", "close_2": "1600", "close_3": "1600", "close_4": "1600", "close_5": "1600", "close_6": "1600" }, "geometry": { "type": "Point", "coordinates": [ -75.1449938, 39.9486811 ] } },
{ "type": "Feature", "properties": { "name": "City Fitness - Old City", "place_id": "ChIJEa4Uvu_JxokRxgoUHM1CoHM", "vicinity": "45 North 3rd Street, Philadelphia", "types": "c(\"gym\", \"spa\", \"restaurant\", \"food\", \"store\", \"health\", \"point_of_interest\", \"establishment\")", "business_status": "OPERATIONAL", "weekday_text": "Monday: 5:00 AM – 10:00 PM; Tuesday: 5:00 AM – 10:00 PM; Wednesday: 5:00 AM – 10:00 PM; Thursday: 5:00 AM – 10:00 PM; Friday: 5:00 AM – 9:00 PM; Saturday: 6:00 AM – 8:00 PM; Sunday: 6:00 AM – 8:00 PM", "open_24h": false, "open_0": "0600", "open_1": "0500", "open_2": "0500", "open_3": "0500", "open_4": "0500", "open_5": "0500", "open_6": "0600", "close_0": "2000", "close_1": "2200", "close_2": "2200", "close_3": "2200", "close_4": "2200", "close_5": "2100", "close_6": "2000" }, "geometry": { "type": "Point", "coordinates": [ -75.1452333, 39.9515216 ] } },
{ "type": "Feature", "properties": { "name": "Club LB", "place_id": "ChIJw69o-YrJxokRppZpeji-fHw", "vicinity": "15 South 3rd Street, Philadelphia", "types": "c(\"night_club\", \"point_of_interest\", \"establishment\")", "business_status": "OPERATIONAL", "weekday_text": "Monday: Closed; Tuesday: Closed; Wednesday: Closed; Thursday: Closed; Friday: Closed; Saturday: 10:00 PM – 2:00 AM; Sunday: Closed", "open_24h": true, "open_0": "NA", "open_1": null, "open_2": null, "open_3": null, "open_4": null, "open_5": null, "open_6": "2200", "close_0": "0200", "close_1": null, "close_2": null, "close_3": null, "close_4": null, "close_5": null, "close_6": "NA" }, "geometry": { "type": "Point", "coordinates": [ -75.1454769, 39.9496537 ] } },
{ "type": "Feature", "properties": { "name": "Coins Eatery", "place_id": "ChIJefOpIYTIxokRpW-_kNUOjNo", "vicinity": "400 Arch Street, Philadelphia", "types": "c(\"restaurant\", \"food\", \"point_of_interest\", \"establishment\")", "business_status": "OPERATIONAL", "weekday_text": "Monday: 6:30 AM – 10:00 PM; Tuesday: 6:30 AM – 10:00 PM; Wednesday: 6:30 AM – 10:00 PM; Thursday: 6:30 AM – 10:00 PM; Friday: 6:30 AM – 10:00 PM; Saturday: 6:30 AM – 10:00 PM; Sunday: 6:30 AM – 10:00 PM", "open_24h": false, "open_0": "0630", "open_1": "0630", "open_2": "0630", "open_3": "0630", "open_4": "0630", "open_5": "0630", "open_6": "0630", "close_0": "2200", "close_1": "2200", "close_2": "2200", "close_3": "2200", "close_4": "2200", "close_5": "2200", "close_6": "2200" }, "geometry": { "type": "Point", "coordinates": [ -75.1473609, 39.9518939 ] } },
{ "type": "Feature", "properties": { "name": "Counsel Press", "place_id": "ChIJE4AygIPIxokRAGCoLT9zmLg", "vicinity": "111 South Independence Ml East #702, Philadelphia", "types": "c(\"point_of_interest\", \"establishment\")", "business_status": "OPERATIONAL", "weekday_text": "Monday: 9:00 AM – 5:00 PM; Tuesday: 9:00 AM – 5:00 PM; Wednesday: 9:00 AM – 5:00 PM; Thursday: 9:00 AM – 5:00 PM; Friday: 9:00 AM – 5:00 PM; Saturday: Closed; Sunday: Closed", "open_24h": false, "open_0": null, "open_1": "0900", "open_2": "0900", "open_3": "0900", "open_4": "0900", "open_5": "0900", "open_6": null, "close_0": null, "close_1": "1700", "close_2": "1700", "close_3": "1700", "close_4": "1700", "close_5": "1700", "close_6": null }, "geometry": { "type": "Point", "coordinates": [ -75.1480623, 39.9497563 ] } },
{ "type": "Feature", "properties": { "name": "Cuba Libre Restaurant & Rum Bar", "place_id": "ChIJ_8Tvm4XIxokRBA-RzDneztg", "vicinity": "10 South 2nd Street, Philadelphia", "types": "c(\"restaurant\", \"food\", \"point_of_interest\", \"establishment\")", "business_status": "OPERATIONAL", "weekday_text": "Monday: 4:00 – 9:00 PM; Tuesday: 4:00 – 9:00 PM; Wednesday: 4:00 – 9:00 PM; Thursday: 4:00 – 9:00 PM; Friday: 4:00 PM – 2:00 AM; Saturday: 12:00 PM – 2:00 AM; Sunday: 12:00 – 9:00 PM", "open_24h": true, "open_0": "1200;1200", "open_1": "1600", "open_2": "1600", "open_3": "1600", "open_4": "1600", "open_5": "1600", "open_6": "1200", "close_0": "2100;0200", "close_1": "2100", "close_2": "2100", "close_3": "2100", "close_4": "2100", "close_5": "NA", "close_6": "0200" }, "geometry": { "type": "Point", "coordinates": [ -75.1439376, 39.9496092 ] } },
{ "type": "Feature", "properties": { "name": "Diener Brick Co", "place_id": "ChIJVVVVVYTIxokRuv5Z7YDSRr4", "vicinity": "Philadelphia", "types": "c(\"store\", \"point_of_interest\", \"establishment\")", "business_status": null, "weekday_text": null, "open_24h": null, "open_0": null, "open_1": null, "open_2": null, "open_3": null, "open_4": null, "open_5": null, "open_6": null, "close_0": null, "close_1": null, "close_2": null, "close_3": null, "close_4": null, "close_5": null, "close_6": null }, "geometry": { "type": "Point", "coordinates": [ -75.145782, 39.9493801 ] } },
{ "type": "Feature", "properties": { "name": "Drake Speciale LLC", "place_id": "ChIJN3xTsTHGxokR9yAAuZqArpk", "vicinity": "221 Chestnut Street #200, Philadelphia", "types": "c(\"lawyer\", \"point_of_interest\", \"establishment\")", "business_status": "OPERATIONAL", "weekday_text": "Monday: 9:00 AM – 5:00 PM; Tuesday: 9:00 AM – 5:00 PM; Wednesday: 9:00 AM – 5:00 PM; Thursday: 9:00 AM – 5:00 PM; Friday: 9:00 AM – 5:00 PM; Saturday: Closed; Sunday: Closed", "open_24h": false, "open_0": null, "open_1": "0900", "open_2": "0900", "open_3": "0900", "open_4": "0900", "open_5": "0900", "open_6": null, "close_0": null, "close_1": "1700", "close_2": "1700", "close_3": "1700", "close_4": "1700", "close_5": "1700", "close_6": null }, "geometry": { "type": "Point", "coordinates": [ -75.1449839, 39.9486281 ] } },
{ "type": "Feature", "properties": { "name": "Durant & Durant", "place_id": "ChIJocR57YTIxokRKmRUDzSRrgs", "vicinity": "325 Chestnut Street #1116, Philadelphia", "types": "c(\"lawyer\", \"point_of_interest\", \"establishment\")", "business_status": null, "weekday_text": null, "open_24h": null, "open_0": null, "open_1": null, "open_2": null, "open_3": null, "open_4": null, "open_5": null, "open_6": null, "close_0": null, "close_1": null, "close_2": null, "close_3": null, "close_4": null, "close_5": null, "close_6": null }, "geometry": { "type": "Point", "coordinates": [ -75.147154, 39.949088 ] } },
{ "type": "Feature", "properties": { "name": "Eggcellent Cafe", "place_id": "ChIJj_wZqqPJxokRrcFohwaN3js", "vicinity": "113 Chestnut Street, Philadelphia", "types": "c(\"cafe\", \"restaurant\", \"food\", \"point_of_interest\", \"store\", \"establishment\")", "business_status": "OPERATIONAL", "weekday_text": "Monday: 8:00 AM – 3:00 PM; Tuesday: 8:00 AM – 3:00 PM; Wednesday: 8:00 AM – 3:00 PM; Thursday: 8:00 AM – 3:00 PM; Friday: 8:00 AM – 3:00 PM; Saturday: 8:00 AM – 3:00 PM; Sunday: 8:00 AM – 3:00 PM", "open_24h": false, "open_0": "0800", "open_1": "0800", "open_2": "0800", "open_3": "0800", "open_4": "0800", "open_5": "0800", "open_6": "0800", "close_0": "1500", "close_1": "1500", "close_2": "1500", "close_3": "1500", "close_4": "1500", "close_5": "1500", "close_6": "1500" }, "geometry": { "type": "Point", "coordinates": [ -75.1430937, 39.9484413 ] } },
{ "type": "Feature", "properties": { "name": "Elfreth's Alley Museum", "place_id": "ChIJn_0OoojIxokRli62b71uVCo", "vicinity": "126 Elfreth's Alley, Philadelphia", "types": "c(\"tourist_attraction\", \"museum\", \"point_of_interest\", \"establishment\")", "business_status": "OPERATIONAL", "weekday_text": "Monday: Closed; Tuesday: Closed; Wednesday: Closed; Thursday: Closed; Friday: 12:00 – 4:00 PM; Saturday: 12:00 – 4:00 PM; Sunday: 12:00 – 4:00 PM", "open_24h": false, "open_0": "1200", "open_1": null, "open_2": null, "open_3": null, "open_4": null, "open_5": "1200", "open_6": "1200", "close_0": "1600", "close_1": null, "close_2": null, "close_3": null, "close_4": null, "close_5": "1600", "close_6": "1600" }, "geometry": { "type": "Point", "coordinates": [ -75.1424391, 39.952717799999988 ] } },
{ "type": "Feature", "properties": { "name": "FINE WINE & GOOD SPIRITS", "place_id": "ChIJwan3dYXIxokRrbFUNSszOE0", "vicinity": "32 South 2nd Street, Philadelphia", "types": "c(\"liquor_store\", \"food\", \"point_of_interest\", \"store\", \"establishment\")", "business_status": "OPERATIONAL", "weekday_text": "Monday: 9:00 AM – 9:00 PM; Tuesday: 9:00 AM – 9:00 PM; Wednesday: 9:00 AM – 9:00 PM; Thursday: 9:00 AM – 9:00 PM; Friday: 9:00 AM – 9:00 PM; Saturday: 9:00 AM – 9:00 PM; Sunday: 11:00 AM – 7:00 PM", "open_24h": false, "open_0": "1100", "open_1": "0900", "open_2": "0900", "open_3": "0900", "open_4": "0900", "open_5": "0900", "open_6": "0900", "close_0": "1900", "close_1": "2100", "close_2": "2100", "close_3": "2100", "close_4": "2100", "close_5": "2100", "close_6": "2100" }, "geometry": { "type": "Point", "coordinates": [ -75.1440436, 39.9491216 ] } },
{ "type": "Feature", "properties": { "name": "Family Friendly Penthouse", "place_id": "ChIJlRh-K4bIxokRf6hpC6w5LlQ", "vicinity": "205 Race Street #16d, Philadelphia", "types": "c(\"lodging\", \"point_of_interest\", \"establishment\")", "business_status": null, "weekday_text": null, "open_24h": null, "open_0": null, "open_1": null, "open_2": null, "open_3": null, "open_4": null, "open_5": null, "open_6": null, "close_0": null, "close_1": null, "close_2": null, "close_3": null, "close_4": null, "close_5": null, "close_6": null }, "geometry": { "type": "Point", "coordinates": [ -75.1432262, 39.9539294 ] } },
{ "type": "Feature", "properties": { "name": "Fireman's Hall Museum", "place_id": "ChIJzZIHJ4bIxokRhNlL1b6xYP4", "vicinity": "147 North 2nd Street, Philadelphia", "types": "c(\"tourist_attraction\", \"museum\", \"point_of_interest\", \"establishment\")", "business_status": "OPERATIONAL", "weekday_text": "Monday: Closed; Tuesday: 10:00 AM – 4:00 PM; Wednesday: 10:00 AM – 4:00 PM; Thursday: 10:00 AM – 4:00 PM; Friday: 10:00 AM – 4:00 PM; Saturday: 10:00 AM – 4:00 PM; Sunday: 10:00 AM – 4:00 PM", "open_24h": false, "open_0": "1000", "open_1": null, "open_2": "1000", "open_3": "1000", "open_4": "1000", "open_5": "1000", "open_6": "1000", "close_0": "1600", "close_1": null, "close_2": "1600", "close_3": "1600", "close_4": "1600", "close_5": "1600", "close_6": "1600" }, "geometry": { "type": "Point", "coordinates": [ -75.1426468, 39.9532585 ] } },
{ "type": "Feature", "properties": { "name": "Fork", "place_id": "ChIJyal5TYTIxokRfhJy2WNx4T0", "vicinity": "306 Market Street, Philadelphia", "types": "c(\"restaurant\", \"bar\", \"food\", \"point_of_interest\", \"establishment\")", "business_status": "OPERATIONAL", "weekday_text": "Monday: 5:00 – 9:00 PM; Tuesday: 11:30 AM – 9:00 PM; Wednesday: 11:30 AM – 9:00 PM; Thursday: 11:30 AM – 9:00 PM; Friday: 11:30 AM – 10:00 PM; Saturday: 11:00 AM – 10:00 PM; Sunday: 11:00 AM – 9:00 PM", "open_24h": false, "open_0": "1100", "open_1": "1700", "open_2": "1130", "open_3": "1130", "open_4": "1130", "open_5": "1130", "open_6": "1100", "close_0": "2100", "close_1": "2100", "close_2": "2100", "close_3": "2100", "close_4": "2100", "close_5": "2200", "close_6": "2200" }, "geometry": { "type": "Point", "coordinates": [ -75.146124, 39.949994 ] } },
{ "type": "Feature", "properties": { "name": "Forsythia", "place_id": "ChIJP4qCIxbJxokRGxfZTNVu-_0", "vicinity": "233 Chestnut Street, Philadelphia", "types": "c(\"night_club\", \"bar\", \"restaurant\", \"food\", \"point_of_interest\", \"establishment\")", "business_status": "OPERATIONAL", "weekday_text": "Monday: Closed; Tuesday: 5:00 – 10:00 PM; Wednesday: 5:00 – 10:00 PM; Thursday: 5:00 – 10:00 PM; Friday: 5:00 – 10:00 PM; Saturday: 5:00 – 10:00 PM; Sunday: 5:00 – 9:00 PM", "open_24h": false, "open_0": "1700", "open_1": null, "open_2": "1700", "open_3": "1700", "open_4": "1700", "open_5": "1700", "open_6": "1700", "close_0": "2100", "close_1": null, "close_2": "2200", "close_3": "2200", "close_4": "2200", "close_5": "2200", "close_6": "2200" }, "geometry": { "type": "Point", "coordinates": [ -75.1454168, 39.9487084 ] } },
{ "type": "Feature", "properties": { "name": "Francis J Purcell Inc", "place_id": "ChIJL2jev4fIxokRytogj2ZR3yE", "vicinity": "251 North 3rd Street, Philadelphia", "types": "c(\"home_goods_store\", \"point_of_interest\", \"store\", \"establishment\")", "business_status": "OPERATIONAL", "weekday_text": "Monday: Closed; Tuesday: 11:00 AM – 5:00 PM; Wednesday: 11:00 AM – 5:00 PM; Thursday: 11:00 AM – 5:00 PM; Friday: 11:00 AM – 5:00 PM; Saturday: 11:00 AM – 5:00 PM; Sunday: Closed", "open_24h": false, "open_0": null, "open_1": null, "open_2": "1100", "open_3": "1100", "open_4": "1100", "open_5": "1100", "open_6": "1100", "close_0": null, "close_1": null, "close_2": "1700", "close_3": "1700", "close_4": "1700", "close_5": "1700", "close_6": "1700" }, "geometry": { "type": "Point", "coordinates": [ -75.144349, 39.955431 ] } },
{ "type": "Feature", "properties": { "name": "FringeArts", "place_id": "ChIJP5VKfnDIxokR4W1PjlR7irI", "vicinity": "140 North Christopher Columbus Boulevard, Philadelphia", "types": "c(\"bar\", \"restaurant\", \"food\", \"point_of_interest\", \"establishment\")", "business_status": null, "weekday_text": null, "open_24h": null, "open_0": null, "open_1": null, "open_2": null, "open_3": null, "open_4": null, "open_5": null, "open_6": null, "close_0": null, "close_1": null, "close_2": null, "close_3": null, "close_4": null, "close_5": null, "close_6": null }, "geometry": { "type": "Point", "coordinates": [ -75.1403892, 39.9533194 ] } },
{ "type": "Feature", "properties": { "name": "Glory Beer Bar & Kitchen", "place_id": "ChIJ__9rZoXIxokRZXxPHOGFeVE", "vicinity": "126 Chestnut Street, Philadelphia", "types": "c(\"bar\", \"restaurant\", \"food\", \"point_of_interest\", \"establishment\")", "business_status": "OPERATIONAL", "weekday_text": "Monday: 4:00 PM – 2:00 AM; Tuesday: 4:00 PM – 2:00 AM; Wednesday: 4:00 PM – 2:00 AM; Thursday: 12:00 PM – 2:00 AM; Friday: 12:00 PM – 2:00 AM; Saturday: 12:00 PM – 2:00 AM; Sunday: 12:00 PM – 2:00 AM", "open_24h": false, "open_0": "1200", "open_1": "1600", "open_2": "1600", "open_3": "1600", "open_4": "1200", "open_5": "1200", "open_6": "1200", "close_0": "0200", "close_1": "0200", "close_2": "0200", "close_3": "0200", "close_4": "0200", "close_5": "0200", "close_6": "0200" }, "geometry": { "type": "Point", "coordinates": [ -75.1435458, 39.9481117 ] } },
{ "type": "Feature", "properties": { "name": "Grossman Furniture", "place_id": "ChIJJZWFBobIxokRkSfJwDZTd1o", "vicinity": "206 Arch Street, Philadelphia", "types": "c(\"furniture_store\", \"home_goods_store\", \"point_of_interest\", \"store\", \"establishment\")", "business_status": "OPERATIONAL", "weekday_text": "Monday: 9:30 AM – 5:30 PM; Tuesday: 9:30 AM – 5:30 PM; Wednesday: 9:30 AM – 8:00 PM; Thursday: 9:30 AM – 5:30 PM; Friday: 9:30 AM – 5:30 PM; Saturday: 9:30 AM – 5:30 PM; Sunday: Closed", "open_24h": false, "open_0": null, "open_1": "0930", "open_2": "0930", "open_3": "0930", "open_4": "0930", "open_5": "0930", "open_6": "0930", "close_0": null, "close_1": "1730", "close_2": "1730", "close_3": "2000", "close_4": "1730", "close_5": "1730", "close_6": "1730" }, "geometry": { "type": "Point", "coordinates": [ -75.1436564, 39.9517985 ] } },
{ "type": "Feature", "properties": { "name": "Han Dynasty - Old City", "place_id": "ChIJES72cYXIxokR911D5us7LDs", "vicinity": "110 Chestnut Street, Philadelphia", "types": "c(\"restaurant\", \"food\", \"point_of_interest\", \"establishment\")", "business_status": "OPERATIONAL", "weekday_text": "Monday: 12:00 – 9:30 PM; Tuesday: 12:00 – 9:30 PM; Wednesday: 12:00 – 9:30 PM; Thursday: 12:00 – 9:30 PM; Friday: 12:00 – 11:30 PM; Saturday: 12:00 – 11:30 PM; Sunday: 12:00 – 9:30 PM", "open_24h": false, "open_0": "1200", "open_1": "1200", "open_2": "1200", "open_3": "1200", "open_4": "1200", "open_5": "1200", "open_6": "1200", "close_0": "2130", "close_1": "2130", "close_2": "2130", "close_3": "2130", "close_4": "2130", "close_5": "2330", "close_6": "2330" }, "geometry": { "type": "Point", "coordinates": [ -75.1430342, 39.948069200000013 ] } },
{ "type": "Feature", "properties": { "name": "Harry Horn Inc", "place_id": "ChIJaUcYrIjIxokR2QeUGtC4OOk", "vicinity": "120 Arch Street, Philadelphia", "types": "c(\"store\", \"point_of_interest\", \"establishment\")", "business_status": "OPERATIONAL", "weekday_text": "Monday: Closed; Tuesday: 10:00 AM – 4:30 PM; Wednesday: 10:00 AM – 4:30 PM; Thursday: 10:00 AM – 4:30 PM; Friday: 10:00 AM – 4:30 PM; Saturday: 10:00 AM – 4:30 PM; Sunday: Closed", "open_24h": false, "open_0": null, "open_1": null, "open_2": "1000", "open_3": "1000", "open_4": "1000", "open_5": "1000", "open_6": "1000", "close_0": null, "close_1": null, "close_2": "1630", "close_3": "1630", "close_4": "1630", "close_5": "1630", "close_6": "1630" }, "geometry": { "type": "Point", "coordinates": [ -75.142414, 39.951732 ] } },
{ "type": "Feature", "properties": { "name": "Historic St George's United Methodist Church", "place_id": "ChIJURM3D4fIxokR53VHShmrdZA", "vicinity": "235 North 4th Street, Philadelphia", "types": "c(\"church\", \"place_of_worship\", \"point_of_interest\", \"establishment\")", "business_status": "OPERATIONAL", "weekday_text": "Monday: Closed; Tuesday: 9:00 AM – 2:00 PM; Wednesday: 9:00 AM – 2:00 PM; Thursday: 9:00 AM – 2:00 PM; Friday: Closed; Saturday: 9:00 AM – 2:00 PM; Sunday: Closed", "open_24h": false, "open_0": null, "open_1": null, "open_2": "0900", "open_3": "0900", "open_4": "0900", "open_5": null, "open_6": "0900", "close_0": null, "close_1": null, "close_2": "1400", "close_3": "1400", "close_4": "1400", "close_5": null, "close_6": "1400" }, "geometry": { "type": "Point", "coordinates": [ -75.1458565, 39.9552537 ] } },
{ "type": "Feature", "properties": { "name": "Holiday Inn Express Philadelphia - Penns Landing by IHG", "place_id": "ChIJi0HdmhvJxokRfkNb5ICCfMA", "vicinity": "100 North Christopher Columbus Boulevard, Philadelphia", "types": "c(\"gym\", \"lodging\", \"point_of_interest\", \"health\", \"establishment\")", "business_status": null, "weekday_text": null, "open_24h": null, "open_0": null, "open_1": null, "open_2": null, "open_3": null, "open_4": null, "open_5": null, "open_6": null, "close_0": null, "close_1": null, "close_2": null, "close_3": null, "close_4": null, "close_5": null, "close_6": null }, "geometry": { "type": "Point", "coordinates": [ -75.140442, 39.9528286 ] } },
{ "type": "Feature", "properties": { "name": "Independence National Historical Park", "place_id": "ChIJGVDvkoTIxokRIQNxPpqAR4Y", "vicinity": "Philadelphia", "types": "c(\"tourist_attraction\", \"point_of_interest\", \"establishment\")", "business_status": null, "weekday_text": null, "open_24h": null, "open_0": null, "open_1": null, "open_2": null, "open_3": null, "open_4": null, "open_5": null, "open_6": null, "close_0": null, "close_1": null, "close_2": null, "close_3": null, "close_4": null, "close_5": null, "close_6": null }, "geometry": { "type": "Point", "coordinates": [ -75.1497319, 39.9495312 ] } },
{ "type": "Feature", "properties": { "name": "Independence Park Hotel", "place_id": "ChIJx3q3HIXIxokRyRiSUUYWgUw", "vicinity": "235 Chestnut Street, Philadelphia", "types": "c(\"lodging\", \"point_of_interest\", \"establishment\")", "business_status": null, "weekday_text": null, "open_24h": null, "open_0": null, "open_1": null, "open_2": null, "open_3": null, "open_4": null, "open_5": null, "open_6": null, "close_0": null, "close_1": null, "close_2": null, "close_3": null, "close_4": null, "close_5": null, "close_6": null }, "geometry": { "type": "Point", "coordinates": [ -75.1453861, 39.9488312 ] } },
{ "type": "Feature", "properties": { "name": "Independence Seaport Museum", "place_id": "ChIJHQELFJDIxokRjJJw2yGDAEc", "vicinity": "211 South Christopher Columbus Boulevard, Philadelphia", "types": "c(\"museum\", \"tourist_attraction\", \"point_of_interest\", \"establishment\")", "business_status": "OPERATIONAL", "weekday_text": "Monday: 10:00 AM – 5:00 PM; Tuesday: 10:00 AM – 5:00 PM; Wednesday: 10:00 AM – 5:00 PM; Thursday: 10:00 AM – 5:00 PM; Friday: 10:00 AM – 5:00 PM; Saturday: 10:00 AM – 5:00 PM; Sunday: 10:00 AM – 5:00 PM", "open_24h": false, "open_0": "1000", "open_1": "1000", "open_2": "1000", "open_3": "1000", "open_4": "1000", "open_5": "1000", "open_6": "1000", "close_0": "1700", "close_1": "1700", "close_2": "1700", "close_3": "1700", "close_4": "1700", "close_5": "1700", "close_6": "1700" }, "geometry": { "type": "Point", "coordinates": [ -75.140765, 39.945851 ] } },
{ "type": "Feature", "properties": { "name": "Independence Visitor Center", "place_id": "ChIJseL9lYPIxokR9MI85DazUl4", "vicinity": "599 Market Street, Philadelphia", "types": "c(\"tourist_attraction\", \"travel_agency\", \"point_of_interest\", \"store\", \"establishment\")", "business_status": "OPERATIONAL", "weekday_text": "Monday: 9:00 AM – 6:00 PM; Tuesday: 9:00 AM – 6:00 PM; Wednesday: 9:00 AM – 6:00 PM; Thursday: 9:00 AM – 6:00 PM; Friday: 9:00 AM – 6:00 PM; Saturday: 9:00 AM – 6:00 PM; Sunday: 9:00 AM – 6:00 PM", "open_24h": false, "open_0": "0900", "open_1": "0900", "open_2": "0900", "open_3": "0900", "open_4": "0900", "open_5": "0900", "open_6": "0900", "close_0": "1800", "close_1": "1800", "close_2": "1800", "close_3": "1800", "close_4": "1800", "close_5": "1800", "close_6": "1800" }, "geometry": { "type": "Point", "coordinates": [ -75.1499212, 39.9514196 ] } },
{ "type": "Feature", "properties": { "name": "Independent Hardware, Inc.", "place_id": "ChIJP8BieY_IxokRyT6BCOoQzDA", "vicinity": "14 South Front Street, Philadelphia", "types": "c(\"hardware_store\", \"point_of_interest\", \"store\", \"establishment\")", "business_status": "OPERATIONAL", "weekday_text": "Monday: 8:30 AM – 5:00 PM; Tuesday: 8:30 AM – 5:00 PM; Wednesday: 8:30 AM – 5:00 PM; Thursday: 8:30 AM – 5:00 PM; Friday: 8:30 AM – 5:00 PM; Saturday: Closed; Sunday: Closed", "open_24h": false, "open_0": null, "open_1": "0830", "open_2": "0830", "open_3": "0830", "open_4": "0830", "open_5": "0830", "open_6": null, "close_0": null, "close_1": "1700", "close_2": "1700", "close_3": "1700", "close_4": "1700", "close_5": "1700", "close_6": null }, "geometry": { "type": "Point", "coordinates": [ -75.1423829, 39.949254 ] } },
{ "type": "Feature", "properties": { "name": "Infusion Lounge - Philly's Best Cocktails, Hookahs & Cigars", "place_id": "ChIJRbz7m4XIxokRZpjx9xMyMus", "vicinity": "16 South 2nd Street 2nd Floor, Philadelphia", "types": "c(\"bar\", \"night_club\", \"point_of_interest\", \"establishment\")", "business_status": "OPERATIONAL", "weekday_text": "Monday: 6:00 PM – 12:00 AM; Tuesday: 6:00 PM – 12:00 AM; Wednesday: 6:00 PM – 2:00 AM; Thursday: 6:00 PM – 2:00 AM; Friday: 9:00 PM – 2:00 AM; Saturday: 9:00 PM – 2:00 AM; Sunday: 6:00 PM – 2:00 AM", "open_24h": false, "open_0": "1800", "open_1": "1800", "open_2": "1800", "open_3": "1800", "open_4": "1800", "open_5": "2100", "open_6": "2100", "close_0": "0200", "close_1": "0200", "close_2": "0000", "close_3": "0000", "close_4": "0200", "close_5": "0200", "close_6": "0200" }, "geometry": { "type": "Point", "coordinates": [ -75.144008, 39.949537199999988 ] } },
{ "type": "Feature", "properties": { "name": "Khyber Pass Pub", "place_id": "ChIJ6dM0coXIxokRzky__HwL7LU", "vicinity": "56 South 2nd Street, Philadelphia", "types": "c(\"bar\", \"point_of_interest\", \"establishment\")", "business_status": "OPERATIONAL", "weekday_text": "Monday: 11:00 AM – 2:00 AM; Tuesday: 11:00 AM – 2:00 AM; Wednesday: 11:00 AM – 2:00 AM; Thursday: 11:00 AM – 2:00 AM; Friday: 11:00 AM – 2:00 AM; Saturday: 10:00 AM – 2:00 AM; Sunday: 10:00 AM – 2:00 AM", "open_24h": false, "open_0": "1000", "open_1": "1100", "open_2": "1100", "open_3": "1100", "open_4": "1100", "open_5": "1100", "open_6": "1000", "close_0": "0200", "close_1": "0200", "close_2": "0200", "close_3": "0200", "close_4": "0200", "close_5": "0200", "close_6": "0200" }, "geometry": { "type": "Point", "coordinates": [ -75.1441398, 39.9486537 ] } },
{ "type": "Feature", "properties": { "name": "Kimpton Hotel Monaco Philadelphia", "place_id": "ChIJN5P3moTIxokREvdtKFMo3Sk", "vicinity": "433 Chestnut Street, Philadelphia", "types": "c(\"lodging\", \"point_of_interest\", \"establishment\")", "business_status": null, "weekday_text": null, "open_24h": null, "open_0": null, "open_1": null, "open_2": null, "open_3": null, "open_4": null, "open_5": null, "open_6": null, "close_0": null, "close_1": null, "close_2": null, "close_3": null, "close_4": null, "close_5": null, "close_6": null }, "geometry": { "type": "Point", "coordinates": [ -75.1488833, 39.9491415 ] } },
{ "type": "Feature", "properties": { "name": "LEMA studio", "place_id": "ChIJp5dhW4bIxokR9mUwR3qnx4w", "vicinity": "140 North 3rd Street, Philadelphia", "types": "c(\"furniture_store\", \"home_goods_store\", \"point_of_interest\", \"store\", \"establishment\")", "business_status": "OPERATIONAL", "weekday_text": "Monday: 10:00 AM – 6:00 PM; Tuesday: 10:00 AM – 6:00 PM; Wednesday: 10:00 AM – 6:00 PM; Thursday: 10:00 AM – 6:00 PM; Friday: 10:00 AM – 6:00 PM; Saturday: 10:00 AM – 6:00 PM; Sunday: Closed", "open_24h": false, "open_0": null, "open_1": "1000", "open_2": "1000", "open_3": "1000", "open_4": "1000", "open_5": "1000", "open_6": "1000", "close_0": null, "close_1": "1800", "close_2": "1800", "close_3": "1800", "close_4": "1800", "close_5": "1800", "close_6": "1800" }, "geometry": { "type": "Point", "coordinates": [ -75.1451689, 39.953396 ] } },
{ "type": "Feature", "properties": { "name": "La Famiglia Ristorante", "place_id": "ChIJdzaue4_IxokR_zxAhKdu4dk", "vicinity": "8 South Front Street, Philadelphia", "types": "c(\"restaurant\", \"food\", \"point_of_interest\", \"establishment\")", "business_status": "OPERATIONAL", "weekday_text": "Monday: Closed; Tuesday: 5:00 – 9:00 PM; Wednesday: 5:00 – 9:00 PM; Thursday: 5:00 – 9:00 PM; Friday: 5:00 – 9:00 PM; Saturday: 5:00 – 9:00 PM; Sunday: Closed", "open_24h": false, "open_0": null, "open_1": null, "open_2": "1700", "open_3": "1700", "open_4": "1700", "open_5": "1700", "open_6": "1700", "close_0": null, "close_1": null, "close_2": "2100", "close_3": "2100", "close_4": "2100", "close_5": "2100", "close_6": "2100" }, "geometry": { "type": "Point", "coordinates": [ -75.1423166, 39.9493909 ] } },
{ "type": "Feature", "properties": { "name": "La Tienda", "place_id": "ChIJ493KC73JxokRMKVQ59wLiWk", "vicinity": "105 Chestnut Street, Philadelphia", "types": "c(\"convenience_store\", \"food\", \"point_of_interest\", \"store\", \"establishment\")", "business_status": "OPERATIONAL", "weekday_text": "Monday: 8:00 AM – 6:00 PM; Tuesday: 8:00 AM – 8:00 PM; Wednesday: 8:00 AM – 6:00 PM; Thursday: 8:30 AM – 6:00 PM; Friday: 8:00 AM – 6:00 PM; Saturday: 8:00 AM – 6:00 PM; Sunday: Closed", "open_24h": false, "open_0": null, "open_1": "0800", "open_2": "0800", "open_3": "0800", "open_4": "0830", "open_5": "0800", "open_6": "0800", "close_0": null, "close_1": "1800", "close_2": "2000", "close_3": "1800", "close_4": "1800", "close_5": "1800", "close_6": "1800" }, "geometry": { "type": "Point", "coordinates": [ -75.1427605, 39.9483083 ] } },
{ "type": "Feature", "properties": { "name": "Landmark's Ritz Five", "place_id": "ChIJPfhSK4XIxokRM8jxvF8UF-k", "vicinity": "214 Walnut Street, Philadelphia", "types": "c(\"movie_theater\", \"point_of_interest\", \"establishment\")", "business_status": null, "weekday_text": null, "open_24h": null, "open_0": null, "open_1": null, "open_2": null, "open_3": null, "open_4": null, "open_5": null, "open_6": null, "close_0": null, "close_1": null, "close_2": null, "close_3": null, "close_4": null, "close_5": null, "close_6": null }, "geometry": { "type": "Point", "coordinates": [ -75.1455597, 39.9468861 ] } },
{ "type": "Feature", "properties": { "name": "Las Bugambilias", "place_id": "ChIJCYJem5nIxokRq1KtJCHD-FI", "vicinity": "15 South 3rd Street, Philadelphia", "types": "c(\"restaurant\", \"food\", \"point_of_interest\", \"establishment\")", "business_status": "OPERATIONAL", "weekday_text": "Monday: 5:00 – 9:00 PM; Tuesday: 5:00 – 9:00 PM; Wednesday: 5:00 – 9:00 PM; Thursday: 11:00 AM – 9:00 PM; Friday: 11:00 AM – 2:00 AM; Saturday: 10:00 AM – 2:00 AM; Sunday: 12:00 – 8:00 PM", "open_24h": true, "open_0": "1200;1200", "open_1": "1700", "open_2": "1700", "open_3": "1700", "open_4": "1100", "open_5": "1100", "open_6": "1000", "close_0": "2000;0200", "close_1": "2100", "close_2": "2100", "close_3": "2100", "close_4": "2100", "close_5": "NA", "close_6": "0200" }, "geometry": { "type": "Point", "coordinates": [ -75.1454627, 39.9496917 ] } },
{ "type": "Feature", "properties": { "name": "Li Puma Michael", "place_id": "ChIJocR57YTIxokRwJTKOkKmBD4", "vicinity": "325 Chestnut Street, Philadelphia", "types": "c(\"lawyer\", \"point_of_interest\", \"establishment\")", "business_status": null, "weekday_text": null, "open_24h": null, "open_0": null, "open_1": null, "open_2": null, "open_3": null, "open_4": null, "open_5": null, "open_6": null, "close_0": null, "close_1": null, "close_2": null, "close_3": null, "close_4": null, "close_5": null, "close_6": null }, "geometry": { "type": "Point", "coordinates": [ -75.147154, 39.949088 ] } },
{ "type": "Feature", "properties": { "name": "Liberty Garden", "place_id": "ChIJ9R1UFgDJxokR9JbaobsjlBs", "vicinity": "50 North Independence Mall East, Philadelphia", "types": "c(\"bar\", \"restaurant\", \"food\", \"point_of_interest\", \"establishment\")", "business_status": "OPERATIONAL", "weekday_text": "Monday: 11:00 AM – 9:00 PM; Tuesday: 11:00 AM – 9:00 PM; Wednesday: 11:00 AM – 9:00 PM; Thursday: 11:00 AM – 9:00 PM; Friday: 11:00 AM – 9:00 PM; Saturday: 11:00 AM – 9:00 PM; Sunday: 11:00 AM – 6:00 PM", "open_24h": false, "open_0": "1100", "open_1": "1100", "open_2": "1100", "open_3": "1100", "open_4": "1100", "open_5": "1100", "open_6": "1100", "close_0": "1800", "close_1": "2100", "close_2": "2100", "close_3": "2100", "close_4": "2100", "close_5": "2100", "close_6": "2100" }, "geometry": { "type": "Point", "coordinates": [ -75.1491401, 39.9518206 ] } },
{ "type": "Feature", "properties": { "name": "MOKO Organic Hair Studio", "place_id": "ChIJ6__5eIbIxokRKCr_nQraX2o", "vicinity": "Best Organic Salon, Best Haircolor Old City, 55 North 3rd Street, Philadelphia", "types": "c(\"beauty_salon\", \"spa\", \"point_of_interest\", \"store\", \"establishment\")", "business_status": "OPERATIONAL", "weekday_text": "Monday: Closed; Tuesday: 12:00 – 6:00 PM; Wednesday: 10:00 AM – 8:00 PM; Thursday: 10:00 AM – 8:00 PM; Friday: 10:00 AM – 8:00 PM; Saturday: 10:00 AM – 4:00 PM; Sunday: Closed", "open_24h": false, "open_0": null, "open_1": null, "open_2": "1200", "open_3": "1000", "open_4": "1000", "open_5": "1000", "open_6": "1000", "close_0": null, "close_1": null, "close_2": "1800", "close_3": "2000", "close_4": "2000", "close_5": "2000", "close_6": "1600" }, "geometry": { "type": "Point", "coordinates": [ -75.1449041, 39.951886 ] } },
{ "type": "Feature", "properties": { "name": "Mad River Bar & Grille", "place_id": "ChIJfegbZoXIxokRK5aPUelpp9s", "vicinity": "126 Chestnut Street, Philadelphia", "types": "c(\"bar\", \"restaurant\", \"food\", \"point_of_interest\", \"establishment\")", "business_status": null, "weekday_text": null, "open_24h": null, "open_0": null, "open_1": null, "open_2": null, "open_3": null, "open_4": null, "open_5": null, "open_6": null, "close_0": null, "close_1": null, "close_2": null, "close_3": null, "close_4": null, "close_5": null, "close_6": null }, "geometry": { "type": "Point", "coordinates": [ -75.1435458, 39.9481117 ] } },
{ "type": "Feature", "properties": { "name": "Masala Fusion Indian Restaurant", "place_id": "ChIJz2oWYcXJxokRDzwabpnXL6s", "vicinity": "14 North 3rd Street, Philadelphia", "types": "c(\"restaurant\", \"food\", \"point_of_interest\", \"establishment\")", "business_status": "OPERATIONAL", "weekday_text": "Monday: Closed; Tuesday: 12:00 – 3:00 PM, 4:00 – 11:00 PM; Wednesday: 12:00 – 3:00 PM, 4:00 – 11:00 PM; Thursday: 12:00 – 3:00 PM, 4:00 – 11:00 PM; Friday: 12:00 – 3:00 PM, 4:00 – 11:00 PM; Saturday: 12:00 – 3:00 PM, 4:00 – 11:00 PM; Sunday: 12:00 – 3:00 PM, 4:00 – 11:00 PM", "open_24h": false, "open_0": "1200;1600;1200;1600", "open_1": null, "open_2": "1200;1600;1200;1600", "open_3": "1200;1600;1200;1600", "open_4": "1200;1600;1200;1600", "open_5": "1200;1600;1200;1600", "open_6": "1200;1600;1200;1600", "close_0": "1500;1500;2300;2300", "close_1": null, "close_2": "1500;1500;2300;2300", "close_3": "1500;1500;2300;2300", "close_4": "1500;1500;2300;2300", "close_5": "1500;1500;2300;2300", "close_6": "1500;1500;2300;2300" }, "geometry": { "type": "Point", "coordinates": [ -75.1457584, 39.9506658 ] } },
{ "type": "Feature", "properties": { "name": "Mei Mei Philadelphia", "place_id": "ChIJb6NEoTvJxokR5NFY9SpANWw", "vicinity": "33 South 2nd Street, Philadelphia", "types": "c(\"night_club\", \"bar\", \"restaurant\", \"food\", \"point_of_interest\", \"establishment\")", "business_status": "OPERATIONAL", "weekday_text": "Monday: 5:00 PM – 12:00 AM; Tuesday: 5:00 PM – 12:00 AM; Wednesday: 5:00 PM – 12:00 AM; Thursday: 5:00 PM – 12:00 AM; Friday: 5:00 PM – 2:00 AM; Saturday: 5:00 PM – 2:00 AM; Sunday: 5:00 PM – 12:00 AM", "open_24h": false, "open_0": "1700", "open_1": "1700", "open_2": "1700", "open_3": "1700", "open_4": "1700", "open_5": "1700", "open_6": "1700", "close_0": "0200", "close_1": "0000", "close_2": "0000", "close_3": "0000", "close_4": "0000", "close_5": "0000", "close_6": "0200" }, "geometry": { "type": "Point", "coordinates": [ -75.1438418, 39.9489924 ] } },
{ "type": "Feature", "properties": { "name": "Michael Hurwitz Furniture", "place_id": "ChIJraqEU4TIxokRgIE1OCHFrfo", "vicinity": "16 South 3rd Street, Philadelphia", "types": "c(\"home_goods_store\", \"point_of_interest\", \"store\", \"establishment\")", "business_status": null, "weekday_text": null, "open_24h": null, "open_0": null, "open_1": null, "open_2": null, "open_3": null, "open_4": null, "open_5": null, "open_6": null, "close_0": null, "close_1": null, "close_2": null, "close_3": null, "close_4": null, "close_5": null, "close_6": null }, "geometry": { "type": "Point", "coordinates": [ -75.1459873, 39.9497602 ] } },
{ "type": "Feature", "properties": { "name": "Millésimé", "place_id": "ChIJg4b3AYXIxokRHAITDdkQEwo", "vicinity": "33 North 2nd Street, Philadelphia", "types": "c(\"furniture_store\", \"general_contractor\", \"home_goods_store\", \"store\", \"point_of_interest\", \"establishment\")", "business_status": "OPERATIONAL", "weekday_text": "Monday: Closed; Tuesday: 10:00 AM – 5:00 PM; Wednesday: 10:00 AM – 5:00 PM; Thursday: 10:00 AM – 5:00 PM; Friday: 10:00 AM – 5:00 PM; Saturday: 10:00 AM – 5:00 PM; Sunday: Closed", "open_24h": false, "open_0": null, "open_1": null, "open_2": "1000", "open_3": "1000", "open_4": "1000", "open_5": "1000", "open_6": "1000", "close_0": null, "close_1": null, "close_2": "1700", "close_3": "1700", "close_4": "1700", "close_5": "1700", "close_6": "1700" }, "geometry": { "type": "Point", "coordinates": [ -75.1430228, 39.9508061 ] } },
{ "type": "Feature", "properties": { "name": "Mocha Melt Cafe", "place_id": "ChIJa36Ni0XJxokRXHNhHQyMvrA", "vicinity": "124 Market Street, Philadelphia", "types": "c(\"cafe\", \"restaurant\", \"food\", \"store\", \"point_of_interest\", \"establishment\")", "business_status": "OPERATIONAL", "weekday_text": "Monday: 8:00 AM – 11:00 PM; Tuesday: 8:00 AM – 11:00 PM; Wednesday: 8:00 AM – 11:00 PM; Thursday: 8:00 AM – 11:00 PM; Friday: 8:00 AM – 12:00 AM; Saturday: 8:00 AM – 12:00 AM; Sunday: 9:00 AM – 10:00 PM", "open_24h": true, "open_0": "0900;0900", "open_1": "0800", "open_2": "0800", "open_3": "0800", "open_4": "0800", "open_5": "0800", "open_6": "0800", "close_0": "2200;0000", "close_1": "2300", "close_2": "2300", "close_3": "2300", "close_4": "2300", "close_5": "NA", "close_6": "0000" }, "geometry": { "type": "Point", "coordinates": [ -75.1432823, 39.9496671 ] } },
{ "type": "Feature", "properties": { "name": "Mochinut", "place_id": "ChIJBXhZo77JxokRtiHuln7DtE4", "vicinity": "108 Chestnut Street #4, Philadelphia", "types": "c(\"bakery\", \"food\", \"point_of_interest\", \"store\", \"establishment\")", "business_status": "OPERATIONAL", "weekday_text": "Monday: 11:00 AM – 5:00 PM; Tuesday: 11:00 AM – 7:00 PM; Wednesday: 11:00 AM – 7:00 PM; Thursday: 11:00 AM – 7:00 PM; Friday: 11:00 AM – 7:00 PM; Saturday: 11:00 AM – 7:00 PM; Sunday: 11:00 AM – 7:00 PM", "open_24h": false, "open_0": "1100", "open_1": "1100", "open_2": "1100", "open_3": "1100", "open_4": "1100", "open_5": "1100", "open_6": "1100", "close_0": "1900", "close_1": "1700", "close_2": "1900", "close_3": "1900", "close_4": "1900", "close_5": "1900", "close_6": "1900" }, "geometry": { "type": "Point", "coordinates": [ -75.1429316, 39.9480853 ] } },
{ "type": "Feature", "properties": { "name": "Mr Bar Stool", "place_id": "ChIJvXBtKIbIxokRIBbm_grA8FQ", "vicinity": "167 North 2nd Street, Philadelphia", "types": "c(\"furniture_store\", \"home_goods_store\", \"point_of_interest\", \"store\", \"establishment\")", "business_status": "OPERATIONAL", "weekday_text": "Monday: 10:00 AM – 5:00 PM; Tuesday: 10:00 AM – 5:00 PM; Wednesday: 10:00 AM – 5:00 PM; Thursday: 10:00 AM – 5:00 PM; Friday: Closed; Saturday: Closed; Sunday: 10:00 AM – 5:00 PM", "open_24h": false, "open_0": "1000", "open_1": "1000", "open_2": "1000", "open_3": "1000", "open_4": "1000", "open_5": null, "open_6": null, "close_0": "1700", "close_1": "1700", "close_2": "1700", "close_3": "1700", "close_4": "1700", "close_5": null, "close_6": null }, "geometry": { "type": "Point", "coordinates": [ -75.1427226, 39.9536541 ] } },
{ "type": "Feature", "properties": { "name": "National Mechanics Bar and Restaurant", "place_id": "ChIJOSWtVYTIxokRwl_XrRL1xz0", "vicinity": "22 South 3rd Street, Philadelphia", "types": "c(\"restaurant\", \"bar\", \"food\", \"point_of_interest\", \"establishment\")", "business_status": "OPERATIONAL", "weekday_text": "Monday: 12:00 – 10:00 PM; Tuesday: 12:00 PM – 12:00 AM; Wednesday: 12:00 PM – 12:00 AM; Thursday: 12:00 PM – 12:00 AM; Friday: 12:00 PM – 2:00 AM; Saturday: 10:00 AM – 2:00 AM; Sunday: 10:00 AM – 12:00 AM", "open_24h": true, "open_0": "1000", "open_1": "1200;1200", "open_2": "1200", "open_3": "1200", "open_4": "1200", "open_5": "1200", "open_6": "1000", "close_0": "0200", "close_1": "0000;2200", "close_2": "NA", "close_3": "0000", "close_4": "0000", "close_5": "0000", "close_6": "0200" }, "geometry": { "type": "Point", "coordinates": [ -75.1460133, 39.9495544 ] } },
{ "type": "Feature", "properties": { "name": "Nick's Bar & Grille", "place_id": "ChIJM__nm4XIxokRZDwF3LK_KV0", "vicinity": "16 South 2nd Street, Philadelphia", "types": "c(\"bar\", \"restaurant\", \"food\", \"point_of_interest\", \"establishment\")", "business_status": "OPERATIONAL", "weekday_text": "Monday: Closed; Tuesday: 12:00 PM – 2:00 AM; Wednesday: 12:00 PM – 2:00 AM; Thursday: 12:00 PM – 2:00 AM; Friday: 12:00 PM – 2:00 AM; Saturday: 12:00 PM – 2:00 AM; Sunday: 12:00 PM – 2:00 AM", "open_24h": true, "open_0": "1200", "open_1": "NA", "open_2": "1200", "open_3": "1200", "open_4": "1200", "open_5": "1200", "open_6": "1200", "close_0": "0200", "close_1": "0200", "close_2": "NA", "close_3": "0200", "close_4": "0200", "close_5": "0200", "close_6": "0200" }, "geometry": { "type": "Point", "coordinates": [ -75.1440453, 39.949502 ] } },
{ "type": "Feature", "properties": { "name": "O'Donoghue & O'Donoghue", "place_id": "ChIJocR57YTIxokRRauE3BxYDLo", "vicinity": "325 Chestnut Street #515, Philadelphia", "types": "c(\"lawyer\", \"point_of_interest\", \"establishment\")", "business_status": null, "weekday_text": null, "open_24h": null, "open_0": null, "open_1": null, "open_2": null, "open_3": null, "open_4": null, "open_5": null, "open_6": null, "close_0": null, "close_1": null, "close_2": null, "close_3": null, "close_4": null, "close_5": null, "close_6": null }, "geometry": { "type": "Point", "coordinates": [ -75.147154, 39.949088 ] } },
{ "type": "Feature", "properties": { "name": "O.c.p. Grill", "place_id": "ChIJV29-e4bIxokR3jK7AMd4OoI", "vicinity": "100 North 3rd Street, Philadelphia", "types": "c(\"restaurant\", \"food\", \"point_of_interest\", \"establishment\")", "business_status": "OPERATIONAL", "weekday_text": "Monday: 11:00 AM – 6:00 PM; Tuesday: 11:00 AM – 6:00 PM; Wednesday: 11:00 AM – 8:00 PM; Thursday: 11:00 AM – 9:00 PM; Friday: 11:00 AM – 9:00 PM; Saturday: 10:00 AM – 9:00 PM; Sunday: 11:00 AM – 8:00 PM", "open_24h": false, "open_0": "1100", "open_1": "1100", "open_2": "1100", "open_3": "1100", "open_4": "1100", "open_5": "1100", "open_6": "1000", "close_0": "2000", "close_1": "1800", "close_2": "1800", "close_3": "2000", "close_4": "2100", "close_5": "2100", "close_6": "2100" }, "geometry": { "type": "Point", "coordinates": [ -75.1454144, 39.9523341 ] } },
{ "type": "Feature", "properties": { "name": "Old City Beer Garden", "place_id": "ChIJe8S-roXIxokRLDtUkAY3uX4", "vicinity": "240 Market Street, Philadelphia", "types": "c(\"bar\", \"restaurant\", \"food\", \"point_of_interest\", \"establishment\")", "business_status": "OPERATIONAL", "weekday_text": "Monday: 12:00 PM – 12:00 AM; Tuesday: 12:00 PM – 12:00 AM; Wednesday: 12:00 PM – 12:00 AM; Thursday: 12:00 PM – 2:00 AM; Friday: 12:00 PM – 2:00 AM; Saturday: 12:00 PM – 2:00 AM; Sunday: 12:00 – 10:00 PM", "open_24h": true, "open_0": "1200;1200", "open_1": "1200", "open_2": "1200", "open_3": "1200", "open_4": "1200", "open_5": "1200", "open_6": "1200", "close_0": "2200;0200", "close_1": "NA", "close_2": "0000", "close_3": "0000", "close_4": "0000", "close_5": "0200", "close_6": "0200" }, "geometry": { "type": "Point", "coordinates": [ -75.145341, 39.949699 ] } },
{ "type": "Feature", "properties": { "name": "Old City Coffee", "place_id": "ChIJt67yxoXIxokRNv9HLjLfD_o", "vicinity": "221 Church Street, Philadelphia", "types": "c(\"cafe\", \"food\", \"point_of_interest\", \"store\", \"establishment\")", "business_status": "OPERATIONAL", "weekday_text": "Monday: 7:00 AM – 4:00 PM; Tuesday: 7:00 AM – 4:00 PM; Wednesday: 7:00 AM – 4:00 PM; Thursday: 7:00 AM – 4:00 PM; Friday: 7:00 AM – 5:00 PM; Saturday: 7:00 AM – 5:00 PM; Sunday: 8:00 AM – 5:00 PM", "open_24h": false, "open_0": "0800", "open_1": "0700", "open_2": "0700", "open_3": "0700", "open_4": "0700", "open_5": "0700", "open_6": "0700", "close_0": "1700", "close_1": "1600", "close_2": "1600", "close_3": "1600", "close_4": "1600", "close_5": "1700", "close_6": "1700" }, "geometry": { "type": "Point", "coordinates": [ -75.144829, 39.95079 ] } },
{ "type": "Feature", "properties": { "name": "Old City Flowers", "place_id": "ChIJ244IAIXIxokRWvALfqVOcUs", "vicinity": "31 South 3rd Street, Philadelphia", "types": "c(\"florist\", \"point_of_interest\", \"store\", \"establishment\")", "business_status": "OPERATIONAL", "weekday_text": "Monday: 9:00 AM – 4:00 PM; Tuesday: 9:00 AM – 4:00 PM; Wednesday: 9:00 AM – 4:00 PM; Thursday: 9:00 AM – 4:00 PM; Friday: 9:00 AM – 4:00 PM; Saturday: 9:00 AM – 1:00 PM; Sunday: Closed", "open_24h": false, "open_0": null, "open_1": "0900", "open_2": "0900", "open_3": "0900", "open_4": "0900", "open_5": "0900", "open_6": "0900", "close_0": null, "close_1": "1600", "close_2": "1600", "close_3": "1600", "close_4": "1600", "close_5": "1600", "close_6": "1300" }, "geometry": { "type": "Point", "coordinates": [ -75.145685, 39.94938 ] } },
{ "type": "Feature", "properties": { "name": "Old City Galley", "place_id": "ChIJ_RdNDobIxokR8zq3ki8ROcs", "vicinity": "213 Arch Street, Philadelphia", "types": "c(\"furniture_store\", \"home_goods_store\", \"point_of_interest\", \"store\", \"establishment\")", "business_status": "OPERATIONAL", "weekday_text": "Monday: 10:00 AM – 6:00 PM; Tuesday: 10:00 AM – 6:00 PM; Wednesday: 10:00 AM – 6:00 PM; Thursday: 10:00 AM – 6:00 PM; Friday: 10:00 AM – 6:00 PM; Saturday: Closed; Sunday: Closed", "open_24h": false, "open_0": null, "open_1": "1000", "open_2": "1000", "open_3": "1000", "open_4": "1000", "open_5": "1000", "open_6": null, "close_0": null, "close_1": "1800", "close_2": "1800", "close_3": "1800", "close_4": "1800", "close_5": "1800", "close_6": null }, "geometry": { "type": "Point", "coordinates": [ -75.143781, 39.952149 ] } },
{ "type": "Feature", "properties": { "name": "Old City Kava Company", "place_id": "ChIJQ1u0kxjJxokRFkxaXsX47X0", "vicinity": "40 South 2nd Street, Philadelphia", "types": "c(\"night_club\", \"cafe\", \"bar\", \"food\", \"point_of_interest\", \"establishment\")", "business_status": "OPERATIONAL", "weekday_text": "Monday: 10:00 AM – 12:00 AM; Tuesday: 10:00 AM – 12:00 AM; Wednesday: 10:00 AM – 12:00 AM; Thursday: 10:00 AM – 12:00 AM; Friday: 10:00 AM – 2:00 AM; Saturday: 10:00 AM – 2:00 AM; Sunday: 10:00 AM – 12:00 AM", "open_24h": false, "open_0": "1000", "open_1": "1000", "open_2": "1000", "open_3": "1000", "open_4": "1000", "open_5": "1000", "open_6": "1000", "close_0": "0200", "close_1": "0000", "close_2": "0000", "close_3": "0000", "close_4": "0000", "close_5": "0000", "close_6": "0200" }, "geometry": { "type": "Point", "coordinates": [ -75.1440697, 39.9490103 ] } },
{ "type": "Feature", "properties": { "name": "Old City Pizza", "place_id": "ChIJZYKue4bIxokRG6nj9EBpxLU", "vicinity": "100 North 3rd Street, Philadelphia", "types": "c(\"restaurant\", \"food\", \"point_of_interest\", \"establishment\")", "business_status": "OPERATIONAL", "weekday_text": "Monday: 11:00 AM – 6:00 PM; Tuesday: 11:00 AM – 6:00 PM; Wednesday: 11:00 AM – 8:00 PM; Thursday: 11:00 AM – 9:00 PM; Friday: 11:00 AM – 9:00 PM; Saturday: 11:00 AM – 9:00 PM; Sunday: 11:00 AM – 7:30 PM", "open_24h": false, "open_0": "1100", "open_1": "1100", "open_2": "1100", "open_3": "1100", "open_4": "1100", "open_5": "1100", "open_6": "1100", "close_0": "1930", "close_1": "1800", "close_2": "1800", "close_3": "2000", "close_4": "2100", "close_5": "2100", "close_6": "2100" }, "geometry": { "type": "Point", "coordinates": [ -75.1453095, 39.9523302 ] } },
{ "type": "Feature", "properties": { "name": "Olde City Food Market", "place_id": "ChIJySvymYXIxokRU2Dc7JkmXRE", "vicinity": "202 Market Street, Philadelphia", "types": "c(\"grocery_or_supermarket\", \"convenience_store\", \"pharmacy\", \"supermarket\", \"cafe\", \"restaurant\", \"food\", \"point_of_interest\", \"store\", \"health\", \"establishment\")", "business_status": "OPERATIONAL", "weekday_text": "Monday: 8:30 AM – 8:00 PM; Tuesday: 8:30 AM – 8:00 PM; Wednesday: 8:30 AM – 8:00 PM; Thursday: 8:30 AM – 8:00 PM; Friday: 8:30 AM – 9:00 PM; Saturday: 10:00 AM – 9:00 PM; Sunday: 10:00 AM – 8:00 PM", "open_24h": false, "open_0": "1000", "open_1": "0830", "open_2": "0830", "open_3": "0830", "open_4": "0830", "open_5": "0830", "open_6": "1000", "close_0": "2000", "close_1": "2000", "close_2": "2000", "close_3": "2000", "close_4": "2000", "close_5": "2100", "close_6": "2100" }, "geometry": { "type": "Point", "coordinates": [ -75.1440556, 39.9497429 ] } },
{ "type": "Feature", "properties": { "name": "Olde City Tattoo", "place_id": "ChIJf1kadIXIxokRnue2J9FUUmM", "vicinity": "50 South 2nd Street, Philadelphia", "types": "c(\"point_of_interest\", \"store\", \"establishment\")", "business_status": "OPERATIONAL", "weekday_text": "Monday: 12:00 – 8:00 PM; Tuesday: 12:00 – 8:00 PM; Wednesday: 12:00 – 8:00 PM; Thursday: 12:00 – 8:00 PM; Friday: 12:00 – 10:00 PM; Saturday: 12:00 – 10:00 PM; Sunday: 12:00 – 7:00 PM", "open_24h": false, "open_0": "1200", "open_1": "1200", "open_2": "1200", "open_3": "1200", "open_4": "1200", "open_5": "1200", "open_6": "1200", "close_0": "1900", "close_1": "2000", "close_2": "2000", "close_3": "2000", "close_4": "2000", "close_5": "2200", "close_6": "2200" }, "geometry": { "type": "Point", "coordinates": [ -75.1441589, 39.9487389 ] } },
{ "type": "Feature", "properties": { "name": "Olea", "place_id": "ChIJS5m6X-fJxokRLklMwIFLzls", "vicinity": "232 Arch Street, Philadelphia", "types": "c(\"restaurant\", \"food\", \"point_of_interest\", \"establishment\")", "business_status": "OPERATIONAL", "weekday_text": "Monday: 5:00 – 9:00 PM; Tuesday: Closed; Wednesday: Closed; Thursday: 5:00 – 9:00 PM; Friday: 5:00 – 10:00 PM; Saturday: 5:00 – 10:00 PM; Sunday: 5:00 – 9:00 PM", "open_24h": false, "open_0": "1700", "open_1": "1700", "open_2": null, "open_3": null, "open_4": "1700", "open_5": "1700", "open_6": "1700", "close_0": "2100", "close_1": "2100", "close_2": null, "close_3": null, "close_4": "2100", "close_5": "2200", "close_6": "2200" }, "geometry": { "type": "Point", "coordinates": [ -75.1443869, 39.9519494 ] } },
{ "type": "Feature", "properties": { "name": "Omoi Life Goods", "place_id": "ChIJacEadDvGxokRP6IsCWRCgjU", "vicinity": "41 South 3rd Street, Philadelphia", "types": "c(\"clothing_store\", \"home_goods_store\", \"point_of_interest\", \"store\", \"establishment\")", "business_status": "OPERATIONAL", "weekday_text": "Monday: 10:00 AM – 6:00 PM; Tuesday: 10:00 AM – 6:00 PM; Wednesday: 10:00 AM – 6:00 PM; Thursday: 10:00 AM – 6:00 PM; Friday: 10:00 AM – 6:00 PM; Saturday: 10:00 AM – 6:00 PM; Sunday: 10:00 AM – 6:00 PM", "open_24h": false, "open_0": "1000", "open_1": "1000", "open_2": "1000", "open_3": "1000", "open_4": "1000", "open_5": "1000", "open_6": "1000", "close_0": "1800", "close_1": "1800", "close_2": "1800", "close_3": "1800", "close_4": "1800", "close_5": "1800", "close_6": "1800" }, "geometry": { "type": "Point", "coordinates": [ -75.1457587, 39.9490452 ] } },
{ "type": "Feature", "properties": { "name": "P. J. Clarke’s At The Curtis", "place_id": "ChIJEyJRfgTJxokRCW1n4lM5jWk", "vicinity": "601 Walnut Street, Philadelphia", "types": "c(\"night_club\", \"bar\", \"restaurant\", \"food\", \"point_of_interest\", \"establishment\")", "business_status": "OPERATIONAL", "weekday_text": "Monday: 11:30 AM – 8:00 PM; Tuesday: 11:30 AM – 8:00 PM; Wednesday: 11:30 AM – 10:00 PM; Thursday: 11:30 AM – 10:00 PM; Friday: 11:30 AM – 11:00 PM; Saturday: 10:30 AM – 11:00 PM; Sunday: 10:30 AM – 8:00 PM", "open_24h": false, "open_0": "1030", "open_1": "1130", "open_2": "1130", "open_3": "1130", "open_4": "1130", "open_5": "1130", "open_6": "1030", "close_0": "2000", "close_1": "2000", "close_2": "2000", "close_3": "2200", "close_4": "2200", "close_5": "2300", "close_6": "2300" }, "geometry": { "type": "Point", "coordinates": [ -75.1512346, 39.9478619 ] } },
{ "type": "Feature", "properties": { "name": "PARISA: Rugs & Décor", "place_id": "ChIJ9bcnz0nGxokRm0vuAio78OY", "vicinity": "PARISA: Rugs & Décor, 33 North 3rd Street, Philadelphia", "types": "c(\"general_contractor\", \"home_goods_store\", \"point_of_interest\", \"store\", \"establishment\")", "business_status": "OPERATIONAL", "weekday_text": "Monday: 10:00 AM – 5:00 PM; Tuesday: 10:00 AM – 5:00 PM; Wednesday: 10:00 AM – 5:00 PM; Thursday: 10:00 AM – 5:00 PM; Friday: 10:00 AM – 5:00 PM; Saturday: Closed; Sunday: Closed", "open_24h": false, "open_0": null, "open_1": "1000", "open_2": "1000", "open_3": "1000", "open_4": "1000", "open_5": "1000", "open_6": null, "close_0": null, "close_1": "1700", "close_2": "1700", "close_3": "1700", "close_4": "1700", "close_5": "1700", "close_6": null }, "geometry": { "type": "Point", "coordinates": [ -75.145325, 39.9512029 ] } },
{ "type": "Feature", "properties": { "name": "PAWS Adoption Center", "place_id": "ChIJvcIABYbIxokRt-eNqUKyPQg", "vicinity": "100 North 2nd Street, Philadelphia", "types": "c(\"point_of_interest\", \"establishment\")", "business_status": "OPERATIONAL", "weekday_text": "Monday: 12:00 – 6:00 PM; Tuesday: 12:00 – 6:00 PM; Wednesday: 12:00 – 6:00 PM; Thursday: 12:00 – 6:00 PM; Friday: 12:00 – 6:00 PM; Saturday: 11:00 AM – 6:00 PM; Sunday: 11:00 AM – 5:00 PM", "open_24h": false, "open_0": "1100", "open_1": "1200", "open_2": "1200", "open_3": "1200", "open_4": "1200", "open_5": "1200", "open_6": "1100", "close_0": "1700", "close_1": "1800", "close_2": "1800", "close_3": "1800", "close_4": "1800", "close_5": "1800", "close_6": "1800" }, "geometry": { "type": "Point", "coordinates": [ -75.1433661, 39.9520741 ] } },
{ "type": "Feature", "properties": { "name": "Paddy’s", "place_id": "ChIJ5UfhM4bIxokRD1nDP6fdyVI", "vicinity": "228 Race Street, Philadelphia", "types": "c(\"bar\", \"point_of_interest\", \"establishment\")", "business_status": "OPERATIONAL", "weekday_text": "Monday: 11:00 AM – 2:00 AM; Tuesday: 11:00 AM – 2:00 AM; Wednesday: 11:00 AM – 2:00 AM; Thursday: 11:00 AM – 2:00 AM; Friday: 11:00 AM – 2:00 AM; Saturday: 11:00 AM – 2:00 AM; Sunday: 11:00 AM – 2:00 AM", "open_24h": false, "open_0": "1100", "open_1": "1100", "open_2": "1100", "open_3": "1100", "open_4": "1100", "open_5": "1100", "open_6": "1100", "close_0": "0200", "close_1": "0200", "close_2": "0200", "close_3": "0200", "close_4": "0200", "close_5": "0200", "close_6": "0200" }, "geometry": { "type": "Point", "coordinates": [ -75.1439496, 39.953748299999987 ] } },
{ "type": "Feature", "properties": { "name": "Panorama - Wine & Bar", "place_id": "ChIJWYx1XY_IxokRdeJwgE_Gc54", "vicinity": "14 North Front Street, Philadelphia", "types": "c(\"bar\", \"restaurant\", \"food\", \"point_of_interest\", \"establishment\")", "business_status": "OPERATIONAL", "weekday_text": "Monday: Closed; Tuesday: 4:30 – 9:00 PM; Wednesday: 4:30 – 9:00 PM; Thursday: 4:30 – 9:00 PM; Friday: 4:30 – 10:00 PM; Saturday: 3:00 – 10:00 PM; Sunday: 3:00 – 8:00 PM", "open_24h": false, "open_0": "1500", "open_1": null, "open_2": "1630", "open_3": "1630", "open_4": "1630", "open_5": "1630", "open_6": "1500", "close_0": "2000", "close_1": null, "close_2": "2100", "close_3": "2100", "close_4": "2100", "close_5": "2200", "close_6": "2200" }, "geometry": { "type": "Point", "coordinates": [ -75.142457, 39.9502201 ] } },
{ "type": "Feature", "properties": { "name": "Papery of Philadelphia", "place_id": "ChIJM0ejeYbIxokRq8Mp03cc8Y4", "vicinity": "18 North 3rd Street, Philadelphia", "types": "c(\"point_of_interest\", \"store\", \"establishment\")", "business_status": "OPERATIONAL", "weekday_text": "Monday: Closed; Tuesday: 11:00 AM – 6:00 PM; Wednesday: 11:00 AM – 6:00 PM; Thursday: 11:00 AM – 6:00 PM; Friday: 11:00 AM – 6:00 PM; Saturday: 10:00 AM – 6:00 PM; Sunday: Closed", "open_24h": false, "open_0": null, "open_1": null, "open_2": "1100", "open_3": "1100", "open_4": "1100", "open_5": "1100", "open_6": "1000", "close_0": null, "close_1": null, "close_2": "1800", "close_3": "1800", "close_4": "1800", "close_5": "1800", "close_6": "1800" }, "geometry": { "type": "Point", "coordinates": [ -75.1458048, 39.9507768 ] } },
{ "type": "Feature", "properties": { "name": "Penn's View Hotel", "place_id": "ChIJWYx1XY_IxokRIRFPW7DRgV4", "vicinity": "14 North Front Street, Philadelphia", "types": "c(\"lodging\", \"point_of_interest\", \"establishment\")", "business_status": null, "weekday_text": null, "open_24h": null, "open_0": null, "open_1": null, "open_2": null, "open_3": null, "open_4": null, "open_5": null, "open_6": null, "close_0": null, "close_1": null, "close_2": null, "close_3": null, "close_4": null, "close_5": null, "close_6": null }, "geometry": { "type": "Point", "coordinates": [ -75.1420964, 39.9501515 ] } },
{ "type": "Feature", "properties": { "name": "Perakis Frames", "place_id": "ChIJ_TEXqIXIxokRa0f12uWujzM", "vicinity": "18 Bank Street, Philadelphia", "types": "c(\"point_of_interest\", \"store\", \"establishment\")", "business_status": null, "weekday_text": null, "open_24h": null, "open_0": null, "open_1": null, "open_2": null, "open_3": null, "open_4": null, "open_5": null, "open_6": null, "close_0": null, "close_1": null, "close_2": null, "close_3": null, "close_4": null, "close_5": null, "close_6": null }, "geometry": { "type": "Point", "coordinates": [ -75.1451999, 39.9493829 ] } },
{ "type": "Feature", "properties": { "name": "Perfumology", "place_id": "ChIJawRqkEqUxokRecD99m__t1Y", "vicinity": "25 North 3rd Street, Philadelphia", "types": "c(\"clothing_store\", \"point_of_interest\", \"store\", \"establishment\")", "business_status": "OPERATIONAL", "weekday_text": "Monday: 11:00 AM – 7:00 PM; Tuesday: 11:00 AM – 7:00 PM; Wednesday: 11:00 AM – 7:00 PM; Thursday: 11:00 AM – 7:00 PM; Friday: 11:00 AM – 7:00 PM; Saturday: 11:00 AM – 7:00 PM; Sunday: 12:00 – 6:00 PM", "open_24h": false, "open_0": "1200", "open_1": "1100", "open_2": "1100", "open_3": "1100", "open_4": "1100", "open_5": "1100", "open_6": "1100", "close_0": "1800", "close_1": "1900", "close_2": "1900", "close_3": "1900", "close_4": "1900", "close_5": "1900", "close_6": "1900" }, "geometry": { "type": "Point", "coordinates": [ -75.145258, 39.950987 ] } },
{ "type": "Feature", "properties": { "name": "Petit Jardin en Ville", "place_id": "ChIJh3HlXIbIxokRFMBdQj_t37k", "vicinity": "134 North 3rd Street, Philadelphia", "types": "c(\"florist\", \"point_of_interest\", \"store\", \"establishment\")", "business_status": "OPERATIONAL", "weekday_text": "Monday: Closed; Tuesday: Closed; Wednesday: 12:00 – 7:00 PM; Thursday: Closed; Friday: 12:00 – 7:00 PM; Saturday: 12:00 – 7:00 PM; Sunday: 12:00 – 5:00 PM", "open_24h": false, "open_0": "1200", "open_1": null, "open_2": null, "open_3": "1200", "open_4": null, "open_5": "1200", "open_6": "1200", "close_0": "1700", "close_1": null, "close_2": null, "close_3": "1900", "close_4": null, "close_5": "1900", "close_6": "1900" }, "geometry": { "type": "Point", "coordinates": [ -75.1451876, 39.9532701 ] } },
{ "type": "Feature", "properties": { "name": "Philadelphia Magazine", "place_id": "ChIJnXa9JDHGxokR-9qqUOHdFhs", "vicinity": "Philadelphia", "types": "c(\"point_of_interest\", \"establishment\")", "business_status": null, "weekday_text": null, "open_24h": null, "open_0": null, "open_1": null, "open_2": null, "open_3": null, "open_4": null, "open_5": null, "open_6": null, "close_0": null, "close_1": null, "close_2": null, "close_3": null, "close_4": null, "close_5": null, "close_6": null }, "geometry": { "type": "Point", "coordinates": [ -75.1457533, 39.9493764 ] } },
{ "type": "Feature", "properties": { "name": "Philadelphia Marriott Old City", "place_id": "ChIJhRVFt5rIxokRZHHES284vzc", "vicinity": "One Dock Street, Philadelphia", "types": "c(\"lodging\", \"point_of_interest\", \"establishment\")", "business_status": null, "weekday_text": null, "open_24h": null, "open_0": null, "open_1": null, "open_2": null, "open_3": null, "open_4": null, "open_5": null, "open_6": null, "close_0": null, "close_1": null, "close_2": null, "close_3": null, "close_4": null, "close_5": null, "close_6": null }, "geometry": { "type": "Point", "coordinates": [ -75.1434736, 39.9462918 ] } },
{ "type": "Feature", "properties": { "name": "Philadelphia Reads", "place_id": "ChIJocR57YTIxokR7FLpmuzqUUA", "vicinity": "325 Chestnut Street #903, Philadelphia", "types": "c(\"point_of_interest\", \"establishment\")", "business_status": null, "weekday_text": null, "open_24h": null, "open_0": null, "open_1": null, "open_2": null, "open_3": null, "open_4": null, "open_5": null, "open_6": null, "close_0": null, "close_1": null, "close_2": null, "close_3": null, "close_4": null, "close_5": null, "close_6": null }, "geometry": { "type": "Point", "coordinates": [ -75.1474149, 39.9491234 ] } },
{ "type": "Feature", "properties": { "name": "Pierre's Mascots & Costumes", "place_id": "ChIJb1mAs4fIxokRqjBuYqCxYRQ", "vicinity": "211 North 3rd Street, Philadelphia", "types": "c(\"clothing_store\", \"point_of_interest\", \"store\", \"establishment\")", "business_status": "OPERATIONAL", "weekday_text": "Monday: 10:00 AM – 6:00 PM; Tuesday: 10:00 AM – 6:00 PM; Wednesday: 10:00 AM – 6:00 PM; Thursday: 10:00 AM – 6:00 PM; Friday: 10:00 AM – 6:00 PM; Saturday: Closed; Sunday: Closed", "open_24h": false, "open_0": null, "open_1": "1000", "open_2": "1000", "open_3": "1000", "open_4": "1000", "open_5": "1000", "open_6": null, "close_0": null, "close_1": "1800", "close_2": "1800", "close_3": "1800", "close_4": "1800", "close_5": "1800", "close_6": null }, "geometry": { "type": "Point", "coordinates": [ -75.1446373, 39.9544085 ] } },
{ "type": "Feature", "properties": { "name": "Positano Coast by Aldo Lamberti", "place_id": "ChIJsRPbNIXIxokREqsjrq7cP3Q", "vicinity": "212 Walnut Street 2nd Floor, Philadelphia", "types": "c(\"bar\", \"restaurant\", \"food\", \"point_of_interest\", \"establishment\")", "business_status": "OPERATIONAL", "weekday_text": "Monday: Closed; Tuesday: 11:30 AM – 9:30 PM; Wednesday: 11:30 AM – 9:30 PM; Thursday: 11:30 AM – 9:30 PM; Friday: 11:30 AM – 10:30 PM; Saturday: 11:30 AM – 10:30 PM; Sunday: 11:30 AM – 9:30 PM", "open_24h": false, "open_0": "1130", "open_1": null, "open_2": "1130", "open_3": "1130", "open_4": "1130", "open_5": "1130", "open_6": "1130", "close_0": "2130", "close_1": null, "close_2": "2130", "close_3": "2130", "close_4": "2130", "close_5": "2230", "close_6": "2230" }, "geometry": { "type": "Point", "coordinates": [ -75.1446126, 39.9467646 ] } },
{ "type": "Feature", "properties": { "name": "Princess and Chestnut", "place_id": "ChIJB_tzYwDJxokRuu4JbOlAR4o", "vicinity": "124 Chestnut Street, Philadelphia", "types": "c(\"point_of_interest\", \"store\", \"establishment\")", "business_status": null, "weekday_text": null, "open_24h": null, "open_0": null, "open_1": null, "open_2": null, "open_3": null, "open_4": null, "open_5": null, "open_6": null, "close_0": null, "close_1": null, "close_2": null, "close_3": null, "close_4": null, "close_5": null, "close_6": null }, "geometry": { "type": "Point", "coordinates": [ -75.1434597, 39.9480979 ] } },
{ "type": "Feature", "properties": { "name": "Printdragon", "place_id": "ChIJiQdWSoTIxokRh0C7ii5uHzk", "vicinity": "307 Market Street 2nd floor, Philadelphia", "types": "c(\"point_of_interest\", \"store\", \"establishment\")", "business_status": null, "weekday_text": null, "open_24h": null, "open_0": null, "open_1": null, "open_2": null, "open_3": null, "open_4": null, "open_5": null, "open_6": null, "close_0": null, "close_1": null, "close_2": null, "close_3": null, "close_4": null, "close_5": null, "close_6": null }, "geometry": { "type": "Point", "coordinates": [ -75.1459943, 39.9505354 ] } },
{ "type": "Feature", "properties": { "name": "Race Street Cafe", "place_id": "ChIJJ7kYLIbIxokRNEodNL-Ugdo", "vicinity": "208 Race Street, Philadelphia", "types": "c(\"restaurant\", \"food\", \"point_of_interest\", \"establishment\")", "business_status": "OPERATIONAL", "weekday_text": "Monday: 11:30 AM – 10:00 PM; Tuesday: 11:30 AM – 10:00 PM; Wednesday: 11:30 AM – 10:00 PM; Thursday: 11:30 AM – 10:00 PM; Friday: 11:30 AM – 11:00 PM; Saturday: 10:30 AM – 11:00 PM; Sunday: 10:30 AM – 10:00 PM", "open_24h": false, "open_0": "1030", "open_1": "1130", "open_2": "1130", "open_3": "1130", "open_4": "1130", "open_5": "1130", "open_6": "1030", "close_0": "2200", "close_1": "2200", "close_2": "2200", "close_3": "2200", "close_4": "2200", "close_5": "2300", "close_6": "2300" }, "geometry": { "type": "Point", "coordinates": [ -75.1434501, 39.953651 ] } },
{ "type": "Feature", "properties": { "name": "Red Owl Tavern", "place_id": "ChIJ48EXY4PIxokRk-baJiWsQdU", "vicinity": "433 Chestnut Street, Philadelphia", "types": "c(\"restaurant\", \"food\", \"point_of_interest\", \"establishment\")", "business_status": "OPERATIONAL", "weekday_text": "Monday: 7:00 AM – 11:00 PM; Tuesday: 7:00 AM – 11:00 PM; Wednesday: 7:00 AM – 11:00 PM; Thursday: 7:00 AM – 11:00 PM; Friday: 7:00 AM – 1:00 AM; Saturday: 8:00 AM – 1:00 AM; Sunday: 9:00 AM – 11:00 PM", "open_24h": true, "open_0": "0900;0900", "open_1": "0700", "open_2": "0700", "open_3": "0700", "open_4": "0700", "open_5": "0700", "open_6": "0800", "close_0": "2300;0100", "close_1": "2300", "close_2": "2300", "close_3": "2300", "close_4": "2300", "close_5": "NA", "close_6": "0100" }, "geometry": { "type": "Point", "coordinates": [ -75.1488745, 39.949191 ] } },
{ "type": "Feature", "properties": { "name": "Renaissance Philadelphia Downtown Hotel", "place_id": "ChIJ46UokoTIxokRuC24zACzkIQ", "vicinity": "401 Chestnut Street, Philadelphia", "types": "c(\"lodging\", \"point_of_interest\", \"establishment\")", "business_status": null, "weekday_text": null, "open_24h": null, "open_0": null, "open_1": null, "open_2": null, "open_3": null, "open_4": null, "open_5": null, "open_6": null, "close_0": null, "close_1": null, "close_2": null, "close_3": null, "close_4": null, "close_5": null, "close_6": null }, "geometry": { "type": "Point", "coordinates": [ -75.147661, 39.9490544 ] } },
{ "type": "Feature", "properties": { "name": "Reserve Lounge", "place_id": "ChIJLystj4HIxokRTPeSqbRGS4Q", "vicinity": "724 Arch Street, Philadelphia", "types": "c(\"night_club\", \"bar\", \"restaurant\", \"food\", \"point_of_interest\", \"establishment\")", "business_status": "OPERATIONAL", "weekday_text": "Monday: Closed; Tuesday: Closed; Wednesday: Closed; Thursday: Closed; Friday: 10:00 PM – 2:00 AM; Saturday: 10:00 PM – 2:00 AM; Sunday: Closed", "open_24h": true, "open_0": "NA", "open_1": null, "open_2": null, "open_3": null, "open_4": null, "open_5": "2200", "open_6": "2200", "close_0": "0200", "close_1": null, "close_2": null, "close_3": null, "close_4": null, "close_5": "NA", "close_6": "0200" }, "geometry": { "type": "Point", "coordinates": [ -75.1525261, 39.9529123 ] } },
{ "type": "Feature", "properties": { "name": "Revolution House", "place_id": "ChIJt-KhkIXIxokRrDVlOQKbmJA", "vicinity": "200 Market Street, Philadelphia", "types": "c(\"meal_delivery\", \"meal_takeaway\", \"bar\", \"restaurant\", \"food\", \"point_of_interest\", \"establishment\")", "business_status": "OPERATIONAL", "weekday_text": "Monday: 4:00 – 9:00 PM; Tuesday: 4:00 – 9:00 PM; Wednesday: 4:00 – 9:00 PM; Thursday: 4:00 – 9:00 PM; Friday: 4:00 – 10:00 PM; Saturday: 11:00 AM – 10:00 PM; Sunday: 11:00 AM – 9:00 PM", "open_24h": false, "open_0": "1100", "open_1": "1600", "open_2": "1600", "open_3": "1600", "open_4": "1600", "open_5": "1600", "open_6": "1100", "close_0": "2100", "close_1": "2100", "close_2": "2100", "close_3": "2100", "close_4": "2100", "close_5": "2200", "close_6": "2200" }, "geometry": { "type": "Point", "coordinates": [ -75.1439347, 39.9497317 ] } },
{ "type": "Feature", "properties": { "name": "Ritz At The Bourse", "place_id": "ChIJ87Pii4TIxokRg9IQvMHNmZw", "vicinity": "400 Ranstead Street, Philadelphia", "types": "c(\"movie_theater\", \"point_of_interest\", \"establishment\")", "business_status": null, "weekday_text": null, "open_24h": null, "open_0": null, "open_1": null, "open_2": null, "open_3": null, "open_4": null, "open_5": null, "open_6": null, "close_0": null, "close_1": null, "close_2": null, "close_3": null, "close_4": null, "close_5": null, "close_6": null }, "geometry": { "type": "Point", "coordinates": [ -75.1477118, 39.9492886 ] } },
{ "type": "Feature", "properties": { "name": "Rotten Ralph's Pub & Eatery", "place_id": "ChIJHUOpbYXIxokRkSS4GPTIz-A", "vicinity": "201 Chestnut Street, Philadelphia", "types": "c(\"bar\", \"restaurant\", \"food\", \"point_of_interest\", \"establishment\")", "business_status": "OPERATIONAL", "weekday_text": "Monday: 12:00 PM – 2:00 AM; Tuesday: 12:00 PM – 2:00 AM; Wednesday: 12:00 PM – 2:00 AM; Thursday: 12:00 PM – 2:00 AM; Friday: 12:00 PM – 2:00 AM; Saturday: 11:00 AM – 2:00 AM; Sunday: 11:00 AM – 2:00 AM", "open_24h": false, "open_0": "1100", "open_1": "1200", "open_2": "1200", "open_3": "1200", "open_4": "1200", "open_5": "1200", "open_6": "1100", "close_0": "0200", "close_1": "0200", "close_2": "0200", "close_3": "0200", "close_4": "0200", "close_5": "0200", "close_6": "0200" }, "geometry": { "type": "Point", "coordinates": [ -75.1441666, 39.9484883 ] } },
{ "type": "Feature", "properties": { "name": "Royal Boucherie", "place_id": "ChIJOaE5coXIxokRpQt1kuCvTZs", "vicinity": "52 South 2nd Street, Philadelphia", "types": "c(\"bar\", \"restaurant\", \"food\", \"point_of_interest\", \"store\", \"establishment\")", "business_status": "OPERATIONAL", "weekday_text": "Monday: Closed; Tuesday: Closed; Wednesday: 11:00 AM – 12:00 AM; Thursday: 11:00 AM – 12:00 AM; Friday: 11:00 AM – 12:00 AM; Saturday: 10:00 AM – 12:00 AM; Sunday: 10:00 AM – 12:00 AM", "open_24h": true, "open_0": "1000", "open_1": "NA", "open_2": null, "open_3": "1100", "open_4": "1100", "open_5": "1100", "open_6": "1000", "close_0": "0000", "close_1": "0000", "close_2": null, "close_3": "NA", "close_4": "0000", "close_5": "0000", "close_6": "0000" }, "geometry": { "type": "Point", "coordinates": [ -75.1441173, 39.9487112 ] } },
{ "type": "Feature", "properties": { "name": "STARR Restaurants", "place_id": "ChIJocR57YTIxokRJ989BOMk6x0", "vicinity": "325 Chestnut Street, Philadelphia", "types": "c(\"restaurant\", \"food\", \"point_of_interest\", \"establishment\")", "business_status": "OPERATIONAL", "weekday_text": "Monday: 9:00 AM – 5:00 PM; Tuesday: 9:00 AM – 5:00 PM; Wednesday: 9:00 AM – 5:00 PM; Thursday: 9:00 AM – 5:00 PM; Friday: 9:00 AM – 5:00 PM; Saturday: Closed; Sunday: Closed", "open_24h": false, "open_0": null, "open_1": "0900", "open_2": "0900", "open_3": "0900", "open_4": "0900", "open_5": "0900", "open_6": null, "close_0": null, "close_1": "1700", "close_2": "1700", "close_3": "1700", "close_4": "1700", "close_5": "1700", "close_6": null }, "geometry": { "type": "Point", "coordinates": [ -75.1472135, 39.948900099999989 ] } },
{ "type": "Feature", "properties": { "name": "STEAKS", "place_id": "ChIJX-XxDADJxokRIoksW3qcLZc", "vicinity": "114 State Route 2004, Philadelphia", "types": "c(\"restaurant\", \"food\", \"point_of_interest\", \"establishment\")", "business_status": null, "weekday_text": null, "open_24h": null, "open_0": null, "open_1": null, "open_2": null, "open_3": null, "open_4": null, "open_5": null, "open_6": null, "close_0": null, "close_1": null, "close_2": null, "close_3": null, "close_4": null, "close_5": null, "close_6": null }, "geometry": { "type": "Point", "coordinates": [ -75.1428304, 39.9496581 ] } },
{ "type": "Feature", "properties": { "name": "Sababa Falafel", "place_id": "ChIJ7zT9ZwDJxokRawP1Ahuqoak", "vicinity": "44 North 4th Street, Philadelphia", "types": "c(\"restaurant\", \"food\", \"point_of_interest\", \"establishment\")", "business_status": "OPERATIONAL", "weekday_text": "Monday: 11:30 AM – 8:00 PM; Tuesday: 11:30 AM – 8:00 PM; Wednesday: 11:30 AM – 8:00 PM; Thursday: 11:30 AM – 8:00 PM; Friday: Closed; Saturday: Closed; Sunday: 11:30 AM – 8:00 PM", "open_24h": false, "open_0": "1130", "open_1": "1130", "open_2": "1130", "open_3": "1130", "open_4": "1130", "open_5": null, "open_6": null, "close_0": "2000", "close_1": "2000", "close_2": "2000", "close_3": "2000", "close_4": "2000", "close_5": null, "close_6": null }, "geometry": { "type": "Point", "coordinates": [ -75.1474401, 39.9513351 ] } },
{ "type": "Feature", "properties": { "name": "Sagefrog Marketing Group", "place_id": "ChIJWynrpReoxokRSrjiBWSqXh8", "vicinity": "PMB 303418, 325-41 Chestnut Street Suite 800, Philadelphia", "types": "c(\"point_of_interest\", \"establishment\")", "business_status": "OPERATIONAL", "weekday_text": "Monday: 8:30 AM – 5:00 PM; Tuesday: 8:30 AM – 5:00 PM; Wednesday: 8:30 AM – 5:00 PM; Thursday: 8:30 AM – 5:00 PM; Friday: 8:30 AM – 5:00 PM; Saturday: Closed; Sunday: Closed", "open_24h": false, "open_0": null, "open_1": "0830", "open_2": "0830", "open_3": "0830", "open_4": "0830", "open_5": "0830", "open_6": null, "close_0": null, "close_1": "1700", "close_2": "1700", "close_3": "1700", "close_4": "1700", "close_5": "1700", "close_6": null }, "geometry": { "type": "Point", "coordinates": [ -75.1440215, 39.947928499999989 ] } },
{ "type": "Feature", "properties": { "name": "Sassafras", "place_id": "ChIJVxCRc4XIxokRIQ9K6Vf7w9w", "vicinity": "48 South 2nd Street, Philadelphia", "types": "c(\"bar\", \"restaurant\", \"food\", \"point_of_interest\", \"establishment\")", "business_status": "OPERATIONAL", "weekday_text": "Monday: 4:00 PM – 2:00 AM; Tuesday: 4:00 PM – 2:00 AM; Wednesday: 12:00 PM – 2:00 AM; Thursday: 12:00 PM – 2:00 AM; Friday: 12:00 PM – 2:00 AM; Saturday: 12:00 PM – 2:00 AM; Sunday: 12:00 PM – 2:00 AM", "open_24h": false, "open_0": "1200", "open_1": "1600", "open_2": "1600", "open_3": "1200", "open_4": "1200", "open_5": "1200", "open_6": "1200", "close_0": "0200", "close_1": "0200", "close_2": "0200", "close_3": "0200", "close_4": "0200", "close_5": "0200", "close_6": "0200" }, "geometry": { "type": "Point", "coordinates": [ -75.1440824, 39.948787 ] } },
{ "type": "Feature", "properties": { "name": "Scamps", "place_id": "ChIJpUo__PXJxokRTOfqbcd11xE", "vicinity": "218 Arch Street, Philadelphia", "types": "c(\"restaurant\", \"food\", \"point_of_interest\", \"establishment\")", "business_status": "OPERATIONAL", "weekday_text": "Monday: Closed; Tuesday: Closed; Wednesday: Closed; Thursday: 4:00 – 9:00 PM; Friday: 4:00 – 9:00 PM; Saturday: 4:00 – 9:00 PM; Sunday: 4:00 – 9:00 PM", "open_24h": false, "open_0": "1600", "open_1": null, "open_2": null, "open_3": null, "open_4": "1600", "open_5": "1600", "open_6": "1600", "close_0": "2100", "close_1": null, "close_2": null, "close_3": null, "close_4": "2100", "close_5": "2100", "close_6": "2100" }, "geometry": { "type": "Point", "coordinates": [ -75.1440835, 39.9519617 ] } },
{ "type": "Feature", "properties": { "name": "Seasons Flowers", "place_id": "ChIJDUgPD4bIxokRuKMZP8F-oNk", "vicinity": "211 Arch Street, Philadelphia", "types": "c(\"florist\", \"general_contractor\", \"point_of_interest\", \"store\", \"establishment\")", "business_status": "OPERATIONAL", "weekday_text": "Monday: 9:00 AM – 6:00 PM; Tuesday: 9:00 AM – 6:00 PM; Wednesday: 9:00 AM – 6:00 PM; Thursday: 9:00 AM – 6:00 PM; Friday: 9:00 AM – 6:00 PM; Saturday: 9:00 AM – 6:00 PM; Sunday: 9:00 AM – 6:00 PM", "open_24h": false, "open_0": "0900", "open_1": "0900", "open_2": "0900", "open_3": "0900", "open_4": "0900", "open_5": "0900", "open_6": "0900", "close_0": "1800", "close_1": "1800", "close_2": "1800", "close_3": "1800", "close_4": "1800", "close_5": "1800", "close_6": "1800" }, "geometry": { "type": "Point", "coordinates": [ -75.1437579, 39.9520989 ] } },
{ "type": "Feature", "properties": { "name": "Shane Confectionery", "place_id": "ChIJbzwXfY_IxokRfFuaybuN-Hc", "vicinity": "110 Market Street, Philadelphia", "types": "c(\"food\", \"point_of_interest\", \"store\", \"establishment\")", "business_status": "OPERATIONAL", "weekday_text": "Monday: 12:00 – 8:00 PM; Tuesday: 12:00 – 8:00 PM; Wednesday: 12:00 – 8:00 PM; Thursday: 12:00 – 8:00 PM; Friday: 11:00 AM – 9:00 PM; Saturday: 11:00 AM – 9:00 PM; Sunday: 11:00 AM – 8:00 PM", "open_24h": false, "open_0": "1100", "open_1": "1200", "open_2": "1200", "open_3": "1200", "open_4": "1200", "open_5": "1100", "open_6": "1100", "close_0": "2000", "close_1": "2000", "close_2": "2000", "close_3": "2000", "close_4": "2000", "close_5": "2100", "close_6": "2100" }, "geometry": { "type": "Point", "coordinates": [ -75.1426984, 39.9496512 ] } },
{ "type": "Feature", "properties": { "name": "Sonny's Famous Steaks", "place_id": "ChIJyxw5u4XIxokRXgjYZPhBNag", "vicinity": "228 Market Street, Philadelphia", "types": "c(\"restaurant\", \"meal_delivery\", \"meal_takeaway\", \"food\", \"point_of_interest\", \"establishment\")", "business_status": "OPERATIONAL", "weekday_text": "Monday: 11:00 AM – 10:00 PM; Tuesday: 11:00 AM – 10:00 PM; Wednesday: 11:00 AM – 10:00 PM; Thursday: 11:00 AM – 10:00 PM; Friday: 11:00 AM – 10:00 PM; Saturday: 11:00 AM – 10:00 PM; Sunday: 11:00 AM – 10:00 PM", "open_24h": false, "open_0": "1100", "open_1": "1100", "open_2": "1100", "open_3": "1100", "open_4": "1100", "open_5": "1100", "open_6": "1100", "close_0": "2200", "close_1": "2200", "close_2": "2200", "close_3": "2200", "close_4": "2200", "close_5": "2200", "close_6": "2200" }, "geometry": { "type": "Point", "coordinates": [ -75.1447906, 39.9498291 ] } },
{ "type": "Feature", "properties": { "name": "Spadea Lignana Franchise Attorneys", "place_id": "ChIJAXJ0fi_GxokRI0riMgKWALc", "vicinity": "232 North 2nd Street, Philadelphia", "types": "c(\"lawyer\", \"point_of_interest\", \"establishment\")", "business_status": "OPERATIONAL", "weekday_text": "Monday: 8:00 AM – 6:00 PM; Tuesday: 8:00 AM – 6:00 PM; Wednesday: 8:00 AM – 6:00 PM; Thursday: 8:00 AM – 6:00 PM; Friday: 8:00 AM – 6:00 PM; Saturday: Closed; Sunday: Closed", "open_24h": false, "open_0": null, "open_1": "0800", "open_2": "0800", "open_3": "0800", "open_4": "0800", "open_5": "0800", "open_6": null, "close_0": null, "close_1": "1800", "close_2": "1800", "close_3": "1800", "close_4": "1800", "close_5": "1800", "close_6": null }, "geometry": { "type": "Point", "coordinates": [ -75.1430135, 39.954820700000013 ] } },
{ "type": "Feature", "properties": { "name": "Spasso Italian Grill", "place_id": "ChIJ6ZizgI_IxokRMfvmuRIZVKY", "vicinity": "34 South Front Street, Philadelphia", "types": "c(\"bar\", \"restaurant\", \"food\", \"point_of_interest\", \"establishment\")", "business_status": "OPERATIONAL", "weekday_text": "Monday: Closed; Tuesday: 11:30 AM – 10:00 PM; Wednesday: 11:30 AM – 10:00 PM; Thursday: 11:30 AM – 10:00 PM; Friday: 11:30 AM – 11:00 PM; Saturday: 3:00 – 11:00 PM; Sunday: 2:00 – 9:00 PM", "open_24h": false, "open_0": "1400", "open_1": null, "open_2": "1130", "open_3": "1130", "open_4": "1130", "open_5": "1130", "open_6": "1500", "close_0": "2100", "close_1": null, "close_2": "2200", "close_3": "2200", "close_4": "2200", "close_5": "2300", "close_6": "2300" }, "geometry": { "type": "Point", "coordinates": [ -75.142687, 39.948706 ] } },
{ "type": "Feature", "properties": { "name": "Starbucks Coffee Company", "place_id": "ChIJlVCNeYbIxokRBeF0EsSs2Bw", "vicinity": "57-63 North 3rd Street, Philadelphia", "types": "c(\"cafe\", \"restaurant\", \"food\", \"store\", \"point_of_interest\", \"establishment\")", "business_status": "OPERATIONAL", "weekday_text": "Monday: 4:30 AM – 8:00 PM; Tuesday: 4:30 AM – 8:00 PM; Wednesday: 4:30 AM – 8:00 PM; Thursday: 4:30 AM – 8:00 PM; Friday: 4:30 AM – 8:00 PM; Saturday: 5:00 AM – 8:00 PM; Sunday: 5:00 AM – 8:00 PM", "open_24h": false, "open_0": "0500", "open_1": "0430", "open_2": "0430", "open_3": "0430", "open_4": "0430", "open_5": "0430", "open_6": "0500", "close_0": "2000", "close_1": "2000", "close_2": "2000", "close_3": "2000", "close_4": "2000", "close_5": "2000", "close_6": "2000" }, "geometry": { "type": "Point", "coordinates": [ -75.14514, 39.95208 ] } },
{ "type": "Feature", "properties": { "name": "Stratus", "place_id": "ChIJN5P3moTIxokRK-P-L5gp7NY", "vicinity": "433 Chestnut Street, Philadelphia", "types": "c(\"bar\", \"night_club\", \"point_of_interest\", \"establishment\")", "business_status": "OPERATIONAL", "weekday_text": "Monday: Closed; Tuesday: Closed; Wednesday: Closed; Thursday: 5:00 PM – 12:00 AM; Friday: 5:00 PM – 2:00 AM; Saturday: 8:00 PM – 2:00 AM; Sunday: Closed", "open_24h": true, "open_0": "NA", "open_1": null, "open_2": null, "open_3": null, "open_4": "1700", "open_5": "1700", "open_6": "2000", "close_0": "0200", "close_1": null, "close_2": null, "close_3": null, "close_4": "NA", "close_5": "0000", "close_6": "0200" }, "geometry": { "type": "Point", "coordinates": [ -75.1488772, 39.949355399999988 ] } },
{ "type": "Feature", "properties": { "name": "Sunday Biryani Club", "place_id": "ChIJZ7wxhTrJxokR_CFX8wYehjA", "vicinity": "311 Arch Street, Philadelphia", "types": "c(\"restaurant\", \"food\", \"point_of_interest\", \"establishment\")", "business_status": "OPERATIONAL", "weekday_text": "Monday: Closed; Tuesday: Closed; Wednesday: Closed; Thursday: Closed; Friday: Closed; Saturday: Closed; Sunday: 12:00 – 3:00 PM", "open_24h": false, "open_0": "1200", "open_1": null, "open_2": null, "open_3": null, "open_4": null, "open_5": null, "open_6": null, "close_0": "1500", "close_1": null, "close_2": null, "close_3": null, "close_4": null, "close_5": null, "close_6": null }, "geometry": { "type": "Point", "coordinates": [ -75.1457003, 39.9525297 ] } },
{ "type": "Feature", "properties": { "name": "The Book Trader", "place_id": "ChIJ582CkoXIxokRUi9MVQpvM8M", "vicinity": "7 North 2nd Street, Philadelphia", "types": "c(\"book_store\", \"point_of_interest\", \"store\", \"establishment\")", "business_status": "OPERATIONAL", "weekday_text": "Monday: 11:00 AM – 10:00 PM; Tuesday: 11:00 AM – 10:00 PM; Wednesday: 11:00 AM – 10:00 PM; Thursday: 11:00 AM – 10:00 PM; Friday: 11:00 AM – 10:00 PM; Saturday: 11:00 AM – 10:00 PM; Sunday: 11:00 AM – 10:00 PM", "open_24h": false, "open_0": "1100", "open_1": "1100", "open_2": "1100", "open_3": "1100", "open_4": "1100", "open_5": "1100", "open_6": "1100", "close_0": "2200", "close_1": "2200", "close_2": "2200", "close_3": "2200", "close_4": "2200", "close_5": "2200", "close_6": "2200" }, "geometry": { "type": "Point", "coordinates": [ -75.1434542, 39.95023 ] } },
{ "type": "Feature", "properties": { "name": "The Bourse Food Hall", "place_id": "ChIJrUqsf4PIxokRUMa-gHwialM", "vicinity": "111 South Independence Ml East, Philadelphia", "types": "c(\"meal_delivery\", \"tourist_attraction\", \"bar\", \"restaurant\", \"food\", \"point_of_interest\", \"establishment\")", "business_status": null, "weekday_text": null, "open_24h": null, "open_0": null, "open_1": null, "open_2": null, "open_3": null, "open_4": null, "open_5": null, "open_6": null, "close_0": null, "close_1": null, "close_2": null, "close_3": null, "close_4": null, "close_5": null, "close_6": null }, "geometry": { "type": "Point", "coordinates": [ -75.1475438, 39.9498102 ] } },
{ "type": "Feature", "properties": { "name": "The Franklin Fountain", "place_id": "ChIJX-r0h4XIxokRt1eX25BeJ9c", "vicinity": "116 Market Street, Philadelphia", "types": "c(\"food\", \"point_of_interest\", \"store\", \"establishment\")", "business_status": "OPERATIONAL", "weekday_text": "Monday: 11:00 AM – 12:00 AM; Tuesday: 11:00 AM – 12:00 AM; Wednesday: 11:00 AM – 12:00 AM; Thursday: 11:00 AM – 12:00 AM; Friday: 11:00 AM – 12:00 AM; Saturday: 11:00 AM – 12:00 AM; Sunday: 11:00 AM – 12:00 AM", "open_24h": false, "open_0": "1100", "open_1": "1100", "open_2": "1100", "open_3": "1100", "open_4": "1100", "open_5": "1100", "open_6": "1100", "close_0": "0000", "close_1": "0000", "close_2": "0000", "close_3": "0000", "close_4": "0000", "close_5": "0000", "close_6": "0000" }, "geometry": { "type": "Point", "coordinates": [ -75.1428765, 39.9495617 ] } },
{ "type": "Feature", "properties": { "name": "The Monto", "place_id": "ChIJBaYlGQLJxokR0ykxPaVBz88", "vicinity": "226 Market Street, Philadelphia", "types": "c(\"bar\", \"restaurant\", \"food\", \"point_of_interest\", \"establishment\")", "business_status": "OPERATIONAL", "weekday_text": "Monday: 12:00 PM – 2:00 AM; Tuesday: 12:00 PM – 2:00 AM; Wednesday: 12:00 PM – 2:00 AM; Thursday: 12:00 PM – 2:00 AM; Friday: 12:00 PM – 2:00 AM; Saturday: 12:00 PM – 2:00 AM; Sunday: 12:00 PM – 2:00 AM", "open_24h": false, "open_0": "1200", "open_1": "1200", "open_2": "1200", "open_3": "1200", "open_4": "1200", "open_5": "1200", "open_6": "1200", "close_0": "0200", "close_1": "0200", "close_2": "0200", "close_3": "0200", "close_4": "0200", "close_5": "0200", "close_6": "0200" }, "geometry": { "type": "Point", "coordinates": [ -75.1447622, 39.9497967 ] } },
{ "type": "Feature", "properties": { "name": "The Nye Factory", "place_id": "ChIJ_____4TIxokRMI1e-rgKw9M", "vicinity": "7 North Christopher Columbus Boulevard Suite 7b, Philadelphia", "types": "c(\"point_of_interest\", \"establishment\")", "business_status": null, "weekday_text": null, "open_24h": null, "open_0": null, "open_1": null, "open_2": null, "open_3": null, "open_4": null, "open_5": null, "open_6": null, "close_0": null, "close_1": null, "close_2": null, "close_3": null, "close_4": null, "close_5": null, "close_6": null }, "geometry": { "type": "Point", "coordinates": [ -75.1399222, 39.951923 ] } },
{ "type": "Feature", "properties": { "name": "The Philadelphia Dance Academy", "place_id": "ChIJcdio_IXIxokRH6yYZfp2RBc", "vicinity": "219 Cuthbert Street 3rd Fl, Philadelphia", "types": "c(\"gym\", \"health\", \"point_of_interest\", \"establishment\")", "business_status": "OPERATIONAL", "weekday_text": "Monday: 8:30 AM – 4:00 PM; Tuesday: 8:30 AM – 4:00 PM; Wednesday: 8:30 AM – 4:00 PM; Thursday: 8:30 AM – 4:00 PM; Friday: 8:30 AM – 4:00 PM; Saturday: 9:00 AM – 12:00 PM; Sunday: Closed", "open_24h": false, "open_0": null, "open_1": "0830", "open_2": "0830", "open_3": "0830", "open_4": "0830", "open_5": "0830", "open_6": "0900", "close_0": null, "close_1": "1600", "close_2": "1600", "close_3": "1600", "close_4": "1600", "close_5": "1600", "close_6": "1200" }, "geometry": { "type": "Point", "coordinates": [ -75.1444661, 39.9514513 ] } },
{ "type": "Feature", "properties": { "name": "The Plough & the Stars", "place_id": "ChIJpxWEcYXIxokRZUYTDyQB0mY", "vicinity": "123 Chestnut Street Entrance on, North 2nd Street, Philadelphia", "types": "c(\"bar\", \"restaurant\", \"food\", \"point_of_interest\", \"establishment\")", "business_status": "OPERATIONAL", "weekday_text": "Monday: 12:00 PM – 2:00 AM; Tuesday: 12:00 PM – 2:00 AM; Wednesday: 12:00 PM – 2:00 AM; Thursday: 12:00 PM – 2:00 AM; Friday: 12:00 PM – 2:00 AM; Saturday: 11:30 AM – 2:00 AM; Sunday: 11:30 AM – 2:00 AM", "open_24h": false, "open_0": "1130", "open_1": "1200", "open_2": "1200", "open_3": "1200", "open_4": "1200", "open_5": "1200", "open_6": "1130", "close_0": "0200", "close_1": "0200", "close_2": "0200", "close_3": "0200", "close_4": "0200", "close_5": "0200", "close_6": "0200" }, "geometry": { "type": "Point", "coordinates": [ -75.1439024, 39.9486235 ] } },
{ "type": "Feature", "properties": { "name": "The Silver Buckle", "place_id": "ChIJQeTMeYXIxokRBSEd7jsg46U", "vicinity": "35 South 2nd Street, Philadelphia", "types": "c(\"night_club\", \"bar\", \"restaurant\", \"food\", \"point_of_interest\", \"establishment\")", "business_status": "OPERATIONAL", "weekday_text": "Monday: Closed; Tuesday: Closed; Wednesday: Closed; Thursday: 6:00 PM – 2:00 AM; Friday: 5:00 PM – 2:00 AM; Saturday: 1:00 PM – 2:00 AM; Sunday: 1:00 PM – 12:00 AM", "open_24h": true, "open_0": "1300", "open_1": "NA", "open_2": null, "open_3": null, "open_4": "1800", "open_5": "1700", "open_6": "1300", "close_0": "0200", "close_1": "0000", "close_2": null, "close_3": null, "close_4": "NA", "close_5": "0200", "close_6": "0200" }, "geometry": { "type": "Point", "coordinates": [ -75.1438482, 39.948943799999988 ] } },
{ "type": "Feature", "properties": { "name": "The UPS Store", "place_id": "ChIJJdRA1oXIxokRiOcu0mfsriM", "vicinity": "51 North 3rd Street, Philadelphia", "types": "c(\"finance\", \"point_of_interest\", \"store\", \"establishment\")", "business_status": "OPERATIONAL", "weekday_text": "Monday: 8:00 AM – 6:30 PM; Tuesday: 8:00 AM – 6:30 PM; Wednesday: 8:00 AM – 6:30 PM; Thursday: 8:00 AM – 6:30 PM; Friday: 8:00 AM – 6:30 PM; Saturday: 9:00 AM – 5:00 PM; Sunday: 10:00 AM – 3:00 PM", "open_24h": false, "open_0": "1000", "open_1": "0800", "open_2": "0800", "open_3": "0800", "open_4": "0800", "open_5": "0800", "open_6": "0900", "close_0": "1500", "close_1": "1830", "close_2": "1830", "close_3": "1830", "close_4": "1830", "close_5": "1830", "close_6": "1700" }, "geometry": { "type": "Point", "coordinates": [ -75.145099, 39.9516948 ] } },
{ "type": "Feature", "properties": { "name": "The Wedding Factor", "place_id": "ChIJDf1-MjTGxokR-Zq1_gvSEpY", "vicinity": "57 North 3rd Street, Philadelphia", "types": "c(\"clothing_store\", \"point_of_interest\", \"store\", \"establishment\")", "business_status": "OPERATIONAL", "weekday_text": "Monday: Closed; Tuesday: 11:00 AM – 6:00 PM; Wednesday: 11:00 AM – 8:00 PM; Thursday: 11:00 AM – 6:00 PM; Friday: 11:00 AM – 6:00 PM; Saturday: 10:00 AM – 5:00 PM; Sunday: Closed", "open_24h": false, "open_0": null, "open_1": null, "open_2": "1100", "open_3": "1100", "open_4": "1100", "open_5": "1100", "open_6": "1000", "close_0": null, "close_1": null, "close_2": "1800", "close_3": "2000", "close_4": "1800", "close_5": "1800", "close_6": "1700" }, "geometry": { "type": "Point", "coordinates": [ -75.1452012, 39.9519038 ] } },
{ "type": "Feature", "properties": { "name": "Tomo Sushi & Ramen", "place_id": "ChIJW0jPYcHJxokRqY0j-Ef6z6Q", "vicinity": "228 Arch Street, Philadelphia", "types": "c(\"restaurant\", \"food\", \"point_of_interest\", \"establishment\")", "business_status": "OPERATIONAL", "weekday_text": "Monday: Closed; Tuesday: 3:00 – 9:30 PM; Wednesday: 3:00 – 9:30 PM; Thursday: 3:00 – 9:30 PM; Friday: 3:00 – 10:30 PM; Saturday: 3:00 – 10:30 PM; Sunday: 3:00 – 9:30 PM", "open_24h": false, "open_0": "1500", "open_1": null, "open_2": "1500", "open_3": "1500", "open_4": "1500", "open_5": "1500", "open_6": "1500", "close_0": "2130", "close_1": null, "close_2": "2130", "close_3": "2130", "close_4": "2130", "close_5": "2230", "close_6": "2230" }, "geometry": { "type": "Point", "coordinates": [ -75.144334, 39.9519097 ] } },
{ "type": "Feature", "properties": { "name": "Tu Rinconcito", "place_id": "ChIJlb6HA3PJxokReEbiwbzTJ90", "vicinity": "17 North 3rd Street, Philadelphia", "types": "c(\"restaurant\", \"food\", \"point_of_interest\", \"establishment\")", "business_status": "OPERATIONAL", "weekday_text": "Monday: 7:30 AM – 8:00 PM; Tuesday: 7:30 AM – 8:00 PM; Wednesday: 7:30 AM – 8:00 PM; Thursday: 7:30 AM – 8:00 PM; Friday: 7:30 AM – 8:00 PM; Saturday: 8:00 AM – 8:00 PM; Sunday: 8:00 AM – 8:00 PM", "open_24h": false, "open_0": "0800", "open_1": "0730", "open_2": "0730", "open_3": "0730", "open_4": "0730", "open_5": "0730", "open_6": "0800", "close_0": "2000", "close_1": "2000", "close_2": "2000", "close_3": "2000", "close_4": "2000", "close_5": "2000", "close_6": "2000" }, "geometry": { "type": "Point", "coordinates": [ -75.1453145, 39.9508207 ] } },
{ "type": "Feature", "properties": { "name": "Tuna Bar", "place_id": "ChIJlRh-K4bIxokRziis3VsBU48", "vicinity": "205 Race Street, Philadelphia", "types": "c(\"restaurant\", \"food\", \"point_of_interest\", \"establishment\")", "business_status": "OPERATIONAL", "weekday_text": "Monday: Closed; Tuesday: 1:30 – 10:00 PM; Wednesday: 1:30 – 10:00 PM; Thursday: 1:30 – 10:00 PM; Friday: 1:30 – 11:00 PM; Saturday: 1:30 – 11:00 PM; Sunday: 1:30 – 10:00 PM", "open_24h": false, "open_0": "1330", "open_1": null, "open_2": "1330", "open_3": "1330", "open_4": "1330", "open_5": "1330", "open_6": "1330", "close_0": "2200", "close_1": null, "close_2": "2200", "close_3": "2200", "close_4": "2200", "close_5": "2300", "close_6": "2300" }, "geometry": { "type": "Point", "coordinates": [ -75.1434334, 39.9539367 ] } },
{ "type": "Feature", "properties": { "name": "UNFRAMED PHL", "place_id": "ChIJ8-tixWnJxokRj8rULZzQ7lY", "vicinity": "222 Market Street, Philadelphia", "types": "c(\"night_club\", \"bar\", \"point_of_interest\", \"establishment\")", "business_status": "OPERATIONAL", "weekday_text": "Monday: Closed; Tuesday: Closed; Wednesday: Closed; Thursday: Closed; Friday: 10:00 PM – 2:00 AM; Saturday: 10:00 PM – 2:00 AM; Sunday: Closed", "open_24h": true, "open_0": "NA", "open_1": null, "open_2": null, "open_3": null, "open_4": null, "open_5": "2200", "open_6": "2200", "close_0": "0200", "close_1": null, "close_2": null, "close_3": null, "close_4": null, "close_5": "NA", "close_6": "0200" }, "geometry": { "type": "Point", "coordinates": [ -75.1445743, 39.9498776 ] } },
{ "type": "Feature", "properties": { "name": "United States Mint", "place_id": "ChIJf05YyIbIxokRMiL9z004w6A", "vicinity": "151 North Independence Mall East, Philadelphia", "types": "c(\"tourist_attraction\", \"point_of_interest\", \"establishment\")", "business_status": "OPERATIONAL", "weekday_text": "Monday: 9:00 AM – 4:30 PM; Tuesday: 9:00 AM – 4:30 PM; Wednesday: 9:00 AM – 4:30 PM; Thursday: 9:00 AM – 4:30 PM; Friday: 9:00 AM – 4:30 PM; Saturday: 9:00 AM – 4:30 PM; Sunday: Closed", "open_24h": false, "open_0": null, "open_1": "0900", "open_2": "0900", "open_3": "0900", "open_4": "0900", "open_5": "0900", "open_6": "0900", "close_0": null, "close_1": "1630", "close_2": "1630", "close_3": "1630", "close_4": "1630", "close_5": "1630", "close_6": "1630" }, "geometry": { "type": "Point", "coordinates": [ -75.1480581, 39.953386 ] } },
{ "type": "Feature", "properties": { "name": "Vagabond", "place_id": "ChIJ2RgE0YXIxokRLAzlvDrVaOs", "vicinity": "37 North 3rd Street, Philadelphia", "types": "c(\"clothing_store\", \"point_of_interest\", \"store\", \"establishment\")", "business_status": "OPERATIONAL", "weekday_text": "Monday: 11:00 AM – 6:00 PM; Tuesday: 11:00 AM – 6:00 PM; Wednesday: 11:00 AM – 6:00 PM; Thursday: 11:00 AM – 6:00 PM; Friday: 11:00 AM – 6:00 PM; Saturday: 11:00 AM – 6:00 PM; Sunday: 12:00 – 5:00 PM", "open_24h": false, "open_0": "1200", "open_1": "1100", "open_2": "1100", "open_3": "1100", "open_4": "1100", "open_5": "1100", "open_6": "1100", "close_0": "1700", "close_1": "1800", "close_2": "1800", "close_3": "1800", "close_4": "1800", "close_5": "1800", "close_6": "1800" }, "geometry": { "type": "Point", "coordinates": [ -75.1451228, 39.9512981 ] } },
{ "type": "Feature", "properties": { "name": "Vista Peru", "place_id": "ChIJgfbEnoXIxokRquQ4MmJC-yM", "vicinity": "20 South 2nd Street, Philadelphia", "types": "c(\"bar\", \"restaurant\", \"food\", \"point_of_interest\", \"establishment\")", "business_status": "OPERATIONAL", "weekday_text": "Monday: 12:00 – 11:00 PM; Tuesday: Closed; Wednesday: Closed; Thursday: 12:00 – 11:00 PM; Friday: 12:00 – 11:00 PM; Saturday: 12:00 – 11:00 PM; Sunday: 12:00 – 11:00 PM", "open_24h": false, "open_0": "1200", "open_1": "1200", "open_2": null, "open_3": null, "open_4": "1200", "open_5": "1200", "open_6": "1200", "close_0": "2300", "close_1": "2300", "close_2": null, "close_3": null, "close_4": "2300", "close_5": "2300", "close_6": "2300" }, "geometry": { "type": "Point", "coordinates": [ -75.144029800000013, 39.9494429 ] } },
{ "type": "Feature", "properties": { "name": "Wax + Wine", "place_id": "ChIJfVH0vCbGxokRMIf5NdfhceA", "vicinity": "144 North 2nd Street, Philadelphia", "types": "c(\"home_goods_store\", \"point_of_interest\", \"store\", \"establishment\")", "business_status": "OPERATIONAL", "weekday_text": "Monday: Closed; Tuesday: 4:00 – 9:00 PM; Wednesday: 4:00 – 9:00 PM; Thursday: 4:00 – 9:00 PM; Friday: 4:00 – 9:00 PM; Saturday: 11:00 AM – 9:00 PM; Sunday: 11:00 AM – 6:00 PM", "open_24h": false, "open_0": "1100", "open_1": null, "open_2": "1600", "open_3": "1600", "open_4": "1600", "open_5": "1600", "open_6": "1100", "close_0": "1800", "close_1": null, "close_2": "2100", "close_3": "2100", "close_4": "2100", "close_5": "2100", "close_6": "2100" }, "geometry": { "type": "Point", "coordinates": [ -75.1433078, 39.9531497 ] } },
{ "type": "Feature", "properties": { "name": "Weitzman National Museum of American Jewish History", "place_id": "ChIJ_z3PDYTIxokRMsf2fT4MzbE", "vicinity": "101 South Independence Ml East, Philadelphia", "types": "c(\"tourist_attraction\", \"museum\", \"point_of_interest\", \"establishment\")", "business_status": "OPERATIONAL", "weekday_text": "Monday: Closed; Tuesday: Closed; Wednesday: 10:00 AM – 5:00 PM; Thursday: 10:00 AM – 5:00 PM; Friday: 10:00 AM – 5:00 PM; Saturday: 10:00 AM – 5:00 PM; Sunday: 10:00 AM – 5:00 PM", "open_24h": false, "open_0": "1000", "open_1": null, "open_2": null, "open_3": "1000", "open_4": "1000", "open_5": "1000", "open_6": "1000", "close_0": "1700", "close_1": null, "close_2": null, "close_3": "1700", "close_4": "1700", "close_5": "1700", "close_6": "1700" }, "geometry": { "type": "Point", "coordinates": [ -75.148576800000015, 39.9502434 ] } },
{ "type": "Feature", "properties": { "name": "Wim May", "place_id": "ChIJMUUrvqGwwoARaAzyCttHTTc", "vicinity": "134 North 3rd Street, Philadelphia", "types": "c(\"point_of_interest\", \"establishment\")", "business_status": "OPERATIONAL", "weekday_text": "Monday: 10:00 AM – 10:00 PM; Tuesday: 10:00 AM – 10:00 PM; Wednesday: 10:00 AM – 10:00 PM; Thursday: 10:00 AM – 10:00 PM; Friday: 10:00 AM – 10:00 PM; Saturday: 10:00 AM – 10:00 PM; Sunday: 10:00 AM – 10:00 PM", "open_24h": false, "open_0": "1000", "open_1": "1000", "open_2": "1000", "open_3": "1000", "open_4": "1000", "open_5": "1000", "open_6": "1000", "close_0": "2200", "close_1": "2200", "close_2": "2200", "close_3": "2200", "close_4": "2200", "close_5": "2200", "close_6": "2200" }, "geometry": { "type": "Point", "coordinates": [ -75.1451397, 39.9532773 ] } },
{ "type": "Feature", "properties": { "name": "Wyndham Philadelphia Historic District", "place_id": "ChIJefOpIYTIxokRgJv9haS-GM4", "vicinity": "400 Arch Street, Philadelphia", "types": "c(\"lodging\", \"point_of_interest\", \"establishment\")", "business_status": null, "weekday_text": null, "open_24h": null, "open_0": null, "open_1": null, "open_2": null, "open_3": null, "open_4": null, "open_5": null, "open_6": null, "close_0": null, "close_1": null, "close_2": null, "close_3": null, "close_4": null, "close_5": null, "close_6": null }, "geometry": { "type": "Point", "coordinates": [ -75.1472832, 39.9522235 ] } },
{ "type": "Feature", "properties": { "name": "Xenos Candy N Gifts", "place_id": "ChIJu5jIBIXIxokRw_QTqcQsuMo", "vicinity": "231 Chestnut Street, Philadelphia", "types": "c(\"point_of_interest\", \"store\", \"establishment\")", "business_status": null, "weekday_text": null, "open_24h": null, "open_0": null, "open_1": null, "open_2": null, "open_3": null, "open_4": null, "open_5": null, "open_6": null, "close_0": null, "close_1": null, "close_2": null, "close_3": null, "close_4": null, "close_5": null, "close_6": null }, "geometry": { "type": "Point", "coordinates": [ -75.1452915, 39.9486972 ] } },
{ "type": "Feature", "properties": { "name": "Zahav", "place_id": "ChIJzSVn2prIxokRx1kTchCYRwI", "vicinity": "237 Saint James Place, Philadelphia", "types": "c(\"restaurant\", \"food\", \"point_of_interest\", \"establishment\")", "business_status": "OPERATIONAL", "weekday_text": "Monday: Closed; Tuesday: 5:00 – 9:30 PM; Wednesday: 5:00 – 9:30 PM; Thursday: 5:00 – 9:30 PM; Friday: 5:00 – 9:30 PM; Saturday: 5:00 – 9:30 PM; Sunday: Closed", "open_24h": false, "open_0": null, "open_1": null, "open_2": "1700", "open_3": "1700", "open_4": "1700", "open_5": "1700", "open_6": "1700", "close_0": null, "close_1": null, "close_2": "2130", "close_3": "2130", "close_4": "2130", "close_5": "2130", "close_6": "2130" }, "geometry": { "type": "Point", "coordinates": [ -75.1450162, 39.9462333 ] } }
]
}
