{
"type": "FeatureCollection",
"name": "places_spring_garden_east",
"crs": { "type": "name", "properties": { "name": "urn:ogc:def:crs:OGC:1.3:CRS84" } },
"features": [
{ "type": "Feature", "properties": { "name": "444 Lofts", "place_id": "ChIJYdLmA33IxokR3pUBM7E_KKA", "vicinity": "444 North 4th Street, Philadelphia", "types": "c(\"point_of_interest\", \"establishment\")", "business_status": "OPERATIONAL", "weekday_text": "Monday: 9:00 AM – 5:00 PM; Tuesday: 9:00 AM – 5:00 PM; Wednesday: 9:00 AM – 5:00 PM; Thursday: 9:00 AM – 5:00 PM; Friday: 9:00 AM – 5:00 PM; Saturday: Closed; Sunday: Closed", "open_24h": false, "open_1": "0900", "open_2": "0900", "open_3": "0900", "open_4": "0900", "open_5": "0900", "open_6": null, "open_0": null, "close_1": "1700", "close_2": "1700", "close_3": "1700", "close_4": "1700", "close_5": "1700", "close_6": null, "close_0": null }, "geometry": { "type": "Point", "coordinates": [ -75.145901, 39.959006 ] } },
{ "type": "Feature", "properties": { "name": "637 Philly Sushi Club", "place_id": "ChIJH3B_SSfJxokRgyE86mXkrY4", "vicinity": "Hidden Inside of Yanaga Kappo Izakaya, 637 North 3rd Street, Philadelphia", "types": "c(\"restaurant\", \"food\", \"point_of_interest\", \"establishment\")", "business_status": "OPERATIONAL", "weekday_text": "Monday: Closed; Tuesday: Closed; Wednesday: 7:00 – 9:00 PM; Thursday: 7:00 – 10:30 PM; Friday: 6:00 – 10:30 PM; Saturday: 6:00 – 10:30 PM; Sunday: 6:00 – 8:00 PM", "open_24h": false, "open_1": null, "open_2": null, "open_3": "1900", "open_4": "1900", "open_5": "1800", "open_6": "1800", "open_0": "1800", "close_1": null, "close_2": null, "close_3": "2100", "close_4": "2230", "close_5": "2230", "close_6": "2230", "close_0": "2000" }, "geometry": { "type": "Point", "coordinates": [ -75.1429202, 39.9622062 ] } },
{ "type": "Feature", "properties": { "name": "AJ Mini Market Catracho", "place_id": "ChIJvz0fkH_HxokRkNqodh3MBTU", "vicinity": "619 North 11th Street, Philadelphia", "types": "c(\"grocery_or_supermarket\", \"food\", \"store\", \"point_of_interest\", \"establishment\")", "business_status": "OPERATIONAL", "weekday_text": "Monday: 8:00 AM – 9:00 PM; Tuesday: 8:00 AM – 9:00 PM; Wednesday: 8:00 AM – 9:00 PM; Thursday: 8:00 AM – 9:00 PM; Friday: 8:00 AM – 9:00 PM; Saturday: 8:00 AM – 9:00 PM; Sunday: Closed", "open_24h": false, "open_1": "0800", "open_2": "0800", "open_3": "0800", "open_4": "0800", "open_5": "0800", "open_6": "0800", "open_0": null, "close_1": "2100", "close_2": "2100", "close_3": "2100", "close_4": "2100", "close_5": "2100", "close_6": "2100", "close_0": null }, "geometry": { "type": "Point", "coordinates": [ -75.1555447, 39.9632935 ] } },
{ "type": "Feature", "properties": { "name": "APR Supply Co - Philadelphia", "place_id": "ChIJXy5J-HzIxokRy5agrYFS4uM", "vicinity": "462 North 4th Street, Philadelphia", "types": "c(\"furniture_store\", \"home_goods_store\", \"point_of_interest\", \"store\", \"establishment\")", "business_status": "OPERATIONAL", "weekday_text": "Monday: 6:00 AM – 4:00 PM; Tuesday: 6:00 AM – 4:00 PM; Wednesday: 6:00 AM – 4:00 PM; Thursday: 6:00 AM – 4:00 PM; Friday: 6:00 AM – 4:00 PM; Saturday: 8:00 – 10:30 AM; Sunday: Closed", "open_24h": false, "open_1": "0600", "open_2": "0600", "open_3": "0600", "open_4": "0600", "open_5": "0600", "open_6": "0800", "open_0": null, "close_1": "1600", "close_2": "1600", "close_3": "1600", "close_4": "1600", "close_5": "1600", "close_6": "1030", "close_0": null }, "geometry": { "type": "Point", "coordinates": [ -75.1457737, 39.959949599999987 ] } },
{ "type": "Feature", "properties": { "name": "ARC Document Solutions", "place_id": "ChIJVWDk_yvGxokR1sHLk8XrQYo", "vicinity": "421 North 7th Street Suite 101, Philadelphia", "types": "c(\"point_of_interest\", \"store\", \"establishment\")", "business_status": "OPERATIONAL", "weekday_text": "Monday: 8:00 AM – 5:00 PM; Tuesday: 8:00 AM – 5:00 PM; Wednesday: 8:00 AM – 5:00 PM; Thursday: 8:00 AM – 5:00 PM; Friday: 8:00 AM – 5:00 PM; Saturday: Closed; Sunday: Closed", "open_24h": false, "open_1": "0800", "open_2": "0800", "open_3": "0800", "open_4": "0800", "open_5": "0800", "open_6": null, "open_0": null, "close_1": "1700", "close_2": "1700", "close_3": "1700", "close_4": "1700", "close_5": "1700", "close_6": null, "close_0": null }, "geometry": { "type": "Point", "coordinates": [ -75.150140400000012, 39.9589657 ] } },
{ "type": "Feature", "properties": { "name": "AYS Sports Marketing Inc", "place_id": "ChIJocR57YTIxokR0LZDiCj7t9Y", "vicinity": "441 North 5th Street #203, Philadelphia", "types": "c(\"point_of_interest\", \"establishment\")", "business_status": "OPERATIONAL", "weekday_text": "Monday: 10:00 AM – 6:00 PM; Tuesday: 10:00 AM – 6:00 PM; Wednesday: 10:00 AM – 6:00 PM; Thursday: 10:00 AM – 6:00 PM; Friday: 10:00 AM – 6:00 PM; Saturday: Closed; Sunday: Closed", "open_24h": false, "open_1": "1000", "open_2": "1000", "open_3": "1000", "open_4": "1000", "open_5": "1000", "open_6": null, "open_0": null, "close_1": "1800", "close_2": "1800", "close_3": "1800", "close_4": "1800", "close_5": "1800", "close_6": null, "close_0": null }, "geometry": { "type": "Point", "coordinates": [ -75.1466042, 39.9591495 ] } },
{ "type": "Feature", "properties": { "name": "Al-Sham Restaurant", "place_id": "ChIJ6eHOoX3JxokR1JdlR8R5I2M", "vicinity": "337 Spring Garden Street, Philadelphia", "types": "c(\"restaurant\", \"food\", \"point_of_interest\", \"establishment\")", "business_status": "OPERATIONAL", "weekday_text": "Monday: 10:00 AM – 11:00 PM; Tuesday: 10:00 AM – 11:00 PM; Wednesday: 10:00 AM – 11:00 PM; Thursday: 10:00 AM – 12:00 AM; Friday: 10:00 AM – 12:00 AM; Saturday: 10:00 AM – 12:00 AM; Sunday: 10:00 AM – 11:00 PM", "open_24h": true, "open_1": "1000", "open_2": "1000", "open_3": "1000", "open_4": "1000", "open_5": "1000", "open_6": "1000", "open_0": "1000;1000", "close_1": "2300", "close_2": "2300", "close_3": "2300", "close_4": "NA", "close_5": "0000", "close_6": "0000", "close_0": "2300;0000" }, "geometry": { "type": "Point", "coordinates": [ -75.144573, 39.961319 ] } },
{ "type": "Feature", "properties": { "name": "American Red Cross", "place_id": "ChIJGeCqIEjGxokRGhwv56ShJRM", "vicinity": "700 Spring Garden Street, Philadelphia", "types": "c(\"point_of_interest\", \"establishment\")", "business_status": "OPERATIONAL", "weekday_text": "Monday: 8:30 AM – 4:30 PM; Tuesday: 8:30 AM – 4:30 PM; Wednesday: 8:30 AM – 4:30 PM; Thursday: 8:30 AM – 4:30 PM; Friday: 8:30 AM – 4:30 PM; Saturday: Closed; Sunday: Closed", "open_24h": false, "open_1": "0830", "open_2": "0830", "open_3": "0830", "open_4": "0830", "open_5": "0830", "open_6": null, "open_0": null, "close_1": "1630", "close_2": "1630", "close_3": "1630", "close_4": "1630", "close_5": "1630", "close_6": null, "close_0": null }, "geometry": { "type": "Point", "coordinates": [ -75.1517093, 39.9597212 ] } },
{ "type": "Feature", "properties": { "name": "Arts & Crafts Holdings", "place_id": "ChIJKb7qYX_IxokR6wN9TpaTV-E", "vicinity": "601 Spring Garden Street, Philadelphia", "types": "c(\"finance\", \"point_of_interest\", \"establishment\")", "business_status": "OPERATIONAL", "weekday_text": "Monday: 9:00 AM – 5:00 PM; Tuesday: 9:00 AM – 5:00 PM; Wednesday: 9:00 AM – 5:00 PM; Thursday: 9:00 AM – 5:00 PM; Friday: 9:00 AM – 5:00 PM; Saturday: Closed; Sunday: Closed", "open_24h": false, "open_1": "0900", "open_2": "0900", "open_3": "0900", "open_4": "0900", "open_5": "0900", "open_6": null, "open_0": null, "close_1": "1700", "close_2": "1700", "close_3": "1700", "close_4": "1700", "close_5": "1700", "close_6": null, "close_0": null }, "geometry": { "type": "Point", "coordinates": [ -75.1483745, 39.961617800000013 ] } },
{ "type": "Feature", "properties": { "name": "Bastet", "place_id": "ChIJr0U_apjJxokR_Wg7-pBTnuc", "vicinity": "601 Spring Garden Street, Philadelphia", "types": "c(\"night_club\", \"point_of_interest\", \"establishment\")", "business_status": "OPERATIONAL", "weekday_text": "Monday: Closed; Tuesday: Closed; Wednesday: Closed; Thursday: Closed; Friday: 10:00 PM – 3:30 AM; Saturday: 10:00 PM – 3:30 AM; Sunday: Closed", "open_24h": true, "open_1": null, "open_2": null, "open_3": null, "open_4": null, "open_5": "2200", "open_6": "2200", "open_0": "NA", "close_1": null, "close_2": null, "close_3": null, "close_4": null, "close_5": "NA", "close_6": "0330", "close_0": "0330" }, "geometry": { "type": "Point", "coordinates": [ -75.1484333, 39.9615555 ] } },
{ "type": "Feature", "properties": { "name": "Best Law Associates, LLC", "place_id": "ChIJmxtdmy_GxokRgLoNr0BIlkY", "vicinity": "915 Spring Garden Street Suite 206, Philadelphia", "types": "c(\"lawyer\", \"point_of_interest\", \"establishment\")", "business_status": "OPERATIONAL", "weekday_text": "Monday: 9:00 AM – 5:00 PM; Tuesday: 9:00 AM – 5:00 PM; Wednesday: 9:00 AM – 5:00 PM; Thursday: 9:00 AM – 5:00 PM; Friday: 9:00 AM – 5:00 PM; Saturday: Closed; Sunday: Closed", "open_24h": false, "open_1": "0900", "open_2": "0900", "open_3": "0900", "open_4": "0900", "open_5": "0900", "open_6": null, "open_0": null, "close_1": "1700", "close_2": "1700", "close_3": "1700", "close_4": "1700", "close_5": "1700", "close_6": null, "close_0": null }, "geometry": { "type": "Point", "coordinates": [ -75.1533378, 39.962407600000013 ] } },
{ "type": "Feature", "properties": { "name": "Bethesda Project's Our Brothers' Place", "place_id": "ChIJB8BMg3_IxokRWaOP-hWKG8M", "vicinity": "907 Hamilton Street, Philadelphia", "types": "c(\"point_of_interest\", \"health\", \"establishment\")", "business_status": null, "weekday_text": null, "open_24h": null, "open_1": null, "open_2": null, "open_3": null, "open_4": null, "open_5": null, "open_6": null, "open_0": null, "close_1": null, "close_2": null, "close_3": null, "close_4": null, "close_5": null, "close_6": null, "close_0": null }, "geometry": { "type": "Point", "coordinates": [ -75.1537805, 39.9602365 ] } },
{ "type": "Feature", "properties": { "name": "Beyond Hello Dispensary: Philadelphia (N. Liberties)", "place_id": "ChIJW0Ylua_JxokRKUTueO2sJlg", "vicinity": "475 North 5th Street, Philadelphia", "types": "c(\"drugstore\", \"pharmacy\", \"hospital\", \"point_of_interest\", \"store\", \"health\", \"establishment\")", "business_status": "OPERATIONAL", "weekday_text": "Monday: 10:00 AM – 8:00 PM; Tuesday: 10:00 AM – 8:00 PM; Wednesday: 10:00 AM – 8:00 PM; Thursday: 10:00 AM – 8:00 PM; Friday: 10:00 AM – 8:00 PM; Saturday: 10:00 AM – 8:00 PM; Sunday: 10:00 AM – 6:00 PM", "open_24h": false, "open_1": "1000", "open_2": "1000", "open_3": "1000", "open_4": "1000", "open_5": "1000", "open_6": "1000", "open_0": "1000", "close_1": "2000", "close_2": "2000", "close_3": "2000", "close_4": "2000", "close_5": "2000", "close_6": "2000", "close_0": "1800" }, "geometry": { "type": "Point", "coordinates": [ -75.1467009, 39.960159399999988 ] } },
{ "type": "Feature", "properties": { "name": "Bilt-Well Furniture Showroom", "place_id": "ChIJWWHCO0jGxokRuOvdvTxaXqw", "vicinity": "417 North 8th Street Floor 1, Philadelphia", "types": "c(\"furniture_store\", \"home_goods_store\", \"point_of_interest\", \"store\", \"establishment\")", "business_status": "OPERATIONAL", "weekday_text": "Monday: 9:30 AM – 5:00 PM; Tuesday: 9:30 AM – 5:00 PM; Wednesday: 9:30 AM – 5:00 PM; Thursday: 9:30 AM – 5:00 PM; Friday: Closed; Saturday: Closed; Sunday: Closed", "open_24h": false, "open_1": "0930", "open_2": "0930", "open_3": "0930", "open_4": "0930", "open_5": null, "open_6": null, "open_0": null, "close_1": "1700", "close_2": "1700", "close_3": "1700", "close_4": "1700", "close_5": null, "close_6": null, "close_0": null }, "geometry": { "type": "Point", "coordinates": [ -75.1515344, 39.959092299999988 ] } },
{ "type": "Feature", "properties": { "name": "CVS", "place_id": "ChIJ8VvuhXzIxokRSjlF-dpcXqo", "vicinity": "401 Spring Garden Street, Philadelphia", "types": "c(\"drugstore\", \"convenience_store\", \"clothing_store\", \"food\", \"point_of_interest\", \"store\", \"health\", \"establishment\")", "business_status": "OPERATIONAL", "weekday_text": "Monday: 7:00 AM – 10:00 PM; Tuesday: 7:00 AM – 10:00 PM; Wednesday: 7:00 AM – 10:00 PM; Thursday: 7:00 AM – 10:00 PM; Friday: 7:00 AM – 10:00 PM; Saturday: 7:00 AM – 10:00 PM; Sunday: 7:00 AM – 10:00 PM", "open_24h": false, "open_1": "0700", "open_2": "0700", "open_3": "0700", "open_4": "0700", "open_5": "0700", "open_6": "0700", "open_0": "0700", "close_1": "2200", "close_2": "2200", "close_3": "2200", "close_4": "2200", "close_5": "2200", "close_6": "2200", "close_0": "2200" }, "geometry": { "type": "Point", "coordinates": [ -75.1453725, 39.9612425 ] } },
{ "type": "Feature", "properties": { "name": "CVS Pharmacy", "place_id": "ChIJARBxhnzIxokR7XYbZoLArGI", "vicinity": "401 Spring Garden Street, Philadelphia", "types": "c(\"pharmacy\", \"point_of_interest\", \"store\", \"health\", \"establishment\")", "business_status": "OPERATIONAL", "weekday_text": "Monday: 9:00 AM – 1:30 PM, 2:00 – 8:00 PM; Tuesday: 9:00 AM – 1:30 PM, 2:00 – 8:00 PM; Wednesday: 9:00 AM – 1:30 PM, 2:00 – 8:00 PM; Thursday: 9:00 AM – 1:30 PM, 2:00 – 8:00 PM; Friday: 9:00 AM – 1:30 PM, 2:00 – 8:00 PM; Saturday: 10:00 AM – 1:30 PM, 2:00 – 6:00 PM; Sunday: 10:00 AM – 1:30 PM, 2:00 – 5:00 PM", "open_24h": false, "open_1": "0900;1400;0900;1400", "open_2": "0900;1400;0900;1400", "open_3": "0900;1400;0900;1400", "open_4": "0900;1400;0900;1400", "open_5": "0900;1400;0900;1400", "open_6": "1000;1400;1000;1400", "open_0": "1000;1400;1000;1400", "close_1": "1330;1330;2000;2000", "close_2": "1330;1330;2000;2000", "close_3": "1330;1330;2000;2000", "close_4": "1330;1330;2000;2000", "close_5": "1330;1330;2000;2000", "close_6": "1330;1330;1800;1800", "close_0": "1330;1330;1700;1700" }, "geometry": { "type": "Point", "coordinates": [ -75.1454069, 39.9612561 ] } },
{ "type": "Feature", "properties": { "name": "CVS Photo", "place_id": "ChIJpxpxhnzIxokRflOW-gPRQQg", "vicinity": "401 Spring Garden Street, Philadelphia", "types": "c(\"electronics_store\", \"home_goods_store\", \"point_of_interest\", \"store\", \"establishment\")", "business_status": "OPERATIONAL", "weekday_text": "Monday: 7:00 AM – 10:00 PM; Tuesday: 7:00 AM – 10:00 PM; Wednesday: 7:00 AM – 10:00 PM; Thursday: 7:00 AM – 10:00 PM; Friday: 7:00 AM – 10:00 PM; Saturday: 7:00 AM – 10:00 PM; Sunday: 7:00 AM – 10:00 PM", "open_24h": false, "open_1": "0700", "open_2": "0700", "open_3": "0700", "open_4": "0700", "open_5": "0700", "open_6": "0700", "open_0": "0700", "close_1": "2200", "close_2": "2200", "close_3": "2200", "close_4": "2200", "close_5": "2200", "close_6": "2200", "close_0": "2200" }, "geometry": { "type": "Point", "coordinates": [ -75.1453725, 39.9612425 ] } },
{ "type": "Feature", "properties": { "name": "Café Darnel's", "place_id": "ChIJL4Jh07TJxokRr5jy-iKuYPY", "vicinity": "990 Spring Garden Street, Philadelphia", "types": "c(\"cafe\", \"bakery\", \"food\", \"point_of_interest\", \"store\", \"establishment\")", "business_status": "OPERATIONAL", "weekday_text": "Monday: 9:00 AM – 2:00 PM; Tuesday: 9:00 AM – 2:00 PM; Wednesday: 9:00 AM – 2:00 PM; Thursday: 9:00 AM – 2:00 PM; Friday: 9:00 AM – 2:00 PM; Saturday: Closed; Sunday: Closed", "open_24h": false, "open_1": "0900", "open_2": "0900", "open_3": "0900", "open_4": "0900", "open_5": "0900", "open_6": null, "open_0": null, "close_1": "1400", "close_2": "1400", "close_3": "1400", "close_4": "1400", "close_5": "1400", "close_6": null, "close_0": null }, "geometry": { "type": "Point", "coordinates": [ -75.1542065, 39.9612376 ] } },
{ "type": "Feature", "properties": { "name": "Center City Cars", "place_id": "ChIJoxi-fYC2xokR_9LSIJrq3nQ", "vicinity": "518 North 2nd Street, Philadelphia", "types": "c(\"car_dealer\", \"car_repair\", \"point_of_interest\", \"store\", \"establishment\")", "business_status": "OPERATIONAL", "weekday_text": "Monday: 9:00 AM – 9:00 PM; Tuesday: 9:00 AM – 9:00 PM; Wednesday: 9:00 AM – 9:00 PM; Thursday: 9:00 AM – 9:00 PM; Friday: 9:00 AM – 8:00 PM; Saturday: 9:00 AM – 6:00 PM; Sunday: Closed", "open_24h": false, "open_1": "0900", "open_2": "0900", "open_3": "0900", "open_4": "0900", "open_5": "0900", "open_6": "0900", "open_0": null, "close_1": "2100", "close_2": "2100", "close_3": "2100", "close_4": "2100", "close_5": "2000", "close_6": "1800", "close_0": null }, "geometry": { "type": "Point", "coordinates": [ -75.1420422, 39.9598051 ] } },
{ "type": "Feature", "properties": { "name": "Center For Creative Activities", "place_id": "ChIJn1BYkHvIxokRJ6n-1LiBczk", "vicinity": "635 North 5th Street, Philadelphia", "types": "c(\"point_of_interest\", \"establishment\")", "business_status": null, "weekday_text": null, "open_24h": null, "open_1": null, "open_2": null, "open_3": null, "open_4": null, "open_5": null, "open_6": null, "open_0": null, "close_1": null, "close_2": null, "close_3": null, "close_4": null, "close_5": null, "close_6": null, "close_0": null }, "geometry": { "type": "Point", "coordinates": [ -75.1464905, 39.9630302 ] } },
{ "type": "Feature", "properties": { "name": "Central Tattoo Studio", "place_id": "ChIJg6ZOSwDdliwRB7BcvgMcS4A", "vicinity": "301 Spring Garden Street 2nd Floor, Philadelphia", "types": "c(\"point_of_interest\", \"store\", \"establishment\")", "business_status": "OPERATIONAL", "weekday_text": "Monday: 12:00 – 8:00 PM; Tuesday: 12:00 – 8:00 PM; Wednesday: 12:00 – 8:00 PM; Thursday: 12:00 – 8:00 PM; Friday: 12:00 – 10:00 PM; Saturday: 12:00 – 10:00 PM; Sunday: 12:00 – 6:00 PM", "open_24h": false, "open_1": "1200", "open_2": "1200", "open_3": "1200", "open_4": "1200", "open_5": "1200", "open_6": "1200", "open_0": "1200", "close_1": "2000", "close_2": "2000", "close_3": "2000", "close_4": "2000", "close_5": "2200", "close_6": "2200", "close_0": "1800" }, "geometry": { "type": "Point", "coordinates": [ -75.1436613, 39.961213699999988 ] } },
{ "type": "Feature", "properties": { "name": "Cerveau", "place_id": "ChIJU0IflyvJxokRz_m6tmr9TEY", "vicinity": "990 Spring Garden Street Suite 102, Philadelphia", "types": "c(\"bar\", \"restaurant\", \"food\", \"point_of_interest\", \"establishment\")", "business_status": "OPERATIONAL", "weekday_text": "Monday: Closed; Tuesday: 5:00 – 9:00 PM; Wednesday: 5:00 – 9:00 PM; Thursday: 5:00 – 9:00 PM; Friday: 12:00 – 10:00 PM; Saturday: 12:00 – 10:00 PM; Sunday: 4:00 – 9:00 PM", "open_24h": false, "open_1": null, "open_2": "1700", "open_3": "1700", "open_4": "1700", "open_5": "1200", "open_6": "1200", "open_0": "1600", "close_1": null, "close_2": "2100", "close_3": "2100", "close_4": "2100", "close_5": "2200", "close_6": "2200", "close_0": "2100" }, "geometry": { "type": "Point", "coordinates": [ -75.15412760000001, 39.961265 ] } },
{ "type": "Feature", "properties": { "name": "Charissa Prince-Ferdinand, Elfant Wissahickon Realtors", "place_id": "ChIJ8xhA1DzGxokROywgve64QWM", "vicinity": "990 Spring Garden Street, Philadelphia", "types": "c(\"point_of_interest\", \"establishment\")", "business_status": "OPERATIONAL", "weekday_text": "Monday: 8:00 AM – 8:00 PM; Tuesday: 8:00 AM – 8:00 PM; Wednesday: 8:00 AM – 8:00 PM; Thursday: 8:00 AM – 8:00 PM; Friday: 8:00 AM – 8:00 PM; Saturday: 10:00 AM – 3:00 PM; Sunday: 8:00 AM – 8:00 PM", "open_24h": false, "open_1": "0800", "open_2": "0800", "open_3": "0800", "open_4": "0800", "open_5": "0800", "open_6": "1000", "open_0": "0800", "close_1": "2000", "close_2": "2000", "close_3": "2000", "close_4": "2000", "close_5": "2000", "close_6": "1500", "close_0": "2000" }, "geometry": { "type": "Point", "coordinates": [ -75.15412760000001, 39.961265 ] } },
{ "type": "Feature", "properties": { "name": "Chief Print", "place_id": "ChIJoW9pu3vIxokRf4BTNiXvrgE", "vicinity": "720 North 5th Street, Philadelphia", "types": "c(\"point_of_interest\", \"store\", \"establishment\")", "business_status": "OPERATIONAL", "weekday_text": "Monday: 10:00 AM – 6:00 PM; Tuesday: 10:00 AM – 6:00 PM; Wednesday: 10:00 AM – 6:00 PM; Thursday: 12:00 – 8:00 PM; Friday: 10:00 AM – 6:00 PM; Saturday: 11:00 AM – 4:00 PM; Sunday: Closed", "open_24h": false, "open_1": "1000", "open_2": "1000", "open_3": "1000", "open_4": "1200", "open_5": "1000", "open_6": "1100", "open_0": null, "close_1": "1800", "close_2": "1800", "close_3": "1800", "close_4": "2000", "close_5": "1800", "close_6": "1600", "close_0": null }, "geometry": { "type": "Point", "coordinates": [ -75.1466618, 39.963906 ] } },
{ "type": "Feature", "properties": { "name": "Children's Literacy Initiative", "place_id": "ChIJRdTQz0nGxokRaD0VCVxf74g", "vicinity": "990 Spring Garden Street, Philadelphia", "types": "c(\"point_of_interest\", \"establishment\")", "business_status": "OPERATIONAL", "weekday_text": "Monday: 8:30 AM – 5:00 PM; Tuesday: 8:30 AM – 5:00 PM; Wednesday: 8:30 AM – 5:00 PM; Thursday: 8:30 AM – 5:00 PM; Friday: 8:30 AM – 5:00 PM; Saturday: Closed; Sunday: Closed", "open_24h": false, "open_1": "0830", "open_2": "0830", "open_3": "0830", "open_4": "0830", "open_5": "0830", "open_6": null, "open_0": null, "close_1": "1700", "close_2": "1700", "close_3": "1700", "close_4": "1700", "close_5": "1700", "close_6": null, "close_0": null }, "geometry": { "type": "Point", "coordinates": [ -75.1541475, 39.9614572 ] } },
{ "type": "Feature", "properties": { "name": "China House", "place_id": "ChIJoTkSl3zIxokRZpXl_Xiq8ws", "vicinity": "331 Spring Garden Street, Philadelphia", "types": "c(\"restaurant\", \"meal_delivery\", \"food\", \"point_of_interest\", \"establishment\")", "business_status": "OPERATIONAL", "weekday_text": "Monday: 11:00 AM – 10:00 PM; Tuesday: 11:00 AM – 10:00 PM; Wednesday: 11:00 AM – 10:00 PM; Thursday: 11:00 AM – 10:00 PM; Friday: 11:00 AM – 11:00 PM; Saturday: 11:00 AM – 11:00 PM; Sunday: Closed", "open_24h": false, "open_1": "1100", "open_2": "1100", "open_3": "1100", "open_4": "1100", "open_5": "1100", "open_6": "1100", "open_0": null, "close_1": "2200", "close_2": "2200", "close_3": "2200", "close_4": "2200", "close_5": "2300", "close_6": "2300", "close_0": null }, "geometry": { "type": "Point", "coordinates": [ -75.144327, 39.961426 ] } },
{ "type": "Feature", "properties": { "name": "City Fitness - Northern Liberties", "place_id": "ChIJe_L4R2PIxokRjXT9go7upQ8", "vicinity": "200 Spring Garden Street, Philadelphia", "types": "c(\"gym\", \"restaurant\", \"food\", \"point_of_interest\", \"health\", \"establishment\")", "business_status": "OPERATIONAL", "weekday_text": "Monday: 5:00 AM – 11:00 PM; Tuesday: 5:00 AM – 11:00 PM; Wednesday: 5:00 AM – 11:00 PM; Thursday: 5:00 AM – 11:00 PM; Friday: 5:00 AM – 9:00 PM; Saturday: 6:00 AM – 9:00 PM; Sunday: 6:00 AM – 9:00 PM", "open_24h": false, "open_1": "0500", "open_2": "0500", "open_3": "0500", "open_4": "0500", "open_5": "0500", "open_6": "0600", "open_0": "0600", "close_1": "2300", "close_2": "2300", "close_3": "2300", "close_4": "2300", "close_5": "2100", "close_6": "2100", "close_0": "2100" }, "geometry": { "type": "Point", "coordinates": [ -75.141951, 39.9603427 ] } },
{ "type": "Feature", "properties": { "name": "Color Reflections - Pennsylvania", "place_id": "ChIJ0dDbnHzIxokRNdGkYChns5g", "vicinity": "475 North 5th Street, Philadelphia", "types": "c(\"point_of_interest\", \"store\", \"establishment\")", "business_status": "OPERATIONAL", "weekday_text": "Monday: 8:30 AM – 5:00 PM; Tuesday: 8:30 AM – 5:00 PM; Wednesday: 8:30 AM – 5:00 PM; Thursday: 8:30 AM – 5:00 PM; Friday: 8:30 AM – 5:00 PM; Saturday: Closed; Sunday: Closed", "open_24h": false, "open_1": "0830", "open_2": "0830", "open_3": "0830", "open_4": "0830", "open_5": "0830", "open_6": null, "open_0": null, "close_1": "1700", "close_2": "1700", "close_3": "1700", "close_4": "1700", "close_5": "1700", "close_6": null, "close_0": null }, "geometry": { "type": "Point", "coordinates": [ -75.146615, 39.9601011 ] } },
{ "type": "Feature", "properties": { "name": "Creep Records", "place_id": "ChIJWzzvY2_IxokRoFzWSDlOjvs", "vicinity": "606 North 2nd Street, Philadelphia", "types": "c(\"point_of_interest\", \"store\", \"establishment\")", "business_status": "OPERATIONAL", "weekday_text": "Monday: 11:00 AM – 8:00 PM; Tuesday: 11:00 AM – 8:00 PM; Wednesday: 11:00 AM – 8:00 PM; Thursday: 11:00 AM – 8:00 PM; Friday: 11:00 AM – 9:00 PM; Saturday: 11:00 AM – 9:00 PM; Sunday: 11:00 AM – 8:00 PM", "open_24h": false, "open_1": "1100", "open_2": "1100", "open_3": "1100", "open_4": "1100", "open_5": "1100", "open_6": "1100", "open_0": "1100", "close_1": "2000", "close_2": "2000", "close_3": "2000", "close_4": "2000", "close_5": "2100", "close_6": "2100", "close_0": "2000" }, "geometry": { "type": "Point", "coordinates": [ -75.1415178, 39.961287 ] } },
{ "type": "Feature", "properties": { "name": "Crown Chicken & Burger", "place_id": "ChIJmZxaldXHxokRoG7A9_Ov9xo", "vicinity": "Crown Fried Chicken, 1043 Spring Garden Street, Philadelphia", "types": "c(\"restaurant\", \"food\", \"point_of_interest\", \"establishment\")", "business_status": "OPERATIONAL", "weekday_text": "Monday: 10:00 AM – 3:00 AM; Tuesday: 10:00 AM – 3:00 AM; Wednesday: 10:00 AM – 3:00 AM; Thursday: 10:00 AM – 3:00 AM; Friday: 10:00 AM – 4:00 AM; Saturday: 10:00 AM – 4:00 AM; Sunday: 10:00 AM – 3:00 AM", "open_24h": false, "open_1": "1000", "open_2": "1000", "open_3": "1000", "open_4": "1000", "open_5": "1000", "open_6": "1000", "open_0": "1000", "close_1": "0300", "close_2": "0300", "close_3": "0300", "close_4": "0300", "close_5": "0300", "close_6": "0400", "close_0": "0400" }, "geometry": { "type": "Point", "coordinates": [ -75.1559749, 39.9619858 ] } },
{ "type": "Feature", "properties": { "name": "CubeSmart Self Storage", "place_id": "ChIJ5wqe5X3IxokR3JwduDPe1ZQ", "vicinity": "501 Callowhill Street, Philadelphia", "types": "c(\"storage\", \"moving_company\", \"point_of_interest\", \"store\", \"establishment\")", "business_status": "OPERATIONAL", "weekday_text": "Monday: 6:00 AM – 10:00 PM; Tuesday: 6:00 AM – 10:00 PM; Wednesday: 6:00 AM – 10:00 PM; Thursday: 6:00 AM – 10:00 PM; Friday: 6:00 AM – 10:00 PM; Saturday: 6:00 AM – 10:00 PM; Sunday: 6:00 AM – 10:00 PM", "open_24h": false, "open_1": "0600", "open_2": "0600", "open_3": "0600", "open_4": "0600", "open_5": "0600", "open_6": "0600", "open_0": "0600", "close_1": "2200", "close_2": "2200", "close_3": "2200", "close_4": "2200", "close_5": "2200", "close_6": "2200", "close_0": "2200" }, "geometry": { "type": "Point", "coordinates": [ -75.1477062, 39.9581987 ] } },
{ "type": "Feature", "properties": { "name": "DRMN BG Supply Co", "place_id": "ChIJxVMHgdGZ7ocRAASok9fmff0", "vicinity": "626 North 5th Street, Philadelphia", "types": "c(\"clothing_store\", \"point_of_interest\", \"store\", \"establishment\")", "business_status": "OPERATIONAL", "weekday_text": "Monday: 10:00 AM – 6:00 PM; Tuesday: 10:00 AM – 6:00 PM; Wednesday: 10:00 AM – 6:00 PM; Thursday: 10:00 AM – 6:00 PM; Friday: 10:00 AM – 6:00 PM; Saturday: 10:00 AM – 6:00 PM; Sunday: 12:00 – 5:00 PM", "open_24h": false, "open_1": "1000", "open_2": "1000", "open_3": "1000", "open_4": "1000", "open_5": "1000", "open_6": "1000", "open_0": "1200", "close_1": "1800", "close_2": "1800", "close_3": "1800", "close_4": "1800", "close_5": "1800", "close_6": "1800", "close_0": "1700" }, "geometry": { "type": "Point", "coordinates": [ -75.1473326, 39.963165 ] } },
{ "type": "Feature", "properties": { "name": "David Moolten", "place_id": "ChIJmfqS-X7IxokRiWs5G9DT2kI", "vicinity": "700 Spring Garden Street, Philadelphia", "types": "c(\"doctor\", \"point_of_interest\", \"health\", \"establishment\")", "business_status": "OPERATIONAL", "weekday_text": "Monday: 9:00 AM – 5:00 PM; Tuesday: 9:00 AM – 5:00 PM; Wednesday: 9:00 AM – 5:00 PM; Thursday: 9:00 AM – 5:00 PM; Friday: 9:00 AM – 5:00 PM; Saturday: 9:00 AM – 5:00 PM; Sunday: 9:00 AM – 5:00 PM", "open_24h": false, "open_1": "0900", "open_2": "0900", "open_3": "0900", "open_4": "0900", "open_5": "0900", "open_6": "0900", "open_0": "0900", "close_1": "1700", "close_2": "1700", "close_3": "1700", "close_4": "1700", "close_5": "1700", "close_6": "1700", "close_0": "1700" }, "geometry": { "type": "Point", "coordinates": [ -75.1507092, 39.9605556 ] } },
{ "type": "Feature", "properties": { "name": "Del Rossi's Cheesesteak & Pizza CO.", "place_id": "ChIJMQtYm3zIxokRTQk2t7896w4", "vicinity": "538 North 4th Street, Philadelphia", "types": "c(\"meal_delivery\", \"meal_takeaway\", \"restaurant\", \"food\", \"point_of_interest\", \"establishment\")", "business_status": "OPERATIONAL", "weekday_text": "Monday: 11:00 AM – 11:00 PM; Tuesday: 11:00 AM – 11:00 PM; Wednesday: 11:00 AM – 11:00 PM; Thursday: 11:00 AM – 11:00 PM; Friday: 11:00 AM – 12:00 AM; Saturday: 11:00 AM – 12:00 AM; Sunday: 11:00 AM – 11:00 PM", "open_24h": true, "open_1": "1100", "open_2": "1100", "open_3": "1100", "open_4": "1100", "open_5": "1100", "open_6": "1100", "open_0": "1100;1100", "close_1": "2300", "close_2": "2300", "close_3": "2300", "close_4": "2300", "close_5": "NA", "close_6": "0000", "close_0": "2300;0000" }, "geometry": { "type": "Point", "coordinates": [ -75.145052, 39.9615051 ] } },
{ "type": "Feature", "properties": { "name": "Desimone Auto Group", "place_id": "ChIJw547PGPIxokRDgAd6EN8Jw0", "vicinity": "518 North 2nd Street, Philadelphia", "types": "c(\"car_dealer\", \"car_repair\", \"point_of_interest\", \"store\", \"establishment\")", "business_status": "OPERATIONAL", "weekday_text": "Monday: 8:00 AM – 5:00 PM; Tuesday: 8:00 AM – 5:00 PM; Wednesday: 8:00 AM – 5:00 PM; Thursday: 8:00 AM – 5:00 PM; Friday: 8:00 AM – 5:00 PM; Saturday: 8:00 AM – 12:00 PM; Sunday: Closed", "open_24h": false, "open_1": "0800", "open_2": "0800", "open_3": "0800", "open_4": "0800", "open_5": "0800", "open_6": "0800", "open_0": null, "close_1": "1700", "close_2": "1700", "close_3": "1700", "close_4": "1700", "close_5": "1700", "close_6": "1200", "close_0": null }, "geometry": { "type": "Point", "coordinates": [ -75.1418451, 39.959744 ] } },
{ "type": "Feature", "properties": { "name": "Dr. Ralph R. Vassallo Jr, MD", "place_id": "ChIJmfqS-X7IxokR-uAd3T3j5XU", "vicinity": "700 Spring Garden Street, Philadelphia", "types": "c(\"point_of_interest\", \"doctor\", \"health\", \"establishment\")", "business_status": "OPERATIONAL", "weekday_text": "Monday: 12:30 – 7:30 PM; Tuesday: 12:30 – 7:30 PM; Wednesday: 12:30 – 7:30 PM; Thursday: 7:30 AM – 2:30 PM; Friday: 8:00 AM – 3:00 PM; Saturday: 7:00 AM – 2:00 PM; Sunday: 7:00 AM – 2:00 PM", "open_24h": false, "open_1": "1230", "open_2": "1230", "open_3": "1230", "open_4": "0730", "open_5": "0800", "open_6": "0700", "open_0": "0700", "close_1": "1930", "close_2": "1930", "close_3": "1930", "close_4": "1430", "close_5": "1500", "close_6": "1400", "close_0": "1400" }, "geometry": { "type": "Point", "coordinates": [ -75.1508135, 39.9607026 ] } },
{ "type": "Feature", "properties": { "name": "Dulce Encuentro", "place_id": "ChIJv_NneCrHxokRk1Oq2SrwCew", "vicinity": "1019 Spring Garden Street, Philadelphia", "types": "c(\"cafe\", \"food\", \"point_of_interest\", \"store\", \"establishment\")", "business_status": "OPERATIONAL", "weekday_text": "Monday: 6:00 AM – 9:00 PM; Tuesday: 6:00 AM – 9:00 PM; Wednesday: 6:00 AM – 9:00 PM; Thursday: 6:00 AM – 9:00 PM; Friday: 6:00 AM – 9:00 PM; Saturday: 6:00 AM – 9:00 PM; Sunday: 6:00 AM – 9:00 PM", "open_24h": false, "open_1": "0600", "open_2": "0600", "open_3": "0600", "open_4": "0600", "open_5": "0600", "open_6": "0600", "open_0": "0600", "close_1": "2100", "close_2": "2100", "close_3": "2100", "close_4": "2100", "close_5": "2100", "close_6": "2100", "close_0": "2100" }, "geometry": { "type": "Point", "coordinates": [ -75.1551592, 39.9619287 ] } },
{ "type": "Feature", "properties": { "name": "Dunkin'", "place_id": "ChIJFTkSl3zIxokR4cgiDD-6Bfw", "vicinity": "329 Spring Garden Street, Philadelphia", "types": "c(\"meal_takeaway\", \"cafe\", \"bakery\", \"restaurant\", \"food\", \"store\", \"point_of_interest\", \"establishment\")", "business_status": "OPERATIONAL", "weekday_text": "Monday: 5:30 AM – 7:00 PM; Tuesday: 5:30 AM – 7:00 PM; Wednesday: 5:30 AM – 7:00 PM; Thursday: 5:30 AM – 7:00 PM; Friday: 5:30 AM – 7:00 PM; Saturday: 6:00 AM – 4:00 PM; Sunday: 6:00 AM – 4:00 PM", "open_24h": false, "open_1": "0530", "open_2": "0530", "open_3": "0530", "open_4": "0530", "open_5": "0530", "open_6": "0600", "open_0": "0600", "close_1": "1900", "close_2": "1900", "close_3": "1900", "close_4": "1900", "close_5": "1900", "close_6": "1600", "close_0": "1600" }, "geometry": { "type": "Point", "coordinates": [ -75.1442766, 39.9613681 ] } },
{ "type": "Feature", "properties": { "name": "Edgar Allan Pоe National Historic Site", "place_id": "ChIJxfBXtn7IxokRJTUUIZCzoPI", "vicinity": "532 North 7th Street, Philadelphia", "types": "c(\"tourist_attraction\", \"museum\", \"point_of_interest\", \"establishment\")", "business_status": null, "weekday_text": null, "open_24h": null, "open_1": null, "open_2": null, "open_3": null, "open_4": null, "open_5": null, "open_6": null, "open_0": null, "close_1": null, "close_2": null, "close_3": null, "close_4": null, "close_5": null, "close_6": null, "close_0": null }, "geometry": { "type": "Point", "coordinates": [ -75.1499398, 39.9619353 ] } },
{ "type": "Feature", "properties": { "name": "El Caracol Mexican Grill", "place_id": "ChIJATJw_OfHxokRncxlbsTkCE8", "vicinity": "469 North 10th Street, Philadelphia", "types": "c(\"restaurant\", \"food\", \"point_of_interest\", \"establishment\")", "business_status": "OPERATIONAL", "weekday_text": "Monday: 11:00 AM – 8:00 PM; Tuesday: 11:00 AM – 8:00 PM; Wednesday: 11:00 AM – 8:00 PM; Thursday: 11:00 AM – 8:00 PM; Friday: 11:00 AM – 8:30 PM; Saturday: 12:00 – 8:30 PM; Sunday: Closed", "open_24h": false, "open_1": "1100", "open_2": "1100", "open_3": "1100", "open_4": "1100", "open_5": "1100", "open_6": "1200", "open_0": null, "close_1": "2000", "close_2": "2000", "close_3": "2000", "close_4": "2000", "close_5": "2030", "close_6": "2030", "close_0": null }, "geometry": { "type": "Point", "coordinates": [ -75.1545656, 39.9606476 ] } },
{ "type": "Feature", "properties": { "name": "Evans Gulf", "place_id": "ChIJjVNWv9XHxokRRFtUZqMNS9k", "vicinity": "1101 Spring Garden Street, Philadelphia", "types": "c(\"gas_station\", \"point_of_interest\", \"establishment\")", "business_status": "OPERATIONAL", "weekday_text": "Monday: 7:00 AM – 10:00 PM; Tuesday: 7:00 AM – 10:00 PM; Wednesday: 7:00 AM – 10:00 PM; Thursday: 7:00 AM – 10:00 PM; Friday: 7:00 AM – 10:00 PM; Saturday: 7:00 AM – 7:00 PM; Sunday: 7:00 AM – 5:00 PM", "open_24h": false, "open_1": "0700", "open_2": "0700", "open_3": "0700", "open_4": "0700", "open_5": "0700", "open_6": "0700", "open_0": "0700", "close_1": "2200", "close_2": "2200", "close_3": "2200", "close_4": "2200", "close_5": "2200", "close_6": "1900", "close_0": "1700" }, "geometry": { "type": "Point", "coordinates": [ -75.15633, 39.9620342 ] } },
{ "type": "Feature", "properties": { "name": "Exit Design", "place_id": "ChIJH36T7THGxokR3-D7uLW3Loo", "vicinity": "725 North 4th Street, Philadelphia", "types": "c(\"point_of_interest\", \"establishment\")", "business_status": null, "weekday_text": null, "open_24h": null, "open_1": null, "open_2": null, "open_3": null, "open_4": null, "open_5": null, "open_6": null, "open_0": null, "close_1": null, "close_2": null, "close_3": null, "close_4": null, "close_5": null, "close_6": null, "close_0": null }, "geometry": { "type": "Point", "coordinates": [ -75.1443081, 39.9634338 ] } },
{ "type": "Feature", "properties": { "name": "Fairmart Market", "place_id": "ChIJOc3fYXnIxokRXLSbzLVDqAE", "vicinity": "623 Fairmount Avenue, Philadelphia", "types": "c(\"grocery_or_supermarket\", \"food\", \"point_of_interest\", \"store\", \"establishment\")", "business_status": "OPERATIONAL", "weekday_text": "Monday: 8:00 AM – 8:00 PM; Tuesday: 8:00 AM – 8:00 PM; Wednesday: 8:00 AM – 8:00 PM; Thursday: 8:00 AM – 8:00 PM; Friday: 8:00 AM – 8:00 PM; Saturday: 9:00 AM – 8:00 PM; Sunday: 9:00 AM – 7:00 PM", "open_24h": false, "open_1": "0800", "open_2": "0800", "open_3": "0800", "open_4": "0800", "open_5": "0800", "open_6": "0900", "open_0": "0900", "close_1": "2000", "close_2": "2000", "close_3": "2000", "close_4": "2000", "close_5": "2000", "close_6": "2000", "close_0": "1900" }, "geometry": { "type": "Point", "coordinates": [ -75.1488423, 39.9640267 ] } },
{ "type": "Feature", "properties": { "name": "Fannyyarit grocery store llc", "place_id": "ChIJmxs1k9XHxokRD-eV7xKmj_8", "vicinity": "1031 Spring Garden Street, Philadelphia", "types": "c(\"convenience_store\", \"food\", \"point_of_interest\", \"store\", \"establishment\")", "business_status": "OPERATIONAL", "weekday_text": "Monday: 8:00 AM – 10:30 PM; Tuesday: 8:00 AM – 10:30 PM; Wednesday: 8:00 AM – 10:30 PM; Thursday: 8:00 AM – 10:30 PM; Friday: 8:00 AM – 10:30 PM; Saturday: 8:00 AM – 10:30 PM; Sunday: 8:00 AM – 10:30 PM", "open_24h": false, "open_1": "0800", "open_2": "0800", "open_3": "0800", "open_4": "0800", "open_5": "0800", "open_6": "0800", "open_0": "0800", "close_1": "2230", "close_2": "2230", "close_3": "2230", "close_4": "2230", "close_5": "2230", "close_6": "2230", "close_0": "2230" }, "geometry": { "type": "Point", "coordinates": [ -75.1555316, 39.9619518 ] } },
{ "type": "Feature", "properties": { "name": "Favorite Lighting", "place_id": "ChIJmXFE9dXHxokRoVtU4YhJWtg", "vicinity": "1001 Spring Garden Street, Philadelphia", "types": "c(\"home_goods_store\", \"point_of_interest\", \"store\", \"establishment\")", "business_status": null, "weekday_text": null, "open_24h": null, "open_1": null, "open_2": null, "open_3": null, "open_4": null, "open_5": null, "open_6": null, "open_0": null, "close_1": null, "close_2": null, "close_3": null, "close_4": null, "close_5": null, "close_6": null, "close_0": null }, "geometry": { "type": "Point", "coordinates": [ -75.1546038, 39.9618745 ] } },
{ "type": "Feature", "properties": { "name": "Federal Donuts & Chicken Philadelphia", "place_id": "ChIJmbvfZXnIxokRIwH4Q-ROR4E", "vicinity": "701 North 7th Street, Philadelphia", "types": "c(\"bakery\", \"meal_takeaway\", \"restaurant\", \"food\", \"point_of_interest\", \"store\", \"establishment\")", "business_status": "OPERATIONAL", "weekday_text": "Monday: 7:00 AM – 6:00 PM; Tuesday: 7:00 AM – 6:00 PM; Wednesday: 7:00 AM – 6:00 PM; Thursday: 7:00 AM – 6:00 PM; Friday: 7:00 AM – 6:00 PM; Saturday: 7:00 AM – 6:00 PM; Sunday: 7:00 AM – 6:00 PM", "open_24h": false, "open_1": "0700", "open_2": "0700", "open_3": "0700", "open_4": "0700", "open_5": "0700", "open_6": "0700", "open_0": "0700", "close_1": "1800", "close_2": "1800", "close_3": "1800", "close_4": "1800", "close_5": "1800", "close_6": "1800", "close_0": "1800" }, "geometry": { "type": "Point", "coordinates": [ -75.1490827, 39.9642238 ] } },
{ "type": "Feature", "properties": { "name": "Franklin Music Hall", "place_id": "ChIJxwS3QX7IxokRoktbRzjUbwI", "vicinity": "421 North 7th Street, Philadelphia", "types": "c(\"point_of_interest\", \"establishment\")", "business_status": "OPERATIONAL", "weekday_text": "Monday: Closed; Tuesday: Closed; Wednesday: Closed; Thursday: Closed; Friday: 12:00 – 6:00 PM; Saturday: Closed; Sunday: Closed", "open_24h": false, "open_1": null, "open_2": null, "open_3": null, "open_4": null, "open_5": "1200", "open_6": null, "open_0": null, "close_1": null, "close_2": null, "close_3": null, "close_4": null, "close_5": "1800", "close_6": null, "close_0": null }, "geometry": { "type": "Point", "coordinates": [ -75.1497116, 39.959159799999988 ] } },
{ "type": "Feature", "properties": { "name": "GPHA - Chinatown Medical Services", "place_id": "ChIJ9Tt0JB_GxokRl5yxx3EFcNw", "vicinity": "432 North 6th Street, Philadelphia", "types": "c(\"pharmacy\", \"dentist\", \"point_of_interest\", \"store\", \"health\", \"establishment\")", "business_status": "OPERATIONAL", "weekday_text": "Monday: 8:30 AM – 5:00 PM; Tuesday: 8:30 AM – 5:00 PM; Wednesday: 8:30 AM – 5:00 PM; Thursday: 8:30 AM – 5:00 PM; Friday: 8:30 AM – 5:00 PM; Saturday: 8:30 AM – 1:00 PM; Sunday: Closed", "open_24h": false, "open_1": "0830", "open_2": "0830", "open_3": "0830", "open_4": "0830", "open_5": "0830", "open_6": "0830", "open_0": null, "close_1": "1700", "close_2": "1700", "close_3": "1700", "close_4": "1700", "close_5": "1700", "close_6": "1300", "close_0": null }, "geometry": { "type": "Point", "coordinates": [ -75.1489813, 39.959148 ] } },
{ "type": "Feature", "properties": { "name": "Gian-Grasso & Tomczak", "place_id": "ChIJN2RSfoTIxokRUOnZEOLsFC4", "vicinity": "990 Spring Garden Street #304, Philadelphia", "types": "c(\"lawyer\", \"point_of_interest\", \"establishment\")", "business_status": "OPERATIONAL", "weekday_text": "Monday: 9:00 AM – 5:00 PM; Tuesday: 9:00 AM – 5:00 PM; Wednesday: 9:00 AM – 5:00 PM; Thursday: 9:00 AM – 5:00 PM; Friday: 9:00 AM – 5:00 PM; Saturday: Closed; Sunday: Closed", "open_24h": false, "open_1": "0900", "open_2": "0900", "open_3": "0900", "open_4": "0900", "open_5": "0900", "open_6": null, "open_0": null, "close_1": "1700", "close_2": "1700", "close_3": "1700", "close_4": "1700", "close_5": "1700", "close_6": null, "close_0": null }, "geometry": { "type": "Point", "coordinates": [ -75.1541475, 39.9614572 ] } },
{ "type": "Feature", "properties": { "name": "Gordon Cash Register", "place_id": "ChIJ0RUOstXHxokRwEpw7gcctZ8", "vicinity": "556 North 11th Street, Philadelphia", "types": "c(\"point_of_interest\", \"store\", \"establishment\")", "business_status": "OPERATIONAL", "weekday_text": "Monday: 9:00 AM – 5:00 PM; Tuesday: 9:00 AM – 5:00 PM; Wednesday: 9:00 AM – 5:00 PM; Thursday: 9:00 AM – 5:00 PM; Friday: 9:00 AM – 5:00 PM; Saturday: Closed; Sunday: Closed", "open_24h": false, "open_1": "0900", "open_2": "0900", "open_3": "0900", "open_4": "0900", "open_5": "0900", "open_6": null, "open_0": null, "close_1": "1700", "close_2": "1700", "close_3": "1700", "close_4": "1700", "close_5": "1700", "close_6": null, "close_0": null }, "geometry": { "type": "Point", "coordinates": [ -75.1561059, 39.9627324 ] } },
{ "type": "Feature", "properties": { "name": "HUSTLER® Hollywood", "place_id": "ChIJZcVWOqrJxokRpwD-llS1brU", "vicinity": "339 Spring Garden Street, Philadelphia", "types": "c(\"clothing_store\", \"point_of_interest\", \"store\", \"establishment\")", "business_status": "OPERATIONAL", "weekday_text": "Monday: 11:00 AM – 12:00 AM; Tuesday: 11:00 AM – 12:00 AM; Wednesday: 11:00 AM – 12:00 AM; Thursday: 11:00 AM – 12:00 AM; Friday: 11:00 AM – 12:00 AM; Saturday: 11:00 AM – 12:00 AM; Sunday: 12:00 – 10:00 PM", "open_24h": true, "open_1": "1100", "open_2": "1100", "open_3": "1100", "open_4": "1100", "open_5": "1100", "open_6": "1100", "open_0": "1200;1200", "close_1": "NA", "close_2": "0000", "close_3": "0000", "close_4": "0000", "close_5": "0000", "close_6": "0000", "close_0": "2200;0000" }, "geometry": { "type": "Point", "coordinates": [ -75.144733, 39.961451800000013 ] } },
{ "type": "Feature", "properties": { "name": "Haha’s Kitchen Food Cart", "place_id": "ChIJTSmIegDJxokR0a5UTngmrWo", "vicinity": "471 North 7th Street, Philadelphia", "types": "c(\"restaurant\", \"food\", \"point_of_interest\", \"establishment\")", "business_status": "OPERATIONAL", "weekday_text": "Monday: 11:00 AM – 3:00 PM; Tuesday: 11:00 AM – 3:00 PM; Wednesday: 11:00 AM – 3:00 PM; Thursday: 11:00 AM – 3:00 PM; Friday: 11:00 AM – 3:00 PM; Saturday: Closed; Sunday: Closed", "open_24h": false, "open_1": "1100", "open_2": "1100", "open_3": "1100", "open_4": "1100", "open_5": "1100", "open_6": null, "open_0": null, "close_1": "1500", "close_2": "1500", "close_3": "1500", "close_4": "1500", "close_5": "1500", "close_6": null, "close_0": null }, "geometry": { "type": "Point", "coordinates": [ -75.1499078, 39.9604887 ] } },
{ "type": "Feature", "properties": { "name": "Heather L. Gabor", "place_id": "ChIJocR57YTIxokR9QqyGqGIzec", "vicinity": "444 North 4th Street Unit 105, Philadelphia", "types": "c(\"lawyer\", \"point_of_interest\", \"establishment\")", "business_status": null, "weekday_text": null, "open_24h": null, "open_1": null, "open_2": null, "open_3": null, "open_4": null, "open_5": null, "open_6": null, "open_0": null, "close_1": null, "close_2": null, "close_3": null, "close_4": null, "close_5": null, "close_6": null, "close_0": null }, "geometry": { "type": "Point", "coordinates": [ -75.1458422, 39.9590517 ] } },
{ "type": "Feature", "properties": { "name": "Helping Hand Rescue Mission", "place_id": "ChIJ4wTQ-XvIxokRtoWYfdkhQYY", "vicinity": "610 North 6th Street, Philadelphia", "types": "c(\"church\", \"place_of_worship\", \"point_of_interest\", \"establishment\")", "business_status": null, "weekday_text": null, "open_24h": null, "open_1": null, "open_2": null, "open_3": null, "open_4": null, "open_5": null, "open_6": null, "open_0": null, "close_1": null, "close_2": null, "close_3": null, "close_4": null, "close_5": null, "close_6": null, "close_0": null }, "geometry": { "type": "Point", "coordinates": [ -75.1482843, 39.9627944 ] } },
{ "type": "Feature", "properties": { "name": "Higher Grounds", "place_id": "ChIJzxtZUnvIxokRePtAwJJIbpk", "vicinity": "631 North 3rd Street, Philadelphia", "types": "c(\"cafe\", \"food\", \"point_of_interest\", \"store\", \"establishment\")", "business_status": "OPERATIONAL", "weekday_text": "Monday: 8:00 AM – 4:00 PM; Tuesday: 8:00 AM – 4:00 PM; Wednesday: 8:00 AM – 4:00 PM; Thursday: 8:00 AM – 4:00 PM; Friday: 8:00 AM – 4:00 PM; Saturday: 8:00 AM – 4:00 PM; Sunday: 8:00 AM – 4:00 PM", "open_24h": false, "open_1": "0800", "open_2": "0800", "open_3": "0800", "open_4": "0800", "open_5": "0800", "open_6": "0800", "open_0": "0800", "close_1": "1600", "close_2": "1600", "close_3": "1600", "close_4": "1600", "close_5": "1600", "close_6": "1600", "close_0": "1600" }, "geometry": { "type": "Point", "coordinates": [ -75.1430248, 39.9620558 ] } },
{ "type": "Feature", "properties": { "name": "Houndstooth Tattoo", "place_id": "ChIJ7zohh23HxokRxDP5TzfDf0c", "vicinity": "1022 Buttonwood Street, Philadelphia", "types": "c(\"point_of_interest\", \"store\", \"establishment\")", "business_status": "OPERATIONAL", "weekday_text": "Monday: 12:00 – 8:00 PM; Tuesday: 12:00 – 8:00 PM; Wednesday: 12:00 – 8:00 PM; Thursday: 12:00 – 8:00 PM; Friday: 12:00 – 8:00 PM; Saturday: 12:00 – 8:00 PM; Sunday: 12:00 – 8:00 PM", "open_24h": false, "open_1": "1200", "open_2": "1200", "open_3": "1200", "open_4": "1200", "open_5": "1200", "open_6": "1200", "open_0": "1200", "close_1": "2000", "close_2": "2000", "close_3": "2000", "close_4": "2000", "close_5": "2000", "close_6": "2000", "close_0": "2000" }, "geometry": { "type": "Point", "coordinates": [ -75.1556773, 39.9605494 ] } },
{ "type": "Feature", "properties": { "name": "I. Brewster & Co.", "place_id": "ChIJoefKVzTGxokRa0VmHblkGxc", "vicinity": "606 Spring Garden Street, Philadelphia", "types": "c(\"art_gallery\", \"point_of_interest\", \"establishment\")", "business_status": "OPERATIONAL", "weekday_text": "Monday: 11:00 AM – 6:00 PM; Tuesday: 11:00 AM – 6:00 PM; Wednesday: 11:00 AM – 6:00 PM; Thursday: 11:00 AM – 6:00 PM; Friday: 11:00 AM – 6:00 PM; Saturday: 11:00 AM – 6:00 PM; Sunday: Closed", "open_24h": false, "open_1": "1100", "open_2": "1100", "open_3": "1100", "open_4": "1100", "open_5": "1100", "open_6": "1100", "open_0": null, "close_1": "1800", "close_2": "1800", "close_3": "1800", "close_4": "1800", "close_5": "1800", "close_6": "1800", "close_0": null }, "geometry": { "type": "Point", "coordinates": [ -75.1494534, 39.9609744 ] } },
{ "type": "Feature", "properties": { "name": "Irma's Kitchen", "place_id": "ChIJWcObFRPJxokR_TiDgcpnmlY", "vicinity": "Spring Garden St and, North Orianna Street, Philadelphia", "types": "c(\"restaurant\", \"food\", \"point_of_interest\", \"establishment\")", "business_status": "OPERATIONAL", "weekday_text": "Monday: 11:00 AM – 3:00 PM; Tuesday: 11:00 AM – 3:00 PM; Wednesday: 11:00 AM – 3:00 PM; Thursday: 11:00 AM – 3:00 PM; Friday: 11:00 AM – 3:00 PM; Saturday: Closed; Sunday: Closed", "open_24h": false, "open_1": "1100", "open_2": "1100", "open_3": "1100", "open_4": "1100", "open_5": "1100", "open_6": null, "open_0": null, "close_1": "1500", "close_2": "1500", "close_3": "1500", "close_4": "1500", "close_5": "1500", "close_6": null, "close_0": null }, "geometry": { "type": "Point", "coordinates": [ -75.1443264, 39.961104 ] } },
{ "type": "Feature", "properties": { "name": "J. Thomas & Associates, LLc.", "place_id": "ChIJU68zMpO3xokRQBffX9cKU_0", "vicinity": "918 Green Street 3rd Fl, Philadelphia", "types": "c(\"real_estate_agency\", \"point_of_interest\", \"health\", \"establishment\")", "business_status": "OPERATIONAL", "weekday_text": "Monday: 8:00 AM – 7:00 PM; Tuesday: 8:00 AM – 7:00 PM; Wednesday: 8:00 AM – 7:00 PM; Thursday: 8:00 AM – 7:00 PM; Friday: 8:00 AM – 7:00 PM; Saturday: 8:00 – 10:00 AM; Sunday: Closed", "open_24h": false, "open_1": "0800", "open_2": "0800", "open_3": "0800", "open_4": "0800", "open_5": "0800", "open_6": "0800", "open_0": null, "close_1": "1900", "close_2": "1900", "close_3": "1900", "close_4": "1900", "close_5": "1900", "close_6": "1000", "close_0": null }, "geometry": { "type": "Point", "coordinates": [ -75.1537513, 39.9624326 ] } },
{ "type": "Feature", "properties": { "name": "Jc food market", "place_id": "ChIJd65c59XHxokRRzmaPNZTGLU", "vicinity": "600 North 11th Street, Philadelphia", "types": "c(\"grocery_or_supermarket\", \"food\", \"store\", \"point_of_interest\", \"establishment\")", "business_status": "OPERATIONAL", "weekday_text": "Monday: 8:00 AM – 8:00 PM; Tuesday: 8:00 AM – 8:00 PM; Wednesday: 8:00 AM – 8:00 PM; Thursday: 8:00 AM – 8:00 PM; Friday: 8:00 AM – 8:00 PM; Saturday: 9:00 AM – 8:00 PM; Sunday: 9:00 AM – 5:00 PM", "open_24h": false, "open_1": "0800", "open_2": "0800", "open_3": "0800", "open_4": "0800", "open_5": "0800", "open_6": "0900", "open_0": "0900", "close_1": "2000", "close_2": "2000", "close_3": "2000", "close_4": "2000", "close_5": "2000", "close_6": "2000", "close_0": "1700" }, "geometry": { "type": "Point", "coordinates": [ -75.1559532, 39.9628946 ] } },
{ "type": "Feature", "properties": { "name": "Juno", "place_id": "ChIJDbYtogjHxokRVmc8y2rju5M", "vicinity": "1033 Spring Garden Street, Philadelphia", "types": "c(\"restaurant\", \"food\", \"point_of_interest\", \"establishment\")", "business_status": "OPERATIONAL", "weekday_text": "Monday: Closed; Tuesday: 4:00 – 10:00 PM; Wednesday: 4:00 – 10:00 PM; Thursday: 4:00 – 10:00 PM; Friday: 4:00 – 11:00 PM; Saturday: 2:00 – 11:00 PM; Sunday: Closed", "open_24h": false, "open_1": null, "open_2": "1600", "open_3": "1600", "open_4": "1600", "open_5": "1600", "open_6": "1400", "open_0": null, "close_1": null, "close_2": "2200", "close_3": "2200", "close_4": "2200", "close_5": "2300", "close_6": "2300", "close_0": null }, "geometry": { "type": "Point", "coordinates": [ -75.155644, 39.9619437 ] } },
{ "type": "Feature", "properties": { "name": "KOKO Hibachi", "place_id": "ChIJf557RrzHxokRtdXGSMPjuWE", "vicinity": "1013 Spring Garden Street, Philadelphia", "types": "c(\"restaurant\", \"food\", \"point_of_interest\", \"establishment\")", "business_status": "OPERATIONAL", "weekday_text": "Monday: 1:00 – 10:45 PM; Tuesday: 1:00 – 10:45 PM; Wednesday: 1:00 – 10:45 PM; Thursday: 1:00 – 10:45 PM; Friday: 1:00 – 10:45 PM; Saturday: 1:00 – 10:45 PM; Sunday: 12:00 – 9:00 PM", "open_24h": false, "open_1": "1300", "open_2": "1300", "open_3": "1300", "open_4": "1300", "open_5": "1300", "open_6": "1300", "open_0": "1200", "close_1": "2245", "close_2": "2245", "close_3": "2245", "close_4": "2245", "close_5": "2245", "close_6": "2245", "close_0": "2100" }, "geometry": { "type": "Point", "coordinates": [ -75.1549599, 39.9618937 ] } },
{ "type": "Feature", "properties": { "name": "Ken Shin Dim Sum House", "place_id": "ChIJ0XG0JZbJxokRTovnb0ZOCAE", "vicinity": "301 Spring Garden Street, Philadelphia", "types": "c(\"restaurant\", \"food\", \"point_of_interest\", \"establishment\")", "business_status": null, "weekday_text": null, "open_24h": null, "open_1": null, "open_2": null, "open_3": null, "open_4": null, "open_5": null, "open_6": null, "open_0": null, "close_1": null, "close_2": null, "close_3": null, "close_4": null, "close_5": null, "close_6": null, "close_0": null }, "geometry": { "type": "Point", "coordinates": [ -75.1437069, 39.9612197 ] } },
{ "type": "Feature", "properties": { "name": "Kendall Electric", "place_id": "ChIJzZxy-XzIxokRyxc4NvRDvfA", "vicinity": "462 North 4th Street, Philadelphia", "types": "c(\"point_of_interest\", \"store\", \"establishment\")", "business_status": "OPERATIONAL", "weekday_text": "Monday: 6:00 AM – 4:00 PM; Tuesday: 6:00 AM – 4:00 PM; Wednesday: 6:00 AM – 4:00 PM; Thursday: 6:00 AM – 4:00 PM; Friday: 6:00 AM – 4:00 PM; Saturday: 8:00 – 10:30 AM; Sunday: 8:00 – 10:30 AM", "open_24h": false, "open_1": "0600", "open_2": "0600", "open_3": "0600", "open_4": "0600", "open_5": "0600", "open_6": "0800", "open_0": "0800", "close_1": "1600", "close_2": "1600", "close_3": "1600", "close_4": "1600", "close_5": "1600", "close_6": "1030", "close_0": "1030" }, "geometry": { "type": "Point", "coordinates": [ -75.1455292, 39.9598331 ] } },
{ "type": "Feature", "properties": { "name": "LA CATEDRAL CAFE & RESTAURANT", "place_id": "ChIJfd1penvJxokRC5TtDMI-A8Y", "vicinity": "527 Fairmount Avenue, Philadelphia", "types": "c(\"restaurant\", \"food\", \"point_of_interest\", \"establishment\")", "business_status": "OPERATIONAL", "weekday_text": "Monday: 8:00 AM – 2:15 PM; Tuesday: 8:00 AM – 2:15 PM; Wednesday: 8:00 AM – 2:15 PM; Thursday: 8:00 AM – 2:15 PM; Friday: 8:00 AM – 2:15 PM; Saturday: 8:00 AM – 2:15 PM; Sunday: 8:00 AM – 4:30 PM", "open_24h": false, "open_1": "0800", "open_2": "0800", "open_3": "0800", "open_4": "0800", "open_5": "0800", "open_6": "0800", "open_0": "0800", "close_1": "1415", "close_2": "1415", "close_3": "1415", "close_4": "1415", "close_5": "1415", "close_6": "1415", "close_0": "1630" }, "geometry": { "type": "Point", "coordinates": [ -75.1476746, 39.963661 ] } },
{ "type": "Feature", "properties": { "name": "LAGOS", "place_id": "ChIJDRyssX3IxokRbE-lxYGBV7c", "vicinity": "441 North 5th Street Floor 4, Philadelphia", "types": "c(\"jewelry_store\", \"point_of_interest\", \"store\", \"establishment\")", "business_status": null, "weekday_text": null, "open_24h": null, "open_1": null, "open_2": null, "open_3": null, "open_4": null, "open_5": null, "open_6": null, "open_0": null, "close_1": null, "close_2": null, "close_3": null, "close_4": null, "close_5": null, "close_6": null, "close_0": null }, "geometry": { "type": "Point", "coordinates": [ -75.1466673, 39.959093 ] } },
{ "type": "Feature", "properties": { "name": "LGHTTouch", "place_id": "ChIJ0QmR8zHJxokRyCXstjr8zQE", "vicinity": "1000 Buttonwood Street, Philadelphia", "types": "c(\"point_of_interest\", \"store\", \"establishment\")", "business_status": "OPERATIONAL", "weekday_text": "Monday: Closed; Tuesday: Closed; Wednesday: Closed; Thursday: 10:00 AM – 5:00 PM; Friday: Closed; Saturday: Closed; Sunday: Closed", "open_24h": false, "open_1": null, "open_2": null, "open_3": null, "open_4": "1000", "open_5": null, "open_6": null, "open_0": null, "close_1": null, "close_2": null, "close_3": null, "close_4": "1700", "close_5": null, "close_6": null, "close_0": null }, "geometry": { "type": "Point", "coordinates": [ -75.1549256, 39.9605886 ] } },
{ "type": "Feature", "properties": { "name": "La Chinesca", "place_id": "ChIJe3UgJfDHxokR2xpaq9MHcrs", "vicinity": "1036 Spring Garden Street, Philadelphia", "types": "c(\"bar\", \"restaurant\", \"food\", \"point_of_interest\", \"establishment\")", "business_status": "OPERATIONAL", "weekday_text": "Monday: 4:00 – 10:00 PM; Tuesday: 4:00 – 10:00 PM; Wednesday: 4:00 – 10:00 PM; Thursday: 4:00 – 10:00 PM; Friday: 4:00 – 11:00 PM; Saturday: 11:30 AM – 11:00 PM; Sunday: 11:30 AM – 10:00 PM", "open_24h": false, "open_1": "1600", "open_2": "1600", "open_3": "1600", "open_4": "1600", "open_5": "1600", "open_6": "1130", "open_0": "1130", "close_1": "2200", "close_2": "2200", "close_3": "2200", "close_4": "2200", "close_5": "2300", "close_6": "2300", "close_0": "2200" }, "geometry": { "type": "Point", "coordinates": [ -75.1560202, 39.9614138 ] } },
{ "type": "Feature", "properties": { "name": "Leau Condominiums", "place_id": "ChIJeebqV2PIxokR9j0I1jA01p4", "vicinity": "603 North American Street, Philadelphia", "types": "c(\"point_of_interest\", \"establishment\")", "business_status": null, "weekday_text": null, "open_24h": null, "open_1": null, "open_2": null, "open_3": null, "open_4": null, "open_5": null, "open_6": null, "open_0": null, "close_1": null, "close_2": null, "close_3": null, "close_4": null, "close_5": null, "close_6": null, "close_0": null }, "geometry": { "type": "Point", "coordinates": [ -75.1416545, 39.9611071 ] } },
{ "type": "Feature", "properties": { "name": "Liberties Lofts", "place_id": "ChIJoW9pu3vIxokRkAtqcORXO8E", "vicinity": "720 North 5th Street, Philadelphia", "types": "c(\"point_of_interest\", \"establishment\")", "business_status": null, "weekday_text": null, "open_24h": null, "open_1": null, "open_2": null, "open_3": null, "open_4": null, "open_5": null, "open_6": null, "open_0": null, "close_1": null, "close_2": null, "close_3": null, "close_4": null, "close_5": null, "close_6": null, "close_0": null }, "geometry": { "type": "Point", "coordinates": [ -75.1468599, 39.9641478 ] } },
{ "type": "Feature", "properties": { "name": "M3 Printing", "place_id": "ChIJqR6xqXvIxokRMbM2XeRbYO8", "vicinity": "440 Brown Street, Philadelphia", "types": "c(\"point_of_interest\", \"store\", \"establishment\")", "business_status": "OPERATIONAL", "weekday_text": "Monday: 10:00 AM – 6:00 PM; Tuesday: 10:00 AM – 6:00 PM; Wednesday: 10:00 AM – 6:00 PM; Thursday: 10:00 AM – 6:00 PM; Friday: 10:00 AM – 6:00 PM; Saturday: Closed; Sunday: Closed", "open_24h": false, "open_1": "1000", "open_2": "1000", "open_3": "1000", "open_4": "1000", "open_5": "1000", "open_6": null, "open_0": null, "close_1": "1800", "close_2": "1800", "close_3": "1800", "close_4": "1800", "close_5": "1800", "close_6": null, "close_0": null }, "geometry": { "type": "Point", "coordinates": [ -75.145967, 39.9639177 ] } },
{ "type": "Feature", "properties": { "name": "Mary’s Latino Mini Market", "place_id": "ChIJVziyWlbHxokR72Wj1H9n9aU", "vicinity": "619 North 11th Street, Philadelphia", "types": "c(\"grocery_or_supermarket\", \"food\", \"store\", \"point_of_interest\", \"establishment\")", "business_status": "OPERATIONAL", "weekday_text": "Monday: 8:00 AM – 8:30 PM; Tuesday: 8:00 AM – 8:30 PM; Wednesday: 8:00 AM – 8:30 PM; Thursday: 8:00 AM – 8:30 PM; Friday: 8:00 AM – 8:30 PM; Saturday: 8:00 AM – 8:30 PM; Sunday: 8:00 AM – 8:30 PM", "open_24h": false, "open_1": "0800", "open_2": "0800", "open_3": "0800", "open_4": "0800", "open_5": "0800", "open_6": "0800", "open_0": "0800", "close_1": "2030", "close_2": "2030", "close_3": "2030", "close_4": "2030", "close_5": "2030", "close_6": "2030", "close_0": "2030" }, "geometry": { "type": "Point", "coordinates": [ -75.1555447, 39.9632934 ] } },
{ "type": "Feature", "properties": { "name": "Mid-Atlantic Social Security Center", "place_id": "ChIJXbvDsHzIxokRRyLnEm0uMOQ", "vicinity": "300 Spring Garden Street #30, Philadelphia", "types": "c(\"local_government_office\", \"point_of_interest\", \"establishment\")", "business_status": "OPERATIONAL", "weekday_text": "Monday: 8:00 AM – 4:00 PM; Tuesday: 8:00 AM – 4:00 PM; Wednesday: 8:00 AM – 4:00 PM; Thursday: 8:00 AM – 4:00 PM; Friday: 8:00 AM – 4:00 PM; Saturday: Closed; Sunday: Closed", "open_24h": false, "open_1": "0800", "open_2": "0800", "open_3": "0800", "open_4": "0800", "open_5": "0800", "open_6": null, "open_0": null, "close_1": "1600", "close_2": "1600", "close_3": "1600", "close_4": "1600", "close_5": "1600", "close_6": null, "close_0": null }, "geometry": { "type": "Point", "coordinates": [ -75.1445387, 39.9601433 ] } },
{ "type": "Feature", "properties": { "name": "Mini Mighty Grub", "place_id": "ChIJ7c5YnnLHxokRS3V4CF1VjZo", "vicinity": "514 North 10th Street, Philadelphia", "types": "c(\"cafe\", \"restaurant\", \"food\", \"point_of_interest\", \"store\", \"establishment\")", "business_status": "OPERATIONAL", "weekday_text": "Monday: 7:00 AM – 4:00 PM; Tuesday: 7:00 AM – 4:00 PM; Wednesday: 7:00 AM – 4:00 PM; Thursday: 7:00 AM – 4:00 PM; Friday: 7:00 AM – 4:00 PM; Saturday: 8:00 AM – 1:00 PM; Sunday: Closed", "open_24h": false, "open_1": "0700", "open_2": "0700", "open_3": "0700", "open_4": "0700", "open_5": "0700", "open_6": "0800", "open_0": null, "close_1": "1600", "close_2": "1600", "close_3": "1600", "close_4": "1600", "close_5": "1600", "close_6": "1300", "close_0": null }, "geometry": { "type": "Point", "coordinates": [ -75.1548001, 39.9612785 ] } },
{ "type": "Feature", "properties": { "name": "Mirin Mischa P MD", "place_id": "ChIJ7dKopX3IxokRviRv20kI2WY", "vicinity": "441 North 5th Street #210, Philadelphia", "types": "c(\"doctor\", \"health\", \"point_of_interest\", \"establishment\")", "business_status": null, "weekday_text": null, "open_24h": null, "open_1": null, "open_2": null, "open_3": null, "open_4": null, "open_5": null, "open_6": null, "open_0": null, "close_1": null, "close_2": null, "close_3": null, "close_4": null, "close_5": null, "close_6": null, "close_0": null }, "geometry": { "type": "Point", "coordinates": [ -75.1466673, 39.959093 ] } },
{ "type": "Feature", "properties": { "name": "Mission To Chinese Seamen", "place_id": "ChIJoSb8TnzIxokRlKNaRVBKnMM", "vicinity": "475 North 5th Street, Philadelphia", "types": "c(\"point_of_interest\", \"establishment\")", "business_status": null, "weekday_text": null, "open_24h": null, "open_1": null, "open_2": null, "open_3": null, "open_4": null, "open_5": null, "open_6": null, "open_0": null, "close_1": null, "close_2": null, "close_3": null, "close_4": null, "close_5": null, "close_6": null, "close_0": null }, "geometry": { "type": "Point", "coordinates": [ -75.1467843, 39.960227499999988 ] } },
{ "type": "Feature", "properties": { "name": "MoneyGram", "place_id": "ChIJ94x0hnzIxokRNXrLzjM-Eho", "vicinity": "Inside Cvs, 401 Spring Garden Street, Philadelphia", "types": "c(\"finance\", \"point_of_interest\", \"establishment\")", "business_status": "OPERATIONAL", "weekday_text": "Monday: 8:00 AM – 10:00 PM; Tuesday: 8:00 AM – 10:00 PM; Wednesday: 8:00 AM – 10:00 PM; Thursday: 8:00 AM – 10:00 PM; Friday: 8:00 AM – 10:00 PM; Saturday: 8:00 AM – 10:00 PM; Sunday: 8:00 AM – 10:00 PM", "open_24h": false, "open_1": "0800", "open_2": "0800", "open_3": "0800", "open_4": "0800", "open_5": "0800", "open_6": "0800", "open_0": "0800", "close_1": "2200", "close_2": "2200", "close_3": "2200", "close_4": "2200", "close_5": "2200", "close_6": "2200", "close_0": "2200" }, "geometry": { "type": "Point", "coordinates": [ -75.145461, 39.9613155 ] } },
{ "type": "Feature", "properties": { "name": "Mothers In Charge", "place_id": "ChIJoUGW4d7HxokR_rpt-BtNb38", "vicinity": "990 Spring Garden Street Suite 703, Philadelphia", "types": "c(\"point_of_interest\", \"establishment\")", "business_status": "OPERATIONAL", "weekday_text": "Monday: 10:00 AM – 3:00 PM; Tuesday: 10:00 AM – 3:00 PM; Wednesday: 10:00 AM – 3:00 PM; Thursday: 10:00 AM – 3:00 PM; Friday: 10:00 AM – 3:00 PM; Saturday: Closed; Sunday: Closed", "open_24h": false, "open_1": "1000", "open_2": "1000", "open_3": "1000", "open_4": "1000", "open_5": "1000", "open_6": null, "open_0": null, "close_1": "1500", "close_2": "1500", "close_3": "1500", "close_4": "1500", "close_5": "1500", "close_6": null, "close_0": null }, "geometry": { "type": "Point", "coordinates": [ -75.1541475, 39.9614572 ] } },
{ "type": "Feature", "properties": { "name": "Mr. Ivy", "place_id": "ChIJ9UwJIlrJxokR49S0z9RmDIE", "vicinity": "459 North 3rd Street, Philadelphia", "types": "c(\"night_club\", \"point_of_interest\", \"establishment\")", "business_status": "OPERATIONAL", "weekday_text": "Monday: Closed; Tuesday: Closed; Wednesday: Closed; Thursday: Closed; Friday: 10:00 PM – 2:00 AM; Saturday: 10:00 PM – 2:00 AM; Sunday: Closed", "open_24h": true, "open_1": null, "open_2": null, "open_3": null, "open_4": null, "open_5": "2200", "open_6": "2200", "open_0": "NA", "close_1": null, "close_2": null, "close_3": null, "close_4": null, "close_5": "NA", "close_6": "0200", "close_0": "0200" }, "geometry": { "type": "Point", "coordinates": [ -75.143486900000013, 39.9590368 ] } },
{ "type": "Feature", "properties": { "name": "Museum Deli", "place_id": "ChIJfdHXmXzIxokRLqwkVx5NWgY", "vicinity": "333 Spring Garden Street, Philadelphia", "types": "c(\"convenience_store\", \"grocery_or_supermarket\", \"food\", \"store\", \"point_of_interest\", \"establishment\")", "business_status": "OPERATIONAL", "weekday_text": "Monday: 7:30 AM – 7:00 PM; Tuesday: 7:30 AM – 7:00 PM; Wednesday: 7:30 AM – 7:00 PM; Thursday: 7:30 AM – 7:00 PM; Friday: 7:30 AM – 7:00 PM; Saturday: 8:00 AM – 6:00 PM; Sunday: Closed", "open_24h": false, "open_1": "0730", "open_2": "0730", "open_3": "0730", "open_4": "0730", "open_5": "0730", "open_6": "0800", "open_0": null, "close_1": "1900", "close_2": "1900", "close_3": "1900", "close_4": "1900", "close_5": "1900", "close_6": "1800", "close_0": null }, "geometry": { "type": "Point", "coordinates": [ -75.1444323, 39.9613985 ] } },
{ "type": "Feature", "properties": { "name": "Nationwide Insurance: Dennis Charles O'Neill", "place_id": "ChIJ46siDXzIxokRUF064-ZaPcI", "vicinity": "533 Spring Garden Street, Philadelphia", "types": "c(\"insurance_agency\", \"point_of_interest\", \"establishment\")", "business_status": "OPERATIONAL", "weekday_text": "Monday: 10:00 AM – 7:00 PM; Tuesday: 10:00 AM – 7:00 PM; Wednesday: 10:00 AM – 7:00 PM; Thursday: 10:00 AM – 7:00 PM; Friday: 10:00 AM – 5:00 PM; Saturday: 10:00 AM – 3:00 PM; Sunday: Closed", "open_24h": false, "open_1": "1000", "open_2": "1000", "open_3": "1000", "open_4": "1000", "open_5": "1000", "open_6": "1000", "open_0": null, "close_1": "1900", "close_2": "1900", "close_3": "1900", "close_4": "1900", "close_5": "1700", "close_6": "1500", "close_0": null }, "geometry": { "type": "Point", "coordinates": [ -75.1476246, 39.9617915 ] } },
{ "type": "Feature", "properties": { "name": "New Indian Sizzler", "place_id": "ChIJzYUQH_7JxokR9OPkmy3Xrzo", "vicinity": "939 Spring Garden Street, Philadelphia", "types": "c(\"restaurant\", \"food\", \"point_of_interest\", \"establishment\")", "business_status": "OPERATIONAL", "weekday_text": "Monday: 11:00 AM – 10:00 PM; Tuesday: 11:00 AM – 10:00 PM; Wednesday: 11:00 AM – 10:00 PM; Thursday: 11:00 AM – 10:00 PM; Friday: 11:00 AM – 12:00 AM; Saturday: 11:00 AM – 12:00 AM; Sunday: 11:00 AM – 10:00 PM", "open_24h": true, "open_1": "1100", "open_2": "1100", "open_3": "1100", "open_4": "1100", "open_5": "1100", "open_6": "1100", "open_0": "1100;1100", "close_1": "2200", "close_2": "2200", "close_3": "2200", "close_4": "2200", "close_5": "NA", "close_6": "0000", "close_0": "2200;0000" }, "geometry": { "type": "Point", "coordinates": [ -75.154301, 39.96191 ] } },
{ "type": "Feature", "properties": { "name": "New Philadelphia Sign Co", "place_id": "ChIJXaoeC9XHxokRw0nVllYWOGc", "vicinity": "439 North 11th Street, Philadelphia", "types": "c(\"point_of_interest\", \"store\", \"establishment\")", "business_status": "OPERATIONAL", "weekday_text": "Monday: 9:00 AM – 6:00 PM; Tuesday: 9:00 AM – 6:00 PM; Wednesday: 9:00 AM – 6:00 PM; Thursday: 9:00 AM – 6:00 PM; Friday: 9:00 AM – 6:00 PM; Saturday: 9:00 AM – 6:00 PM; Sunday: Closed", "open_24h": false, "open_1": "0900", "open_2": "0900", "open_3": "0900", "open_4": "0900", "open_5": "0900", "open_6": "0900", "open_0": null, "close_1": "1800", "close_2": "1800", "close_3": "1800", "close_4": "1800", "close_5": "1800", "close_6": "1800", "close_0": null }, "geometry": { "type": "Point", "coordinates": [ -75.1562476, 39.9605875 ] } },
{ "type": "Feature", "properties": { "name": "New Spring Garden Supermarket", "place_id": "ChIJI_n1w1DJxokRQt0s1P2xzmY", "vicinity": "400 Spring Garden Street, Philadelphia", "types": "c(\"supermarket\", \"grocery_or_supermarket\", \"food\", \"point_of_interest\", \"store\", \"establishment\")", "business_status": "OPERATIONAL", "weekday_text": "Monday: 8:30 AM – 7:00 PM; Tuesday: 8:30 AM – 7:00 PM; Wednesday: 8:30 AM – 7:00 PM; Thursday: 8:30 AM – 7:00 PM; Friday: 8:30 AM – 7:00 PM; Saturday: 8:30 AM – 7:00 PM; Sunday: 8:30 AM – 7:00 PM", "open_24h": false, "open_1": "0830", "open_2": "0830", "open_3": "0830", "open_4": "0830", "open_5": "0830", "open_6": "0830", "open_0": "0830", "close_1": "1900", "close_2": "1900", "close_3": "1900", "close_4": "1900", "close_5": "1900", "close_6": "1900", "close_0": "1900" }, "geometry": { "type": "Point", "coordinates": [ -75.1454639, 39.9608925 ] } },
{ "type": "Feature", "properties": { "name": "New Town Restaurant & Deli", "place_id": "ChIJ2RZsmX_IxokRWWNTQ0cIjC8", "vicinity": "448 North 9th Street, Philadelphia", "types": "c(\"restaurant\", \"food\", \"point_of_interest\", \"establishment\")", "business_status": null, "weekday_text": null, "open_24h": null, "open_1": null, "open_2": null, "open_3": null, "open_4": null, "open_5": null, "open_6": null, "open_0": null, "close_1": null, "close_2": null, "close_3": null, "close_4": null, "close_5": null, "close_6": null, "close_0": null }, "geometry": { "type": "Point", "coordinates": [ -75.1533692, 39.960039599999988 ] } },
{ "type": "Feature", "properties": { "name": "Nola mini market", "place_id": "ChIJmf6_1QnHxokRS3vI3X5OVqc", "vicinity": "1017 Spring Garden Street, Philadelphia", "types": "c(\"grocery_or_supermarket\", \"food\", \"point_of_interest\", \"store\", \"establishment\")", "business_status": "OPERATIONAL", "weekday_text": "Monday: 10:00 AM – 11:00 PM; Tuesday: 8:00 AM – 11:00 PM; Wednesday: 8:00 AM – 11:00 PM; Thursday: 8:00 AM – 11:00 PM; Friday: 8:00 AM – 11:00 PM; Saturday: 9:00 AM – 11:00 PM; Sunday: 9:00 AM – 11:00 PM", "open_24h": false, "open_1": "1000", "open_2": "0800", "open_3": "0800", "open_4": "0800", "open_5": "0800", "open_6": "0900", "open_0": "0900", "close_1": "2300", "close_2": "2300", "close_3": "2300", "close_4": "2300", "close_5": "2300", "close_6": "2300", "close_0": "2300" }, "geometry": { "type": "Point", "coordinates": [ -75.1550967, 39.9619312 ] } },
{ "type": "Feature", "properties": { "name": "Northern Liberties Recreation Center", "place_id": "ChIJgy4NT3vIxokRPB3oQzXwe04", "vicinity": "321 Fairmount Avenue, Philadelphia", "types": "c(\"point_of_interest\", \"establishment\")", "business_status": "OPERATIONAL", "weekday_text": "Monday: 1:00 – 9:00 PM; Tuesday: 1:00 – 9:00 PM; Wednesday: 1:00 – 9:00 PM; Thursday: 1:00 – 9:00 PM; Friday: 1:00 – 9:00 PM; Saturday: 9:00 AM – 3:00 PM; Sunday: Closed", "open_24h": false, "open_1": "1300", "open_2": "1300", "open_3": "1300", "open_4": "1300", "open_5": "1300", "open_6": "0900", "open_0": null, "close_1": "2100", "close_2": "2100", "close_3": "2100", "close_4": "2100", "close_5": "2100", "close_6": "1500", "close_0": null }, "geometry": { "type": "Point", "coordinates": [ -75.1438084, 39.9628368 ] } },
{ "type": "Feature", "properties": { "name": "Northwest Halal Food Truck", "place_id": "ChIJhbCAvB_JxokRaYiGgLfyqd0", "vicinity": "North 4th Street &, 401 Spring Garden Street, Philadelphia", "types": "c(\"restaurant\", \"food\", \"point_of_interest\", \"establishment\")", "business_status": "OPERATIONAL", "weekday_text": "Monday: 10:00 AM – 8:00 PM; Tuesday: 10:00 AM – 8:00 PM; Wednesday: 10:00 AM – 8:00 PM; Thursday: 10:00 AM – 8:00 PM; Friday: 10:00 AM – 8:00 PM; Saturday: 10:00 AM – 8:00 PM; Sunday: 10:00 AM – 8:00 PM", "open_24h": false, "open_1": "1000", "open_2": "1000", "open_3": "1000", "open_4": "1000", "open_5": "1000", "open_6": "1000", "open_0": "1000", "close_1": "2000", "close_2": "2000", "close_3": "2000", "close_4": "2000", "close_5": "2000", "close_6": "2000", "close_0": "2000" }, "geometry": { "type": "Point", "coordinates": [ -75.1453254, 39.9612412 ] } },
{ "type": "Feature", "properties": { "name": "O Brien Belland & Bushinsky", "place_id": "ChIJqWf9I3zIxokRy3_XjSWCHnI", "vicinity": "500 North 6th Street #2, Philadelphia", "types": "c(\"lawyer\", \"point_of_interest\", \"establishment\")", "business_status": null, "weekday_text": null, "open_24h": null, "open_1": null, "open_2": null, "open_3": null, "open_4": null, "open_5": null, "open_6": null, "open_0": null, "close_1": null, "close_2": null, "close_3": null, "close_4": null, "close_5": null, "close_6": null, "close_0": null }, "geometry": { "type": "Point", "coordinates": [ -75.1486131, 39.9606037 ] } },
{ "type": "Feature", "properties": { "name": "Oishii poke", "place_id": "ChIJCXFACUXJxokRa8wrn0OkaN0", "vicinity": "501 Fairmount Avenue, Philadelphia", "types": "c(\"restaurant\", \"food\", \"point_of_interest\", \"establishment\")", "business_status": "OPERATIONAL", "weekday_text": "Monday: 11:00 AM – 8:00 PM; Tuesday: 11:00 AM – 8:00 PM; Wednesday: 11:00 AM – 8:00 PM; Thursday: 11:00 AM – 8:00 PM; Friday: 11:00 AM – 8:00 PM; Saturday: 11:00 AM – 8:00 PM; Sunday: 11:00 AM – 8:00 PM", "open_24h": false, "open_1": "1100", "open_2": "1100", "open_3": "1100", "open_4": "1100", "open_5": "1100", "open_6": "1100", "open_0": "1100", "close_1": "2000", "close_2": "2000", "close_3": "2000", "close_4": "2000", "close_5": "2000", "close_6": "2000", "close_0": "2000" }, "geometry": { "type": "Point", "coordinates": [ -75.1468081, 39.9633909 ] } },
{ "type": "Feature", "properties": { "name": "PNC Bank", "place_id": "ChIJTWyxG3zIxokRKNzuWKiR72M", "vicinity": "510 North 6th Street, Philadelphia", "types": "c(\"bank\", \"atm\", \"finance\", \"point_of_interest\", \"establishment\")", "business_status": "OPERATIONAL", "weekday_text": "Monday: 9:00 AM – 6:00 PM; Tuesday: 9:00 AM – 6:00 PM; Wednesday: 9:00 AM – 6:00 PM; Thursday: 9:00 AM – 6:00 PM; Friday: 9:00 AM – 6:00 PM; Saturday: 9:00 AM – 1:00 PM; Sunday: Closed", "open_24h": false, "open_1": "0900", "open_2": "0900", "open_3": "0900", "open_4": "0900", "open_5": "0900", "open_6": "0900", "open_0": null, "close_1": "1800", "close_2": "1800", "close_3": "1800", "close_4": "1800", "close_5": "1800", "close_6": "1300", "close_0": null }, "geometry": { "type": "Point", "coordinates": [ -75.148595, 39.960908 ] } },
{ "type": "Feature", "properties": { "name": "Pat's Pizza - Northern Liberties", "place_id": "ChIJqfUlRxvJxokRBAAhOsSGMao", "vicinity": "701 North 3rd Street, Philadelphia", "types": "c(\"restaurant\", \"food\", \"point_of_interest\", \"establishment\")", "business_status": "OPERATIONAL", "weekday_text": "Monday: 10:00 AM – 10:00 PM; Tuesday: 10:00 AM – 10:00 PM; Wednesday: 10:00 AM – 10:00 PM; Thursday: 10:00 AM – 10:00 PM; Friday: 10:00 AM – 10:00 PM; Saturday: 10:00 AM – 10:00 PM; Sunday: 10:00 AM – 10:00 PM", "open_24h": false, "open_1": "1000", "open_2": "1000", "open_3": "1000", "open_4": "1000", "open_5": "1000", "open_6": "1000", "open_0": "1000", "close_1": "2200", "close_2": "2200", "close_3": "2200", "close_4": "2200", "close_5": "2200", "close_6": "2200", "close_0": "2200" }, "geometry": { "type": "Point", "coordinates": [ -75.1429202, 39.962422 ] } },
{ "type": "Feature", "properties": { "name": "Peter C Bowers Law Offices", "place_id": "ChIJ7dKopX3IxokR-Tc2atUO0ik", "vicinity": "# 100, 441 North 5th Street 1st floor, Philadelphia", "types": "c(\"lawyer\", \"point_of_interest\", \"establishment\")", "business_status": "OPERATIONAL", "weekday_text": "Monday: 9:00 AM – 5:30 PM; Tuesday: 9:00 AM – 5:30 PM; Wednesday: 9:00 AM – 5:30 PM; Thursday: 9:00 AM – 5:30 PM; Friday: 9:00 AM – 5:00 PM; Saturday: Closed; Sunday: Closed", "open_24h": false, "open_1": "0900", "open_2": "0900", "open_3": "0900", "open_4": "0900", "open_5": "0900", "open_6": null, "open_0": null, "close_1": "1730", "close_2": "1730", "close_3": "1730", "close_4": "1730", "close_5": "1700", "close_6": null, "close_0": null }, "geometry": { "type": "Point", "coordinates": [ -75.1466673, 39.959093 ] } },
{ "type": "Feature", "properties": { "name": "Philadelphia Bail Bonds", "place_id": "ChIJzYltFn_IxokRPwQfqPGaF2k", "vicinity": "820 Spring Garden Street, Philadelphia", "types": "c(\"point_of_interest\", \"establishment\")", "business_status": null, "weekday_text": null, "open_24h": null, "open_1": null, "open_2": null, "open_3": null, "open_4": null, "open_5": null, "open_6": null, "open_0": null, "close_1": null, "close_2": null, "close_3": null, "close_4": null, "close_5": null, "close_6": null, "close_0": null }, "geometry": { "type": "Point", "coordinates": [ -75.1527051, 39.9609025 ] } },
{ "type": "Feature", "properties": { "name": "Philadelphia Business Services", "place_id": "ChIJ4fJRDV--xokRnvX89D2r140", "vicinity": "442 Brown Street, Philadelphia", "types": "c(\"point_of_interest\", \"store\", \"establishment\")", "business_status": "OPERATIONAL", "weekday_text": "Monday: 9:00 AM – 6:00 PM; Tuesday: 9:00 AM – 6:00 PM; Wednesday: 9:00 AM – 6:00 PM; Thursday: 9:00 AM – 6:00 PM; Friday: 9:00 AM – 6:00 PM; Saturday: Closed; Sunday: Closed", "open_24h": false, "open_1": "0900", "open_2": "0900", "open_3": "0900", "open_4": "0900", "open_5": "0900", "open_6": null, "open_0": null, "close_1": "1800", "close_2": "1800", "close_3": "1800", "close_4": "1800", "close_5": "1800", "close_6": null, "close_0": null }, "geometry": { "type": "Point", "coordinates": [ -75.1459735, 39.9639116 ] } },
{ "type": "Feature", "properties": { "name": "Philadelphia Municipal Court - Traffic Division", "place_id": "ChIJR6o1s9DHxokRIgBJruuhDzk", "vicinity": "800 Spring Garden Street, Philadelphia", "types": "c(\"courthouse\", \"local_government_office\", \"point_of_interest\", \"establishment\")", "business_status": "OPERATIONAL", "weekday_text": "Monday: 8:30 AM – 5:00 PM; Tuesday: 8:30 AM – 5:00 PM; Wednesday: 8:30 AM – 5:00 PM; Thursday: 8:30 AM – 5:00 PM; Friday: 8:30 AM – 5:00 PM; Saturday: Closed; Sunday: Closed", "open_24h": false, "open_1": "0830", "open_2": "0830", "open_3": "0830", "open_4": "0830", "open_5": "0830", "open_6": null, "open_0": null, "close_1": "1700", "close_2": "1700", "close_3": "1700", "close_4": "1700", "close_5": "1700", "close_6": null, "close_0": null }, "geometry": { "type": "Point", "coordinates": [ -75.152083, 39.9607265 ] } },
{ "type": "Feature", "properties": { "name": "Philadelphia Red Cross Blood, Platelet and Plasma Donation Center", "place_id": "ChIJmfqS-X7IxokRPlcirL8RxVo", "vicinity": "700 Spring Garden Street, Philadelphia", "types": "c(\"point_of_interest\", \"health\", \"establishment\")", "business_status": "OPERATIONAL", "weekday_text": "Monday: 11:45 AM – 8:00 PM; Tuesday: 11:45 AM – 8:00 PM; Wednesday: 11:45 AM – 8:00 PM; Thursday: 10:15 AM – 6:30 PM; Friday: 7:15 AM – 3:30 PM; Saturday: 7:15 AM – 3:30 PM; Sunday: 7:15 AM – 3:30 PM", "open_24h": false, "open_1": "1145", "open_2": "1145", "open_3": "1145", "open_4": "1015", "open_5": "0715", "open_6": "0715", "open_0": "0715", "close_1": "2000", "close_2": "2000", "close_3": "2000", "close_4": "1830", "close_5": "1530", "close_6": "1530", "close_0": "1530" }, "geometry": { "type": "Point", "coordinates": [ -75.1514632, 39.9604615 ] } },
{ "type": "Feature", "properties": { "name": "Philly Banner Express", "place_id": "ChIJVVVVVXrIxokRARTcqbxqWyY", "vicinity": "442 Brown Street Suite B, Philadelphia", "types": "c(\"point_of_interest\", \"store\", \"establishment\")", "business_status": "OPERATIONAL", "weekday_text": "Monday: 10:00 AM – 6:00 PM; Tuesday: 10:00 AM – 6:00 PM; Wednesday: 10:00 AM – 6:00 PM; Thursday: 10:00 AM – 6:00 PM; Friday: 10:00 AM – 6:00 PM; Saturday: Closed; Sunday: Closed", "open_24h": false, "open_1": "1000", "open_2": "1000", "open_3": "1000", "open_4": "1000", "open_5": "1000", "open_6": null, "open_0": null, "close_1": "1800", "close_2": "1800", "close_3": "1800", "close_4": "1800", "close_5": "1800", "close_6": null, "close_0": null }, "geometry": { "type": "Point", "coordinates": [ -75.1459735, 39.9639116 ] } },
{ "type": "Feature", "properties": { "name": "Philly Pretzel Factory", "place_id": "ChIJrT2dmNPJxokRSQDiEa8ndcc", "vicinity": "301-23 Spring Garden Street, Philadelphia", "types": "c(\"bakery\", \"food\", \"point_of_interest\", \"store\", \"establishment\")", "business_status": "OPERATIONAL", "weekday_text": "Monday: 7:00 AM – 6:00 PM; Tuesday: 7:00 AM – 6:00 PM; Wednesday: 7:00 AM – 6:00 PM; Thursday: 7:00 AM – 6:00 PM; Friday: 7:00 AM – 6:00 PM; Saturday: 9:00 AM – 4:00 PM; Sunday: 9:00 AM – 4:00 PM", "open_24h": false, "open_1": "0700", "open_2": "0700", "open_3": "0700", "open_4": "0700", "open_5": "0700", "open_6": "0900", "open_0": "0900", "close_1": "1800", "close_2": "1800", "close_3": "1800", "close_4": "1800", "close_5": "1800", "close_6": "1600", "close_0": "1600" }, "geometry": { "type": "Point", "coordinates": [ -75.143646, 39.961084 ] } },
{ "type": "Feature", "properties": { "name": "Pizza Brain", "place_id": "ChIJtVClNDzIxokRag6PE027l9w", "vicinity": "990 Spring Garden Street Suite 102A, Philadelphia", "types": "c(\"meal_delivery\", \"food\", \"point_of_interest\", \"establishment\")", "business_status": null, "weekday_text": null, "open_24h": null, "open_1": null, "open_2": null, "open_3": null, "open_4": null, "open_5": null, "open_6": null, "open_0": null, "close_1": null, "close_2": null, "close_3": null, "close_4": null, "close_5": null, "close_6": null, "close_0": null }, "geometry": { "type": "Point", "coordinates": [ -75.15412760000001, 39.961265 ] } },
{ "type": "Feature", "properties": { "name": "Poison Heart", "place_id": "ChIJE3M1m8HJxokRNA95mZNEg4o", "vicinity": "931 Spring Garden Street, Philadelphia", "types": "c(\"bar\", \"point_of_interest\", \"establishment\")", "business_status": "OPERATIONAL", "weekday_text": "Monday: Closed; Tuesday: Closed; Wednesday: 6:00 PM – 12:00 AM; Thursday: 6:00 PM – 12:00 AM; Friday: 6:00 PM – 1:00 AM; Saturday: 6:00 PM – 1:00 AM; Sunday: Closed", "open_24h": true, "open_1": null, "open_2": null, "open_3": "1800", "open_4": "1800", "open_5": "1800", "open_6": "1800", "open_0": "NA", "close_1": null, "close_2": null, "close_3": "NA", "close_4": "0000", "close_5": "0000", "close_6": "0100", "close_0": "0100" }, "geometry": { "type": "Point", "coordinates": [ -75.1540673, 39.9618887 ] } },
{ "type": "Feature", "properties": { "name": "Popeyes Louisiana Kitchen", "place_id": "ChIJk14GonzIxokR5v00-XXg17M", "vicinity": "327 Spring Garden Street, Philadelphia", "types": "c(\"restaurant\", \"food\", \"point_of_interest\", \"establishment\")", "business_status": "OPERATIONAL", "weekday_text": "Monday: 9:30 AM – 11:00 PM; Tuesday: 9:30 AM – 11:00 PM; Wednesday: 9:30 AM – 11:00 PM; Thursday: 9:30 AM – 11:00 PM; Friday: 9:30 AM – 11:00 PM; Saturday: 9:30 AM – 11:00 PM; Sunday: 9:30 AM – 11:00 PM", "open_24h": false, "open_1": "0930", "open_2": "0930", "open_3": "0930", "open_4": "0930", "open_5": "0930", "open_6": "0930", "open_0": "0930", "close_1": "2300", "close_2": "2300", "close_3": "2300", "close_4": "2300", "close_5": "2300", "close_6": "2300", "close_0": "2300" }, "geometry": { "type": "Point", "coordinates": [ -75.144215, 39.9613396 ] } },
{ "type": "Feature", "properties": { "name": "REALM Fine + Fashion Jewelry", "place_id": "ChIJn3R1CpzJxokRNuKyQC3nP5o", "vicinity": "441 North 5th Street, Philadelphia", "types": "c(\"jewelry_store\", \"point_of_interest\", \"store\", \"establishment\")", "business_status": null, "weekday_text": null, "open_24h": null, "open_1": null, "open_2": null, "open_3": null, "open_4": null, "open_5": null, "open_6": null, "open_0": null, "close_1": null, "close_2": null, "close_3": null, "close_4": null, "close_5": null, "close_6": null, "close_0": null }, "geometry": { "type": "Point", "coordinates": [ -75.1466042, 39.9591495 ] } },
{ "type": "Feature", "properties": { "name": "ROYAL SMOKE SHOP", "place_id": "ChIJ73mJiDLHxokRO6s_edVZ6Rw", "vicinity": "1039 Spring Garden Street, Philadelphia", "types": "c(\"point_of_interest\", \"store\", \"establishment\")", "business_status": "OPERATIONAL", "weekday_text": "Monday: 9:00 AM – 11:30 PM; Tuesday: 9:00 AM – 11:30 PM; Wednesday: 9:00 AM – 11:30 PM; Thursday: 9:00 AM – 11:30 PM; Friday: 9:00 AM – 11:30 PM; Saturday: 9:00 AM – 11:30 PM; Sunday: 9:00 AM – 11:30 PM", "open_24h": false, "open_1": "0900", "open_2": "0900", "open_3": "0900", "open_4": "0900", "open_5": "0900", "open_6": "0900", "open_0": "0900", "close_1": "2330", "close_2": "2330", "close_3": "2330", "close_4": "2330", "close_5": "2330", "close_6": "2330", "close_0": "2330" }, "geometry": { "type": "Point", "coordinates": [ -75.1558403, 39.9618924 ] } },
{ "type": "Feature", "properties": { "name": "Record Nations", "place_id": "ChIJEW4WVsHJxokRtgc64NhtQ1k", "vicinity": "417 North 8th Street Suite 402, Philadelphia", "types": "c(\"storage\", \"point_of_interest\", \"store\", \"establishment\")", "business_status": "OPERATIONAL", "weekday_text": "Monday: 8:00 AM – 5:00 PM; Tuesday: 8:00 AM – 5:00 PM; Wednesday: 8:00 AM – 5:00 PM; Thursday: 8:00 AM – 5:00 PM; Friday: 8:00 AM – 5:00 PM; Saturday: Closed; Sunday: Closed", "open_24h": false, "open_1": "0800", "open_2": "0800", "open_3": "0800", "open_4": "0800", "open_5": "0800", "open_6": null, "open_0": null, "close_1": "1700", "close_2": "1700", "close_3": "1700", "close_4": "1700", "close_5": "1700", "close_6": null, "close_0": null }, "geometry": { "type": "Point", "coordinates": [ -75.1515854, 39.9591803 ] } },
{ "type": "Feature", "properties": { "name": "Restaurant Tacos Locos Honduras and Mexican Food", "place_id": "ChIJ2wG1dNjHxokRAPDKqTwK0tE", "vicinity": "1011 Spring Garden Street, Philadelphia", "types": "c(\"meal_delivery\", \"restaurant\", \"food\", \"point_of_interest\", \"establishment\")", "business_status": "OPERATIONAL", "weekday_text": "Monday: 8:00 AM – 1:00 AM; Tuesday: 8:00 AM – 12:00 AM; Wednesday: 8:00 AM – 12:00 AM; Thursday: 8:00 AM – 12:00 AM; Friday: 8:00 AM – 12:00 AM; Saturday: 8:00 AM – 12:00 AM; Sunday: 8:00 AM – 12:00 AM", "open_24h": false, "open_1": "0800", "open_2": "0800", "open_3": "0800", "open_4": "0800", "open_5": "0800", "open_6": "0800", "open_0": "0800", "close_1": "0000", "close_2": "0100", "close_3": "0000", "close_4": "0000", "close_5": "0000", "close_6": "0000", "close_0": "0000" }, "geometry": { "type": "Point", "coordinates": [ -75.1548915, 39.9619044 ] } },
{ "type": "Feature", "properties": { "name": "Roman Sentry Security", "place_id": "ChIJeRYui9XHxokRXusQvKcbVPU", "vicinity": "1005 Spring Garden Street, Philadelphia", "types": "c(\"point_of_interest\", \"establishment\")", "business_status": "OPERATIONAL", "weekday_text": "Monday: 10:00 AM – 5:00 PM; Tuesday: 10:00 AM – 5:00 PM; Wednesday: 10:00 AM – 5:00 PM; Thursday: 10:00 AM – 5:00 PM; Friday: 10:00 AM – 5:00 PM; Saturday: Closed; Sunday: Closed", "open_24h": false, "open_1": "1000", "open_2": "1000", "open_3": "1000", "open_4": "1000", "open_5": "1000", "open_6": null, "open_0": null, "close_1": "1700", "close_2": "1700", "close_3": "1700", "close_4": "1700", "close_5": "1700", "close_6": null, "close_0": null }, "geometry": { "type": "Point", "coordinates": [ -75.15474, 39.9619039 ] } },
{ "type": "Feature", "properties": { "name": "Ruba Club", "place_id": "ChIJi121f3zIxokRWD83qirjgT0", "vicinity": "416 Green Street, Philadelphia", "types": "c(\"bar\", \"point_of_interest\", \"establishment\")", "business_status": "OPERATIONAL", "weekday_text": "Monday: Closed; Tuesday: Closed; Wednesday: Closed; Thursday: 10:00 PM – 2:00 AM; Friday: 10:00 PM – 2:00 AM; Saturday: 10:00 PM – 2:00 AM; Sunday: Closed", "open_24h": true, "open_1": null, "open_2": null, "open_3": null, "open_4": "2200", "open_5": "2200", "open_6": "2200", "open_0": "NA", "close_1": null, "close_2": null, "close_3": null, "close_4": "NA", "close_5": "0200", "close_6": "0200", "close_0": "0200" }, "geometry": { "type": "Point", "coordinates": [ -75.1459507, 39.961805299999988 ] } },
{ "type": "Feature", "properties": { "name": "Russo Music Philadelphia", "place_id": "ChIJW6DFvSjHxokRPk9RmbgtBRc", "vicinity": "1004 Spring Garden Street, Philadelphia", "types": "c(\"point_of_interest\", \"store\", \"establishment\")", "business_status": "OPERATIONAL", "weekday_text": "Monday: 11:00 AM – 7:00 PM; Tuesday: 11:00 AM – 7:00 PM; Wednesday: 11:00 AM – 7:00 PM; Thursday: 11:00 AM – 7:00 PM; Friday: 11:00 AM – 7:00 PM; Saturday: 11:00 AM – 7:00 PM; Sunday: 11:00 AM – 6:00 PM", "open_24h": false, "open_1": "1100", "open_2": "1100", "open_3": "1100", "open_4": "1100", "open_5": "1100", "open_6": "1100", "open_0": "1100", "close_1": "1900", "close_2": "1900", "close_3": "1900", "close_4": "1900", "close_5": "1900", "close_6": "1900", "close_0": "1800" }, "geometry": { "type": "Point", "coordinates": [ -75.155308, 39.961364 ] } },
{ "type": "Feature", "properties": { "name": "SM's Fresh Fruit Salad & Smoothie", "place_id": "ChIJLVsRlnzIxokRuaU8LSpnmLc", "vicinity": "401 Spring Garden Street, Philadelphia", "types": "c(\"restaurant\", \"food\", \"point_of_interest\", \"establishment\")", "business_status": "OPERATIONAL", "weekday_text": "Monday: 8:00 AM – 6:00 PM; Tuesday: 8:00 AM – 6:00 PM; Wednesday: 8:00 AM – 6:00 PM; Thursday: 8:00 AM – 6:00 PM; Friday: 8:00 AM – 6:00 PM; Saturday: 9:00 AM – 5:00 PM; Sunday: 9:00 AM – 5:00 PM", "open_24h": false, "open_1": "0800", "open_2": "0800", "open_3": "0800", "open_4": "0800", "open_5": "0800", "open_6": "0900", "open_0": "0900", "close_1": "1800", "close_2": "1800", "close_3": "1800", "close_4": "1800", "close_5": "1800", "close_6": "1700", "close_0": "1700" }, "geometry": { "type": "Point", "coordinates": [ -75.1453725, 39.9612425 ] } },
{ "type": "Feature", "properties": { "name": "SUYA SUYA West African Grill", "place_id": "ChIJq5pkNmPJxokRjj-cM-jmrD4", "vicinity": "400 Fairmount Avenue #2808, Philadelphia", "types": "c(\"restaurant\", \"food\", \"point_of_interest\", \"establishment\")", "business_status": "OPERATIONAL", "weekday_text": "Monday: 11:00 AM – 8:00 PM; Tuesday: 11:00 AM – 8:00 PM; Wednesday: 11:00 AM – 8:00 PM; Thursday: 11:00 AM – 8:00 PM; Friday: 11:00 AM – 8:00 PM; Saturday: 11:00 AM – 8:00 PM; Sunday: 11:00 AM – 7:00 PM", "open_24h": false, "open_1": "1100", "open_2": "1100", "open_3": "1100", "open_4": "1100", "open_5": "1100", "open_6": "1100", "open_0": "1100", "close_1": "2000", "close_2": "2000", "close_3": "2000", "close_4": "2000", "close_5": "2000", "close_6": "2000", "close_0": "1900" }, "geometry": { "type": "Point", "coordinates": [ -75.1447937, 39.9626245 ] } },
{ "type": "Feature", "properties": { "name": "Salvadoreña grocery store", "place_id": "ChIJi6Pk-d_HxokRIS2eU6cecgc", "vicinity": "1009 Spring Garden Street, Philadelphia", "types": "c(\"grocery_or_supermarket\", \"food\", \"point_of_interest\", \"store\", \"establishment\")", "business_status": "OPERATIONAL", "weekday_text": "Monday: 8:00 AM – 11:00 PM; Tuesday: 8:00 AM – 11:00 PM; Wednesday: 8:00 AM – 11:00 PM; Thursday: 8:00 AM – 11:00 PM; Friday: 8:00 AM – 11:00 PM; Saturday: 8:00 AM – 11:00 PM; Sunday: 8:00 AM – 11:00 PM", "open_24h": false, "open_1": "0800", "open_2": "0800", "open_3": "0800", "open_4": "0800", "open_5": "0800", "open_6": "0800", "open_0": "0800", "close_1": "2300", "close_2": "2300", "close_3": "2300", "close_4": "2300", "close_5": "2300", "close_6": "2300", "close_0": "2300" }, "geometry": { "type": "Point", "coordinates": [ -75.1548679, 39.961913 ] } },
{ "type": "Feature", "properties": { "name": "School of Rock", "place_id": "ChIJxwS3QX7IxokR6Q5kXVhm-LI", "vicinity": "421 North 7th Street, Philadelphia", "types": "c(\"school\", \"point_of_interest\", \"store\", \"establishment\")", "business_status": "OPERATIONAL", "weekday_text": "Monday: 3:30 – 9:00 PM; Tuesday: 3:30 – 9:00 PM; Wednesday: 3:30 – 9:00 PM; Thursday: 3:30 – 9:00 PM; Friday: 3:30 – 9:00 PM; Saturday: 10:30 AM – 5:00 PM; Sunday: Closed", "open_24h": false, "open_1": "1530", "open_2": "1530", "open_3": "1530", "open_4": "1530", "open_5": "1530", "open_6": "1030", "open_0": null, "close_1": "2100", "close_2": "2100", "close_3": "2100", "close_4": "2100", "close_5": "2100", "close_6": "1700", "close_0": null }, "geometry": { "type": "Point", "coordinates": [ -75.15004, 39.959115 ] } },
{ "type": "Feature", "properties": { "name": "Seiko Japanese Restaurant", "place_id": "ChIJP5FWXmPIxokRlgJ4x1PpVfE", "vicinity": "604 North 2nd Street, Philadelphia", "types": "c(\"restaurant\", \"food\", \"point_of_interest\", \"establishment\")", "business_status": "OPERATIONAL", "weekday_text": "Monday: 12:00 – 2:00 PM, 5:00 – 10:00 PM; Tuesday: 12:00 – 2:00 PM, 5:00 – 10:00 PM; Wednesday: 12:00 – 2:00 PM, 5:00 – 10:00 PM; Thursday: 12:00 – 2:00 PM, 5:00 – 10:00 PM; Friday: 12:00 – 2:00 PM, 5:00 – 11:00 PM; Saturday: 5:00 – 11:00 PM; Sunday: Closed", "open_24h": false, "open_1": "1200;1700;1200;1700", "open_2": "1200;1700;1200;1700", "open_3": "1200;1700;1200;1700", "open_4": "1200;1700;1200;1700", "open_5": "1200;1700;1200;1700", "open_6": "1700", "open_0": null, "close_1": "1400;1400;2200;2200", "close_2": "1400;1400;2200;2200", "close_3": "1400;1400;2200;2200", "close_4": "1400;1400;2200;2200", "close_5": "1400;1400;2300;2300", "close_6": "2300", "close_0": null }, "geometry": { "type": "Point", "coordinates": [ -75.1415708, 39.9612121 ] } },
{ "type": "Feature", "properties": { "name": "Sherwin-Williams Commercial Paint Store", "place_id": "ChIJh5NBIn_IxokRvd1DgBWVU6g", "vicinity": "827 Spring Garden Street, Philadelphia", "types": "c(\"home_goods_store\", \"point_of_interest\", \"store\", \"establishment\")", "business_status": "OPERATIONAL", "weekday_text": "Monday: 6:00 AM – 5:00 PM; Tuesday: 6:00 AM – 5:00 PM; Wednesday: 6:00 AM – 5:00 PM; Thursday: 6:00 AM – 5:00 PM; Friday: 6:00 AM – 5:00 PM; Saturday: 8:00 AM – 12:00 PM; Sunday: Closed", "open_24h": false, "open_1": "0600", "open_2": "0600", "open_3": "0600", "open_4": "0600", "open_5": "0600", "open_6": "0800", "open_0": null, "close_1": "1700", "close_2": "1700", "close_3": "1700", "close_4": "1700", "close_5": "1700", "close_6": "1200", "close_0": null }, "geometry": { "type": "Point", "coordinates": [ -75.1525771, 39.962083199999988 ] } },
{ "type": "Feature", "properties": { "name": "Signature Communications", "place_id": "ChIJj9nutX_IxokR9GiNLvbBv2E", "vicinity": "417 North 8th Street Suite 401, Philadelphia", "types": "c(\"point_of_interest\", \"establishment\")", "business_status": "OPERATIONAL", "weekday_text": "Monday: 9:00 AM – 5:00 PM; Tuesday: 9:00 AM – 5:00 PM; Wednesday: 9:00 AM – 5:00 PM; Thursday: 9:00 AM – 5:00 PM; Friday: 9:00 AM – 5:00 PM; Saturday: Closed; Sunday: Closed", "open_24h": false, "open_1": "0900", "open_2": "0900", "open_3": "0900", "open_4": "0900", "open_5": "0900", "open_6": null, "open_0": null, "close_1": "1700", "close_2": "1700", "close_3": "1700", "close_4": "1700", "close_5": "1700", "close_6": null, "close_0": null }, "geometry": { "type": "Point", "coordinates": [ -75.151661, 39.958999 ] } },
{ "type": "Feature", "properties": { "name": "Silk City", "place_id": "ChIJW-aFZHzIxokRzmahxNNWXXA", "vicinity": "435 Spring Garden Street, Philadelphia", "types": "c(\"bar\", \"restaurant\", \"food\", \"point_of_interest\", \"establishment\")", "business_status": "OPERATIONAL", "weekday_text": "Monday: 11:00 AM – 11:00 PM; Tuesday: 11:00 AM – 11:00 PM; Wednesday: 11:00 AM – 11:00 PM; Thursday: 11:00 AM – 11:00 PM; Friday: 11:00 AM – 1:00 AM; Saturday: 10:00 AM – 1:00 AM; Sunday: 10:00 AM – 10:00 PM", "open_24h": true, "open_1": "1100", "open_2": "1100", "open_3": "1100", "open_4": "1100", "open_5": "1100", "open_6": "1000", "open_0": "1000;1000", "close_1": "2300", "close_2": "2300", "close_3": "2300", "close_4": "2300", "close_5": "NA", "close_6": "0100", "close_0": "2200;0100" }, "geometry": { "type": "Point", "coordinates": [ -75.1463618, 39.961396 ] } },
{ "type": "Feature", "properties": { "name": "Smoke N Vape 💨💨", "place_id": "ChIJ54UxChvJxokR4M408LRAV5k", "vicinity": "421 Fairmount Avenue, Philadelphia", "types": "c(\"point_of_interest\", \"store\", \"establishment\")", "business_status": "OPERATIONAL", "weekday_text": "Monday: 10:00 AM – 10:00 PM; Tuesday: 10:00 AM – 10:00 PM; Wednesday: 10:00 AM – 10:00 PM; Thursday: 10:00 AM – 10:00 PM; Friday: 10:00 AM – 10:00 PM; Saturday: 10:00 AM – 10:00 PM; Sunday: 10:00 AM – 10:00 PM", "open_24h": false, "open_1": "1000", "open_2": "1000", "open_3": "1000", "open_4": "1000", "open_5": "1000", "open_6": "1000", "open_0": "1000", "close_1": "2200", "close_2": "2200", "close_3": "2200", "close_4": "2200", "close_5": "2200", "close_6": "2200", "close_0": "2200" }, "geometry": { "type": "Point", "coordinates": [ -75.145327, 39.9629647 ] } },
{ "type": "Feature", "properties": { "name": "Snatched Fashion Truck", "place_id": "ChIJf72mTnvIxokRQncqh0KiEe0", "vicinity": "702 North 3rd Street #780, Philadelphia", "types": "c(\"clothing_store\", \"point_of_interest\", \"store\", \"establishment\")", "business_status": null, "weekday_text": null, "open_24h": null, "open_1": null, "open_2": null, "open_3": null, "open_4": null, "open_5": null, "open_6": null, "open_0": null, "close_1": null, "close_2": null, "close_3": null, "close_4": null, "close_5": null, "close_6": null, "close_0": null }, "geometry": { "type": "Point", "coordinates": [ -75.1432577, 39.9625026 ] } },
{ "type": "Feature", "properties": { "name": "South Philly Barbacoa PopUp at Tripple Bottom Brewing", "place_id": "ChIJMYbjboDJxokRIPuIPaSnNHg", "vicinity": "915 Spring Garden Street, Philadelphia", "types": "c(\"restaurant\", \"food\", \"point_of_interest\", \"establishment\")", "business_status": "OPERATIONAL", "weekday_text": "Monday: Closed; Tuesday: Closed; Wednesday: 4:00 – 10:00 PM; Thursday: 4:00 – 10:00 PM; Friday: 4:00 – 10:00 PM; Saturday: 12:00 – 10:00 PM; Sunday: 12:00 – 7:00 PM", "open_24h": false, "open_1": null, "open_2": null, "open_3": "1600", "open_4": "1600", "open_5": "1600", "open_6": "1200", "open_0": "1200", "close_1": null, "close_2": null, "close_3": "2200", "close_4": "2200", "close_5": "2200", "close_6": "2200", "close_0": "1900" }, "geometry": { "type": "Point", "coordinates": [ -75.1533297, 39.9622916 ] } },
{ "type": "Feature", "properties": { "name": "Spring Garden Restaurant", "place_id": "ChIJa_WP9HzIxokR26DUeuYFrtA", "vicinity": "400 Spring Garden Street, Philadelphia", "types": "c(\"restaurant\", \"food\", \"point_of_interest\", \"establishment\")", "business_status": "OPERATIONAL", "weekday_text": "Monday: 5:00 AM – 3:00 PM; Tuesday: 5:00 AM – 3:00 PM; Wednesday: 5:00 AM – 3:00 PM; Thursday: 5:00 AM – 3:00 PM; Friday: 5:00 AM – 3:00 PM; Saturday: 5:00 AM – 2:00 PM; Sunday: 7:00 AM – 2:00 PM", "open_24h": false, "open_1": "0500", "open_2": "0500", "open_3": "0500", "open_4": "0500", "open_5": "0500", "open_6": "0500", "open_0": "0700", "close_1": "1500", "close_2": "1500", "close_3": "1500", "close_4": "1500", "close_5": "1500", "close_6": "1400", "close_0": "1400" }, "geometry": { "type": "Point", "coordinates": [ -75.145179500000012, 39.960875 ] } },
{ "type": "Feature", "properties": { "name": "St. Andrew's Russian Orthodox Cathedral", "place_id": "ChIJY2oavXvIxokR1VEsPvH2tAM", "vicinity": "707 North 5th Street, Philadelphia", "types": "c(\"church\", \"place_of_worship\", \"point_of_interest\", \"establishment\")", "business_status": null, "weekday_text": null, "open_24h": null, "open_1": null, "open_2": null, "open_3": null, "open_4": null, "open_5": null, "open_6": null, "open_0": null, "close_1": null, "close_2": null, "close_3": null, "close_4": null, "close_5": null, "close_6": null, "close_0": null }, "geometry": { "type": "Point", "coordinates": [ -75.1464991, 39.9635234 ] } },
{ "type": "Feature", "properties": { "name": "St. Michael the Archangel Russian Orthodox Church", "place_id": "ChIJxT5wT3vIxokRrjhwtW1ITEg", "vicinity": "335 Fairmount Avenue, Philadelphia", "types": "c(\"church\", \"place_of_worship\", \"point_of_interest\", \"establishment\")", "business_status": null, "weekday_text": null, "open_24h": null, "open_1": null, "open_2": null, "open_3": null, "open_4": null, "open_5": null, "open_6": null, "open_0": null, "close_1": null, "close_2": null, "close_3": null, "close_4": null, "close_5": null, "close_6": null, "close_0": null }, "geometry": { "type": "Point", "coordinates": [ -75.1443244, 39.9627312 ] } },
{ "type": "Feature", "properties": { "name": "Starbucks", "place_id": "ChIJ6U74wSzJxokRkWw2Th0EoOQ", "vicinity": "456 North 5th Street, Philadelphia", "types": "c(\"cafe\", \"food\", \"point_of_interest\", \"store\", \"establishment\")", "business_status": "OPERATIONAL", "weekday_text": "Monday: 7:00 AM – 8:00 PM; Tuesday: 7:00 AM – 8:00 PM; Wednesday: 7:00 AM – 8:00 PM; Thursday: 7:00 AM – 8:00 PM; Friday: 7:00 AM – 8:00 PM; Saturday: 8:00 AM – 8:00 PM; Sunday: 8:00 AM – 8:00 PM", "open_24h": false, "open_1": "0700", "open_2": "0700", "open_3": "0700", "open_4": "0700", "open_5": "0700", "open_6": "0800", "open_0": "0800", "close_1": "2000", "close_2": "2000", "close_3": "2000", "close_4": "2000", "close_5": "2000", "close_6": "2000", "close_0": "2000" }, "geometry": { "type": "Point", "coordinates": [ -75.148, 39.95997 ] } },
{ "type": "Feature", "properties": { "name": "Studio Breed", "place_id": "ChIJ98q0bn7IxokR3Nsd4cI-lnA", "vicinity": "413 North 7th Street, Philadelphia", "types": "c(\"point_of_interest\", \"store\", \"establishment\")", "business_status": null, "weekday_text": null, "open_24h": null, "open_1": null, "open_2": null, "open_3": null, "open_4": null, "open_5": null, "open_6": null, "open_0": null, "close_1": null, "close_2": null, "close_3": null, "close_4": null, "close_5": null, "close_6": null, "close_0": null }, "geometry": { "type": "Point", "coordinates": [ -75.1497998, 39.9590855 ] } },
{ "type": "Feature", "properties": { "name": "Tacos Daily Fresh", "place_id": "ChIJ23E9CgDHxokRn97ZhPQ0-MU", "vicinity": "519 North 11th Street, Philadelphia", "types": "c(\"restaurant\", \"food\", \"point_of_interest\", \"establishment\")", "business_status": "OPERATIONAL", "weekday_text": "Monday: 8:00 AM – 2:00 AM; Tuesday: 8:00 AM – 2:00 AM; Wednesday: 8:00 AM – 2:00 AM; Thursday: 8:00 AM – 2:00 AM; Friday: 8:00 AM – 2:00 AM; Saturday: 8:00 AM – 2:00 AM; Sunday: Closed", "open_24h": true, "open_1": "0800", "open_2": "0800", "open_3": "0800", "open_4": "0800", "open_5": "0800", "open_6": "0800", "open_0": "NA", "close_1": "NA", "close_2": "0200", "close_3": "0200", "close_4": "0200", "close_5": "0200", "close_6": "0200", "close_0": "0200" }, "geometry": { "type": "Point", "coordinates": [ -75.1559489, 39.9621529 ] } },
{ "type": "Feature", "properties": { "name": "Target", "place_id": "ChIJaTcBp5LJxokR8OWKykxS0lo", "vicinity": "456 North 5th Street, Philadelphia", "types": "c(\"department_store\", \"shoe_store\", \"furniture_store\", \"electronics_store\", \"clothing_store\", \"home_goods_store\", \"point_of_interest\", \"store\", \"establishment\")", "business_status": "OPERATIONAL", "weekday_text": "Monday: 7:00 AM – 10:00 PM; Tuesday: 7:00 AM – 10:00 PM; Wednesday: 7:00 AM – 10:00 PM; Thursday: 7:00 AM – 10:00 PM; Friday: 7:00 AM – 10:00 PM; Saturday: 8:00 AM – 10:00 PM; Sunday: 8:00 AM – 10:00 PM", "open_24h": false, "open_1": "0700", "open_2": "0700", "open_3": "0700", "open_4": "0700", "open_5": "0700", "open_6": "0800", "open_0": "0800", "close_1": "2200", "close_2": "2200", "close_3": "2200", "close_4": "2200", "close_5": "2200", "close_6": "2200", "close_0": "2200" }, "geometry": { "type": "Point", "coordinates": [ -75.147935, 39.9601331 ] } },
{ "type": "Feature", "properties": { "name": "Target Grocery", "place_id": "ChIJdYJajgrJxokRmkqx19-ewQM", "vicinity": "456 North 5th Street, Philadelphia", "types": "c(\"grocery_or_supermarket\", \"supermarket\", \"food\", \"point_of_interest\", \"store\", \"establishment\")", "business_status": "OPERATIONAL", "weekday_text": "Monday: 7:00 AM – 10:00 PM; Tuesday: 7:00 AM – 10:00 PM; Wednesday: 7:00 AM – 10:00 PM; Thursday: 7:00 AM – 10:00 PM; Friday: 7:00 AM – 10:00 PM; Saturday: 8:00 AM – 10:00 PM; Sunday: 8:00 AM – 10:00 PM", "open_24h": false, "open_1": "0700", "open_2": "0700", "open_3": "0700", "open_4": "0700", "open_5": "0700", "open_6": "0800", "open_0": "0800", "close_1": "2200", "close_2": "2200", "close_3": "2200", "close_4": "2200", "close_5": "2200", "close_6": "2200", "close_0": "2200" }, "geometry": { "type": "Point", "coordinates": [ -75.1478118, 39.9596977 ] } },
{ "type": "Feature", "properties": { "name": "The 700", "place_id": "ChIJHxQlmGTIxokRVN3mcBkfOIk", "vicinity": "700 North 2nd Street, Philadelphia", "types": "c(\"bar\", \"night_club\", \"point_of_interest\", \"establishment\")", "business_status": "OPERATIONAL", "weekday_text": "Monday: 3:30 PM – 2:00 AM; Tuesday: 3:30 PM – 2:00 AM; Wednesday: 3:30 PM – 2:00 AM; Thursday: 3:30 PM – 2:00 AM; Friday: 3:30 PM – 2:00 AM; Saturday: 2:00 PM – 2:00 AM; Sunday: 2:00 PM – 2:00 AM", "open_24h": false, "open_1": "1530", "open_2": "1530", "open_3": "1530", "open_4": "1530", "open_5": "1530", "open_6": "1400", "open_0": "1400", "close_1": "0200", "close_2": "0200", "close_3": "0200", "close_4": "0200", "close_5": "0200", "close_6": "0200", "close_0": "0200" }, "geometry": { "type": "Point", "coordinates": [ -75.1413974, 39.9620591 ] } },
{ "type": "Feature", "properties": { "name": "The Institute Craft Bar & Kitchen", "place_id": "ChIJiR6F0tXHxokRczFLI_KXaXE", "vicinity": "525 North 11th Street, Philadelphia", "types": "c(\"bar\", \"restaurant\", \"food\", \"point_of_interest\", \"establishment\")", "business_status": "OPERATIONAL", "weekday_text": "Monday: 4:00 PM – 2:00 AM; Tuesday: 4:00 PM – 2:00 AM; Wednesday: 4:00 PM – 2:00 AM; Thursday: 4:00 PM – 2:00 AM; Friday: 11:30 AM – 2:00 AM; Saturday: 10:00 AM – 2:00 AM; Sunday: 10:00 AM – 2:00 AM", "open_24h": false, "open_1": "1600", "open_2": "1600", "open_3": "1600", "open_4": "1600", "open_5": "1130", "open_6": "1000", "open_0": "1000", "close_1": "0200", "close_2": "0200", "close_3": "0200", "close_4": "0200", "close_5": "0200", "close_6": "0200", "close_0": "0200" }, "geometry": { "type": "Point", "coordinates": [ -75.1558798, 39.9624213 ] } },
{ "type": "Feature", "properties": { "name": "The Latvian Society of Philadelphia", "place_id": "ChIJn7l3un7IxokRRNkuBOOj6us", "vicinity": "531 North 7th Street, Philadelphia", "types": "c(\"point_of_interest\", \"establishment\")", "business_status": "OPERATIONAL", "weekday_text": "Monday: Closed; Tuesday: Closed; Wednesday: Closed; Thursday: 7:30 – 10:00 PM; Friday: 7:00 – 10:00 PM; Saturday: 7:30 – 10:00 PM; Sunday: 7:30 – 10:00 PM", "open_24h": false, "open_1": null, "open_2": null, "open_3": null, "open_4": "1930", "open_5": "1900", "open_6": "1930", "open_0": "1930", "close_1": null, "close_2": null, "close_3": null, "close_4": "2200", "close_5": "2200", "close_6": "2200", "close_0": "2200" }, "geometry": { "type": "Point", "coordinates": [ -75.1494594, 39.9618322 ] } },
{ "type": "Feature", "properties": { "name": "The Random Tea Room & Curiosity Shop", "place_id": "ChIJZaUya3vIxokRAiR_2h0_azI", "vicinity": "713 North 4th Street, Philadelphia", "types": "c(\"cafe\", \"food\", \"point_of_interest\", \"health\", \"establishment\")", "business_status": "OPERATIONAL", "weekday_text": "Monday: Closed; Tuesday: Closed; Wednesday: Closed; Thursday: 10:00 AM – 5:00 PM; Friday: 10:00 AM – 5:00 PM; Saturday: 10:00 AM – 6:00 PM; Sunday: 10:00 AM – 5:00 PM", "open_24h": false, "open_1": null, "open_2": null, "open_3": null, "open_4": "1000", "open_5": "1000", "open_6": "1000", "open_0": "1000", "close_1": null, "close_2": null, "close_3": null, "close_4": "1700", "close_5": "1700", "close_6": "1800", "close_0": "1700" }, "geometry": { "type": "Point", "coordinates": [ -75.1443891, 39.9631404 ] } },
{ "type": "Feature", "properties": { "name": "The Starlight Ballroom", "place_id": "ChIJ-YjgmH_IxokRJzaPPwNgm-8", "vicinity": "460 North 9th Street, Philadelphia", "types": "c(\"night_club\", \"point_of_interest\", \"establishment\")", "business_status": null, "weekday_text": null, "open_24h": null, "open_1": null, "open_2": null, "open_3": null, "open_4": null, "open_5": null, "open_6": null, "open_0": null, "close_1": null, "close_2": null, "close_3": null, "close_4": null, "close_5": null, "close_6": null, "close_0": null }, "geometry": { "type": "Point", "coordinates": [ -75.1532529, 39.9604847 ] } },
{ "type": "Feature", "properties": { "name": "The Winston Social Club", "place_id": "ChIJqay3F9fJxokReu07rvfIDM0", "vicinity": "461 North 3rd Street Suite 100, Philadelphia", "types": "c(\"restaurant\", \"food\", \"point_of_interest\", \"establishment\")", "business_status": "OPERATIONAL", "weekday_text": "Monday: Closed; Tuesday: Closed; Wednesday: Closed; Thursday: Closed; Friday: 12:00 – 3:30 AM; Saturday: 12:00 – 3:30 AM, 11:00 AM – 5:00 PM; Sunday: 11:00 AM – 5:00 PM", "open_24h": false, "open_1": null, "open_2": null, "open_3": null, "open_4": null, "open_5": "0000", "open_6": "0000;1100;0000;1100", "open_0": "1100", "close_1": null, "close_2": null, "close_3": null, "close_4": null, "close_5": "0330", "close_6": "0330;0330;1700;1700", "close_0": "1700" }, "geometry": { "type": "Point", "coordinates": [ -75.1435245, 39.9589192 ] } },
{ "type": "Feature", "properties": { "name": "Tire Heaven USA 🇺🇸 24 hour Emergency Service we come to you !", "place_id": "ChIJuZyndZPHxokRzFb1e0zdvSo", "vicinity": "Fifth Street and, 563 n fifth street, Spring Garden Street, Philadelphia", "types": "c(\"car_repair\", \"point_of_interest\", \"store\", \"establishment\")", "business_status": null, "weekday_text": null, "open_24h": null, "open_1": null, "open_2": null, "open_3": null, "open_4": null, "open_5": null, "open_6": null, "open_0": null, "close_1": null, "close_2": null, "close_3": null, "close_4": null, "close_5": null, "close_6": null, "close_0": null }, "geometry": { "type": "Point", "coordinates": [ -75.1464348, 39.9619021 ] } },
{ "type": "Feature", "properties": { "name": "Triple Bottom Brewing", "place_id": "ChIJO9V7iKDJxokR0ATbcpMKyj0", "vicinity": "915 Spring Garden Street, Philadelphia", "types": "c(\"bar\", \"restaurant\", \"food\", \"point_of_interest\", \"establishment\")", "business_status": "OPERATIONAL", "weekday_text": "Monday: Closed; Tuesday: Closed; Wednesday: 4:00 – 10:00 PM; Thursday: 4:00 – 10:00 PM; Friday: 4:00 – 10:00 PM; Saturday: 12:00 – 10:00 PM; Sunday: 12:00 – 7:00 PM", "open_24h": false, "open_1": null, "open_2": null, "open_3": "1600", "open_4": "1600", "open_5": "1600", "open_6": "1200", "open_0": "1200", "close_1": null, "close_2": null, "close_3": "2200", "close_4": "2200", "close_5": "2200", "close_6": "2200", "close_0": "1900" }, "geometry": { "type": "Point", "coordinates": [ -75.1535625, 39.9618226 ] } },
{ "type": "Feature", "properties": { "name": "Tung Yee Ltd Inc", "place_id": "ChIJgTn47tTHxokRTAUBeMAhcCQ", "vicinity": "430 North 12th Street, Philadelphia", "types": "c(\"grocery_or_supermarket\", \"food\", \"point_of_interest\", \"store\", \"establishment\")", "business_status": "OPERATIONAL", "weekday_text": "Monday: 9:00 AM – 7:00 PM; Tuesday: 9:00 AM – 7:00 PM; Wednesday: 9:00 AM – 7:00 PM; Thursday: 9:00 AM – 7:00 PM; Friday: 9:00 AM – 7:00 AM; Saturday: 9:00 AM – 7:00 PM; Sunday: 9:00 AM – 7:00 PM", "open_24h": true, "open_1": "0900", "open_2": "0900", "open_3": "0900", "open_4": "0900", "open_5": "0900", "open_6": "0900;0900", "open_0": "0900", "close_1": "1900", "close_2": "1900", "close_3": "1900", "close_4": "1900", "close_5": "NA", "close_6": "0700;1900", "close_0": "1900" }, "geometry": { "type": "Point", "coordinates": [ -75.1562833, 39.9600887 ] } },
{ "type": "Feature", "properties": { "name": "U-Beer Distributor", "place_id": "ChIJaXTBXgDJxokRaWTRVDWRWwY", "vicinity": "442 North 8th Street, Philadelphia", "types": "c(\"store\", \"point_of_interest\", \"establishment\")", "business_status": "OPERATIONAL", "weekday_text": "Monday: 9:30 AM – 7:00 PM; Tuesday: 9:30 AM – 7:00 PM; Wednesday: 9:30 AM – 7:00 PM; Thursday: 9:30 AM – 7:00 PM; Friday: 9:30 AM – 7:00 PM; Saturday: 9:30 AM – 7:00 PM; Sunday: 12:00 – 5:00 PM", "open_24h": false, "open_1": "0930", "open_2": "0930", "open_3": "0930", "open_4": "0930", "open_5": "0930", "open_6": "0930", "open_0": "1200", "close_1": "1900", "close_2": "1900", "close_3": "1900", "close_4": "1900", "close_5": "1900", "close_6": "1900", "close_0": "1700" }, "geometry": { "type": "Point", "coordinates": [ -75.1523318, 39.9597444 ] } },
{ "type": "Feature", "properties": { "name": "US Copy Center", "place_id": "ChIJlQDyRtLHxokRrXRwNgi63gw", "vicinity": "1021 Spring Garden Street, Philadelphia", "types": "c(\"finance\", \"point_of_interest\", \"establishment\")", "business_status": "OPERATIONAL", "weekday_text": "Monday: 10:00 AM – 6:00 PM; Tuesday: 10:00 AM – 6:00 PM; Wednesday: 10:00 AM – 6:00 PM; Thursday: 10:00 AM – 6:00 PM; Friday: 10:00 AM – 6:00 PM; Saturday: 12:00 – 4:00 PM; Sunday: Closed", "open_24h": false, "open_1": "1000", "open_2": "1000", "open_3": "1000", "open_4": "1000", "open_5": "1000", "open_6": "1200", "open_0": null, "close_1": "1800", "close_2": "1800", "close_3": "1800", "close_4": "1800", "close_5": "1800", "close_6": "1600", "close_0": null }, "geometry": { "type": "Point", "coordinates": [ -75.1552531, 39.9618976 ] } },
{ "type": "Feature", "properties": { "name": "Union Transfer", "place_id": "ChIJPWg_kNXHxokRPXdE7nqMsI4", "vicinity": "1026 Spring Garden Street, Philadelphia", "types": "c(\"bar\", \"point_of_interest\", \"establishment\")", "business_status": null, "weekday_text": null, "open_24h": null, "open_1": null, "open_2": null, "open_3": null, "open_4": null, "open_5": null, "open_6": null, "open_0": null, "close_1": null, "close_2": null, "close_3": null, "close_4": null, "close_5": null, "close_6": null, "close_0": null }, "geometry": { "type": "Point", "coordinates": [ -75.1553236, 39.9613876 ] } },
{ "type": "Feature", "properties": { "name": "Upcoming Events", "place_id": "ChIJH7M0HS_GxokRaOzzsjib07A", "vicinity": "461 North 3rd Street Suite 301, Philadelphia", "types": "c(\"point_of_interest\", \"store\", \"establishment\")", "business_status": "OPERATIONAL", "weekday_text": "Monday: 9:00 AM – 5:00 PM; Tuesday: 9:00 AM – 5:00 PM; Wednesday: 9:00 AM – 5:00 PM; Thursday: 9:00 AM – 5:00 PM; Friday: 9:00 AM – 5:00 PM; Saturday: Closed; Sunday: Closed", "open_24h": false, "open_1": "0900", "open_2": "0900", "open_3": "0900", "open_4": "0900", "open_5": "0900", "open_6": null, "open_0": null, "close_1": "1700", "close_2": "1700", "close_3": "1700", "close_4": "1700", "close_5": "1700", "close_6": null, "close_0": null }, "geometry": { "type": "Point", "coordinates": [ -75.1435245, 39.9589192 ] } },
{ "type": "Feature", "properties": { "name": "Victoria Wright Bridal & Couture", "place_id": "ChIJl_K7rULLxokRIpHynKVLomE", "vicinity": "448 North 10th Street Suite 503, Philadelphia", "types": "c(\"clothing_store\", \"point_of_interest\", \"store\", \"establishment\")", "business_status": null, "weekday_text": null, "open_24h": null, "open_1": null, "open_2": null, "open_3": null, "open_4": null, "open_5": null, "open_6": null, "open_0": null, "close_1": null, "close_2": null, "close_3": null, "close_4": null, "close_5": null, "close_6": null, "close_0": null }, "geometry": { "type": "Point", "coordinates": [ -75.1550326, 39.9604675 ] } },
{ "type": "Feature", "properties": { "name": "Wellfed", "place_id": "ChIJ7asRimPJxokRy1pXdr5Fqeg", "vicinity": "444 North 4th Street, Philadelphia", "types": "c(\"cafe\", \"restaurant\", \"food\", \"point_of_interest\", \"establishment\")", "business_status": "OPERATIONAL", "weekday_text": "Monday: 8:00 AM – 3:00 PM; Tuesday: 8:00 AM – 3:00 PM; Wednesday: 8:00 AM – 3:00 PM; Thursday: 8:00 AM – 3:00 PM; Friday: 8:00 AM – 3:00 PM; Saturday: Closed; Sunday: Closed", "open_24h": false, "open_1": "0800", "open_2": "0800", "open_3": "0800", "open_4": "0800", "open_5": "0800", "open_6": null, "open_0": null, "close_1": "1500", "close_2": "1500", "close_3": "1500", "close_4": "1500", "close_5": "1500", "close_6": null, "close_0": null }, "geometry": { "type": "Point", "coordinates": [ -75.1458961, 39.9592236 ] } },
{ "type": "Feature", "properties": { "name": "Yanaga Kappo Izakaya", "place_id": "ChIJ8WFysm3JxokROk0L9fMzvLI", "vicinity": "637 North 3rd Street, Philadelphia", "types": "c(\"restaurant\", \"food\", \"point_of_interest\", \"establishment\")", "business_status": "OPERATIONAL", "weekday_text": "Monday: 4:00 – 10:00 PM; Tuesday: 4:00 – 10:00 PM; Wednesday: 4:00 – 10:30 PM; Thursday: 4:00 – 10:30 PM; Friday: 11:30 AM – 11:00 PM; Saturday: 11:30 AM – 11:00 PM; Sunday: 11:30 AM – 10:00 PM", "open_24h": false, "open_1": "1600", "open_2": "1600", "open_3": "1600", "open_4": "1600", "open_5": "1130", "open_6": "1130", "open_0": "1130", "close_1": "2200", "close_2": "2200", "close_3": "2230", "close_4": "2230", "close_5": "2300", "close_6": "2300", "close_0": "2200" }, "geometry": { "type": "Point", "coordinates": [ -75.1429202, 39.9622062 ] } },
{ "type": "Feature", "properties": { "name": "Yards Brewing Company", "place_id": "ChIJa9ZbkWbIxokRR2aZnHtEygc", "vicinity": "500 Spring Garden Street, Philadelphia", "types": "c(\"bar\", \"liquor_store\", \"restaurant\", \"food\", \"store\", \"point_of_interest\", \"establishment\")", "business_status": "OPERATIONAL", "weekday_text": "Monday: 11:30 AM – 10:00 PM; Tuesday: 11:30 AM – 10:00 PM; Wednesday: 11:30 AM – 10:00 PM; Thursday: 11:30 AM – 11:00 PM; Friday: 11:30 AM – 11:00 PM; Saturday: 11:30 AM – 11:00 PM; Sunday: 11:30 AM – 10:00 PM", "open_24h": false, "open_1": "1130", "open_2": "1130", "open_3": "1130", "open_4": "1130", "open_5": "1130", "open_6": "1130", "open_0": "1130", "close_1": "2200", "close_2": "2200", "close_3": "2200", "close_4": "2300", "close_5": "2300", "close_6": "2300", "close_0": "2200" }, "geometry": { "type": "Point", "coordinates": [ -75.1469083, 39.9609866 ] } },
{ "type": "Feature", "properties": { "name": "luxury convenience store", "place_id": "ChIJb5trnOnHxokRbMo_fDaN4Cs", "vicinity": "1015 Spring Garden Street, Philadelphia", "types": "c(\"grocery_or_supermarket\", \"food\", \"point_of_interest\", \"store\", \"establishment\")", "business_status": null, "weekday_text": null, "open_24h": null, "open_1": null, "open_2": null, "open_3": null, "open_4": null, "open_5": null, "open_6": null, "open_0": null, "close_1": null, "close_2": null, "close_3": null, "close_4": null, "close_5": null, "close_6": null, "close_0": null }, "geometry": { "type": "Point", "coordinates": [ -75.1550169, 39.9619109 ] } },
{ "type": "Feature", "properties": { "name": "millennium³ management", "place_id": "ChIJvelW8TbGxokR53C7T08WHqQ", "vicinity": "421 North 7th Street #603, Philadelphia", "types": "c(\"point_of_interest\", \"establishment\")", "business_status": null, "weekday_text": null, "open_24h": null, "open_1": null, "open_2": null, "open_3": null, "open_4": null, "open_5": null, "open_6": null, "open_0": null, "close_1": null, "close_2": null, "close_3": null, "close_4": null, "close_5": null, "close_6": null, "close_0": null }, "geometry": { "type": "Point", "coordinates": [ -75.1500241, 39.958937 ] } }
]
}
