{
"type": "FeatureCollection",
"name": "places_u_city_west",
"crs": { "type": "name", "properties": { "name": "urn:ogc:def:crs:OGC:1.3:CRS84" } },
"features": [
{ "type": "Feature", "properties": { "name": "&pizza", "place_id": "ChIJFxZCtGbHxokRLuv1BMpXTpQ", "vicinity": "3925 Walnut Street, Philadelphia", "types": "c(\"meal_delivery\", \"restaurant\", \"food\", \"point_of_interest\", \"establishment\")", "business_status": "OPERATIONAL", "weekday_text": "Monday: 11:00 AM – 10:00 PM; Tuesday: 11:00 AM – 10:00 PM; Wednesday: 11:00 AM – 10:00 PM; Thursday: 11:00 AM – 10:00 PM; Friday: 11:00 AM – 11:30 PM; Saturday: 11:00 AM – 11:30 PM; Sunday: 11:00 AM – 10:00 PM", "open_24h": false, "open_0": "1100", "open_1": "1100", "open_2": "1100", "open_3": "1100", "open_4": "1100", "open_5": "1100", "open_6": "1100", "close_0": "2200", "close_1": "2200", "close_2": "2200", "close_3": "2200", "close_4": "2200", "close_5": "2330", "close_6": "2330" }, "geometry": { "type": "Point", "coordinates": [ -75.2014479, 39.9541463 ] } },
{ "type": "Feature", "properties": { "name": "3737 Chestnut", "place_id": "ChIJVxGuC1fGxokRtlLoV_iVV98", "vicinity": "3737 Chestnut Street, Philadelphia", "types": "c(\"point_of_interest\", \"establishment\")", "business_status": "OPERATIONAL", "weekday_text": "Monday: 9:00 AM – 6:00 PM; Tuesday: 9:00 AM – 6:00 PM; Wednesday: 9:00 AM – 6:00 PM; Thursday: 9:00 AM – 6:00 PM; Friday: 9:00 AM – 5:00 PM; Saturday: 10:00 AM – 4:00 PM; Sunday: Closed", "open_24h": false, "open_0": null, "open_1": "0900", "open_2": "0900", "open_3": "0900", "open_4": "0900", "open_5": "0900", "open_6": "1000", "close_0": null, "close_1": "1800", "close_2": "1800", "close_3": "1800", "close_4": "1800", "close_5": "1700", "close_6": "1600" }, "geometry": { "type": "Point", "coordinates": [ -75.1978774, 39.9553431 ] } },
{ "type": "Feature", "properties": { "name": "4026 Convenience Store", "place_id": "ChIJCZMH9PjGxokRpf45Y7g2BLc", "vicinity": "4028 Market Street, Philadelphia", "types": "c(\"convenience_store\", \"food\", \"point_of_interest\", \"store\", \"establishment\")", "business_status": null, "weekday_text": null, "open_24h": null, "open_0": null, "open_1": null, "open_2": null, "open_3": null, "open_4": null, "open_5": null, "open_6": null, "close_0": null, "close_1": null, "close_2": null, "close_3": null, "close_4": null, "close_5": null, "close_6": null }, "geometry": { "type": "Point", "coordinates": [ -75.2030561, 39.9571543 ] } },
{ "type": "Feature", "properties": { "name": "ACME Markets", "place_id": "ChIJC2jiyavHxokRmu-rm7lbZB0", "vicinity": "4001 Walnut Street, Philadelphia", "types": "c(\"grocery_or_supermarket\", \"florist\", \"supermarket\", \"bakery\", \"food\", \"store\", \"point_of_interest\", \"establishment\")", "business_status": "OPERATIONAL", "weekday_text": "Monday: 7:00 AM – 11:00 PM; Tuesday: 7:00 AM – 11:00 PM; Wednesday: 7:00 AM – 11:00 PM; Thursday: 7:00 AM – 11:00 PM; Friday: 7:00 AM – 11:00 PM; Saturday: 7:00 AM – 11:00 PM; Sunday: 7:00 AM – 11:00 PM", "open_24h": false, "open_0": "0700", "open_1": "0700", "open_2": "0700", "open_3": "0700", "open_4": "0700", "open_5": "0700", "open_6": "0700", "close_0": "2300", "close_1": "2300", "close_2": "2300", "close_3": "2300", "close_4": "2300", "close_5": "2300", "close_6": "2300" }, "geometry": { "type": "Point", "coordinates": [ -75.2029622, 39.954574099999988 ] } },
{ "type": "Feature", "properties": { "name": "AT&T Store", "place_id": "ChIJfZHff1fGxokR_ywQnzW-dt8", "vicinity": "3741 Walnut Street, Philadelphia", "types": "c(\"point_of_interest\", \"store\", \"establishment\")", "business_status": "OPERATIONAL", "weekday_text": "Monday: 10:00 AM – 7:00 PM; Tuesday: 10:00 AM – 7:00 PM; Wednesday: 10:00 AM – 7:00 PM; Thursday: 10:00 AM – 7:00 PM; Friday: 10:00 AM – 7:00 PM; Saturday: 10:00 AM – 7:00 PM; Sunday: 11:00 AM – 6:00 PM", "open_24h": false, "open_0": "1100", "open_1": "1000", "open_2": "1000", "open_3": "1000", "open_4": "1000", "open_5": "1000", "open_6": "1000", "close_0": "1800", "close_1": "1900", "close_2": "1900", "close_3": "1900", "close_4": "1900", "close_5": "1900", "close_6": "1900" }, "geometry": { "type": "Point", "coordinates": [ -75.198161700000014, 39.9538026 ] } },
{ "type": "Feature", "properties": { "name": "Allegro Pizza and Grill", "place_id": "ChIJp5UDS_bGxokRMU_9S83tzJQ", "vicinity": "3942 Spruce Street, Philadelphia", "types": "c(\"meal_delivery\", \"meal_takeaway\", \"restaurant\", \"food\", \"point_of_interest\", \"establishment\")", "business_status": "OPERATIONAL", "weekday_text": "Monday: 10:00 AM – 10:00 PM; Tuesday: 10:00 AM – 10:00 PM; Wednesday: 10:00 AM – 10:00 PM; Thursday: 10:00 AM – 10:00 PM; Friday: 10:00 AM – 10:00 PM; Saturday: 10:00 AM – 10:00 PM; Sunday: 11:00 AM – 10:00 PM", "open_24h": false, "open_0": "1100", "open_1": "1000", "open_2": "1000", "open_3": "1000", "open_4": "1000", "open_5": "1000", "open_6": "1000", "close_0": "2200", "close_1": "2200", "close_2": "2200", "close_3": "2200", "close_4": "2200", "close_5": "2200", "close_6": "2200" }, "geometry": { "type": "Point", "coordinates": [ -75.2029001, 39.9514814 ] } },
{ "type": "Feature", "properties": { "name": "Amma's South Indian Cuisine", "place_id": "ChIJUQCEzVDHxokRLszHkktOCFI", "vicinity": "103 South 39th Street Unit 3, Philadelphia", "types": "c(\"restaurant\", \"food\", \"point_of_interest\", \"establishment\")", "business_status": "OPERATIONAL", "weekday_text": "Monday: 11:00 AM – 10:00 PM; Tuesday: 11:00 AM – 10:00 PM; Wednesday: 11:00 AM – 10:00 PM; Thursday: 11:00 AM – 10:30 PM; Friday: 11:00 AM – 10:30 PM; Saturday: 11:00 AM – 10:30 PM; Sunday: 11:00 AM – 10:00 PM", "open_24h": false, "open_0": "1100", "open_1": "1100", "open_2": "1100", "open_3": "1100", "open_4": "1100", "open_5": "1100", "open_6": "1100", "close_0": "2200", "close_1": "2200", "close_2": "2200", "close_3": "2200", "close_4": "2230", "close_5": "2230", "close_6": "2230" }, "geometry": { "type": "Point", "coordinates": [ -75.1999049, 39.954803 ] } },
{ "type": "Feature", "properties": { "name": "Asad's Hot Chicken", "place_id": "ChIJK8NfoF3HxokRrN0KhLyJsaA", "vicinity": "16 South 40th Street, Philadelphia", "types": "c(\"meal_takeaway\", \"restaurant\", \"food\", \"point_of_interest\", \"establishment\")", "business_status": "OPERATIONAL", "weekday_text": "Monday: 10:00 AM – 2:00 AM; Tuesday: 10:00 AM – 2:00 AM; Wednesday: 10:00 AM – 2:00 AM; Thursday: 10:00 AM – 2:00 AM; Friday: 10:00 AM – 3:00 AM; Saturday: 10:00 AM – 3:00 AM; Sunday: 10:00 AM – 2:00 AM", "open_24h": false, "open_0": "1000", "open_1": "1000", "open_2": "1000", "open_3": "1000", "open_4": "1000", "open_5": "1000", "open_6": "1000", "close_0": "0300", "close_1": "0200", "close_2": "0200", "close_3": "0200", "close_4": "0200", "close_5": "0200", "close_6": "0300" }, "geometry": { "type": "Point", "coordinates": [ -75.2022024, 39.9567443 ] } },
{ "type": "Feature", "properties": { "name": "Asian Garden", "place_id": "ChIJwXUi-_jGxokRVeBOdhzAPjs", "vicinity": "4047 Market Street, Philadelphia", "types": "c(\"restaurant\", \"food\", \"point_of_interest\", \"establishment\")", "business_status": "OPERATIONAL", "weekday_text": "Monday: 11:30 AM – 10:10 PM; Tuesday: 11:30 AM – 10:10 PM; Wednesday: 11:30 AM – 10:10 PM; Thursday: 11:30 AM – 10:10 PM; Friday: 11:20 AM – 10:25 PM; Saturday: 12:45 – 9:30 PM; Sunday: Closed", "open_24h": false, "open_0": null, "open_1": "1130", "open_2": "1130", "open_3": "1130", "open_4": "1130", "open_5": "1120", "open_6": "1245", "close_0": null, "close_1": "2210", "close_2": "2210", "close_3": "2210", "close_4": "2210", "close_5": "2225", "close_6": "2130" }, "geometry": { "type": "Point", "coordinates": [ -75.2036248, 39.957637299999988 ] } },
{ "type": "Feature", "properties": { "name": "Bank of America Financial Center", "place_id": "ChIJX9LkAFjGxokRK9CiRYbNip8", "vicinity": "3925 Walnut Street STE 131, Philadelphia", "types": "c(\"bank\", \"finance\", \"point_of_interest\", \"establishment\")", "business_status": "OPERATIONAL", "weekday_text": "Monday: 8:30 AM – 5:00 PM; Tuesday: 8:30 AM – 5:00 PM; Wednesday: 8:30 AM – 5:00 PM; Thursday: 8:30 AM – 5:00 PM; Friday: 8:30 AM – 5:00 PM; Saturday: 9:00 AM – 2:00 PM; Sunday: Closed", "open_24h": false, "open_0": null, "open_1": "0830", "open_2": "0830", "open_3": "0830", "open_4": "0830", "open_5": "0830", "open_6": "0900", "close_0": null, "close_1": "1700", "close_2": "1700", "close_3": "1700", "close_4": "1700", "close_5": "1700", "close_6": "1400" }, "geometry": { "type": "Point", "coordinates": [ -75.2011919, 39.9542356 ] } },
{ "type": "Feature", "properties": { "name": "Bar ABCD", "place_id": "ChIJwdMMt7THxokR7QG1495pazM", "vicinity": "4000 Chestnut Street, Philadelphia", "types": "c(\"bar\", \"point_of_interest\", \"establishment\")", "business_status": null, "weekday_text": null, "open_24h": null, "open_0": null, "open_1": null, "open_2": null, "open_3": null, "open_4": null, "open_5": null, "open_6": null, "close_0": null, "close_1": null, "close_2": null, "close_3": null, "close_4": null, "close_5": null, "close_6": null }, "geometry": { "type": "Point", "coordinates": [ -75.202477, 39.9554167 ] } },
{ "type": "Feature", "properties": { "name": "Beer Garden at uCity Square", "place_id": "ChIJ_evZTQDHxokR_bdvmOOojFM", "vicinity": "Cuthbert Street, Philadelphia", "types": "c(\"bar\", \"point_of_interest\", \"establishment\")", "business_status": "OPERATIONAL", "weekday_text": "Monday: Closed; Tuesday: Closed; Wednesday: Closed; Thursday: 4:00 – 8:00 PM; Friday: 4:00 – 8:00 PM; Saturday: Closed; Sunday: Closed", "open_24h": false, "open_0": null, "open_1": null, "open_2": null, "open_3": null, "open_4": "1600", "open_5": "1600", "open_6": null, "close_0": null, "close_1": null, "close_2": null, "close_3": null, "close_4": "2000", "close_5": "2000", "close_6": null }, "geometry": { "type": "Point", "coordinates": [ -75.1959099, 39.9576071 ] } },
{ "type": "Feature", "properties": { "name": "Bell Telephone", "place_id": "ChIJZb1pvVfGxokRlXLKvf2jla8", "vicinity": "United States", "types": "c(\"point_of_interest\", \"store\", \"establishment\")", "business_status": null, "weekday_text": null, "open_24h": null, "open_0": null, "open_1": null, "open_2": null, "open_3": null, "open_4": null, "open_5": null, "open_6": null, "close_0": null, "close_1": null, "close_2": null, "close_3": null, "close_4": null, "close_5": null, "close_6": null }, "geometry": { "type": "Point", "coordinates": [ -75.19914, 39.9551309 ] } },
{ "type": "Feature", "properties": { "name": "Ben & Jerry’s", "place_id": "ChIJl1Qkk_fGxokR6lDpX8-AkAU", "vicinity": "218 South 40th Street, Philadelphia", "types": "c(\"bakery\", \"meal_takeaway\", \"restaurant\", \"food\", \"point_of_interest\", \"store\", \"establishment\")", "business_status": "OPERATIONAL", "weekday_text": "Monday: 11:00 AM – 10:00 PM; Tuesday: 11:00 AM – 10:00 PM; Wednesday: 11:00 AM – 10:00 PM; Thursday: 11:00 AM – 10:00 PM; Friday: 11:00 AM – 10:00 PM; Saturday: 11:00 AM – 10:00 PM; Sunday: 11:00 AM – 10:00 PM", "open_24h": false, "open_0": "1100", "open_1": "1100", "open_2": "1100", "open_3": "1100", "open_4": "1100", "open_5": "1100", "open_6": "1100", "close_0": "2200", "close_1": "2200", "close_2": "2200", "close_3": "2200", "close_4": "2200", "close_5": "2200", "close_6": "2200" }, "geometry": { "type": "Point", "coordinates": [ -75.2029584, 39.953536799999988 ] } },
{ "type": "Feature", "properties": { "name": "Bennett Melissa E MD", "place_id": "ChIJT3BVwFfGxokREeRvkgwzob8", "vicinity": "North 39th Street, Philadelphia", "types": "c(\"doctor\", \"health\", \"point_of_interest\", \"establishment\")", "business_status": null, "weekday_text": null, "open_24h": null, "open_0": null, "open_1": null, "open_2": null, "open_3": null, "open_4": null, "open_5": null, "open_6": null, "close_0": null, "close_1": null, "close_2": null, "close_3": null, "close_4": null, "close_5": null, "close_6": null }, "geometry": { "type": "Point", "coordinates": [ -75.2000728, 39.955263 ] } },
{ "type": "Feature", "properties": { "name": "Best Deal Discount Store", "place_id": "ChIJk0GvkfjGxokR4hT35U-GktI", "vicinity": "4005 Market Street, Philadelphia", "types": "c(\"point_of_interest\", \"store\", \"establishment\")", "business_status": "OPERATIONAL", "weekday_text": "Monday: 9:00 AM – 7:00 PM; Tuesday: 9:00 AM – 7:00 PM; Wednesday: 9:00 AM – 7:00 PM; Thursday: 9:00 AM – 7:00 PM; Friday: 9:00 AM – 7:00 PM; Saturday: 9:30 AM – 7:00 PM; Sunday: 10:00 AM – 7:00 PM", "open_24h": false, "open_0": "1000", "open_1": "0900", "open_2": "0900", "open_3": "0900", "open_4": "0900", "open_5": "0900", "open_6": "0930", "close_0": "1900", "close_1": "1900", "close_2": "1900", "close_3": "1900", "close_4": "1900", "close_5": "1900", "close_6": "1900" }, "geometry": { "type": "Point", "coordinates": [ -75.2021573, 39.9574781 ] } },
{ "type": "Feature", "properties": { "name": "Bonchon University City", "place_id": "ChIJMeNUKe7HxokRbLpSzQee6c8", "vicinity": "3836 Chestnut Street, Philadelphia", "types": "c(\"meal_takeaway\", \"restaurant\", \"food\", \"point_of_interest\", \"establishment\")", "business_status": "OPERATIONAL", "weekday_text": "Monday: 11:00 AM – 11:00 PM; Tuesday: 11:00 AM – 11:00 PM; Wednesday: 11:00 AM – 11:00 PM; Thursday: 11:00 AM – 11:00 PM; Friday: 11:00 AM – 2:00 AM; Saturday: 11:00 AM – 2:00 AM; Sunday: 11:00 AM – 11:00 PM", "open_24h": true, "open_0": "1100;1100", "open_1": "1100", "open_2": "1100", "open_3": "1100", "open_4": "1100", "open_5": "1100", "open_6": "1100", "close_0": "2300;0200", "close_1": "2300", "close_2": "2300", "close_3": "2300", "close_4": "2300", "close_5": "NA", "close_6": "0200" }, "geometry": { "type": "Point", "coordinates": [ -75.1998972, 39.955133 ] } },
{ "type": "Feature", "properties": { "name": "CVS", "place_id": "ChIJMbj89_fGxokRcif5ft0yI3M", "vicinity": "3925 Walnut Street, Philadelphia", "types": "c(\"drugstore\", \"convenience_store\", \"clothing_store\", \"food\", \"store\", \"health\", \"point_of_interest\", \"establishment\")", "business_status": "OPERATIONAL", "weekday_text": "Monday: 7:00 AM – 11:00 PM; Tuesday: 7:00 AM – 11:00 PM; Wednesday: 7:00 AM – 11:00 PM; Thursday: 7:00 AM – 11:00 PM; Friday: 7:00 AM – 11:00 PM; Saturday: 7:00 AM – 11:00 PM; Sunday: 8:00 AM – 11:00 PM", "open_24h": false, "open_0": "0800", "open_1": "0700", "open_2": "0700", "open_3": "0700", "open_4": "0700", "open_5": "0700", "open_6": "0700", "close_0": "2300", "close_1": "2300", "close_2": "2300", "close_3": "2300", "close_4": "2300", "close_5": "2300", "close_6": "2300" }, "geometry": { "type": "Point", "coordinates": [ -75.2019488, 39.9541723 ] } },
{ "type": "Feature", "properties": { "name": "CVS Pharmacy", "place_id": "ChIJuzS7APjGxokRNsEUp1UZFS8", "vicinity": "3925 Walnut Street, Philadelphia", "types": "c(\"pharmacy\", \"store\", \"health\", \"point_of_interest\", \"establishment\")", "business_status": "OPERATIONAL", "weekday_text": "Monday: 9:00 AM – 1:30 PM, 2:00 – 7:00 PM; Tuesday: 9:00 AM – 1:30 PM, 2:00 – 7:00 PM; Wednesday: 9:00 AM – 1:30 PM, 2:00 – 7:00 PM; Thursday: 9:00 AM – 1:30 PM, 2:00 – 7:00 PM; Friday: 9:00 AM – 1:30 PM, 2:00 – 7:00 PM; Saturday: 10:00 AM – 1:30 PM, 2:00 – 6:00 PM; Sunday: 11:00 AM – 1:30 PM, 2:00 – 5:00 PM", "open_24h": false, "open_0": "1100;1400;1100;1400", "open_1": "0900;1400;0900;1400", "open_2": "0900;1400;0900;1400", "open_3": "0900;1400;0900;1400", "open_4": "0900;1400;0900;1400", "open_5": "0900;1400;0900;1400", "open_6": "1000;1400;1000;1400", "close_0": "1330;1330;1700;1700", "close_1": "1330;1330;1900;1900", "close_2": "1330;1330;1900;1900", "close_3": "1330;1330;1900;1900", "close_4": "1330;1330;1900;1900", "close_5": "1330;1330;1900;1900", "close_6": "1330;1330;1800;1800" }, "geometry": { "type": "Point", "coordinates": [ -75.2014754, 39.954251 ] } },
{ "type": "Feature", "properties": { "name": "CVS Photo", "place_id": "ChIJuzS7APjGxokRs8YBGsHT3To", "vicinity": "3925 Walnut Street, Philadelphia", "types": "c(\"electronics_store\", \"home_goods_store\", \"store\", \"point_of_interest\", \"establishment\")", "business_status": "OPERATIONAL", "weekday_text": "Monday: 7:00 AM – 11:00 PM; Tuesday: 7:00 AM – 11:00 PM; Wednesday: 7:00 AM – 11:00 PM; Thursday: 7:00 AM – 11:00 PM; Friday: 7:00 AM – 11:00 PM; Saturday: 7:00 AM – 11:00 PM; Sunday: 8:00 AM – 11:00 PM", "open_24h": false, "open_0": "0800", "open_1": "0700", "open_2": "0700", "open_3": "0700", "open_4": "0700", "open_5": "0700", "open_6": "0700", "close_0": "2300", "close_1": "2300", "close_2": "2300", "close_3": "2300", "close_4": "2300", "close_5": "2300", "close_6": "2300" }, "geometry": { "type": "Point", "coordinates": [ -75.20196, 39.9541693 ] } },
{ "type": "Feature", "properties": { "name": "Café Square One", "place_id": "ChIJL3VRYrDHxokRAHGuwAoXIvg", "vicinity": "3900 Chestnut Street, Philadelphia", "types": "c(\"cafe\", \"meal_takeaway\", \"restaurant\", \"food\", \"store\", \"point_of_interest\", \"establishment\")", "business_status": "OPERATIONAL", "weekday_text": "Monday: 7:00 AM – 5:00 PM; Tuesday: 7:00 AM – 5:00 PM; Wednesday: 7:00 AM – 5:00 PM; Thursday: 7:00 AM – 5:00 PM; Friday: 7:00 AM – 5:00 PM; Saturday: 8:00 AM – 3:00 PM; Sunday: 8:00 AM – 3:00 PM", "open_24h": false, "open_0": "0800", "open_1": "0700", "open_2": "0700", "open_3": "0700", "open_4": "0700", "open_5": "0700", "open_6": "0800", "close_0": "1500", "close_1": "1700", "close_2": "1700", "close_3": "1700", "close_4": "1700", "close_5": "1700", "close_6": "1500" }, "geometry": { "type": "Point", "coordinates": [ -75.200315, 39.954973 ] } },
{ "type": "Feature", "properties": { "name": "Carters Pizza and Beer", "place_id": "ChIJvWwDiZzHxokRDFx-7kL8e0M", "vicinity": "3816 Chestnut Street #1, Philadelphia", "types": "c(\"restaurant\", \"meal_delivery\", \"liquor_store\", \"meal_takeaway\", \"food\", \"point_of_interest\", \"store\", \"establishment\")", "business_status": "OPERATIONAL", "weekday_text": "Monday: 10:00 AM – 11:00 PM; Tuesday: 10:00 AM – 11:00 PM; Wednesday: 10:00 AM – 11:00 PM; Thursday: 10:00 AM – 11:00 PM; Friday: 10:00 AM – 11:00 PM; Saturday: 11:00 AM – 11:00 PM; Sunday: 11:00 AM – 11:00 PM", "open_24h": false, "open_0": "1100", "open_1": "1000", "open_2": "1000", "open_3": "1000", "open_4": "1000", "open_5": "1000", "open_6": "1100", "close_0": "2300", "close_1": "2300", "close_2": "2300", "close_3": "2300", "close_4": "2300", "close_5": "2300", "close_6": "2300" }, "geometry": { "type": "Point", "coordinates": [ -75.1998474, 39.9552069 ] } },
{ "type": "Feature", "properties": { "name": "Central Parking", "place_id": "ChIJFdpjT1bGxokR6iH0DVYQ6i4", "vicinity": "3901 Market Street, Philadelphia", "types": "c(\"parking\", \"point_of_interest\", \"establishment\")", "business_status": null, "weekday_text": null, "open_24h": null, "open_0": null, "open_1": null, "open_2": null, "open_3": null, "open_4": null, "open_5": null, "open_6": null, "close_0": null, "close_1": null, "close_2": null, "close_3": null, "close_4": null, "close_5": null, "close_6": null }, "geometry": { "type": "Point", "coordinates": [ -75.2007276, 39.9574429 ] } },
{ "type": "Feature", "properties": { "name": "Chestnut Hall Apartments", "place_id": "ChIJm03961fGxokRQy_qsog84qQ", "vicinity": "3900 Chestnut Street, Philadelphia", "types": "c(\"point_of_interest\", \"establishment\")", "business_status": "OPERATIONAL", "weekday_text": "Monday: 10:00 AM – 6:00 PM; Tuesday: 10:00 AM – 6:00 PM; Wednesday: 10:00 AM – 6:00 PM; Thursday: 10:00 AM – 7:00 PM; Friday: 10:00 AM – 6:00 PM; Saturday: 10:00 AM – 6:00 PM; Sunday: 10:00 AM – 5:00 PM", "open_24h": false, "open_0": "1000", "open_1": "1000", "open_2": "1000", "open_3": "1000", "open_4": "1000", "open_5": "1000", "open_6": "1000", "close_0": "1700", "close_1": "1800", "close_2": "1800", "close_3": "1800", "close_4": "1900", "close_5": "1800", "close_6": "1800" }, "geometry": { "type": "Point", "coordinates": [ -75.2003871, 39.9549946 ] } },
{ "type": "Feature", "properties": { "name": "Chipotle Mexican Grill", "place_id": "ChIJuUxUAPjGxokR5LQ9X3-89bo", "vicinity": "3925 Walnut Street, Philadelphia", "types": "c(\"restaurant\", \"food\", \"point_of_interest\", \"establishment\")", "business_status": "OPERATIONAL", "weekday_text": "Monday: 10:45 AM – 11:00 PM; Tuesday: 10:45 AM – 11:00 PM; Wednesday: 10:45 AM – 11:00 PM; Thursday: 10:45 AM – 11:00 PM; Friday: 10:45 AM – 11:00 PM; Saturday: 10:45 AM – 11:00 PM; Sunday: 10:45 AM – 11:00 PM", "open_24h": false, "open_0": "1045", "open_1": "1045", "open_2": "1045", "open_3": "1045", "open_4": "1045", "open_5": "1045", "open_6": "1045", "close_0": "2300", "close_1": "2300", "close_2": "2300", "close_3": "2300", "close_4": "2300", "close_5": "2300", "close_6": "2300" }, "geometry": { "type": "Point", "coordinates": [ -75.201383, 39.9543725 ] } },
{ "type": "Feature", "properties": { "name": "Cinemark University City Penn 6", "place_id": "ChIJY4NRhvfGxokRHOiXD0qdWsU", "vicinity": "4012 Walnut Street, Philadelphia", "types": "c(\"movie_theater\", \"meal_takeaway\", \"restaurant\", \"food\", \"point_of_interest\", \"establishment\")", "business_status": null, "weekday_text": null, "open_24h": null, "open_0": null, "open_1": null, "open_2": null, "open_3": null, "open_4": null, "open_5": null, "open_6": null, "close_0": null, "close_1": null, "close_2": null, "close_3": null, "close_4": null, "close_5": null, "close_6": null }, "geometry": { "type": "Point", "coordinates": [ -75.2031153, 39.9536288 ] } },
{ "type": "Feature", "properties": { "name": "Class of 1920 Commons", "place_id": "ChIJHQAxR1jGxokRG7oU9cINYwk", "vicinity": "3800 Locust Walk, Philadelphia", "types": "c(\"cafe\", \"restaurant\", \"food\", \"point_of_interest\", \"store\", \"establishment\")", "business_status": "OPERATIONAL", "weekday_text": "Monday: 7:30 – 10:30 AM, 11:00 AM – 4:30 PM, 5:00 – 9:30 PM; Tuesday: 7:30 – 10:30 AM, 11:00 AM – 4:30 PM, 5:00 – 9:30 PM; Wednesday: 7:30 – 10:30 AM, 11:00 AM – 4:30 PM, 5:00 – 9:30 PM; Thursday: 7:30 – 10:30 AM, 11:00 AM – 4:30 PM, 5:00 – 9:30 PM; Friday: 7:30 – 10:30 AM, 11:00 AM – 4:30 PM, 5:00 – 8:00 PM; Saturday: 9:00 AM – 2:00 PM, 5:00 – 8:00 PM; Sunday: 9:00 AM – 2:00 PM, 5:00 – 9:30 PM", "open_24h": false, "open_0": "0900;1700;0900;1700", "open_1": "0730;1100;1700;0730;1100;1700;0730;1100;1700", "open_2": "0730;1100;1700;0730;1100;1700;0730;1100;1700", "open_3": "0730;1100;1700;0730;1100;1700;0730;1100;1700", "open_4": "0730;1100;1700;0730;1100;1700;0730;1100;1700", "open_5": "0730;1100;1700;0730;1100;1700;0730;1100;1700", "open_6": "0900;1700;0900;1700", "close_0": "1400;1400;2130;2130", "close_1": "1030;1030;1030;1630;1630;1630;2130;2130;2130", "close_2": "1030;1030;1030;1630;1630;1630;2130;2130;2130", "close_3": "1030;1030;1030;1630;1630;1630;2130;2130;2130", "close_4": "1030;1030;1030;1630;1630;1630;2130;2130;2130", "close_5": "1030;1030;1030;1630;1630;1630;2000;2000;2000", "close_6": "1400;1400;2000;2000" }, "geometry": { "type": "Point", "coordinates": [ -75.1991933, 39.9522963 ] } },
{ "type": "Feature", "properties": { "name": "Coinme at Coinstar - Bitcoin Kiosk", "place_id": "ChIJmYj6-B_HxokRkTgo_lHvlTo", "vicinity": "4001 Walnut Street, Philadelphia", "types": "c(\"atm\", \"finance\", \"store\", \"point_of_interest\", \"establishment\")", "business_status": "OPERATIONAL", "weekday_text": "Monday: 6:00 AM – 11:00 PM; Tuesday: 6:00 AM – 11:00 PM; Wednesday: 6:00 AM – 11:00 PM; Thursday: 6:00 AM – 11:00 PM; Friday: 6:00 AM – 11:00 PM; Saturday: 6:00 AM – 11:00 PM; Sunday: 6:00 AM – 11:00 PM", "open_24h": false, "open_0": "0600", "open_1": "0600", "open_2": "0600", "open_3": "0600", "open_4": "0600", "open_5": "0600", "open_6": "0600", "close_0": "2300", "close_1": "2300", "close_2": "2300", "close_3": "2300", "close_4": "2300", "close_5": "2300", "close_6": "2300" }, "geometry": { "type": "Point", "coordinates": [ -75.202898, 39.954466 ] } },
{ "type": "Feature", "properties": { "name": "Coinstar Kiosk - Bitcoin ATM", "place_id": "ChIJp2egivfGxokR33GJg3_LZJ8", "vicinity": "4001 Walnut Street Acme, Philadelphia", "types": "c(\"atm\", \"finance\", \"store\", \"point_of_interest\", \"establishment\")", "business_status": "OPERATIONAL", "weekday_text": "Monday: 6:00 AM – 11:00 PM; Tuesday: 6:00 AM – 11:00 PM; Wednesday: 6:00 AM – 11:00 PM; Thursday: 6:00 AM – 11:00 PM; Friday: 6:00 AM – 11:00 PM; Saturday: 6:00 AM – 11:00 PM; Sunday: 6:00 AM – 11:00 PM", "open_24h": false, "open_0": "0600", "open_1": "0600", "open_2": "0600", "open_3": "0600", "open_4": "0600", "open_5": "0600", "open_6": "0600", "close_0": "2300", "close_1": "2300", "close_2": "2300", "close_3": "2300", "close_4": "2300", "close_5": "2300", "close_6": "2300" }, "geometry": { "type": "Point", "coordinates": [ -75.2030344, 39.9544146 ] } },
{ "type": "Feature", "properties": { "name": "Copabanana University City", "place_id": "ChIJVe6vTfbGxokRLGsTOsmpLpw", "vicinity": "4000 Spruce Street, Philadelphia", "types": "c(\"meal_takeaway\", \"restaurant\", \"food\", \"point_of_interest\", \"establishment\")", "business_status": "OPERATIONAL", "weekday_text": "Monday: 11:30 AM – 10:00 PM; Tuesday: 11:30 AM – 10:00 PM; Wednesday: 11:30 AM – 10:00 PM; Thursday: 11:30 AM – 10:00 PM; Friday: 11:30 AM – 12:00 AM; Saturday: 11:30 AM – 12:00 AM; Sunday: 11:30 AM – 10:00 PM", "open_24h": true, "open_0": "1130;1130", "open_1": "1130", "open_2": "1130", "open_3": "1130", "open_4": "1130", "open_5": "1130", "open_6": "1130", "close_0": "2200;0000", "close_1": "2200", "close_2": "2200", "close_3": "2200", "close_4": "2200", "close_5": "NA", "close_6": "0000" }, "geometry": { "type": "Point", "coordinates": [ -75.2033383, 39.9516331 ] } },
{ "type": "Feature", "properties": { "name": "Corio", "place_id": "ChIJwTAaFjrHxokRa9dkh2vcCWw", "vicinity": "3675 Market Street, Philadelphia", "types": "c(\"restaurant\", \"bar\", \"food\", \"point_of_interest\", \"establishment\")", "business_status": "OPERATIONAL", "weekday_text": "Monday: 11:00 AM – 9:00 PM; Tuesday: 11:00 AM – 9:00 PM; Wednesday: 11:00 AM – 9:00 PM; Thursday: 11:00 AM – 9:00 PM; Friday: 11:00 AM – 9:00 PM; Saturday: 3:00 – 9:00 PM; Sunday: Closed", "open_24h": false, "open_0": null, "open_1": "1100", "open_2": "1100", "open_3": "1100", "open_4": "1100", "open_5": "1100", "open_6": "1500", "close_0": null, "close_1": "2100", "close_2": "2100", "close_3": "2100", "close_4": "2100", "close_5": "2100", "close_6": "2100" }, "geometry": { "type": "Point", "coordinates": [ -75.195495800000018, 39.9565555 ] } },
{ "type": "Feature", "properties": { "name": "Corner Bakery Cafe", "place_id": "ChIJw5vY8VbGxokRSFQKRTDcO2U", "vicinity": "3737 Market Street, Philadelphia", "types": "c(\"cafe\", \"bakery\", \"restaurant\", \"food\", \"point_of_interest\", \"store\", \"establishment\")", "business_status": "OPERATIONAL", "weekday_text": "Monday: 7:00 AM – 8:00 PM; Tuesday: 7:00 AM – 8:00 PM; Wednesday: 7:00 AM – 8:00 PM; Thursday: 7:00 AM – 8:00 PM; Friday: 7:00 AM – 8:00 PM; Saturday: 8:00 AM – 2:00 PM; Sunday: 8:00 AM – 2:00 PM", "open_24h": false, "open_0": "0800", "open_1": "0700", "open_2": "0700", "open_3": "0700", "open_4": "0700", "open_5": "0700", "open_6": "0800", "close_0": "1400", "close_1": "2000", "close_2": "2000", "close_3": "2000", "close_4": "2000", "close_5": "2000", "close_6": "1400" }, "geometry": { "type": "Point", "coordinates": [ -75.1974063, 39.9569319 ] } },
{ "type": "Feature", "properties": { "name": "Crown Fried Chicken", "place_id": "ChIJTepoifjGxokR-bGNqUBWwqQ", "vicinity": "4002 Market Street, Philadelphia", "types": "c(\"restaurant\", \"food\", \"point_of_interest\", \"establishment\")", "business_status": "OPERATIONAL", "weekday_text": "Monday: 11:00 AM – 1:00 AM; Tuesday: 11:00 AM – 1:00 AM; Wednesday: 11:00 AM – 1:00 AM; Thursday: 11:00 AM – 1:00 AM; Friday: 11:00 AM – 1:00 AM; Saturday: 11:00 AM – 1:00 AM; Sunday: 11:00 AM – 1:00 AM", "open_24h": false, "open_0": "1100", "open_1": "1100", "open_2": "1100", "open_3": "1100", "open_4": "1100", "open_5": "1100", "open_6": "1100", "close_0": "0100", "close_1": "0100", "close_2": "0100", "close_3": "0100", "close_4": "0100", "close_5": "0100", "close_6": "0100" }, "geometry": { "type": "Point", "coordinates": [ -75.2022259, 39.9570685 ] } },
{ "type": "Feature", "properties": { "name": "DURABLE WATCHES", "place_id": "ChIJN_TwRWjHxokRZof3wNQhHMY", "vicinity": "3717 Chestnut Street, Philadelphia", "types": "c(\"jewelry_store\", \"point_of_interest\", \"store\", \"establishment\")", "business_status": "OPERATIONAL", "weekday_text": "Monday: 10:00 AM – 6:00 PM; Tuesday: 10:00 AM – 6:00 PM; Wednesday: 10:00 AM – 6:00 PM; Thursday: 10:00 AM – 6:00 PM; Friday: 10:00 AM – 6:00 PM; Saturday: 10:00 AM – 7:00 PM; Sunday: 12:00 – 7:00 PM", "open_24h": false, "open_0": "1200", "open_1": "1000", "open_2": "1000", "open_3": "1000", "open_4": "1000", "open_5": "1000", "open_6": "1000", "close_0": "1900", "close_1": "1800", "close_2": "1800", "close_3": "1800", "close_4": "1800", "close_5": "1800", "close_6": "1900" }, "geometry": { "type": "Point", "coordinates": [ -75.1970347, 39.9552743 ] } },
{ "type": "Feature", "properties": { "name": "Dim Sum House by Jane G's - University City", "place_id": "ChIJAUdEcfjGxokRGdEc94ZBvWc", "vicinity": "3939 Chestnut Street 2nd Floor, Philadelphia", "types": "c(\"restaurant\", \"food\", \"point_of_interest\", \"establishment\")", "business_status": "OPERATIONAL", "weekday_text": "Monday: Closed; Tuesday: 12:00 – 9:30 PM; Wednesday: 12:00 – 9:30 PM; Thursday: 12:00 – 9:30 PM; Friday: 12:00 – 10:30 PM; Saturday: 12:00 – 10:30 PM; Sunday: 12:00 – 9:30 PM", "open_24h": false, "open_0": "1200", "open_1": null, "open_2": "1200", "open_3": "1200", "open_4": "1200", "open_5": "1200", "open_6": "1200", "close_0": "2130", "close_1": null, "close_2": "2130", "close_3": "2130", "close_4": "2130", "close_5": "2230", "close_6": "2230" }, "geometry": { "type": "Point", "coordinates": [ -75.2018099, 39.9557276 ] } },
{ "type": "Feature", "properties": { "name": "Dollar Warehouse", "place_id": "ChIJUYAHjvjGxokRWYzk5wePZ-c", "vicinity": "4007 Market Street, Philadelphia", "types": "c(\"point_of_interest\", \"store\", \"establishment\")", "business_status": "OPERATIONAL", "weekday_text": "Monday: 8:00 AM – 6:00 PM; Tuesday: 8:00 AM – 6:00 PM; Wednesday: 8:00 AM – 6:00 PM; Thursday: 8:00 AM – 6:00 PM; Friday: 8:00 AM – 6:00 PM; Saturday: 8:00 AM – 5:30 PM; Sunday: Closed", "open_24h": false, "open_0": null, "open_1": "0800", "open_2": "0800", "open_3": "0800", "open_4": "0800", "open_5": "0800", "open_6": "0800", "close_0": null, "close_1": "1800", "close_2": "1800", "close_3": "1800", "close_4": "1800", "close_5": "1800", "close_6": "1730" }, "geometry": { "type": "Point", "coordinates": [ -75.2022258, 39.9574691 ] } },
{ "type": "Feature", "properties": { "name": "Dougherty Tanya M", "place_id": "ChIJ-VjoRlbGxokRyK2l6G_k7lw", "vicinity": "51 North 39th Street #6, Philadelphia", "types": "c(\"pharmacy\", \"point_of_interest\", \"store\", \"health\", \"establishment\")", "business_status": null, "weekday_text": null, "open_24h": null, "open_0": null, "open_1": null, "open_2": null, "open_3": null, "open_4": null, "open_5": null, "open_6": null, "close_0": null, "close_1": null, "close_2": null, "close_3": null, "close_4": null, "close_5": null, "close_6": null }, "geometry": { "type": "Point", "coordinates": [ -75.1993817, 39.9572258 ] } },
{ "type": "Feature", "properties": { "name": "Dr. Brad T. Pirok, DMD", "place_id": "ChIJmZ2BIlHGxokRd7TO5WP_Niw", "vicinity": "3700 Market Street, Philadelphia", "types": "c(\"dentist\", \"point_of_interest\", \"health\", \"establishment\")", "business_status": "OPERATIONAL", "weekday_text": "Monday: 7:00 AM – 7:00 PM; Tuesday: 7:00 AM – 7:00 PM; Wednesday: 7:00 AM – 7:00 PM; Thursday: 7:00 AM – 7:00 PM; Friday: 7:00 AM – 3:00 PM; Saturday: Closed; Sunday: Closed", "open_24h": false, "open_0": null, "open_1": "0700", "open_2": "0700", "open_3": "0700", "open_4": "0700", "open_5": "0700", "open_6": null, "close_0": null, "close_1": "1900", "close_2": "1900", "close_3": "1900", "close_4": "1900", "close_5": "1500", "close_6": null }, "geometry": { "type": "Point", "coordinates": [ -75.1965788, 39.956078700000013 ] } },
{ "type": "Feature", "properties": { "name": "Dr. Charles P. Obrien, MD", "place_id": "ChIJm03961fGxokR5B8h5BfD27I", "vicinity": "3900 Chestnut Street #5, Philadelphia", "types": "c(\"doctor\", \"health\", \"point_of_interest\", \"establishment\")", "business_status": null, "weekday_text": null, "open_24h": null, "open_0": null, "open_1": null, "open_2": null, "open_3": null, "open_4": null, "open_5": null, "open_6": null, "close_0": null, "close_1": null, "close_2": null, "close_3": null, "close_4": null, "close_5": null, "close_6": null }, "geometry": { "type": "Point", "coordinates": [ -75.2001318, 39.954930399999988 ] } },
{ "type": "Feature", "properties": { "name": "Dr. Daniel D. Langleben, MD", "place_id": "ChIJm03961fGxokRke8y8ILQ5uc", "vicinity": "3900 Chestnut Street #5, Philadelphia", "types": "c(\"doctor\", \"health\", \"point_of_interest\", \"establishment\")", "business_status": null, "weekday_text": null, "open_24h": null, "open_0": null, "open_1": null, "open_2": null, "open_3": null, "open_4": null, "open_5": null, "open_6": null, "close_0": null, "close_1": null, "close_2": null, "close_3": null, "close_4": null, "close_5": null, "close_6": null }, "geometry": { "type": "Point", "coordinates": [ -75.2001318, 39.954930399999988 ] } },
{ "type": "Feature", "properties": { "name": "Dunkin'", "place_id": "ChIJuUqtG_jGxokRbMZ7BipS6fU", "vicinity": "125 South 40th Street, Philadelphia", "types": "c(\"bakery\", \"meal_takeaway\", \"cafe\", \"restaurant\", \"food\", \"point_of_interest\", \"store\", \"establishment\")", "business_status": "OPERATIONAL", "weekday_text": "Monday: 5:00 AM – 8:00 PM; Tuesday: 5:00 AM – 8:00 PM; Wednesday: 5:00 AM – 8:00 PM; Thursday: 5:00 AM – 8:00 PM; Friday: 5:00 AM – 8:00 PM; Saturday: 5:00 AM – 8:00 PM; Sunday: 5:00 AM – 8:00 PM", "open_24h": false, "open_0": "0500", "open_1": "0500", "open_2": "0500", "open_3": "0500", "open_4": "0500", "open_5": "0500", "open_6": "0500", "close_0": "2000", "close_1": "2000", "close_2": "2000", "close_3": "2000", "close_4": "2000", "close_5": "2000", "close_6": "2000" }, "geometry": { "type": "Point", "coordinates": [ -75.2023098, 39.954771 ] } },
{ "type": "Feature", "properties": { "name": "Ekta Indian Cuisine", "place_id": "ChIJv6_tFvjGxokR0gHGJu-4YvI", "vicinity": "106 South 40th Street, Philadelphia", "types": "c(\"restaurant\", \"food\", \"point_of_interest\", \"establishment\")", "business_status": "OPERATIONAL", "weekday_text": "Monday: 11:00 AM – 9:30 PM; Tuesday: 11:00 AM – 9:30 PM; Wednesday: 11:00 AM – 9:30 PM; Thursday: 11:00 AM – 9:30 PM; Friday: 11:00 AM – 10:00 PM; Saturday: 11:00 AM – 10:00 PM; Sunday: 11:00 AM – 9:00 PM", "open_24h": false, "open_0": "1100", "open_1": "1100", "open_2": "1100", "open_3": "1100", "open_4": "1100", "open_5": "1100", "open_6": "1100", "close_0": "2100", "close_1": "2130", "close_2": "2130", "close_3": "2130", "close_4": "2130", "close_5": "2200", "close_6": "2200" }, "geometry": { "type": "Point", "coordinates": [ -75.2025082, 39.9551194 ] } },
{ "type": "Feature", "properties": { "name": "Enjay's Pizza", "place_id": "ChIJW6hTjffGxokRn6d36PBvYz4", "vicinity": "210 South 40th Street, Philadelphia", "types": "c(\"meal_delivery\", \"restaurant\", \"food\", \"point_of_interest\", \"establishment\")", "business_status": "OPERATIONAL", "weekday_text": "Monday: 5:00 – 10:00 PM; Tuesday: 5:00 – 10:00 PM; Wednesday: 5:00 – 10:00 PM; Thursday: 5:00 – 10:00 PM; Friday: 5:00 – 10:00 PM; Saturday: 5:00 – 10:00 PM; Sunday: 5:00 – 10:00 PM", "open_24h": false, "open_0": "1700", "open_1": "1700", "open_2": "1700", "open_3": "1700", "open_4": "1700", "open_5": "1700", "open_6": "1700", "close_0": "2200", "close_1": "2200", "close_2": "2200", "close_3": "2200", "close_4": "2200", "close_5": "2200", "close_6": "2200" }, "geometry": { "type": "Point", "coordinates": [ -75.2028714, 39.9537227 ] } },
{ "type": "Feature", "properties": { "name": "Eye Encounters", "place_id": "ChIJ_TzYavjGxokRk0dI08cRcKc", "vicinity": "4002 Chestnut Street, Philadelphia", "types": "c(\"store\", \"health\", \"point_of_interest\", \"establishment\")", "business_status": "OPERATIONAL", "weekday_text": "Monday: 10:00 AM – 5:30 PM; Tuesday: 10:00 AM – 5:30 PM; Wednesday: 10:00 AM – 5:30 PM; Thursday: 10:00 AM – 5:30 PM; Friday: 10:00 AM – 5:30 PM; Saturday: Closed; Sunday: Closed", "open_24h": false, "open_0": null, "open_1": "1000", "open_2": "1000", "open_3": "1000", "open_4": "1000", "open_5": "1000", "open_6": null, "close_0": null, "close_1": "1730", "close_2": "1730", "close_3": "1730", "close_4": "1730", "close_5": "1730", "close_6": null }, "geometry": { "type": "Point", "coordinates": [ -75.2025513, 39.9555506 ] } },
{ "type": "Feature", "properties": { "name": "Farmer's Fridge", "place_id": "ChIJRTnPkU3HxokRzRClK42qYAQ", "vicinity": "Level) by the Elevators, the Forum, 3730 Walnut St Located in, Level (F, Philadelphia", "types": "c(\"restaurant\", \"food\", \"point_of_interest\", \"establishment\")", "business_status": null, "weekday_text": null, "open_24h": null, "open_0": null, "open_1": null, "open_2": null, "open_3": null, "open_4": null, "open_5": null, "open_6": null, "close_0": null, "close_1": null, "close_2": null, "close_3": null, "close_4": null, "close_5": null, "close_6": null }, "geometry": { "type": "Point", "coordinates": [ -75.19824, 39.95321 ] } },
{ "type": "Feature", "properties": { "name": "Greek Lady", "place_id": "ChIJj8Rck_fGxokRUgegoueX-Xw", "vicinity": "222 South 40th Street, Philadelphia", "types": "c(\"restaurant\", \"food\", \"point_of_interest\", \"establishment\")", "business_status": "OPERATIONAL", "weekday_text": "Monday: 10:00 AM – 10:00 PM; Tuesday: 10:00 AM – 10:00 PM; Wednesday: 10:00 AM – 10:00 PM; Thursday: 10:00 AM – 10:00 PM; Friday: 10:00 AM – 10:00 PM; Saturday: 10:00 AM – 10:00 PM; Sunday: 10:00 AM – 10:00 PM", "open_24h": false, "open_0": "1000", "open_1": "1000", "open_2": "1000", "open_3": "1000", "open_4": "1000", "open_5": "1000", "open_6": "1000", "close_0": "2200", "close_1": "2200", "close_2": "2200", "close_3": "2200", "close_4": "2200", "close_5": "2200", "close_6": "2200" }, "geometry": { "type": "Point", "coordinates": [ -75.2029576, 39.9533601 ] } },
{ "type": "Feature", "properties": { "name": "Green Line Cafe", "place_id": "ChIJRxfVWQDHxokRPWYnHdol7b8", "vicinity": "4001 Spruce Street, Philadelphia", "types": "c(\"cafe\", \"food\", \"point_of_interest\", \"store\", \"establishment\")", "business_status": "OPERATIONAL", "weekday_text": "Monday: 7:30 AM – 2:00 PM; Tuesday: 7:30 AM – 2:00 PM; Wednesday: 7:30 AM – 2:00 PM; Thursday: 7:30 AM – 2:00 PM; Friday: 7:30 AM – 2:00 PM; Saturday: Closed; Sunday: Closed", "open_24h": false, "open_0": null, "open_1": "0730", "open_2": "0730", "open_3": "0730", "open_4": "0730", "open_5": "0730", "open_6": null, "close_0": null, "close_1": "1400", "close_2": "1400", "close_3": "1400", "close_4": "1400", "close_5": "1400", "close_6": null }, "geometry": { "type": "Point", "coordinates": [ -75.2035031, 39.9521884 ] } },
{ "type": "Feature", "properties": { "name": "H & M convenience", "place_id": "ChIJ8SRmYvjGxokRfRL6b246RGo", "vicinity": "20 South 40th Street, Philadelphia", "types": "c(\"clothing_store\", \"grocery_or_supermarket\", \"shoe_store\", \"food\", \"store\", \"point_of_interest\", \"establishment\")", "business_status": "OPERATIONAL", "weekday_text": "Monday: 9:00 AM – 8:00 AM; Tuesday: 9:00 AM – 8:00 AM; Wednesday: 9:00 AM – 8:00 AM; Thursday: 9:00 AM – 12:00 AM; Friday: 12:00 AM – 10:00 PM; Saturday: 8:00 AM – 10:00 PM; Sunday: 9:00 AM – 6:00 AM", "open_24h": true, "open_0": "0900", "open_1": "0900", "open_2": "0900", "open_3": "0900", "open_4": "0900", "open_5": "NA", "open_6": "0800", "close_0": "NA", "close_1": "0600", "close_2": "0800", "close_3": "0800", "close_4": "0800", "close_5": "2200", "close_6": "2200" }, "geometry": { "type": "Point", "coordinates": [ -75.202234500000017, 39.9566414 ] } },
{ "type": "Feature", "properties": { "name": "Halal Platters & Hot Chicken", "place_id": "ChIJnSHNwuPHxokRkZe0sFjcUA8", "vicinity": "4006 Market Street, Philadelphia", "types": "c(\"restaurant\", \"food\", \"point_of_interest\", \"establishment\")", "business_status": "OPERATIONAL", "weekday_text": "Monday: 11:00 AM – 1:00 AM; Tuesday: 11:00 AM – 1:00 AM; Wednesday: 11:00 AM – 1:00 AM; Thursday: 11:00 AM – 1:00 AM; Friday: 11:00 AM – 1:00 AM; Saturday: 11:00 AM – 1:00 AM; Sunday: 11:00 AM – 1:00 AM", "open_24h": false, "open_0": "1100", "open_1": "1100", "open_2": "1100", "open_3": "1100", "open_4": "1100", "open_5": "1100", "open_6": "1100", "close_0": "0100", "close_1": "0100", "close_2": "0100", "close_3": "0100", "close_4": "0100", "close_5": "0100", "close_6": "0100" }, "geometry": { "type": "Point", "coordinates": [ -75.2023769, 39.9569263 ] } },
{ "type": "Feature", "properties": { "name": "Hamilton Court", "place_id": "ChIJ1zBMwFfGxokR_VuBR-8K100", "vicinity": "3816 Chestnut Street, Philadelphia", "types": "c(\"point_of_interest\", \"establishment\")", "business_status": "OPERATIONAL", "weekday_text": "Monday: 10:00 AM – 6:00 PM; Tuesday: 10:00 AM – 6:00 PM; Wednesday: 10:00 AM – 6:00 PM; Thursday: 10:00 AM – 6:00 PM; Friday: 10:00 AM – 6:00 PM; Saturday: 12:00 – 4:00 PM; Sunday: Closed", "open_24h": false, "open_0": null, "open_1": "1000", "open_2": "1000", "open_3": "1000", "open_4": "1000", "open_5": "1000", "open_6": "1200", "close_0": null, "close_1": "1800", "close_2": "1800", "close_3": "1800", "close_4": "1800", "close_5": "1800", "close_6": "1600" }, "geometry": { "type": "Point", "coordinates": [ -75.1995133, 39.9550949 ] } },
{ "type": "Feature", "properties": { "name": "Hamilton Restaurant", "place_id": "ChIJddq7i_jGxokROx4XIh-VIu8", "vicinity": "4008 Market Street, Philadelphia", "types": "c(\"restaurant\", \"food\", \"point_of_interest\", \"establishment\")", "business_status": "OPERATIONAL", "weekday_text": "Monday: 5:00 AM – 2:00 PM; Tuesday: Closed; Wednesday: 5:00 AM – 2:00 PM; Thursday: 5:00 AM – 2:00 PM; Friday: 5:00 AM – 2:00 PM; Saturday: 5:00 AM – 2:00 PM; Sunday: 5:00 AM – 2:00 PM", "open_24h": false, "open_0": "0500", "open_1": "0500", "open_2": null, "open_3": "0500", "open_4": "0500", "open_5": "0500", "open_6": "0500", "close_0": "1400", "close_1": "1400", "close_2": null, "close_3": "1400", "close_4": "1400", "close_5": "1400", "close_6": "1400" }, "geometry": { "type": "Point", "coordinates": [ -75.2024004, 39.9570661 ] } },
{ "type": "Feature", "properties": { "name": "Han Dynasty University City", "place_id": "ChIJ_U0V4VbGxokR1Wld0GVIjrY", "vicinity": "3711 Market Street, Philadelphia", "types": "c(\"restaurant\", \"food\", \"point_of_interest\", \"establishment\")", "business_status": "OPERATIONAL", "weekday_text": "Monday: 11:00 AM – 9:30 PM; Tuesday: 11:00 AM – 9:30 PM; Wednesday: 11:00 AM – 9:30 PM; Thursday: 11:00 AM – 9:30 PM; Friday: 11:00 AM – 10:00 PM; Saturday: 11:00 AM – 10:00 PM; Sunday: 11:00 AM – 9:30 PM", "open_24h": false, "open_0": "1100", "open_1": "1100", "open_2": "1100", "open_3": "1100", "open_4": "1100", "open_5": "1100", "open_6": "1100", "close_0": "2130", "close_1": "2130", "close_2": "2130", "close_3": "2130", "close_4": "2130", "close_5": "2200", "close_6": "2200" }, "geometry": { "type": "Point", "coordinates": [ -75.197104, 39.956727 ] } },
{ "type": "Feature", "properties": { "name": "Hangry Joe's Hot Chicken & Wings", "place_id": "ChIJpfocPvvHxokR68AlbE_Uujc", "vicinity": "125 South 40th Street, Philadelphia", "types": "c(\"meal_takeaway\", \"restaurant\", \"food\", \"point_of_interest\", \"establishment\")", "business_status": "OPERATIONAL", "weekday_text": "Monday: 11:00 AM – 5:00 AM; Tuesday: 11:00 AM – 5:00 AM; Wednesday: 11:00 AM – 5:00 AM; Thursday: 11:00 AM – 5:00 AM; Friday: 11:00 AM – 5:00 AM; Saturday: 11:00 AM – 5:00 AM; Sunday: 11:00 AM – 5:00 AM", "open_24h": false, "open_0": "1100", "open_1": "1100", "open_2": "1100", "open_3": "1100", "open_4": "1100", "open_5": "1100", "open_6": "1100", "close_0": "0500", "close_1": "0500", "close_2": "0500", "close_3": "0500", "close_4": "0500", "close_5": "0500", "close_6": "0500" }, "geometry": { "type": "Point", "coordinates": [ -75.2022934, 39.9546743 ] } },
{ "type": "Feature", "properties": { "name": "He Yu DDS", "place_id": "ChIJm03961fGxokR1gnTLclxwZA", "vicinity": "3900 Chestnut Street #5, Philadelphia", "types": "c(\"dentist\", \"health\", \"point_of_interest\", \"establishment\")", "business_status": null, "weekday_text": null, "open_24h": null, "open_0": null, "open_1": null, "open_2": null, "open_3": null, "open_4": null, "open_5": null, "open_6": null, "close_0": null, "close_1": null, "close_2": null, "close_3": null, "close_4": null, "close_5": null, "close_6": null }, "geometry": { "type": "Point", "coordinates": [ -75.2001318, 39.954930399999988 ] } },
{ "type": "Feature", "properties": { "name": "Hello World Modern Mercantile", "place_id": "ChIJK3fcPSTGxokRSdIYDHyNuCE", "vicinity": "3661 Walnut Street, Philadelphia", "types": "c(\"jewelry_store\", \"home_goods_store\", \"point_of_interest\", \"store\", \"establishment\")", "business_status": "OPERATIONAL", "weekday_text": "Monday: 11:00 AM – 6:00 PM; Tuesday: 11:00 AM – 6:00 PM; Wednesday: 11:00 AM – 6:00 PM; Thursday: 11:00 AM – 6:00 PM; Friday: 11:00 AM – 6:00 PM; Saturday: 10:00 AM – 5:00 PM; Sunday: 10:00 AM – 5:00 PM", "open_24h": false, "open_0": "1000", "open_1": "1100", "open_2": "1100", "open_3": "1100", "open_4": "1100", "open_5": "1100", "open_6": "1000", "close_0": "1700", "close_1": "1800", "close_2": "1800", "close_3": "1800", "close_4": "1800", "close_5": "1800", "close_6": "1700" }, "geometry": { "type": "Point", "coordinates": [ -75.1965008, 39.9535614 ] } },
{ "type": "Feature", "properties": { "name": "Homewood Suites by Hilton University City Philadelphia, PA", "place_id": "ChIJm40Y3vnGxokRz5swVFCAHXo", "vicinity": "4109 Walnut Street, Philadelphia", "types": "c(\"lodging\", \"point_of_interest\", \"establishment\")", "business_status": null, "weekday_text": null, "open_24h": null, "open_0": null, "open_1": null, "open_2": null, "open_3": null, "open_4": null, "open_5": null, "open_6": null, "close_0": null, "close_1": null, "close_2": null, "close_3": null, "close_4": null, "close_5": null, "close_6": null }, "geometry": { "type": "Point", "coordinates": [ -75.205593, 39.9546572 ] } },
{ "type": "Feature", "properties": { "name": "House of Our Own Books", "place_id": "ChIJ6eMVLvbGxokRuQJM71mLld0", "vicinity": "3920 Spruce Street, Philadelphia", "types": "c(\"book_store\", \"point_of_interest\", \"store\", \"establishment\")", "business_status": "OPERATIONAL", "weekday_text": "Monday: 11:00 AM – 6:00 PM; Tuesday: 11:00 AM – 6:00 PM; Wednesday: Closed; Thursday: 11:00 AM – 6:00 PM; Friday: 11:00 AM – 6:00 PM; Saturday: 12:00 – 6:00 PM; Sunday: 12:00 – 6:00 PM", "open_24h": false, "open_0": "1200", "open_1": "1100", "open_2": "1100", "open_3": null, "open_4": "1100", "open_5": "1100", "open_6": "1200", "close_0": "1800", "close_1": "1800", "close_2": "1800", "close_3": null, "close_4": "1800", "close_5": "1800", "close_6": "1800" }, "geometry": { "type": "Point", "coordinates": [ -75.2018773, 39.9513963 ] } },
{ "type": "Feature", "properties": { "name": "Irie Entree", "place_id": "ChIJg_m7oO_HxokRIZo04HQzgRg", "vicinity": "4001 Chestnut Street, Philadelphia", "types": "c(\"restaurant\", \"food\", \"point_of_interest\", \"establishment\")", "business_status": null, "weekday_text": null, "open_24h": null, "open_0": null, "open_1": null, "open_2": null, "open_3": null, "open_4": null, "open_5": null, "open_6": null, "close_0": null, "close_1": null, "close_2": null, "close_3": null, "close_4": null, "close_5": null, "close_6": null }, "geometry": { "type": "Point", "coordinates": [ -75.2023323, 39.9558968 ] } },
{ "type": "Feature", "properties": { "name": "Jesi (Mini) Mart", "place_id": "ChIJwUT1YPzHxokRgTzD2ShzbmI", "vicinity": "4049 Market Street, Philadelphia", "types": "c(\"convenience_store\", \"food\", \"point_of_interest\", \"store\", \"establishment\")", "business_status": "OPERATIONAL", "weekday_text": "Monday: Closed; Tuesday: Open 24 hours; Wednesday: Open 24 hours; Thursday: Open 24 hours; Friday: Open 24 hours; Saturday: Open 24 hours; Sunday: Open 24 hours", "open_24h": true, "open_0": null, "open_1": "NA", "open_2": "0000", "open_3": null, "open_4": null, "open_5": null, "open_6": null, "close_0": null, "close_1": "0000", "close_2": "NA", "close_3": null, "close_4": null, "close_5": null, "close_6": null }, "geometry": { "type": "Point", "coordinates": [ -75.2037663, 39.957606899999988 ] } },
{ "type": "Feature", "properties": { "name": "Jesse J. Suh, PsyD", "place_id": "ChIJm03961fGxokRnyxcCEz8XZI", "vicinity": "3900 Chestnut Street, Philadelphia", "types": "c(\"health\", \"point_of_interest\", \"establishment\")", "business_status": null, "weekday_text": null, "open_24h": null, "open_0": null, "open_1": null, "open_2": null, "open_3": null, "open_4": null, "open_5": null, "open_6": null, "close_0": null, "close_1": null, "close_2": null, "close_3": null, "close_4": null, "close_5": null, "close_6": null }, "geometry": { "type": "Point", "coordinates": [ -75.200315, 39.954973 ] } },
{ "type": "Feature", "properties": { "name": "Joseph Anthony Hairstyling", "place_id": "ChIJJcgJ1VnGxokRI4butTk24iA", "vicinity": "3743 Walnut Street, Philadelphia", "types": "c(\"beauty_salon\", \"hair_care\", \"point_of_interest\", \"health\", \"establishment\")", "business_status": "OPERATIONAL", "weekday_text": "Monday: 9:00 AM – 6:00 PM; Tuesday: 9:00 AM – 6:00 PM; Wednesday: 9:00 AM – 6:00 PM; Thursday: 9:00 AM – 6:00 PM; Friday: 9:00 AM – 6:00 PM; Saturday: 9:00 AM – 5:00 PM; Sunday: Closed", "open_24h": false, "open_0": null, "open_1": "0900", "open_2": "0900", "open_3": "0900", "open_4": "0900", "open_5": "0900", "open_6": "0900", "close_0": null, "close_1": "1800", "close_2": "1800", "close_3": "1800", "close_4": "1800", "close_5": "1800", "close_6": "1700" }, "geometry": { "type": "Point", "coordinates": [ -75.1982904, 39.9537429 ] } },
{ "type": "Feature", "properties": { "name": "Junie D", "place_id": "ChIJDyRXqeLHxokR92pj2nTUNV0", "vicinity": "4039 Chestnut Street, Philadelphia", "types": "c(\"clothing_store\", \"point_of_interest\", \"store\", \"establishment\")", "business_status": "OPERATIONAL", "weekday_text": "Monday: 9:00 AM – 5:00 PM; Tuesday: 9:00 AM – 5:00 PM; Wednesday: 9:00 AM – 5:00 PM; Thursday: 9:00 AM – 5:00 PM; Friday: 9:00 AM – 5:00 PM; Saturday: 10:00 AM – 4:00 PM; Sunday: Closed", "open_24h": false, "open_0": null, "open_1": "0900", "open_2": "0900", "open_3": "0900", "open_4": "0900", "open_5": "0900", "open_6": "1000", "close_0": null, "close_1": "1700", "close_2": "1700", "close_3": "1700", "close_4": "1700", "close_5": "1700", "close_6": "1600" }, "geometry": { "type": "Point", "coordinates": [ -75.2042034, 39.9562521 ] } },
{ "type": "Feature", "properties": { "name": "Kim's Oriental Foods", "place_id": "ChIJcT6VZFfGxokR2p3Y2NGVDzA", "vicinity": "Walnut Street, Philadelphia", "types": "c(\"restaurant\", \"food\", \"point_of_interest\", \"establishment\")", "business_status": "OPERATIONAL", "weekday_text": "Monday: 11:00 AM – 7:00 PM; Tuesday: 11:00 AM – 8:00 PM; Wednesday: 11:00 AM – 8:00 PM; Thursday: 11:00 AM – 8:00 PM; Friday: 11:00 AM – 8:00 PM; Saturday: Closed; Sunday: 11:30 AM – 8:00 PM", "open_24h": false, "open_0": "1130", "open_1": "1100", "open_2": "1100", "open_3": "1100", "open_4": "1100", "open_5": "1100", "open_6": null, "close_0": "2000", "close_1": "1900", "close_2": "2000", "close_3": "2000", "close_4": "2000", "close_5": "2000", "close_6": null }, "geometry": { "type": "Point", "coordinates": [ -75.1975318, 39.953927899999989 ] } },
{ "type": "Feature", "properties": { "name": "L. Scott Levin, MD, FACS, FAOA", "place_id": "ChIJTwu3r1vGxokRB9P1aU6xLLg", "vicinity": "3737 Market Street Penn Medicine, Philadelphia", "types": "c(\"point_of_interest\", \"doctor\", \"health\", \"establishment\")", "business_status": null, "weekday_text": null, "open_24h": null, "open_0": null, "open_1": null, "open_2": null, "open_3": null, "open_4": null, "open_5": null, "open_6": null, "close_0": null, "close_1": null, "close_2": null, "close_3": null, "close_4": null, "close_5": null, "close_6": null }, "geometry": { "type": "Point", "coordinates": [ -75.1974906, 39.9569826 ] } },
{ "type": "Feature", "properties": { "name": "LULU CAFE", "place_id": "ChIJFcVwBfDGxokRx8c8B5o52rM", "vicinity": "28-30 South 40th Street, Philadelphia", "types": "c(\"cafe\", \"restaurant\", \"food\", \"point_of_interest\", \"establishment\")", "business_status": "OPERATIONAL", "weekday_text": "Monday: 9:00 AM – 7:00 PM; Tuesday: 9:00 AM – 7:00 PM; Wednesday: 9:00 AM – 7:00 PM; Thursday: 9:00 AM – 7:00 PM; Friday: 9:00 AM – 7:00 PM; Saturday: 11:00 AM – 7:00 PM; Sunday: 11:00 AM – 6:00 PM", "open_24h": false, "open_0": "1100", "open_1": "0900", "open_2": "0900", "open_3": "0900", "open_4": "0900", "open_5": "0900", "open_6": "1100", "close_0": "1800", "close_1": "1900", "close_2": "1900", "close_3": "1900", "close_4": "1900", "close_5": "1900", "close_6": "1900" }, "geometry": { "type": "Point", "coordinates": [ -75.20238, 39.956332 ] } },
{ "type": "Feature", "properties": { "name": "Latao Hotpot and BBQ", "place_id": "ChIJ3WEbGFfGxokRbLl6Z2KPYJc", "vicinity": "3717 Chestnut Street, Philadelphia", "types": "c(\"restaurant\", \"food\", \"point_of_interest\", \"establishment\")", "business_status": "OPERATIONAL", "weekday_text": "Monday: 12:00 – 10:00 PM; Tuesday: 12:00 – 10:00 PM; Wednesday: 12:00 – 10:00 PM; Thursday: 12:00 – 10:00 PM; Friday: 12:00 – 11:00 PM; Saturday: 12:00 – 11:00 PM; Sunday: 12:00 – 10:00 PM", "open_24h": false, "open_0": "1200", "open_1": "1200", "open_2": "1200", "open_3": "1200", "open_4": "1200", "open_5": "1200", "open_6": "1200", "close_0": "2200", "close_1": "2200", "close_2": "2200", "close_3": "2200", "close_4": "2200", "close_5": "2300", "close_6": "2300" }, "geometry": { "type": "Point", "coordinates": [ -75.1975362, 39.9553002 ] } },
{ "type": "Feature", "properties": { "name": "Lin Walter J D MD", "place_id": "ChIJm03961fGxokRHXsAnsbJI-o", "vicinity": "3900 Chestnut Street #1004, Philadelphia", "types": "c(\"doctor\", \"health\", \"point_of_interest\", \"establishment\")", "business_status": null, "weekday_text": null, "open_24h": null, "open_0": null, "open_1": null, "open_2": null, "open_3": null, "open_4": null, "open_5": null, "open_6": null, "close_0": null, "close_1": null, "close_2": null, "close_3": null, "close_4": null, "close_5": null, "close_6": null }, "geometry": { "type": "Point", "coordinates": [ -75.2001318, 39.954930399999988 ] } },
{ "type": "Feature", "properties": { "name": "Maki-University city", "place_id": "ChIJT6Taj_HHxokRYlgyd7Fhy4A", "vicinity": "3925 Walnut Street Ste 136, Philadelphia", "types": "c(\"restaurant\", \"food\", \"point_of_interest\", \"establishment\")", "business_status": "OPERATIONAL", "weekday_text": "Monday: 11:30 AM – 9:30 PM; Tuesday: 11:30 AM – 9:30 PM; Wednesday: 11:30 AM – 9:30 PM; Thursday: 11:30 AM – 9:30 PM; Friday: 11:30 AM – 9:30 PM; Saturday: 11:30 AM – 9:30 PM; Sunday: 11:30 AM – 9:30 PM", "open_24h": false, "open_0": "1130", "open_1": "1130", "open_2": "1130", "open_3": "1130", "open_4": "1130", "open_5": "1130", "open_6": "1130", "close_0": "2130", "close_1": "2130", "close_2": "2130", "close_3": "2130", "close_4": "2130", "close_5": "2130", "close_6": "2130" }, "geometry": { "type": "Point", "coordinates": [ -75.2015359, 39.954269 ] } },
{ "type": "Feature", "properties": { "name": "McDonald's", "place_id": "ChIJU6JwHvjGxokRYRlbacW0U-8", "vicinity": "3935 Walnut Street, Philadelphia", "types": "c(\"cafe\", \"restaurant\", \"food\", \"point_of_interest\", \"store\", \"establishment\")", "business_status": null, "weekday_text": null, "open_24h": null, "open_0": null, "open_1": null, "open_2": null, "open_3": null, "open_4": null, "open_5": null, "open_6": null, "close_0": null, "close_1": null, "close_2": null, "close_3": null, "close_4": null, "close_5": null, "close_6": null }, "geometry": { "type": "Point", "coordinates": [ -75.2023593, 39.954354699999989 ] } },
{ "type": "Feature", "properties": { "name": "Michael S. Downey, DPM", "place_id": "ChIJKV0Z-FbGxokRLzMn47YfKd8", "vicinity": "Medical Arts Building, 3801 Market Street, Philadelphia", "types": "c(\"point_of_interest\", \"doctor\", \"health\", \"establishment\")", "business_status": null, "weekday_text": null, "open_24h": null, "open_0": null, "open_1": null, "open_2": null, "open_3": null, "open_4": null, "open_5": null, "open_6": null, "close_0": null, "close_1": null, "close_2": null, "close_3": null, "close_4": null, "close_5": null, "close_6": null }, "geometry": { "type": "Point", "coordinates": [ -75.1985848, 39.9571249 ] } },
{ "type": "Feature", "properties": { "name": "My Pharmacy", "place_id": "ChIJ1dKfvfjGxokRoJwn7TUb0Go", "vicinity": "20 North 40th Street, Philadelphia", "types": "c(\"pharmacy\", \"point_of_interest\", \"store\", \"health\", \"establishment\")", "business_status": "OPERATIONAL", "weekday_text": "Monday: 10:00 AM – 6:00 PM; Tuesday: 10:00 AM – 6:00 PM; Wednesday: 10:00 AM – 6:00 PM; Thursday: 10:00 AM – 6:00 PM; Friday: 10:00 AM – 6:00 PM; Saturday: Closed; Sunday: Closed", "open_24h": false, "open_0": null, "open_1": "1000", "open_2": "1000", "open_3": "1000", "open_4": "1000", "open_5": "1000", "open_6": null, "close_0": null, "close_1": "1800", "close_2": "1800", "close_3": "1800", "close_4": "1800", "close_5": "1800", "close_6": null }, "geometry": { "type": "Point", "coordinates": [ -75.202143, 39.958049 ] } },
{ "type": "Feature", "properties": { "name": "NEU Custom", "place_id": "ChIJ_xWRQ_jGxokRr72JNF-GnzY", "vicinity": "4015 Chestnut Street, Philadelphia", "types": "c(\"store\", \"point_of_interest\", \"establishment\")", "business_status": null, "weekday_text": null, "open_24h": null, "open_0": null, "open_1": null, "open_2": null, "open_3": null, "open_4": null, "open_5": null, "open_6": null, "close_0": null, "close_1": null, "close_2": null, "close_3": null, "close_4": null, "close_5": null, "close_6": null }, "geometry": { "type": "Point", "coordinates": [ -75.2029911, 39.9560125 ] } },
{ "type": "Feature", "properties": { "name": "Nan Xiang Express - University City, PA", "place_id": "ChIJabJF9i_HxokRXpabTrY5TG0", "vicinity": "3720 Chestnut Street 1st Floor, #A, Philadelphia", "types": "c(\"restaurant\", \"food\", \"point_of_interest\", \"establishment\")", "business_status": "OPERATIONAL", "weekday_text": "Monday: 11:00 AM – 10:00 PM; Tuesday: 11:00 AM – 10:00 PM; Wednesday: 11:00 AM – 10:00 PM; Thursday: 11:00 AM – 10:00 PM; Friday: 11:00 AM – 10:00 PM; Saturday: 11:00 AM – 10:00 PM; Sunday: 11:00 AM – 10:00 PM", "open_24h": false, "open_0": "1100", "open_1": "1100", "open_2": "1100", "open_3": "1100", "open_4": "1100", "open_5": "1100", "open_6": "1100", "close_0": "2200", "close_1": "2200", "close_2": "2200", "close_3": "2200", "close_4": "2200", "close_5": "2200", "close_6": "2200" }, "geometry": { "type": "Point", "coordinates": [ -75.1975649, 39.9548671 ] } },
{ "type": "Feature", "properties": { "name": "Natural Shoe Store", "place_id": "ChIJUxz2lPfGxokRBbHQDwG0SVo", "vicinity": "226 South 40th Street, Philadelphia", "types": "c(\"shoe_store\", \"store\", \"point_of_interest\", \"establishment\")", "business_status": "OPERATIONAL", "weekday_text": "Monday: 10:00 AM – 7:00 PM; Tuesday: 10:00 AM – 7:00 PM; Wednesday: 10:00 AM – 7:00 PM; Thursday: 10:00 AM – 7:00 PM; Friday: 10:00 AM – 7:00 PM; Saturday: 10:00 AM – 7:00 PM; Sunday: 11:00 AM – 4:00 PM", "open_24h": false, "open_0": "1100", "open_1": "1000", "open_2": "1000", "open_3": "1000", "open_4": "1000", "open_5": "1000", "open_6": "1000", "close_0": "1600", "close_1": "1900", "close_2": "1900", "close_3": "1900", "close_4": "1900", "close_5": "1900", "close_6": "1900" }, "geometry": { "type": "Point", "coordinates": [ -75.2030271, 39.9532872 ] } },
{ "type": "Feature", "properties": { "name": "New Delhi Indian Restaurant", "place_id": "ChIJyQp0FfjGxokRb8SXEFjMVK4", "vicinity": "4004 Chestnut Street, Philadelphia", "types": "c(\"restaurant\", \"food\", \"point_of_interest\", \"establishment\")", "business_status": "OPERATIONAL", "weekday_text": "Monday: Closed; Tuesday: 11:30 AM – 8:30 PM; Wednesday: 11:30 AM – 8:30 PM; Thursday: 11:30 AM – 8:30 PM; Friday: 11:30 AM – 9:30 PM; Saturday: 11:30 AM – 9:30 PM; Sunday: 11:30 AM – 8:30 PM", "open_24h": false, "open_0": "1130", "open_1": null, "open_2": "1130", "open_3": "1130", "open_4": "1130", "open_5": "1130", "open_6": "1130", "close_0": "2030", "close_1": null, "close_2": "2030", "close_3": "2030", "close_4": "2030", "close_5": "2130", "close_6": "2130" }, "geometry": { "type": "Point", "coordinates": [ -75.2026416, 39.9553992 ] } },
{ "type": "Feature", "properties": { "name": "POKE-MAN", "place_id": "ChIJOWsjCVfGxokRH-ibAI-Zmbw", "vicinity": "3737 Chestnut Street, Philadelphia", "types": "c(\"restaurant\", \"food\", \"point_of_interest\", \"establishment\")", "business_status": "OPERATIONAL", "weekday_text": "Monday: 11:00 AM – 9:45 PM; Tuesday: 11:00 AM – 9:45 PM; Wednesday: 11:00 AM – 9:45 PM; Thursday: 11:00 AM – 9:45 PM; Friday: 11:00 AM – 9:45 PM; Saturday: 11:00 AM – 9:45 PM; Sunday: 11:00 AM – 9:45 PM", "open_24h": false, "open_0": "1100", "open_1": "1100", "open_2": "1100", "open_3": "1100", "open_4": "1100", "open_5": "1100", "open_6": "1100", "close_0": "2145", "close_1": "2145", "close_2": "2145", "close_3": "2145", "close_4": "2145", "close_5": "2145", "close_6": "2145" }, "geometry": { "type": "Point", "coordinates": [ -75.1980586, 39.9552132 ] } },
{ "type": "Feature", "properties": { "name": "Pamela Borowsky, DPM", "place_id": "ChIJKV0Z-FbGxokRgizTiOxRyZQ", "vicinity": "3801 Market Street, Philadelphia", "types": "c(\"point_of_interest\", \"doctor\", \"health\", \"establishment\")", "business_status": null, "weekday_text": null, "open_24h": null, "open_0": null, "open_1": null, "open_2": null, "open_3": null, "open_4": null, "open_5": null, "open_6": null, "close_0": null, "close_1": null, "close_2": null, "close_3": null, "close_4": null, "close_5": null, "close_6": null }, "geometry": { "type": "Point", "coordinates": [ -75.1985065, 39.9571313 ] } },
{ "type": "Feature", "properties": { "name": "Panera Bread", "place_id": "ChIJLZR8Cs_HxokRkwKps8piBdM", "vicinity": "200 South 40th Street, Philadelphia", "types": "c(\"cafe\", \"meal_takeaway\", \"bakery\", \"restaurant\", \"food\", \"store\", \"point_of_interest\", \"establishment\")", "business_status": "OPERATIONAL", "weekday_text": "Monday: 7:00 AM – 9:00 PM; Tuesday: 7:00 AM – 9:00 PM; Wednesday: 7:00 AM – 9:00 PM; Thursday: 7:00 AM – 9:00 PM; Friday: 7:00 AM – 9:00 PM; Saturday: 7:00 AM – 9:00 PM; Sunday: 7:00 AM – 8:00 PM", "open_24h": false, "open_0": "0700", "open_1": "0700", "open_2": "0700", "open_3": "0700", "open_4": "0700", "open_5": "0700", "open_6": "0700", "close_0": "2000", "close_1": "2100", "close_2": "2100", "close_3": "2100", "close_4": "2100", "close_5": "2100", "close_6": "2100" }, "geometry": { "type": "Point", "coordinates": [ -75.2028403, 39.9538122 ] } },
{ "type": "Feature", "properties": { "name": "Papa Johns Pizza", "place_id": "ChIJW_qCFvjGxokRqwYFtT2o32w", "vicinity": "104 South 40th Street, Philadelphia", "types": "c(\"restaurant\", \"food\", \"point_of_interest\", \"establishment\")", "business_status": "OPERATIONAL", "weekday_text": "Monday: 10:00 AM – 3:00 AM; Tuesday: 10:00 AM – 3:00 AM; Wednesday: 10:00 AM – 3:00 AM; Thursday: 10:00 AM – 3:00 AM; Friday: 10:00 AM – 3:00 AM; Saturday: 10:00 AM – 3:00 AM; Sunday: 10:00 AM – 3:00 AM", "open_24h": false, "open_0": "1000", "open_1": "1000", "open_2": "1000", "open_3": "1000", "open_4": "1000", "open_5": "1000", "open_6": "1000", "close_0": "0300", "close_1": "0300", "close_2": "0300", "close_3": "0300", "close_4": "0300", "close_5": "0300", "close_6": "0300" }, "geometry": { "type": "Point", "coordinates": [ -75.2025639, 39.9551984 ] } },
{ "type": "Feature", "properties": { "name": "Paris Baguette", "place_id": "ChIJc0An3_PHxokRPdCuEFBUrUM", "vicinity": "3816 Chestnut Street, Philadelphia", "types": "c(\"bakery\", \"cafe\", \"food\", \"point_of_interest\", \"store\", \"establishment\")", "business_status": "OPERATIONAL", "weekday_text": "Monday: 6:00 AM – 8:00 PM; Tuesday: 6:00 AM – 8:00 PM; Wednesday: 6:00 AM – 8:00 PM; Thursday: 6:00 AM – 8:00 PM; Friday: 6:00 AM – 8:00 PM; Saturday: 6:00 AM – 8:00 PM; Sunday: 6:00 AM – 8:00 PM", "open_24h": false, "open_0": "0600", "open_1": "0600", "open_2": "0600", "open_3": "0600", "open_4": "0600", "open_5": "0600", "open_6": "0600", "close_0": "2000", "close_1": "2000", "close_2": "2000", "close_3": "2000", "close_4": "2000", "close_5": "2000", "close_6": "2000" }, "geometry": { "type": "Point", "coordinates": [ -75.1995133, 39.9550949 ] } },
{ "type": "Feature", "properties": { "name": "Pattaya Restaurant", "place_id": "ChIJ2ayoavjGxokRveiIijic_qM", "vicinity": "4040 Locust Street, Philadelphia", "types": "c(\"restaurant\", \"food\", \"point_of_interest\", \"establishment\")", "business_status": "OPERATIONAL", "weekday_text": "Monday: 11:00 AM – 3:00 PM, 5:00 – 9:00 PM; Tuesday: 11:00 AM – 3:00 PM, 5:00 – 9:00 PM; Wednesday: 11:00 AM – 3:00 PM, 5:00 – 9:00 PM; Thursday: 11:00 AM – 3:00 PM, 5:00 – 9:00 PM; Friday: 11:00 AM – 3:00 PM, 5:00 – 10:00 PM; Saturday: 5:00 – 10:00 PM; Sunday: 5:00 – 9:00 PM", "open_24h": false, "open_0": "1700", "open_1": "1100;1700;1100;1700", "open_2": "1100;1700;1100;1700", "open_3": "1100;1700;1100;1700", "open_4": "1100;1700;1100;1700", "open_5": "1100;1700;1100;1700", "open_6": "1700", "close_0": "2100", "close_1": "1500;1500;2100;2100", "close_2": "1500;1500;2100;2100", "close_3": "1500;1500;2100;2100", "close_4": "1500;1500;2100;2100", "close_5": "1500;1500;2200;2200", "close_6": "2200" }, "geometry": { "type": "Point", "coordinates": [ -75.2048231, 39.9530696 ] } },
{ "type": "Feature", "properties": { "name": "Pelicana Chicken and Boba Tea - University City", "place_id": "ChIJ3QmFXZrHxokRVDCtC9MoDKA", "vicinity": "4002 Spruce Street, Philadelphia", "types": "c(\"restaurant\", \"food\", \"store\", \"point_of_interest\", \"establishment\")", "business_status": "OPERATIONAL", "weekday_text": "Monday: 11:30 AM – 12:00 AM; Tuesday: 11:30 AM – 12:00 AM; Wednesday: 11:30 AM – 12:00 AM; Thursday: 11:30 AM – 12:00 AM; Friday: 11:30 AM – 1:00 AM; Saturday: 11:30 AM – 1:00 AM; Sunday: 11:30 AM – 12:00 AM", "open_24h": false, "open_0": "1130", "open_1": "1130", "open_2": "1130", "open_3": "1130", "open_4": "1130", "open_5": "1130", "open_6": "1130", "close_0": "0100", "close_1": "0000", "close_2": "0000", "close_3": "0000", "close_4": "0000", "close_5": "0000", "close_6": "0100" }, "geometry": { "type": "Point", "coordinates": [ -75.2032965, 39.9515918 ] } },
{ "type": "Feature", "properties": { "name": "Penn Dental Medicine", "place_id": "ChIJrcbSvvfGxokRKL9WRV_knsw", "vicinity": "240 South 40th Street #3, Philadelphia", "types": "c(\"dentist\", \"point_of_interest\", \"doctor\", \"health\", \"establishment\")", "business_status": "OPERATIONAL", "weekday_text": "Monday: 8:00 AM – 8:00 PM; Tuesday: 8:00 AM – 5:00 PM; Wednesday: 8:00 AM – 8:00 PM; Thursday: 8:00 AM – 5:00 PM; Friday: 8:00 AM – 5:00 PM; Saturday: Closed; Sunday: Closed", "open_24h": false, "open_0": null, "open_1": "0800", "open_2": "0800", "open_3": "0800", "open_4": "0800", "open_5": "0800", "open_6": null, "close_0": null, "close_1": "2000", "close_2": "1700", "close_3": "2000", "close_4": "1700", "close_5": "1700", "close_6": null }, "geometry": { "type": "Point", "coordinates": [ -75.2031464, 39.9526096 ] } },
{ "type": "Feature", "properties": { "name": "Penn Electronic Design Shop", "place_id": "ChIJFYkvop3HxokRAggvBBh66hA", "vicinity": "3720 Walnut Street, Philadelphia", "types": "c(\"electronics_store\", \"point_of_interest\", \"store\", \"establishment\")", "business_status": "OPERATIONAL", "weekday_text": "Monday: 9:00 AM – 6:00 PM; Tuesday: 9:00 AM – 6:00 PM; Wednesday: 9:00 AM – 6:00 PM; Thursday: 9:00 AM – 6:00 PM; Friday: 9:00 AM – 6:00 PM; Saturday: Closed; Sunday: Closed", "open_24h": false, "open_0": null, "open_1": "0900", "open_2": "0900", "open_3": "0900", "open_4": "0900", "open_5": "0900", "open_6": null, "close_0": null, "close_1": "1800", "close_2": "1800", "close_3": "1800", "close_4": "1800", "close_5": "1800", "close_6": null }, "geometry": { "type": "Point", "coordinates": [ -75.1978111, 39.9528644 ] } },
{ "type": "Feature", "properties": { "name": "Penn Halal Gyro", "place_id": "ChIJhZo37JXBxokR4SgiHzpH1yU", "vicinity": "237 South 40th Street, Philadelphia", "types": "c(\"restaurant\", \"food\", \"point_of_interest\", \"establishment\")", "business_status": "OPERATIONAL", "weekday_text": "Monday: 10:30 AM – 8:00 PM; Tuesday: 10:30 AM – 8:00 PM; Wednesday: 10:30 AM – 8:00 PM; Thursday: 10:30 AM – 8:00 PM; Friday: 10:30 AM – 8:00 PM; Saturday: 10:30 AM – 8:00 PM; Sunday: 10:30 AM – 8:00 PM", "open_24h": false, "open_0": "1030", "open_1": "1030", "open_2": "1030", "open_3": "1030", "open_4": "1030", "open_5": "1030", "open_6": "1030", "close_0": "2000", "close_1": "2000", "close_2": "2000", "close_3": "2000", "close_4": "2000", "close_5": "2000", "close_6": "2000" }, "geometry": { "type": "Point", "coordinates": [ -75.2027412, 39.9524294 ] } },
{ "type": "Feature", "properties": { "name": "Penn Presbyterian Medical Center", "place_id": "ChIJ-VjoRlbGxokR4IId6ErfHyo", "vicinity": "51 North 39th Street, Philadelphia", "types": "c(\"hospital\", \"point_of_interest\", \"health\", \"establishment\")", "business_status": null, "weekday_text": null, "open_24h": null, "open_0": null, "open_1": null, "open_2": null, "open_3": null, "open_4": null, "open_5": null, "open_6": null, "close_0": null, "close_1": null, "close_2": null, "close_3": null, "close_4": null, "close_5": null, "close_6": null }, "geometry": { "type": "Point", "coordinates": [ -75.1995599, 39.9581874 ] } },
{ "type": "Feature", "properties": { "name": "Philadelphia Ronald McDonald House", "place_id": "ChIJMQgM2FfGxokRCIgAxxKuAco", "vicinity": "3925 Chestnut Street, Philadelphia", "types": "c(\"point_of_interest\", \"establishment\")", "business_status": null, "weekday_text": null, "open_24h": null, "open_0": null, "open_1": null, "open_2": null, "open_3": null, "open_4": null, "open_5": null, "open_6": null, "close_0": null, "close_1": null, "close_2": null, "close_3": null, "close_4": null, "close_5": null, "close_6": null }, "geometry": { "type": "Point", "coordinates": [ -75.2011615, 39.9556349 ] } },
{ "type": "Feature", "properties": { "name": "Philadelphia Runner", "place_id": "ChIJ8YkW_VnGxokRnUFixOEc7a4", "vicinity": "3621 Walnut Street, Philadelphia", "types": "c(\"shoe_store\", \"clothing_store\", \"point_of_interest\", \"store\", \"establishment\")", "business_status": "OPERATIONAL", "weekday_text": "Monday: 11:00 AM – 7:00 PM; Tuesday: 11:00 AM – 7:00 PM; Wednesday: 11:00 AM – 7:00 PM; Thursday: 11:00 AM – 7:00 PM; Friday: 11:00 AM – 7:00 PM; Saturday: 10:00 AM – 7:00 PM; Sunday: 12:00 – 5:00 PM", "open_24h": false, "open_0": "1200", "open_1": "1100", "open_2": "1100", "open_3": "1100", "open_4": "1100", "open_5": "1100", "open_6": "1000", "close_0": "1700", "close_1": "1900", "close_2": "1900", "close_3": "1900", "close_4": "1900", "close_5": "1900", "close_6": "1900" }, "geometry": { "type": "Point", "coordinates": [ -75.196293, 39.95356 ] } },
{ "type": "Feature", "properties": { "name": "Pinto Andres a DDS", "place_id": "ChIJrcbSvvfGxokRyo2QX1cBZR4", "vicinity": "240 South 40th Street #214, Philadelphia", "types": "c(\"dentist\", \"point_of_interest\", \"health\", \"establishment\")", "business_status": null, "weekday_text": null, "open_24h": null, "open_0": null, "open_1": null, "open_2": null, "open_3": null, "open_4": null, "open_5": null, "open_6": null, "close_0": null, "close_1": null, "close_2": null, "close_3": null, "close_4": null, "close_5": null, "close_6": null }, "geometry": { "type": "Point", "coordinates": [ -75.203379, 39.9528269 ] } },
{ "type": "Feature", "properties": { "name": "Port Coffee Co Philadelphia", "place_id": "ChIJVyhzsNfHxokRXm4X5ME0IXs", "vicinity": "4013 Walnut Street, Philadelphia", "types": "c(\"cafe\", \"food\", \"store\", \"point_of_interest\", \"establishment\")", "business_status": "OPERATIONAL", "weekday_text": "Monday: 7:00 AM – 10:00 PM; Tuesday: 7:00 AM – 10:00 PM; Wednesday: 7:00 AM – 10:00 PM; Thursday: 7:00 AM – 12:00 AM; Friday: 7:00 AM – 12:00 AM; Saturday: 7:00 AM – 12:00 AM; Sunday: 9:00 AM – 9:00 PM", "open_24h": true, "open_0": "0900;0900", "open_1": "0700", "open_2": "0700", "open_3": "0700", "open_4": "0700", "open_5": "0700", "open_6": "0700", "close_0": "2100;0000", "close_1": "2200", "close_2": "2200", "close_3": "2200", "close_4": "NA", "close_5": "0000", "close_6": "0000" }, "geometry": { "type": "Point", "coordinates": [ -75.2033743, 39.9544892 ] } },
{ "type": "Feature", "properties": { "name": "Pret A Manger", "place_id": "ChIJzbTor0bHxokRgLa9dRGny_M", "vicinity": "3730 Walnut Street, Philadelphia", "types": "c(\"bakery\", \"cafe\", \"restaurant\", \"food\", \"point_of_interest\", \"store\", \"establishment\")", "business_status": null, "weekday_text": null, "open_24h": null, "open_0": null, "open_1": null, "open_2": null, "open_3": null, "open_4": null, "open_5": null, "open_6": null, "close_0": null, "close_1": null, "close_2": null, "close_3": null, "close_4": null, "close_5": null, "close_6": null }, "geometry": { "type": "Point", "coordinates": [ -75.1984288, 39.9528648 ] } },
{ "type": "Feature", "properties": { "name": "QDOBA Mexican Eats", "place_id": "ChIJxfORlffGxokR7rDV4n0L69E", "vicinity": "230 South 40th Street #140, Philadelphia", "types": "c(\"bar\", \"restaurant\", \"food\", \"point_of_interest\", \"store\", \"establishment\")", "business_status": "OPERATIONAL", "weekday_text": "Monday: 11:00 AM – 11:00 PM; Tuesday: 11:00 AM – 11:00 PM; Wednesday: 11:00 AM – 11:00 PM; Thursday: 11:00 AM – 11:00 PM; Friday: 11:00 AM – 11:00 PM; Saturday: 11:00 AM – 11:00 PM; Sunday: 11:00 AM – 11:00 PM", "open_24h": false, "open_0": "1100", "open_1": "1100", "open_2": "1100", "open_3": "1100", "open_4": "1100", "open_5": "1100", "open_6": "1100", "close_0": "2300", "close_1": "2300", "close_2": "2300", "close_3": "2300", "close_4": "2300", "close_5": "2300", "close_6": "2300" }, "geometry": { "type": "Point", "coordinates": [ -75.2029737, 39.9531869 ] } },
{ "type": "Feature", "properties": { "name": "Raising Cane's Chicken Fingers", "place_id": "ChIJ8QCSU-rHxokRa2fPSDC6mjY", "vicinity": "3925 Walnut Street, Philadelphia", "types": "c(\"restaurant\", \"food\", \"point_of_interest\", \"establishment\")", "business_status": "OPERATIONAL", "weekday_text": "Monday: 10:00 AM – 2:00 AM; Tuesday: 10:00 AM – 2:00 AM; Wednesday: 10:00 AM – 2:00 AM; Thursday: 10:00 AM – 3:00 AM; Friday: 10:00 AM – 3:00 AM; Saturday: 10:00 AM – 3:00 AM; Sunday: 10:00 AM – 2:00 AM", "open_24h": false, "open_0": "1000", "open_1": "1000", "open_2": "1000", "open_3": "1000", "open_4": "1000", "open_5": "1000", "open_6": "1000", "close_0": "0300", "close_1": "0200", "close_2": "0200", "close_3": "0200", "close_4": "0200", "close_5": "0300", "close_6": "0300" }, "geometry": { "type": "Point", "coordinates": [ -75.2008617, 39.9540855 ] } },
{ "type": "Feature", "properties": { "name": "Ramen Umai- University City", "place_id": "ChIJMxCVr2LHxokRnTFsJW31eDc", "vicinity": "32 South 40th Street, Philadelphia", "types": "c(\"meal_takeaway\", \"restaurant\", \"food\", \"point_of_interest\", \"establishment\")", "business_status": null, "weekday_text": null, "open_24h": null, "open_0": null, "open_1": null, "open_2": null, "open_3": null, "open_4": null, "open_5": null, "open_6": null, "close_0": null, "close_1": null, "close_2": null, "close_3": null, "close_4": null, "close_5": null, "close_6": null }, "geometry": { "type": "Point", "coordinates": [ -75.202346, 39.9562595 ] } },
{ "type": "Feature", "properties": { "name": "Record Nations", "place_id": "ChIJ977wg9zHxokR3W7Q8O2MqaE", "vicinity": "3907 Walnut Street, Philadelphia", "types": "c(\"storage\", \"store\", \"point_of_interest\", \"establishment\")", "business_status": "OPERATIONAL", "weekday_text": "Monday: 8:00 AM – 6:00 PM; Tuesday: 8:00 AM – 6:00 PM; Wednesday: 8:00 AM – 6:00 PM; Thursday: 8:00 AM – 6:00 PM; Friday: 8:00 AM – 6:00 PM; Saturday: 8:00 AM – 4:00 PM; Sunday: 8:00 AM – 4:00 PM", "open_24h": false, "open_0": "0800", "open_1": "0800", "open_2": "0800", "open_3": "0800", "open_4": "0800", "open_5": "0800", "open_6": "0800", "close_0": "1600", "close_1": "1800", "close_2": "1800", "close_3": "1800", "close_4": "1800", "close_5": "1800", "close_6": "1600" }, "geometry": { "type": "Point", "coordinates": [ -75.2007131, 39.9540689 ] } },
{ "type": "Feature", "properties": { "name": "Renata's Kitchen", "place_id": "ChIJXbSbjPDGxokRzbk5ajoBNbI", "vicinity": "3940 Baltimore Avenue, Philadelphia", "types": "c(\"bar\", \"restaurant\", \"food\", \"point_of_interest\", \"establishment\")", "business_status": "OPERATIONAL", "weekday_text": "Monday: Closed; Tuesday: 10:00 AM – 11:00 PM; Wednesday: 10:00 AM – 11:00 PM; Thursday: 10:00 AM – 11:00 PM; Friday: 10:00 AM – 11:00 PM; Saturday: 10:00 AM – 11:00 PM; Sunday: 10:00 AM – 3:00 PM", "open_24h": false, "open_0": "1000", "open_1": null, "open_2": "1000", "open_3": "1000", "open_4": "1000", "open_5": "1000", "open_6": "1000", "close_0": "1500", "close_1": null, "close_2": "2300", "close_3": "2300", "close_4": "2300", "close_5": "2300", "close_6": "2300" }, "geometry": { "type": "Point", "coordinates": [ -75.2030875, 39.949722400000013 ] } },
{ "type": "Feature", "properties": { "name": "SabriaStyles", "place_id": "ChIJGwmR9vjGxokRKNJxVgfZsOE", "vicinity": "4030 Market Street, Philadelphia", "types": "c(\"clothing_store\", \"point_of_interest\", \"store\", \"establishment\")", "business_status": null, "weekday_text": null, "open_24h": null, "open_0": null, "open_1": null, "open_2": null, "open_3": null, "open_4": null, "open_5": null, "open_6": null, "close_0": null, "close_1": null, "close_2": null, "close_3": null, "close_4": null, "close_5": null, "close_6": null }, "geometry": { "type": "Point", "coordinates": [ -75.2031133, 39.957057 ] } },
{ "type": "Feature", "properties": { "name": "Sardar G Catering", "place_id": "ChIJCR0tNHfHxokRT3Y0sdow4HY", "vicinity": "4049 Market Street, Philadelphia", "types": "c(\"restaurant\", \"food\", \"point_of_interest\", \"store\", \"establishment\")", "business_status": "OPERATIONAL", "weekday_text": "Monday: 11:00 AM – 8:00 PM; Tuesday: 11:00 AM – 8:00 PM; Wednesday: 11:00 AM – 8:00 PM; Thursday: 11:00 AM – 8:00 PM; Friday: 11:00 AM – 8:00 PM; Saturday: 11:00 AM – 8:00 PM; Sunday: 11:00 AM – 8:00 PM", "open_24h": false, "open_0": "1100", "open_1": "1100", "open_2": "1100", "open_3": "1100", "open_4": "1100", "open_5": "1100", "open_6": "1100", "close_0": "2000", "close_1": "2000", "close_2": "2000", "close_3": "2000", "close_4": "2000", "close_5": "2000", "close_6": "2000" }, "geometry": { "type": "Point", "coordinates": [ -75.2037353, 39.9575991 ] } },
{ "type": "Feature", "properties": { "name": "Smoke Shop & Convenience", "place_id": "ChIJ8f8Z2__HxokRP54MpDXczA8", "vicinity": "20 South 40th Street, Philadelphia", "types": "c(\"store\", \"point_of_interest\", \"establishment\")", "business_status": "OPERATIONAL", "weekday_text": "Monday: 8:00 AM – 9:00 PM; Tuesday: 8:00 AM – 9:00 PM; Wednesday: 8:00 AM – 9:00 PM; Thursday: 8:00 AM – 9:00 PM; Friday: 8:00 AM – 9:00 PM; Saturday: 8:00 AM – 9:00 PM; Sunday: 10:00 AM – 8:00 PM", "open_24h": false, "open_0": "1000", "open_1": "0800", "open_2": "0800", "open_3": "0800", "open_4": "0800", "open_5": "0800", "open_6": "0800", "close_0": "2000", "close_1": "2100", "close_2": "2100", "close_3": "2100", "close_4": "2100", "close_5": "2100", "close_6": "2100" }, "geometry": { "type": "Point", "coordinates": [ -75.202300400000013, 39.9566462 ] } },
{ "type": "Feature", "properties": { "name": "Smokey Joe's", "place_id": "ChIJa4NSjffGxokRP34pvxlRiOo", "vicinity": "210 South 40th Street, Philadelphia", "types": "c(\"bar\", \"restaurant\", \"food\", \"point_of_interest\", \"establishment\")", "business_status": "OPERATIONAL", "weekday_text": "Monday: 3:00 PM – 2:00 AM; Tuesday: 3:00 PM – 2:00 AM; Wednesday: 3:00 PM – 2:00 AM; Thursday: 3:00 PM – 2:00 AM; Friday: 3:00 PM – 2:00 AM; Saturday: 3:00 PM – 2:00 AM; Sunday: 3:00 PM – 2:00 AM", "open_24h": false, "open_0": "1500", "open_1": "1500", "open_2": "1500", "open_3": "1500", "open_4": "1500", "open_5": "1500", "open_6": "1500", "close_0": "0200", "close_1": "0200", "close_2": "0200", "close_3": "0200", "close_4": "0200", "close_5": "0200", "close_6": "0200" }, "geometry": { "type": "Point", "coordinates": [ -75.2028095, 39.9537242 ] } },
{ "type": "Feature", "properties": { "name": "St Mary's Church, Hamilton Village", "place_id": "ChIJXSJY2vfGxokR4f1KTGiuDVk", "vicinity": "3916 Locust Walk, Philadelphia", "types": "c(\"church\", \"place_of_worship\", \"point_of_interest\", \"establishment\")", "business_status": "OPERATIONAL", "weekday_text": "Monday: 10:00 AM – 3:00 PM; Tuesday: 10:00 AM – 3:00 PM; Wednesday: 10:00 AM – 3:00 PM; Thursday: 10:00 AM – 3:00 PM; Friday: 10:00 AM – 3:00 PM; Saturday: Closed; Sunday: 9:00 AM – 3:00 PM", "open_24h": false, "open_0": "0900", "open_1": "1000", "open_2": "1000", "open_3": "1000", "open_4": "1000", "open_5": "1000", "open_6": null, "close_0": "1500", "close_1": "1500", "close_2": "1500", "close_3": "1500", "close_4": "1500", "close_5": "1500", "close_6": null }, "geometry": { "type": "Point", "coordinates": [ -75.2017021, 39.9525594 ] } },
{ "type": "Feature", "properties": { "name": "St. Agatha - St. James Parish/Roman Catholic Church", "place_id": "ChIJXaM1dFfGxokR4nIIPAoLIMY", "vicinity": "3728 Chestnut Street, Philadelphia", "types": "c(\"church\", \"place_of_worship\", \"point_of_interest\", \"establishment\")", "business_status": null, "weekday_text": null, "open_24h": null, "open_0": null, "open_1": null, "open_2": null, "open_3": null, "open_4": null, "open_5": null, "open_6": null, "close_0": null, "close_1": null, "close_2": null, "close_3": null, "close_4": null, "close_5": null, "close_6": null }, "geometry": { "type": "Point", "coordinates": [ -75.1980167, 39.954769399999989 ] } },
{ "type": "Feature", "properties": { "name": "Starbucks Coffee Company", "place_id": "ChIJqSS691fGxokRKcXzFtvXsAo", "vicinity": "3901 Walnut Street, Philadelphia", "types": "c(\"cafe\", \"restaurant\", \"food\", \"point_of_interest\", \"store\", \"establishment\")", "business_status": "OPERATIONAL", "weekday_text": "Monday: 5:00 AM – 8:00 PM; Tuesday: 5:00 AM – 8:00 PM; Wednesday: 5:00 AM – 8:00 PM; Thursday: 5:00 AM – 8:00 PM; Friday: 5:00 AM – 8:00 PM; Saturday: 5:00 AM – 8:00 PM; Sunday: 5:00 AM – 8:00 PM", "open_24h": false, "open_0": "0500", "open_1": "0500", "open_2": "0500", "open_3": "0500", "open_4": "0500", "open_5": "0500", "open_6": "0500", "close_0": "2000", "close_1": "2000", "close_2": "2000", "close_3": "2000", "close_4": "2000", "close_5": "2000", "close_6": "2000" }, "geometry": { "type": "Point", "coordinates": [ -75.2004095, 39.9540615 ] } },
{ "type": "Feature", "properties": { "name": "Steven Shannon, DPM", "place_id": "ChIJKV0Z-FbGxokRDo3Iu91Wo7g", "vicinity": "3801 Market Street #111, Philadelphia", "types": "c(\"point_of_interest\", \"doctor\", \"health\", \"establishment\")", "business_status": null, "weekday_text": null, "open_24h": null, "open_0": null, "open_1": null, "open_2": null, "open_3": null, "open_4": null, "open_5": null, "open_6": null, "close_0": null, "close_1": null, "close_2": null, "close_3": null, "close_4": null, "close_5": null, "close_6": null }, "geometry": { "type": "Point", "coordinates": [ -75.1985065, 39.9571313 ] } },
{ "type": "Feature", "properties": { "name": "Surreal Creamery", "place_id": "ChIJP2DSvj3HxokR49cYSJEW0-c", "vicinity": "3818 Chestnut Street, Philadelphia", "types": "c(\"restaurant\", \"food\", \"point_of_interest\", \"store\", \"establishment\")", "business_status": "OPERATIONAL", "weekday_text": "Monday: 3:00 – 10:00 PM; Tuesday: 3:00 – 10:00 PM; Wednesday: 3:00 – 10:00 PM; Thursday: 3:00 – 10:00 PM; Friday: 3:00 – 11:00 PM; Saturday: 12:00 – 11:00 PM; Sunday: 12:00 – 10:00 PM", "open_24h": false, "open_0": "1200", "open_1": "1500", "open_2": "1500", "open_3": "1500", "open_4": "1500", "open_5": "1500", "open_6": "1200", "close_0": "2200", "close_1": "2200", "close_2": "2200", "close_3": "2200", "close_4": "2200", "close_5": "2300", "close_6": "2300" }, "geometry": { "type": "Point", "coordinates": [ -75.1992937, 39.955161 ] } },
{ "type": "Feature", "properties": { "name": "TD Bank", "place_id": "ChIJgWogflfGxokRPdUfSWGhdJg", "vicinity": "3735 Walnut Street, Philadelphia", "types": "c(\"bank\", \"atm\", \"finance\", \"point_of_interest\", \"establishment\")", "business_status": "OPERATIONAL", "weekday_text": "Monday: 9:00 AM – 6:00 PM; Tuesday: 9:00 AM – 6:00 PM; Wednesday: 9:00 AM – 6:00 PM; Thursday: 9:00 AM – 6:00 PM; Friday: 9:00 AM – 6:00 PM; Saturday: 9:00 AM – 2:00 PM; Sunday: Closed", "open_24h": false, "open_0": null, "open_1": "0900", "open_2": "0900", "open_3": "0900", "open_4": "0900", "open_5": "0900", "open_6": "0900", "close_0": null, "close_1": "1800", "close_2": "1800", "close_3": "1800", "close_4": "1800", "close_5": "1800", "close_6": "1400" }, "geometry": { "type": "Point", "coordinates": [ -75.1979454, 39.953781899999989 ] } },
{ "type": "Feature", "properties": { "name": "Tap Snack Mart", "place_id": "ChIJBZywWUvHxokR9zDKbmUBOmw", "vicinity": "101 South 39th Street, Philadelphia", "types": "c(\"meal_takeaway\", \"grocery_or_supermarket\", \"restaurant\", \"food\", \"point_of_interest\", \"store\", \"establishment\")", "business_status": "OPERATIONAL", "weekday_text": "Monday: 12:00 PM – 2:00 AM; Tuesday: 12:00 PM – 2:00 AM; Wednesday: 12:00 PM – 2:00 AM; Thursday: 12:00 PM – 2:00 AM; Friday: 12:00 PM – 4:00 AM; Saturday: 12:00 PM – 4:00 AM; Sunday: 12:00 PM – 2:00 AM", "open_24h": false, "open_0": "1200", "open_1": "1200", "open_2": "1200", "open_3": "1200", "open_4": "1200", "open_5": "1200", "open_6": "1200", "close_0": "0400", "close_1": "0200", "close_2": "0200", "close_3": "0200", "close_4": "0200", "close_5": "0200", "close_6": "0400" }, "geometry": { "type": "Point", "coordinates": [ -75.199679, 39.954911499999987 ] } },
{ "type": "Feature", "properties": { "name": "Thai Singha House", "place_id": "ChIJUeWDwVfGxokRJdn5aEHaHUA", "vicinity": "3906B Chestnut Street, Philadelphia", "types": "c(\"restaurant\", \"food\", \"point_of_interest\", \"establishment\")", "business_status": "OPERATIONAL", "weekday_text": "Monday: 11:00 AM – 1:45 PM, 5:00 – 8:30 PM; Tuesday: 11:00 AM – 1:45 PM, 5:00 – 8:30 PM; Wednesday: 11:00 AM – 1:45 PM, 5:00 – 8:30 PM; Thursday: 11:00 AM – 1:45 PM, 5:00 – 8:30 PM; Friday: 11:00 AM – 1:45 PM, 5:00 – 9:30 PM; Saturday: 5:00 – 9:30 PM; Sunday: 5:00 – 8:30 PM", "open_24h": false, "open_0": "1700", "open_1": "1100;1700;1100;1700", "open_2": "1100;1700;1100;1700", "open_3": "1100;1700;1100;1700", "open_4": "1100;1700;1100;1700", "open_5": "1100;1700;1100;1700", "open_6": "1700", "close_0": "2030", "close_1": "1345;1345;2030;2030", "close_2": "1345;1345;2030;2030", "close_3": "1345;1345;2030;2030", "close_4": "1345;1345;2030;2030", "close_5": "1345;1345;2130;2130", "close_6": "2130" }, "geometry": { "type": "Point", "coordinates": [ -75.200442, 39.9552826 ] } },
{ "type": "Feature", "properties": { "name": "The Famous Cookie Creamery", "place_id": "ChIJX1L4jB3HxokRdW56IgHTZio", "vicinity": "4004 Spruce Street, Philadelphia", "types": "c(\"food\", \"point_of_interest\", \"store\", \"establishment\")", "business_status": "OPERATIONAL", "weekday_text": "Monday: 4:00 – 10:00 PM; Tuesday: 4:00 – 10:00 PM; Wednesday: 4:00 – 10:00 PM; Thursday: 4:00 – 10:00 PM; Friday: 4:00 PM – 12:00 AM; Saturday: 12:00 PM – 12:00 AM; Sunday: Closed", "open_24h": true, "open_0": "NA", "open_1": "1600", "open_2": "1600", "open_3": "1600", "open_4": "1600", "open_5": "1600", "open_6": "1200", "close_0": "0000", "close_1": "2200", "close_2": "2200", "close_3": "2200", "close_4": "2200", "close_5": "NA", "close_6": "0000" }, "geometry": { "type": "Point", "coordinates": [ -75.2034149, 39.9516384 ] } },
{ "type": "Feature", "properties": { "name": "The Inn at Penn, a Hilton Hotel", "place_id": "ChIJBbo2UlfGxokRa5tJ7vncsSo", "vicinity": "3600 Sansom Street, Philadelphia", "types": "c(\"lodging\", \"point_of_interest\", \"establishment\")", "business_status": null, "weekday_text": null, "open_24h": null, "open_0": null, "open_1": null, "open_2": null, "open_3": null, "open_4": null, "open_5": null, "open_6": null, "close_0": null, "close_1": null, "close_2": null, "close_3": null, "close_4": null, "close_5": null, "close_6": null }, "geometry": { "type": "Point", "coordinates": [ -75.1957816, 39.9537829 ] } },
{ "type": "Feature", "properties": { "name": "The Last Word Bookshop", "place_id": "ChIJgb47k_fGxokRTckiryudMvg", "vicinity": "220 South 40th Street, Philadelphia", "types": "c(\"book_store\", \"store\", \"point_of_interest\", \"establishment\")", "business_status": "OPERATIONAL", "weekday_text": "Monday: 10:00 AM – 10:00 PM; Tuesday: 10:00 AM – 10:00 PM; Wednesday: 10:00 AM – 10:00 PM; Thursday: 10:00 AM – 10:00 PM; Friday: 10:00 AM – 10:00 PM; Saturday: 10:00 AM – 10:00 PM; Sunday: 10:00 AM – 10:00 PM", "open_24h": false, "open_0": "1000", "open_1": "1000", "open_2": "1000", "open_3": "1000", "open_4": "1000", "open_5": "1000", "open_6": "1000", "close_0": "2200", "close_1": "2200", "close_2": "2200", "close_3": "2200", "close_4": "2200", "close_5": "2200", "close_6": "2200" }, "geometry": { "type": "Point", "coordinates": [ -75.2028624, 39.9534149 ] } },
{ "type": "Feature", "properties": { "name": "The Living Room Lounge", "place_id": "ChIJv0be2E_HxokRuDibrbc8jZo", "vicinity": "3600 Sansom Street, Philadelphia", "types": "c(\"bar\", \"night_club\", \"restaurant\", \"food\", \"point_of_interest\", \"establishment\")", "business_status": "OPERATIONAL", "weekday_text": "Monday: Closed; Tuesday: 4:30 – 10:30 PM; Wednesday: 2:30 – 10:30 PM; Thursday: 4:30 – 10:30 PM; Friday: 4:30 – 11:00 PM; Saturday: 4:30 – 11:00 PM; Sunday: Closed", "open_24h": false, "open_0": null, "open_1": null, "open_2": "1630", "open_3": "1430", "open_4": "1630", "open_5": "1630", "open_6": "1630", "close_0": null, "close_1": null, "close_2": "2230", "close_3": "2230", "close_4": "2230", "close_5": "2300", "close_6": "2300" }, "geometry": { "type": "Point", "coordinates": [ -75.1957422, 39.9539949 ] } },
{ "type": "Feature", "properties": { "name": "The Radian", "place_id": "ChIJX9LkAFjGxokRg6CTZfPqyRI", "vicinity": "3925 Walnut Street, Philadelphia", "types": "c(\"point_of_interest\", \"establishment\")", "business_status": "OPERATIONAL", "weekday_text": "Monday: 10:00 AM – 6:00 PM; Tuesday: 10:00 AM – 6:00 PM; Wednesday: 10:00 AM – 6:00 PM; Thursday: 10:00 AM – 6:00 PM; Friday: 10:00 AM – 6:00 PM; Saturday: Closed; Sunday: Closed", "open_24h": false, "open_0": null, "open_1": "1000", "open_2": "1000", "open_3": "1000", "open_4": "1000", "open_5": "1000", "open_6": null, "close_0": null, "close_1": "1800", "close_2": "1800", "close_3": "1800", "close_4": "1800", "close_5": "1800", "close_6": null }, "geometry": { "type": "Point", "coordinates": [ -75.2014259, 39.9543482 ] } },
{ "type": "Feature", "properties": { "name": "The Rotunda", "place_id": "ChIJgcZQhPfGxokRXfH8KUF6tYw", "vicinity": "4014 Walnut Street, Philadelphia", "types": "c(\"point_of_interest\", \"establishment\")", "business_status": null, "weekday_text": null, "open_24h": null, "open_0": null, "open_1": null, "open_2": null, "open_3": null, "open_4": null, "open_5": null, "open_6": null, "close_0": null, "close_1": null, "close_2": null, "close_3": null, "close_4": null, "close_5": null, "close_6": null }, "geometry": { "type": "Point", "coordinates": [ -75.2036644, 39.9537108 ] } },
{ "type": "Feature", "properties": { "name": "The University of Pennsylvania School of Dental Medicine", "place_id": "ChIJg20uuffGxokRIzP9MceF4B8", "vicinity": "240 South 40th Street, Philadelphia", "types": "c(\"dentist\", \"point_of_interest\", \"health\", \"establishment\")", "business_status": "OPERATIONAL", "weekday_text": "Monday: 8:00 AM – 5:00 PM; Tuesday: 8:00 AM – 5:00 PM; Wednesday: 8:00 AM – 5:00 PM; Thursday: 8:00 AM – 5:00 PM; Friday: 8:00 AM – 5:00 PM; Saturday: Closed; Sunday: Closed", "open_24h": false, "open_0": null, "open_1": "0800", "open_2": "0800", "open_3": "0800", "open_4": "0800", "open_5": "0800", "open_6": null, "close_0": null, "close_1": "1700", "close_2": "1700", "close_3": "1700", "close_4": "1700", "close_5": "1700", "close_6": null }, "geometry": { "type": "Point", "coordinates": [ -75.2030988, 39.9526131 ] } },
{ "type": "Feature", "properties": { "name": "Tropical Smoothie Cafe", "place_id": "ChIJAWtL65XHxokRnHSMy8in31s", "vicinity": "3737 Chestnut Street, Philadelphia", "types": "c(\"cafe\", \"restaurant\", \"food\", \"point_of_interest\", \"establishment\")", "business_status": "OPERATIONAL", "weekday_text": "Monday: 7:00 AM – 9:00 PM; Tuesday: 7:00 AM – 9:00 PM; Wednesday: 7:00 AM – 9:00 PM; Thursday: 7:00 AM – 9:00 PM; Friday: 7:00 AM – 9:00 PM; Saturday: 8:00 AM – 9:00 PM; Sunday: 8:00 AM – 9:00 PM", "open_24h": false, "open_0": "0800", "open_1": "0700", "open_2": "0700", "open_3": "0700", "open_4": "0700", "open_5": "0700", "open_6": "0800", "close_0": "2100", "close_1": "2100", "close_2": "2100", "close_3": "2100", "close_4": "2100", "close_5": "2100", "close_6": "2100" }, "geometry": { "type": "Point", "coordinates": [ -75.1979386, 39.9553952 ] } },
{ "type": "Feature", "properties": { "name": "U-Town", "place_id": "ChIJj9SgF_jGxokRZjNrFVOcXE4", "vicinity": "110 South 40th Street, Philadelphia", "types": "c(\"restaurant\", \"food\", \"point_of_interest\", \"establishment\")", "business_status": "OPERATIONAL", "weekday_text": "Monday: 11:00 AM – 9:00 PM; Tuesday: 11:00 AM – 9:00 PM; Wednesday: 11:00 AM – 9:00 PM; Thursday: 11:00 AM – 9:00 PM; Friday: 11:00 AM – 9:00 PM; Saturday: 11:00 AM – 9:00 PM; Sunday: Closed", "open_24h": false, "open_0": null, "open_1": "1100", "open_2": "1100", "open_3": "1100", "open_4": "1100", "open_5": "1100", "open_6": "1100", "close_0": null, "close_1": "2100", "close_2": "2100", "close_3": "2100", "close_4": "2100", "close_5": "2100", "close_6": "2100" }, "geometry": { "type": "Point", "coordinates": [ -75.2025105, 39.9549689 ] } },
{ "type": "Feature", "properties": { "name": "UE LifeSciences Inc.", "place_id": "ChIJPXVX3VbGxokRbz-SjfU7q68", "vicinity": "3401 Market Street #200, Philadelphia", "types": "c(\"point_of_interest\", \"establishment\")", "business_status": "OPERATIONAL", "weekday_text": "Monday: 9:00 AM – 5:00 PM; Tuesday: 9:00 AM – 5:00 PM; Wednesday: 9:00 AM – 5:00 PM; Thursday: 9:00 AM – 5:00 PM; Friday: 9:00 AM – 5:00 PM; Saturday: Closed; Sunday: Closed", "open_24h": false, "open_0": null, "open_1": "0900", "open_2": "0900", "open_3": "0900", "open_4": "0900", "open_5": "0900", "open_6": null, "close_0": null, "close_1": "1700", "close_2": "1700", "close_3": "1700", "close_4": "1700", "close_5": "1700", "close_6": null }, "geometry": { "type": "Point", "coordinates": [ -75.1968255, 39.956942299999987 ] } },
{ "type": "Feature", "properties": { "name": "University Family Fun Center", "place_id": "ChIJZ5B6UvbGxokRzL90DZqCbSU", "vicinity": "4006 Spruce Street, Philadelphia", "types": "c(\"point_of_interest\", \"store\", \"establishment\")", "business_status": "OPERATIONAL", "weekday_text": "Monday: Closed; Tuesday: Closed; Wednesday: 12:00 – 8:00 PM; Thursday: 12:00 – 8:00 PM; Friday: 12:00 – 8:00 PM; Saturday: 12:00 – 8:00 PM; Sunday: 12:00 – 8:00 PM", "open_24h": false, "open_0": "1200", "open_1": null, "open_2": null, "open_3": "1200", "open_4": "1200", "open_5": "1200", "open_6": "1200", "close_0": "2000", "close_1": null, "close_2": null, "close_3": "2000", "close_4": "2000", "close_5": "2000", "close_6": "2000" }, "geometry": { "type": "Point", "coordinates": [ -75.2034359, 39.9515393 ] } },
{ "type": "Feature", "properties": { "name": "University Finest Store", "place_id": "ChIJC0L3A-LHxokRM63qRwPKIYg", "vicinity": "3803 Sansom Street, Philadelphia", "types": "c(\"store\", \"point_of_interest\", \"establishment\")", "business_status": null, "weekday_text": null, "open_24h": null, "open_0": null, "open_1": null, "open_2": null, "open_3": null, "open_4": null, "open_5": null, "open_6": null, "close_0": null, "close_1": null, "close_2": null, "close_3": null, "close_4": null, "close_5": null, "close_6": null }, "geometry": { "type": "Point", "coordinates": [ -75.1995334, 39.9546712 ] } },
{ "type": "Feature", "properties": { "name": "University of Pa Dental School: Mooney John Willia DDS", "place_id": "ChIJrcbSvvfGxokReRqTl17fLFA", "vicinity": "240 South 40th Street #1, Philadelphia", "types": "c(\"doctor\", \"health\", \"point_of_interest\", \"establishment\")", "business_status": null, "weekday_text": null, "open_24h": null, "open_0": null, "open_1": null, "open_2": null, "open_3": null, "open_4": null, "open_5": null, "open_6": null, "close_0": null, "close_1": null, "close_2": null, "close_3": null, "close_4": null, "close_5": null, "close_6": null }, "geometry": { "type": "Point", "coordinates": [ -75.203379, 39.9528269 ] } },
{ "type": "Feature", "properties": { "name": "University of Pennsylvania School of Veterinary Medicine", "place_id": "ChIJ42FzyFvGxokRVxN90oXLOpQ", "vicinity": "3800 Spruce Street, Philadelphia", "types": "c(\"veterinary_care\", \"point_of_interest\", \"health\", \"establishment\")", "business_status": null, "weekday_text": null, "open_24h": null, "open_0": null, "open_1": null, "open_2": null, "open_3": null, "open_4": null, "open_5": null, "open_6": null, "close_0": null, "close_1": null, "close_2": null, "close_3": null, "close_4": null, "close_5": null, "close_6": null }, "geometry": { "type": "Point", "coordinates": [ -75.2000397, 39.9511917 ] } },
{ "type": "Feature", "properties": { "name": "University of Pennsylvania's Fels Institute of Government", "place_id": "ChIJhzN8KFjGxokRR72FXUOwSYs", "vicinity": "3814 Walnut Street, Philadelphia", "types": "c(\"point_of_interest\", \"establishment\")", "business_status": null, "weekday_text": null, "open_24h": null, "open_0": null, "open_1": null, "open_2": null, "open_3": null, "open_4": null, "open_5": null, "open_6": null, "close_0": null, "close_1": null, "close_2": null, "close_3": null, "close_4": null, "close_5": null, "close_6": null }, "geometry": { "type": "Point", "coordinates": [ -75.1999775, 39.9533701 ] } },
{ "type": "Feature", "properties": { "name": "Uyghur Noodle King", "place_id": "ChIJawyxiU3HxokR6Zyi3msUvJQ", "vicinity": "3816 Chestnut Street Unit 8, Philadelphia", "types": "c(\"restaurant\", \"food\", \"point_of_interest\", \"establishment\")", "business_status": "OPERATIONAL", "weekday_text": "Monday: 11:00 AM – 9:00 PM; Tuesday: Closed; Wednesday: 11:00 AM – 10:00 PM; Thursday: 11:00 AM – 10:00 PM; Friday: 11:00 AM – 10:00 PM; Saturday: 11:00 AM – 10:00 PM; Sunday: 11:00 AM – 10:00 PM", "open_24h": false, "open_0": "1100", "open_1": "1100", "open_2": null, "open_3": "1100", "open_4": "1100", "open_5": "1100", "open_6": "1100", "close_0": "2200", "close_1": "2100", "close_2": null, "close_3": "2200", "close_4": "2200", "close_5": "2200", "close_6": "2200" }, "geometry": { "type": "Point", "coordinates": [ -75.1994835, 39.9551348 ] } },
{ "type": "Feature", "properties": { "name": "Wells Rebecca MD", "place_id": "ChIJ-VjoRlbGxokRYEsaao4uwyY", "vicinity": "51 North 39th Street #218, Philadelphia", "types": "c(\"point_of_interest\", \"doctor\", \"health\", \"establishment\")", "business_status": null, "weekday_text": null, "open_24h": null, "open_0": null, "open_1": null, "open_2": null, "open_3": null, "open_4": null, "open_5": null, "open_6": null, "close_0": null, "close_1": null, "close_2": null, "close_3": null, "close_4": null, "close_5": null, "close_6": null }, "geometry": { "type": "Point", "coordinates": [ -75.1993674, 39.9572022 ] } },
{ "type": "Feature", "properties": { "name": "Wonder University City", "place_id": "ChIJuf99dZbHxokR5mujxAjES4o", "vicinity": "3925 Walnut Street, Philadelphia", "types": "c(\"restaurant\", \"food\", \"point_of_interest\", \"establishment\")", "business_status": "OPERATIONAL", "weekday_text": "Monday: 10:30 AM – 11:30 PM; Tuesday: 10:30 AM – 11:30 PM; Wednesday: 10:30 AM – 11:30 PM; Thursday: 10:30 AM – 11:30 PM; Friday: 10:30 AM – 11:30 PM; Saturday: 10:30 AM – 11:30 PM; Sunday: 10:30 AM – 11:30 PM", "open_24h": false, "open_0": "1030", "open_1": "1030", "open_2": "1030", "open_3": "1030", "open_4": "1030", "open_5": "1030", "open_6": "1030", "close_0": "2330", "close_1": "2330", "close_2": "2330", "close_3": "2330", "close_4": "2330", "close_5": "2330", "close_6": "2330" }, "geometry": { "type": "Point", "coordinates": [ -75.20119, 39.95424 ] } },
{ "type": "Feature", "properties": { "name": "Xi'an Sizzling Woks", "place_id": "ChIJWeNNa_jGxokR0emSQPaFovE", "vicinity": "4000 Chestnut Street, Philadelphia", "types": "c(\"meal_delivery\", \"restaurant\", \"food\", \"point_of_interest\", \"establishment\")", "business_status": "OPERATIONAL", "weekday_text": "Monday: 11:30 AM – 9:30 PM; Tuesday: Closed; Wednesday: 11:30 AM – 9:30 PM; Thursday: 11:30 AM – 9:30 PM; Friday: 11:30 AM – 10:30 PM; Saturday: 11:30 AM – 10:30 PM; Sunday: 11:30 AM – 9:30 PM", "open_24h": false, "open_0": "1130", "open_1": "1130", "open_2": null, "open_3": "1130", "open_4": "1130", "open_5": "1130", "open_6": "1130", "close_0": "2130", "close_1": "2130", "close_2": null, "close_3": "2130", "close_4": "2130", "close_5": "2230", "close_6": "2230" }, "geometry": { "type": "Point", "coordinates": [ -75.2024597, 39.9555446 ] } },
{ "type": "Feature", "properties": { "name": "Yu Jason w DDS", "place_id": "ChIJm03961fGxokRGOQFe_fy6IQ", "vicinity": "3900 Chestnut Street #5, Philadelphia", "types": "c(\"dentist\", \"health\", \"point_of_interest\", \"establishment\")", "business_status": null, "weekday_text": null, "open_24h": null, "open_0": null, "open_1": null, "open_2": null, "open_3": null, "open_4": null, "open_5": null, "open_6": null, "close_0": null, "close_1": null, "close_2": null, "close_3": null, "close_4": null, "close_5": null, "close_6": null }, "geometry": { "type": "Point", "coordinates": [ -75.2001318, 39.954930399999988 ] } },
{ "type": "Feature", "properties": { "name": "Zesto Yiro", "place_id": "ChIJy5lsrS3HxokRMC6iK0ZtIPs", "vicinity": "125 South 40th Street, Philadelphia", "types": "c(\"restaurant\", \"food\", \"point_of_interest\", \"establishment\")", "business_status": "OPERATIONAL", "weekday_text": "Monday: 11:00 AM – 9:00 PM; Tuesday: 11:00 AM – 9:00 PM; Wednesday: 11:00 AM – 9:00 PM; Thursday: 11:00 AM – 9:00 PM; Friday: 11:00 AM – 9:00 PM; Saturday: 11:00 AM – 9:00 PM; Sunday: 9:00 AM – 9:00 PM", "open_24h": false, "open_0": "0900", "open_1": "1100", "open_2": "1100", "open_3": "1100", "open_4": "1100", "open_5": "1100", "open_6": "1100", "close_0": "2100", "close_1": "2100", "close_2": "2100", "close_3": "2100", "close_4": "2100", "close_5": "2100", "close_6": "2100" }, "geometry": { "type": "Point", "coordinates": [ -75.2020952, 39.954715299999989 ] } },
{ "type": "Feature", "properties": { "name": "honeygrow", "place_id": "ChIJ9cLMfVfGxokRq6mhfGYIgEw", "vicinity": "3731 Walnut Street, Philadelphia", "types": "c(\"restaurant\", \"food\", \"point_of_interest\", \"establishment\")", "business_status": "OPERATIONAL", "weekday_text": "Monday: 10:30 AM – 11:00 PM; Tuesday: 10:30 AM – 11:00 PM; Wednesday: 10:30 AM – 11:00 PM; Thursday: 10:30 AM – 11:00 PM; Friday: 10:30 AM – 11:00 PM; Saturday: 10:30 AM – 11:00 PM; Sunday: 10:30 AM – 11:00 PM", "open_24h": false, "open_0": "1030", "open_1": "1030", "open_2": "1030", "open_3": "1030", "open_4": "1030", "open_5": "1030", "open_6": "1030", "close_0": "2300", "close_1": "2300", "close_2": "2300", "close_3": "2300", "close_4": "2300", "close_5": "2300", "close_6": "2300" }, "geometry": { "type": "Point", "coordinates": [ -75.1978196, 39.9537318 ] } },
{ "type": "Feature", "properties": { "name": "sweetgreen - Healthy Salads, Wraps, and Bowls", "place_id": "ChIJCZkSAFjGxokRUYdwbKZ34RU", "vicinity": "3925 Walnut Street, Philadelphia", "types": "c(\"meal_takeaway\", \"restaurant\", \"food\", \"point_of_interest\", \"establishment\")", "business_status": "OPERATIONAL", "weekday_text": "Monday: 10:30 AM – 10:00 PM; Tuesday: 10:30 AM – 10:00 PM; Wednesday: 10:30 AM – 10:00 PM; Thursday: 10:30 AM – 10:00 PM; Friday: 10:30 AM – 10:00 PM; Saturday: 10:30 AM – 10:00 PM; Sunday: 10:30 AM – 10:00 PM", "open_24h": false, "open_0": "1030", "open_1": "1030", "open_2": "1030", "open_3": "1030", "open_4": "1030", "open_5": "1030", "open_6": "1030", "close_0": "2200", "close_1": "2200", "close_2": "2200", "close_3": "2200", "close_4": "2200", "close_5": "2200", "close_6": "2200" }, "geometry": { "type": "Point", "coordinates": [ -75.201033, 39.9540571 ] } }
]
}
