{
"type": "FeatureCollection",
"name": "places_rittenhouse",
"crs": { "type": "name", "properties": { "name": "urn:ogc:def:crs:OGC:1.3:CRS84" } },
"features": [
{ "type": "Feature", "properties": { "name": "1 Tippling Place", "place_id": "ChIJiV8LFDfGxokRUPrVhS6gQZY", "vicinity": "2006 Chestnut Street, Philadelphia", "types": "c(\"bar\", \"point_of_interest\", \"establishment\")", "business_status": "OPERATIONAL", "weekday_text": "Monday: Closed; Tuesday: 5:00 – 10:00 PM; Wednesday: 5:00 – 10:00 PM; Thursday: 5:00 – 10:00 PM; Friday: 5:00 PM – 12:00 AM; Saturday: 5:00 PM – 12:00 AM; Sunday: Closed", "open_24h": true, "open_0": "NA", "open_1": null, "open_2": "1700", "open_3": "1700", "open_4": "1700", "open_6": "1700", "open_5": "1700", "close_0": "0000", "close_1": null, "close_2": "2200", "close_3": "2200", "close_4": "2200", "close_6": "0000", "close_5": "NA" }, "geometry": { "type": "Point", "coordinates": [ -75.1738477, 39.9519311 ] } },
{ "type": "Feature", "properties": { "name": "AKA Rittenhouse Square", "place_id": "ChIJmd9gnzDGxokRDQ0SjqkD9BA", "vicinity": "135 South 18th Street, Philadelphia", "types": "c(\"lodging\", \"point_of_interest\", \"establishment\")", "business_status": null, "weekday_text": null, "open_24h": null, "open_0": null, "open_1": null, "open_2": null, "open_3": null, "open_4": null, "open_6": null, "open_5": null, "close_0": null, "close_1": null, "close_2": null, "close_3": null, "close_4": null, "close_6": null, "close_5": null }, "geometry": { "type": "Point", "coordinates": [ -75.1704008, 39.950391599999989 ] } },
{ "type": "Feature", "properties": { "name": "Almaz Cafe", "place_id": "ChIJXy_NYzfGxokRIyHA36UOjtI", "vicinity": "140 South 20th Street, Philadelphia", "types": "c(\"restaurant\", \"food\", \"point_of_interest\", \"establishment\")", "business_status": "OPERATIONAL", "weekday_text": "Monday: Closed; Tuesday: Closed; Wednesday: 11:00 AM – 9:00 PM; Thursday: 11:00 AM – 9:00 PM; Friday: 11:00 AM – 9:00 PM; Saturday: 11:00 AM – 9:00 PM; Sunday: Closed", "open_24h": false, "open_0": null, "open_1": null, "open_2": null, "open_3": "1100", "open_4": "1100", "open_6": "1100", "open_5": "1100", "close_0": null, "close_1": null, "close_2": null, "close_3": "2100", "close_4": "2100", "close_6": "2100", "close_5": "2100" }, "geometry": { "type": "Point", "coordinates": [ -75.1739343, 39.9506648 ] } },
{ "type": "Feature", "properties": { "name": "Anthropologie", "place_id": "ChIJKd3QozDGxokRNiaZ-byS9sA", "vicinity": "1801 Walnut Street, Philadelphia", "types": "c(\"clothing_store\", \"furniture_store\", \"home_goods_store\", \"store\", \"point_of_interest\", \"establishment\")", "business_status": "OPERATIONAL", "weekday_text": "Monday: 10:00 AM – 8:00 PM; Tuesday: 10:00 AM – 8:00 PM; Wednesday: 10:00 AM – 8:00 PM; Thursday: 10:00 AM – 8:00 PM; Friday: 10:00 AM – 8:00 PM; Saturday: 10:00 AM – 8:00 PM; Sunday: 10:00 AM – 6:00 PM", "open_24h": false, "open_0": "1000", "open_1": "1000", "open_2": "1000", "open_3": "1000", "open_4": "1000", "open_6": "1000", "open_5": "1000", "close_0": "1800", "close_1": "2000", "close_2": "2000", "close_3": "2000", "close_4": "2000", "close_6": "2000", "close_5": "2000" }, "geometry": { "type": "Point", "coordinates": [ -75.1708177, 39.9503293 ] } },
{ "type": "Feature", "properties": { "name": "Apple Walnut Street", "place_id": "ChIJH_t6dDDGxokRgS5Jwy5zf8k", "vicinity": "1607 Walnut Street, Philadelphia", "types": "c(\"electronics_store\", \"point_of_interest\", \"store\", \"establishment\")", "business_status": "OPERATIONAL", "weekday_text": "Monday: 10:00 AM – 8:00 PM; Tuesday: 10:00 AM – 8:00 PM; Wednesday: 10:00 AM – 8:00 PM; Thursday: 10:00 AM – 8:00 PM; Friday: 10:00 AM – 8:00 PM; Saturday: 10:00 AM – 8:00 PM; Sunday: 10:00 AM – 7:00 PM", "open_24h": false, "open_0": "1000", "open_1": "1000", "open_2": "1000", "open_3": "1000", "open_4": "1000", "open_6": "1000", "open_5": "1000", "close_0": "1900", "close_1": "2000", "close_2": "2000", "close_3": "2000", "close_4": "2000", "close_6": "2000", "close_5": "2000" }, "geometry": { "type": "Point", "coordinates": [ -75.167886, 39.950041 ] } },
{ "type": "Feature", "properties": { "name": "Ashton Cigar Bar", "place_id": "ChIJ4f8dCDDGxokRNcckNvMJdqM", "vicinity": "1522 Walnut Street, Philadelphia", "types": "c(\"bar\", \"point_of_interest\", \"establishment\")", "business_status": "OPERATIONAL", "weekday_text": "Monday: 4:00 PM – 2:00 AM; Tuesday: 4:00 PM – 2:00 AM; Wednesday: 4:00 PM – 2:00 AM; Thursday: 4:00 PM – 2:00 AM; Friday: 4:00 PM – 2:00 AM; Saturday: 4:00 PM – 2:00 AM; Sunday: 4:00 PM – 2:00 AM", "open_24h": false, "open_0": "1600", "open_1": "1600", "open_2": "1600", "open_3": "1600", "open_4": "1600", "open_6": "1600", "open_5": "1600", "close_0": "0200", "close_1": "0200", "close_2": "0200", "close_3": "0200", "close_4": "0200", "close_6": "0200", "close_5": "0200" }, "geometry": { "type": "Point", "coordinates": [ -75.1670833, 39.9494778 ] } },
{ "type": "Feature", "properties": { "name": "Athleta", "place_id": "ChIJ9XX8dTrGxokRCxKaTQcEpbs", "vicinity": "1722 Walnut Street, Philadelphia", "types": "c(\"clothing_store\", \"point_of_interest\", \"store\", \"establishment\")", "business_status": "OPERATIONAL", "weekday_text": "Monday: 10:00 AM – 7:00 PM; Tuesday: 10:00 AM – 7:00 PM; Wednesday: 10:00 AM – 7:00 PM; Thursday: 10:00 AM – 7:00 PM; Friday: 10:00 AM – 7:00 PM; Saturday: 10:00 AM – 7:00 PM; Sunday: 11:00 AM – 5:00 PM", "open_24h": false, "open_0": "1100", "open_1": "1000", "open_2": "1000", "open_3": "1000", "open_4": "1000", "open_6": "1000", "open_5": "1000", "close_0": "1700", "close_1": "1900", "close_2": "1900", "close_3": "1900", "close_4": "1900", "close_6": "1900", "close_5": "1900" }, "geometry": { "type": "Point", "coordinates": [ -75.1702778, 39.95 ] } },
{ "type": "Feature", "properties": { "name": "Azure Pharma", "place_id": "ChIJY6_tJDHGxokRCdHXVY5Ja_E", "vicinity": "1818 Market Street #2350, Philadelphia", "types": "c(\"pharmacy\", \"store\", \"health\", \"point_of_interest\", \"establishment\")", "business_status": "OPERATIONAL", "weekday_text": "Monday: 8:00 AM – 4:30 PM; Tuesday: 8:00 AM – 4:30 PM; Wednesday: 8:00 AM – 4:30 PM; Thursday: 8:00 AM – 4:30 PM; Friday: 8:00 AM – 4:30 PM; Saturday: Closed; Sunday: Closed", "open_24h": false, "open_0": null, "open_1": "0800", "open_2": "0800", "open_3": "0800", "open_4": "0800", "open_6": null, "open_5": "0800", "close_0": null, "close_1": "1630", "close_2": "1630", "close_3": "1630", "close_4": "1630", "close_6": null, "close_5": "1630" }, "geometry": { "type": "Point", "coordinates": [ -75.1710264, 39.9529236 ] } },
{ "type": "Feature", "properties": { "name": "Bain's Deli", "place_id": "ChIJa9SWRDDGxokRaveBPHSVLtg", "vicinity": "1625 Chestnut Street f12, Philadelphia", "types": "c(\"meal_takeaway\", \"restaurant\", \"food\", \"point_of_interest\", \"store\", \"establishment\")", "business_status": "OPERATIONAL", "weekday_text": "Monday: 10:00 AM – 6:00 PM; Tuesday: 10:00 AM – 6:00 PM; Wednesday: 10:00 AM – 6:00 PM; Thursday: 10:00 AM – 6:00 PM; Friday: 10:00 AM – 6:00 PM; Saturday: 10:00 AM – 6:00 PM; Sunday: 12:00 – 6:00 PM", "open_24h": false, "open_0": "1200", "open_1": "1000", "open_2": "1000", "open_3": "1000", "open_4": "1000", "open_6": "1000", "open_5": "1000", "close_0": "1800", "close_1": "1800", "close_2": "1800", "close_3": "1800", "close_4": "1800", "close_6": "1800", "close_5": "1800" }, "geometry": { "type": "Point", "coordinates": [ -75.1679952, 39.952349399999989 ] } },
{ "type": "Feature", "properties": { "name": "Barclay Prime", "place_id": "ChIJhTaGPjrGxokRmUbaylc1LXw", "vicinity": "237 South 18th Street, Philadelphia", "types": "c(\"restaurant\", \"meal_takeaway\", \"bar\", \"food\", \"point_of_interest\", \"establishment\")", "business_status": "OPERATIONAL", "weekday_text": "Monday: 5:00 – 10:00 PM; Tuesday: 5:00 – 10:00 PM; Wednesday: 5:00 – 10:00 PM; Thursday: 5:00 – 10:00 PM; Friday: 5:00 – 11:00 PM; Saturday: 5:00 – 11:00 PM; Sunday: 5:00 – 10:00 PM", "open_24h": false, "open_0": "1700", "open_1": "1700", "open_2": "1700", "open_3": "1700", "open_4": "1700", "open_6": "1700", "open_5": "1700", "close_0": "2200", "close_1": "2200", "close_2": "2200", "close_3": "2200", "close_4": "2200", "close_6": "2300", "close_5": "2300" }, "geometry": { "type": "Point", "coordinates": [ -75.1707607, 39.9484864 ] } },
{ "type": "Feature", "properties": { "name": "Benjamin Lovell Shoes", "place_id": "ChIJC6LplTDGxokRCXfIi_9c3fY", "vicinity": "1728 Chestnut Street, Philadelphia", "types": "c(\"shoe_store\", \"store\", \"point_of_interest\", \"establishment\")", "business_status": "OPERATIONAL", "weekday_text": "Monday: 10:00 AM – 6:00 PM; Tuesday: 10:00 AM – 6:00 PM; Wednesday: 10:00 AM – 6:00 PM; Thursday: 10:00 AM – 6:00 PM; Friday: 10:00 AM – 6:00 PM; Saturday: 10:00 AM – 6:00 PM; Sunday: 11:00 AM – 6:00 PM", "open_24h": false, "open_0": "1100", "open_1": "1000", "open_2": "1000", "open_3": "1000", "open_4": "1000", "open_6": "1000", "open_5": "1000", "close_0": "1800", "close_1": "1800", "close_2": "1800", "close_3": "1800", "close_4": "1800", "close_6": "1800", "close_5": "1800" }, "geometry": { "type": "Point", "coordinates": [ -75.1699729, 39.951329 ] } },
{ "type": "Feature", "properties": { "name": "Bluestone Lane Rittenhouse Café", "place_id": "ChIJIy28ZjrGxokRObebJDP1Wm8", "vicinity": "1701 Locust Street, Philadelphia", "types": "c(\"cafe\", \"bar\", \"food\", \"store\", \"point_of_interest\", \"establishment\")", "business_status": "OPERATIONAL", "weekday_text": "Monday: 7:00 AM – 5:00 PM; Tuesday: 7:00 AM – 5:00 PM; Wednesday: 7:00 AM – 5:00 PM; Thursday: 7:00 AM – 5:00 PM; Friday: 7:00 AM – 5:00 PM; Saturday: 7:00 AM – 5:00 PM; Sunday: 7:00 AM – 5:00 PM", "open_24h": false, "open_0": "0700", "open_1": "0700", "open_2": "0700", "open_3": "0700", "open_4": "0700", "open_6": "0700", "open_5": "0700", "close_0": "1700", "close_1": "1700", "close_2": "1700", "close_3": "1700", "close_4": "1700", "close_6": "1700", "close_5": "1700" }, "geometry": { "type": "Point", "coordinates": [ -75.1694886, 39.9489124 ] } },
{ "type": "Feature", "properties": { "name": "Born Yesterday", "place_id": "ChIJhY7OVjfGxokR_FZAv0_NU3o", "vicinity": "1901 Walnut Street # B, Philadelphia", "types": "c(\"clothing_store\", \"point_of_interest\", \"store\", \"establishment\")", "business_status": "OPERATIONAL", "weekday_text": "Monday: 10:00 AM – 6:00 PM; Tuesday: 10:00 AM – 6:00 PM; Wednesday: 10:00 AM – 6:00 PM; Thursday: 10:00 AM – 6:00 PM; Friday: 10:00 AM – 6:00 PM; Saturday: 10:00 AM – 6:00 PM; Sunday: 10:30 AM – 5:00 PM", "open_24h": false, "open_0": "1030", "open_1": "1000", "open_2": "1000", "open_3": "1000", "open_4": "1000", "open_6": "1000", "open_5": "1000", "close_0": "1700", "close_1": "1800", "close_2": "1800", "close_3": "1800", "close_4": "1800", "close_6": "1800", "close_5": "1800" }, "geometry": { "type": "Point", "coordinates": [ -75.1726651, 39.9504959 ] } },
{ "type": "Feature", "properties": { "name": "Borromini", "place_id": "ChIJIU1ZLADHxokRRAW4PAFMx0s", "vicinity": "1805 Walnut Street, Philadelphia", "types": "c(\"restaurant\", \"bar\", \"food\", \"point_of_interest\", \"establishment\")", "business_status": "OPERATIONAL", "weekday_text": "Monday: 11:30 AM – 10:00 PM; Tuesday: 11:30 AM – 10:00 PM; Wednesday: 11:30 AM – 10:00 PM; Thursday: 11:30 AM – 10:00 PM; Friday: 11:30 AM – 11:00 PM; Saturday: 10:00 AM – 11:00 PM; Sunday: 10:00 AM – 10:00 PM", "open_24h": false, "open_0": "1000", "open_1": "1130", "open_2": "1130", "open_3": "1130", "open_4": "1130", "open_6": "1000", "open_5": "1130", "close_0": "2200", "close_1": "2200", "close_2": "2200", "close_3": "2200", "close_4": "2200", "close_6": "2300", "close_5": "2300" }, "geometry": { "type": "Point", "coordinates": [ -75.1708913, 39.9503663 ] } },
{ "type": "Feature", "properties": { "name": "Boyds Philadelphia", "place_id": "ChIJX4mIxTDGxokRMK1g_59U0YA", "vicinity": "1818 Chestnut Street, Philadelphia", "types": "c(\"clothing_store\", \"jewelry_store\", \"shoe_store\", \"store\", \"point_of_interest\", \"establishment\")", "business_status": "OPERATIONAL", "weekday_text": "Monday: 11:00 AM – 6:00 PM; Tuesday: 11:00 AM – 6:00 PM; Wednesday: 11:00 AM – 6:00 PM; Thursday: 11:00 AM – 6:00 PM; Friday: 11:00 AM – 6:00 PM; Saturday: 11:00 AM – 6:00 PM; Sunday: Closed", "open_24h": false, "open_0": null, "open_1": "1100", "open_2": "1100", "open_3": "1100", "open_4": "1100", "open_6": "1100", "open_5": "1100", "close_0": null, "close_1": "1800", "close_2": "1800", "close_3": "1800", "close_4": "1800", "close_6": "1800", "close_5": "1800" }, "geometry": { "type": "Point", "coordinates": [ -75.1712958, 39.9516893 ] } },
{ "type": "Feature", "properties": { "name": "Buffalo Exchange", "place_id": "ChIJBfRV9jDGxokR3b3oaYcaiIg", "vicinity": "1520 Chestnut Street, Philadelphia", "types": "c(\"clothing_store\", \"point_of_interest\", \"store\", \"establishment\")", "business_status": "OPERATIONAL", "weekday_text": "Monday: 11:00 AM – 8:00 PM; Tuesday: 11:00 AM – 8:00 PM; Wednesday: 11:00 AM – 8:00 PM; Thursday: 11:00 AM – 8:00 PM; Friday: 11:00 AM – 8:00 PM; Saturday: 11:00 AM – 8:00 PM; Sunday: 11:00 AM – 7:00 PM", "open_24h": false, "open_0": "1100", "open_1": "1100", "open_2": "1100", "open_3": "1100", "open_4": "1100", "open_6": "1100", "open_5": "1100", "close_0": "1900", "close_1": "2000", "close_2": "2000", "close_3": "2000", "close_4": "2000", "close_6": "2000", "close_5": "2000" }, "geometry": { "type": "Point", "coordinates": [ -75.166583100000011, 39.9509399 ] } },
{ "type": "Feature", "properties": { "name": "Bundy Computer", "place_id": "ChIJqxPvwjDGxokR-CMt7lUkbQE", "vicinity": "1809 Chestnut Street, Philadelphia", "types": "c(\"electronics_store\", \"store\", \"point_of_interest\", \"establishment\")", "business_status": "OPERATIONAL", "weekday_text": "Monday: 10:00 AM – 5:00 PM; Tuesday: 10:00 AM – 5:00 PM; Wednesday: 10:00 AM – 5:00 PM; Thursday: 10:00 AM – 5:00 PM; Friday: 10:00 AM – 5:00 PM; Saturday: Closed; Sunday: Closed", "open_24h": false, "open_0": null, "open_1": "1000", "open_2": "1000", "open_3": "1000", "open_4": "1000", "open_6": null, "open_5": "1000", "close_0": null, "close_1": "1700", "close_2": "1700", "close_3": "1700", "close_4": "1700", "close_6": null, "close_5": "1700" }, "geometry": { "type": "Point", "coordinates": [ -75.1707339, 39.9518006 ] } },
{ "type": "Feature", "properties": { "name": "Butcher and Singer", "place_id": "ChIJOxKK_y_GxokRAcSUh1dzBbM", "vicinity": "1500 Walnut Street, Philadelphia", "types": "c(\"restaurant\", \"meal_takeaway\", \"bar\", \"food\", \"point_of_interest\", \"establishment\")", "business_status": "OPERATIONAL", "weekday_text": "Monday: 5:00 – 10:00 PM; Tuesday: 5:00 – 10:00 PM; Wednesday: 5:00 – 10:00 PM; Thursday: 5:00 – 10:00 PM; Friday: 5:00 – 11:00 PM; Saturday: 5:00 – 11:00 PM; Sunday: 5:00 – 10:00 PM", "open_24h": false, "open_0": "1700", "open_1": "1700", "open_2": "1700", "open_3": "1700", "open_4": "1700", "open_6": "1700", "open_5": "1700", "close_0": "2200", "close_1": "2200", "close_2": "2200", "close_3": "2200", "close_4": "2200", "close_6": "2300", "close_5": "2300" }, "geometry": { "type": "Point", "coordinates": [ -75.1662616, 39.949473 ] } },
{ "type": "Feature", "properties": { "name": "Byblos", "place_id": "ChIJ7wUNlTDGxokRyH-CGKMkJJ0", "vicinity": "116 South 18th Street, Philadelphia", "types": "c(\"bar\", \"restaurant\", \"food\", \"point_of_interest\", \"establishment\")", "business_status": "OPERATIONAL", "weekday_text": "Monday: 6:00 PM – 2:00 AM; Tuesday: 6:00 PM – 2:00 AM; Wednesday: 6:00 PM – 2:00 AM; Thursday: 6:00 PM – 2:00 AM; Friday: 6:00 PM – 2:00 AM; Saturday: 6:00 PM – 2:00 AM; Sunday: 6:00 PM – 2:00 AM", "open_24h": false, "open_0": "1800", "open_1": "1800", "open_2": "1800", "open_3": "1800", "open_4": "1800", "open_6": "1800", "open_5": "1800", "close_0": "0200", "close_1": "0200", "close_2": "0200", "close_3": "0200", "close_4": "0200", "close_6": "0200", "close_5": "0200" }, "geometry": { "type": "Point", "coordinates": [ -75.1706583, 39.9511992 ] } },
{ "type": "Feature", "properties": { "name": "CORK, The Wine Shop at COOK", "place_id": "ChIJDxbSpDnGxokRRca70hhi_jU", "vicinity": "253 South 20th Street, Philadelphia", "types": "c(\"liquor_store\", \"grocery_or_supermarket\", \"food\", \"point_of_interest\", \"store\", \"establishment\")", "business_status": "OPERATIONAL", "weekday_text": "Monday: 11:00 AM – 8:00 PM; Tuesday: 11:00 AM – 8:00 PM; Wednesday: 11:00 AM – 8:00 PM; Thursday: 11:00 AM – 8:00 PM; Friday: 11:00 AM – 8:00 PM; Saturday: 11:00 AM – 8:00 PM; Sunday: 11:00 AM – 8:00 PM", "open_24h": false, "open_0": "1100", "open_1": "1100", "open_2": "1100", "open_3": "1100", "open_4": "1100", "open_6": "1100", "open_5": "1100", "close_0": "2000", "close_1": "2000", "close_2": "2000", "close_3": "2000", "close_4": "2000", "close_6": "2000", "close_5": "2000" }, "geometry": { "type": "Point", "coordinates": [ -75.1740657, 39.9488475 ] } },
{ "type": "Feature", "properties": { "name": "CVS", "place_id": "ChIJ3SmYyzDGxokR-RpMVkV_ZRs", "vicinity": "1826-30 Chestnut Street, Philadelphia", "types": "c(\"drugstore\", \"convenience_store\", \"clothing_store\", \"food\", \"store\", \"health\", \"point_of_interest\", \"establishment\")", "business_status": "OPERATIONAL", "weekday_text": "Monday: 7:00 AM – 10:00 PM; Tuesday: 7:00 AM – 10:00 PM; Wednesday: 7:00 AM – 10:00 PM; Thursday: 7:00 AM – 10:00 PM; Friday: 7:00 AM – 10:00 PM; Saturday: 7:00 AM – 10:00 PM; Sunday: 7:00 AM – 10:00 PM", "open_24h": false, "open_0": "0700", "open_1": "0700", "open_2": "0700", "open_3": "0700", "open_4": "0700", "open_6": "0700", "open_5": "0700", "close_0": "2200", "close_1": "2200", "close_2": "2200", "close_3": "2200", "close_4": "2200", "close_6": "2200", "close_5": "2200" }, "geometry": { "type": "Point", "coordinates": [ -75.1717186, 39.951550499999989 ] } },
{ "type": "Feature", "properties": { "name": "Capital One Café", "place_id": "ChIJGTQvgDrGxokRjwlXYZk-xtw", "vicinity": "135 South 17th Street Suite A Suite A, Philadelphia", "types": "c(\"bank\", \"cafe\", \"finance\", \"food\", \"store\", \"point_of_interest\", \"establishment\")", "business_status": null, "weekday_text": null, "open_24h": null, "open_0": null, "open_1": null, "open_2": null, "open_3": null, "open_4": null, "open_6": null, "open_5": null, "close_0": null, "close_1": null, "close_2": null, "close_3": null, "close_4": null, "close_6": null, "close_5": null }, "geometry": { "type": "Point", "coordinates": [ -75.1689143, 39.9500592 ] } },
{ "type": "Feature", "properties": { "name": "Cavanaugh's Rittenhouse", "place_id": "ChIJy8i9uzDGxokRCudJzZJM-WA", "vicinity": "1913 Sansom Street, Philadelphia", "types": "c(\"bar\", \"restaurant\", \"food\", \"point_of_interest\", \"establishment\")", "business_status": "OPERATIONAL", "weekday_text": "Monday: 11:30 AM – 2:00 AM; Tuesday: 11:30 AM – 2:00 AM; Wednesday: 11:30 AM – 2:00 AM; Thursday: 11:30 AM – 2:00 AM; Friday: 11:30 AM – 2:00 AM; Saturday: 11:30 AM – 2:00 AM; Sunday: 11:30 AM – 2:00 AM", "open_24h": false, "open_0": "1130", "open_1": "1130", "open_2": "1130", "open_3": "1130", "open_4": "1130", "open_6": "1130", "open_5": "1130", "close_0": "0200", "close_1": "0200", "close_2": "0200", "close_3": "0200", "close_4": "0200", "close_6": "0200", "close_5": "0200" }, "geometry": { "type": "Point", "coordinates": [ -75.1727866, 39.9512635 ] } },
{ "type": "Feature", "properties": { "name": "Club Quarters Hotel Rittenhouse Square, Philadelphia", "place_id": "ChIJUXdDXDDGxokR9rLmamBhX88", "vicinity": "1628 Chestnut Street, Philadelphia", "types": "c(\"lodging\", \"point_of_interest\", \"establishment\")", "business_status": null, "weekday_text": null, "open_24h": null, "open_0": null, "open_1": null, "open_2": null, "open_3": null, "open_4": null, "open_6": null, "open_5": null, "close_0": null, "close_1": null, "close_2": null, "close_3": null, "close_4": null, "close_6": null, "close_5": null }, "geometry": { "type": "Point", "coordinates": [ -75.1683958, 39.9513077 ] } },
{ "type": "Feature", "properties": { "name": "Coventry Deli", "place_id": "ChIJGY_e5jbGxokRpTTowDNJ17k", "vicinity": "2000 Market Street, Philadelphia", "types": "c(\"restaurant\", \"bakery\", \"meal_takeaway\", \"food\", \"point_of_interest\", \"store\", \"establishment\")", "business_status": "OPERATIONAL", "weekday_text": "Monday: 6:00 AM – 2:00 PM; Tuesday: 6:00 AM – 2:00 PM; Wednesday: 6:00 AM – 2:00 PM; Thursday: 6:00 AM – 2:00 PM; Friday: 6:00 AM – 2:00 PM; Saturday: Closed; Sunday: Closed", "open_24h": false, "open_0": null, "open_1": "0600", "open_2": "0600", "open_3": "0600", "open_4": "0600", "open_6": null, "open_5": "0600", "close_0": null, "close_1": "1400", "close_2": "1400", "close_3": "1400", "close_4": "1400", "close_6": null, "close_5": "1400" }, "geometry": { "type": "Point", "coordinates": [ -75.1736537, 39.953295399999988 ] } },
{ "type": "Feature", "properties": { "name": "D'Angelo's Ristorante Italiano", "place_id": "ChIJO8cqrjnGxokRCBLfsc56PsU", "vicinity": "256 South 20th Street, Philadelphia", "types": "c(\"meal_takeaway\", \"bar\", \"restaurant\", \"food\", \"point_of_interest\", \"establishment\")", "business_status": "OPERATIONAL", "weekday_text": "Monday: Closed; Tuesday: 4:00 – 10:00 PM; Wednesday: 4:00 – 10:00 PM; Thursday: 4:00 – 10:00 PM; Friday: 4:00 – 10:00 PM; Saturday: 4:00 – 10:00 PM; Sunday: Closed", "open_24h": false, "open_0": null, "open_1": null, "open_2": "1600", "open_3": "1600", "open_4": "1600", "open_6": "1600", "open_5": "1600", "close_0": null, "close_1": null, "close_2": "2200", "close_3": "2200", "close_4": "2200", "close_6": "2200", "close_5": "2200" }, "geometry": { "type": "Point", "coordinates": [ -75.1743841, 39.9487373 ] } },
{ "type": "Feature", "properties": { "name": "David Michie Violins", "place_id": "ChIJ-Uc5aDrGxokRRRDpzXfyhk4", "vicinity": "1714 Locust Street A, Philadelphia", "types": "c(\"point_of_interest\", \"store\", \"establishment\")", "business_status": "OPERATIONAL", "weekday_text": "Monday: 10:00 AM – 5:00 PM; Tuesday: 10:00 AM – 5:00 PM; Wednesday: 10:00 AM – 2:00 PM; Thursday: 10:00 AM – 5:00 PM; Friday: Closed; Saturday: Closed; Sunday: Closed", "open_24h": false, "open_0": null, "open_1": "1000", "open_2": "1000", "open_3": "1000", "open_4": "1000", "open_6": null, "open_5": null, "close_0": null, "close_1": "1700", "close_2": "1700", "close_3": "1400", "close_4": "1700", "close_6": null, "close_5": null }, "geometry": { "type": "Point", "coordinates": [ -75.1699938, 39.948717 ] } },
{ "type": "Feature", "properties": { "name": "Deloitte", "place_id": "ChIJKV7OdI7mxokRZ8JuOp81TXg", "vicinity": "1700 Market Street Suite 2700, Philadelphia", "types": "c(\"accounting\", \"finance\", \"point_of_interest\", \"establishment\")", "business_status": "OPERATIONAL", "weekday_text": "Monday: 8:00 AM – 5:00 PM; Tuesday: 8:00 AM – 5:00 PM; Wednesday: 8:00 AM – 5:00 PM; Thursday: 8:00 AM – 5:00 PM; Friday: 8:00 AM – 5:00 PM; Saturday: Closed; Sunday: Closed", "open_24h": false, "open_0": null, "open_1": "0800", "open_2": "0800", "open_3": "0800", "open_4": "0800", "open_6": null, "open_5": "0800", "close_0": null, "close_1": "1700", "close_2": "1700", "close_3": "1700", "close_4": "1700", "close_6": null, "close_5": "1700" }, "geometry": { "type": "Point", "coordinates": [ -75.1690533, 39.9526481 ] } },
{ "type": "Feature", "properties": { "name": "Devil's Alley Bar & Grill", "place_id": "ChIJfQzzMjfGxokReyhqhaYzv48", "vicinity": "1907 Chestnut Street, Philadelphia", "types": "c(\"bar\", \"restaurant\", \"food\", \"point_of_interest\", \"establishment\")", "business_status": "OPERATIONAL", "weekday_text": "Monday: 11:30 AM – 10:00 PM; Tuesday: 11:30 AM – 10:00 PM; Wednesday: 11:30 AM – 10:00 PM; Thursday: 11:30 AM – 12:00 AM; Friday: 11:30 AM – 2:00 AM; Saturday: 11:30 AM – 2:00 AM; Sunday: 11:30 AM – 10:00 PM", "open_24h": true, "open_0": "1130;1130", "open_1": "1130", "open_2": "1130", "open_3": "1130", "open_4": "1130", "open_6": "1130", "open_5": "1130", "close_0": "2200;0200", "close_1": "2200", "close_2": "2200", "close_3": "2200", "close_4": "NA", "close_6": "0200", "close_5": "0000" }, "geometry": { "type": "Point", "coordinates": [ -75.172234800000012, 39.9519926 ] } },
{ "type": "Feature", "properties": { "name": "Di Bruno Bros. at Rittenhouse Square", "place_id": "ChIJfXqUmjHGxokReInkqMednds", "vicinity": "1730 Chestnut Street, Philadelphia", "types": "c(\"grocery_or_supermarket\", \"food\", \"store\", \"point_of_interest\", \"establishment\")", "business_status": "OPERATIONAL", "weekday_text": "Monday: 7:00 AM – 8:00 PM; Tuesday: 7:00 AM – 8:00 PM; Wednesday: 7:00 AM – 8:00 PM; Thursday: 7:00 AM – 8:00 PM; Friday: 7:00 AM – 8:00 PM; Saturday: 7:00 AM – 7:00 PM; Sunday: 7:00 AM – 7:00 PM", "open_24h": false, "open_0": "0700", "open_1": "0700", "open_2": "0700", "open_3": "0700", "open_4": "0700", "open_6": "0700", "open_5": "0700", "close_0": "1900", "close_1": "2000", "close_2": "2000", "close_3": "2000", "close_4": "2000", "close_6": "1900", "close_5": "2000" }, "geometry": { "type": "Point", "coordinates": [ -75.1700445, 39.9515445 ] } },
{ "type": "Feature", "properties": { "name": "Dom's Shoe Services", "place_id": "ChIJZ0U43znGxokRQfH_IoupeEA", "vicinity": "203 South 20th Street, Philadelphia", "types": "c(\"shoe_store\", \"point_of_interest\", \"store\", \"establishment\")", "business_status": "OPERATIONAL", "weekday_text": "Monday: 7:30 AM – 5:30 PM; Tuesday: 7:30 AM – 5:30 PM; Wednesday: 7:30 AM – 5:30 PM; Thursday: 7:30 AM – 5:30 PM; Friday: 7:30 AM – 5:30 PM; Saturday: 9:00 AM – 5:00 PM; Sunday: Closed", "open_24h": false, "open_0": null, "open_1": "0730", "open_2": "0730", "open_3": "0730", "open_4": "0730", "open_6": "0900", "open_5": "0730", "close_0": null, "close_1": "1730", "close_2": "1730", "close_3": "1730", "close_4": "1730", "close_6": "1700", "close_5": "1730" }, "geometry": { "type": "Point", "coordinates": [ -75.1736983, 39.9500676 ] } },
{ "type": "Feature", "properties": { "name": "Dr. Martens Walnut Street", "place_id": "ChIJMfiDeDrGxokRV3m8k6N5x9Y", "vicinity": "1704 Walnut Street, Philadelphia", "types": "c(\"shoe_store\", \"store\", \"point_of_interest\", \"establishment\")", "business_status": "OPERATIONAL", "weekday_text": "Monday: 11:00 AM – 7:00 PM; Tuesday: 11:00 AM – 7:00 PM; Wednesday: 11:00 AM – 7:00 PM; Thursday: 11:00 AM – 7:00 PM; Friday: 11:00 AM – 8:00 PM; Saturday: 11:00 AM – 8:00 PM; Sunday: 11:00 AM – 7:00 PM", "open_24h": false, "open_0": "1100", "open_1": "1100", "open_2": "1100", "open_3": "1100", "open_4": "1100", "open_6": "1100", "open_5": "1100", "close_0": "1900", "close_1": "1900", "close_2": "1900", "close_3": "1900", "close_4": "1900", "close_6": "2000", "close_5": "2000" }, "geometry": { "type": "Point", "coordinates": [ -75.1694822, 39.9498556 ] } },
{ "type": "Feature", "properties": { "name": "Drinker's Pub", "place_id": "ChIJJW7KMjfGxokRJwB6ydkCPTk", "vicinity": "1903 Chestnut Street, Philadelphia", "types": "c(\"bar\", \"restaurant\", \"food\", \"point_of_interest\", \"establishment\")", "business_status": "OPERATIONAL", "weekday_text": "Monday: 4:00 PM – 2:00 AM; Tuesday: 4:00 PM – 2:00 AM; Wednesday: 4:00 PM – 2:00 AM; Thursday: 12:00 PM – 2:00 AM; Friday: 12:00 PM – 2:00 AM; Saturday: 12:00 PM – 2:00 AM; Sunday: 12:00 PM – 2:00 AM", "open_24h": false, "open_0": "1200", "open_1": "1600", "open_2": "1600", "open_3": "1600", "open_4": "1200", "open_6": "1200", "open_5": "1200", "close_0": "0200", "close_1": "0200", "close_2": "0200", "close_3": "0200", "close_4": "0200", "close_6": "0200", "close_5": "0200" }, "geometry": { "type": "Point", "coordinates": [ -75.1720726, 39.9521057 ] } },
{ "type": "Feature", "properties": { "name": "Duffy Law, LLC", "place_id": "ChIJC9PnyzHGxokRruYyVXkEYsM", "vicinity": "1822 Spruce Street, Philadelphia", "types": "c(\"lawyer\", \"point_of_interest\", \"establishment\")", "business_status": null, "weekday_text": null, "open_24h": null, "open_0": null, "open_1": null, "open_2": null, "open_3": null, "open_4": null, "open_6": null, "open_5": null, "close_0": null, "close_1": null, "close_2": null, "close_3": null, "close_4": null, "close_6": null, "close_5": null }, "geometry": { "type": "Point", "coordinates": [ -75.1721936, 39.9477525 ] } },
{ "type": "Feature", "properties": { "name": "Dunkin'", "place_id": "ChIJ8YeKFjfGxokRQ7gGqB1O5mU", "vicinity": "2001 Chestnut Street, Philadelphia", "types": "c(\"bakery\", \"meal_takeaway\", \"cafe\", \"restaurant\", \"food\", \"point_of_interest\", \"store\", \"establishment\")", "business_status": "OPERATIONAL", "weekday_text": "Monday: 4:30 AM – 9:00 PM; Tuesday: 4:30 AM – 9:00 PM; Wednesday: 4:30 AM – 9:00 PM; Thursday: 4:30 AM – 9:00 PM; Friday: 4:30 AM – 9:00 PM; Saturday: 4:30 AM – 9:00 PM; Sunday: 4:30 AM – 9:00 PM", "open_24h": false, "open_0": "0430", "open_1": "0430", "open_2": "0430", "open_3": "0430", "open_4": "0430", "open_6": "0430", "open_5": "0430", "close_0": "2100", "close_1": "2100", "close_2": "2100", "close_3": "2100", "close_4": "2100", "close_6": "2100", "close_5": "2100" }, "geometry": { "type": "Point", "coordinates": [ -75.1735805, 39.9522309 ] } },
{ "type": "Feature", "properties": { "name": "ERT", "place_id": "ChIJY6_tJDHGxokRtUJLjylvqzc", "vicinity": "1818 Market Street #1000, Philadelphia", "types": "c(\"point_of_interest\", \"establishment\")", "business_status": null, "weekday_text": null, "open_24h": null, "open_0": null, "open_1": null, "open_2": null, "open_3": null, "open_4": null, "open_6": null, "open_5": null, "close_0": null, "close_1": null, "close_2": null, "close_3": null, "close_4": null, "close_6": null, "close_5": null }, "geometry": { "type": "Point", "coordinates": [ -75.1712604, 39.9531515 ] } },
{ "type": "Feature", "properties": { "name": "El Rey", "place_id": "ChIJ5-m_ETfGxokRlOaR-SV4jUU", "vicinity": "2013 Chestnut Street, Philadelphia", "types": "c(\"restaurant\", \"meal_takeaway\", \"night_club\", \"bar\", \"food\", \"point_of_interest\", \"establishment\")", "business_status": "OPERATIONAL", "weekday_text": "Monday: 4:00 – 10:00 PM; Tuesday: 4:00 – 10:00 PM; Wednesday: 4:00 – 10:00 PM; Thursday: 4:00 – 10:00 PM; Friday: 4:00 – 11:00 PM; Saturday: 12:00 – 11:00 PM; Sunday: 12:00 – 10:00 PM", "open_24h": false, "open_0": "1200", "open_1": "1600", "open_2": "1600", "open_3": "1600", "open_4": "1600", "open_6": "1200", "open_5": "1600", "close_0": "2200", "close_1": "2200", "close_2": "2200", "close_3": "2200", "close_4": "2200", "close_6": "2300", "close_5": "2300" }, "geometry": { "type": "Point", "coordinates": [ -75.1740289, 39.9522506 ] } },
{ "type": "Feature", "properties": { "name": "Elixr Coffee Roasters", "place_id": "ChIJ4V9vVCXGxokRc6G0KXOyrZQ", "vicinity": "207 South Sydenham Street, Philadelphia", "types": "c(\"cafe\", \"food\", \"point_of_interest\", \"store\", \"establishment\")", "business_status": "OPERATIONAL", "weekday_text": "Monday: 7:00 AM – 7:00 PM; Tuesday: 7:00 AM – 7:00 PM; Wednesday: 7:00 AM – 7:00 PM; Thursday: 7:00 AM – 7:00 PM; Friday: 7:00 AM – 7:00 PM; Saturday: 7:00 AM – 7:00 PM; Sunday: 7:00 AM – 7:00 PM", "open_24h": false, "open_0": "0700", "open_1": "0700", "open_2": "0700", "open_3": "0700", "open_4": "0700", "open_6": "0700", "open_5": "0700", "close_0": "1900", "close_1": "1900", "close_2": "1900", "close_3": "1900", "close_4": "1900", "close_6": "1900", "close_5": "1900" }, "geometry": { "type": "Point", "coordinates": [ -75.1667136, 39.9493231 ] } },
{ "type": "Feature", "properties": { "name": "Free People", "place_id": "ChIJ39fsnTDGxokRSzeA9kIbyzI", "vicinity": "1632 Walnut Street, Philadelphia", "types": "c(\"shoe_store\", \"clothing_store\", \"store\", \"point_of_interest\", \"establishment\")", "business_status": "OPERATIONAL", "weekday_text": "Monday: 10:00 AM – 8:00 PM; Tuesday: 10:00 AM – 8:00 PM; Wednesday: 10:00 AM – 8:00 PM; Thursday: 10:00 AM – 8:00 PM; Friday: 10:00 AM – 8:00 PM; Saturday: 10:00 AM – 8:00 PM; Sunday: 10:00 AM – 6:00 PM", "open_24h": false, "open_0": "1000", "open_1": "1000", "open_2": "1000", "open_3": "1000", "open_4": "1000", "open_6": "1000", "open_5": "1000", "close_0": "1800", "close_1": "2000", "close_2": "2000", "close_3": "2000", "close_4": "2000", "close_6": "2000", "close_5": "2000" }, "geometry": { "type": "Point", "coordinates": [ -75.1688341, 39.9497371 ] } },
{ "type": "Feature", "properties": { "name": "Friday Saturday Sunday", "place_id": "ChIJf7rSRDjGxokR1cJYp_u6uv8", "vicinity": "261 South 21st Street, Philadelphia", "types": "c(\"bar\", \"restaurant\", \"food\", \"point_of_interest\", \"establishment\")", "business_status": "OPERATIONAL", "weekday_text": "Monday: Closed; Tuesday: Closed; Wednesday: 4:45 – 11:00 PM; Thursday: 4:45 – 11:00 PM; Friday: 4:45 – 11:00 PM; Saturday: 4:45 – 11:00 PM; Sunday: 4:45 – 11:00 PM", "open_24h": false, "open_0": "1645", "open_1": null, "open_2": null, "open_3": "1645", "open_4": "1645", "open_6": "1645", "open_5": "1645", "close_0": "2300", "close_1": null, "close_2": null, "close_3": "2300", "close_4": "2300", "close_6": "2300", "close_5": "2300" }, "geometry": { "type": "Point", "coordinates": [ -75.1759667, 39.9489446 ] } },
{ "type": "Feature", "properties": { "name": "Fuji Mountain Japanese Restaurant", "place_id": "ChIJpwHHCzfGxokRioFlwzpC5MQ", "vicinity": "2030 Chestnut Street, Philadelphia", "types": "c(\"night_club\", \"bar\", \"restaurant\", \"food\", \"point_of_interest\", \"establishment\")", "business_status": "OPERATIONAL", "weekday_text": "Monday: 12:00 – 10:00 PM; Tuesday: 12:00 – 10:00 PM; Wednesday: 12:00 – 10:00 PM; Thursday: 12:00 – 10:00 PM; Friday: 12:00 PM – 12:00 AM; Saturday: 1:00 PM – 12:00 AM; Sunday: 3:00 – 10:00 PM", "open_24h": true, "open_0": "1500;1500", "open_1": "1200", "open_2": "1200", "open_3": "1200", "open_4": "1200", "open_6": "1300", "open_5": "1200", "close_0": "2200;0000", "close_1": "2200", "close_2": "2200", "close_3": "2200", "close_4": "2200", "close_6": "0000", "close_5": "NA" }, "geometry": { "type": "Point", "coordinates": [ -75.174736, 39.952095 ] } },
{ "type": "Feature", "properties": { "name": "Heads & Tails Beauty Boutique", "place_id": "ChIJySULhTnGxokRZ-AEr1cpi0Y", "vicinity": "265 South 19th Street, Philadelphia", "types": "c(\"beauty_salon\", \"hair_care\", \"point_of_interest\", \"store\", \"establishment\")", "business_status": "OPERATIONAL", "weekday_text": "Monday: Closed; Tuesday: 10:00 AM – 6:00 PM; Wednesday: 3:00 – 8:00 PM; Thursday: 10:00 AM – 8:00 PM; Friday: 10:00 AM – 6:00 PM; Saturday: 10:00 AM – 4:00 PM; Sunday: Closed", "open_24h": false, "open_0": null, "open_1": null, "open_2": "1000", "open_3": "1500", "open_4": "1000", "open_6": "1000", "open_5": "1000", "close_0": null, "close_1": null, "close_2": "1800", "close_3": "2000", "close_4": "2000", "close_6": "1600", "close_5": "1800" }, "geometry": { "type": "Point", "coordinates": [ -75.172539, 39.9482862 ] } },
{ "type": "Feature", "properties": { "name": "Helium Comedy Club", "place_id": "ChIJrdSEdjfGxokRiRg70O7yqyM", "vicinity": "2031 Sansom Street, Philadelphia", "types": "c(\"night_club\", \"bar\", \"restaurant\", \"food\", \"point_of_interest\", \"establishment\")", "business_status": null, "weekday_text": null, "open_24h": null, "open_0": null, "open_1": null, "open_2": null, "open_3": null, "open_4": null, "open_6": null, "open_5": null, "close_0": null, "close_1": null, "close_2": null, "close_3": null, "close_4": null, "close_6": null, "close_5": null }, "geometry": { "type": "Point", "coordinates": [ -75.174732, 39.9515214 ] } },
{ "type": "Feature", "properties": { "name": "Henry A. Davidsen", "place_id": "ChIJsduoUjrGxokR19uGLE3AjfU", "vicinity": "1701 Spruce Street 2nd floor, Philadelphia", "types": "c(\"clothing_store\", \"point_of_interest\", \"store\", \"establishment\")", "business_status": "OPERATIONAL", "weekday_text": "Monday: 9:30 AM – 5:00 PM; Tuesday: 9:30 AM – 5:00 PM; Wednesday: 9:30 AM – 5:00 PM; Thursday: 9:30 AM – 5:00 PM; Friday: 9:30 AM – 5:00 PM; Saturday: 10:00 AM – 4:00 PM; Sunday: Closed", "open_24h": false, "open_0": null, "open_1": "0930", "open_2": "0930", "open_3": "0930", "open_4": "0930", "open_6": "1000", "open_5": "0930", "close_0": null, "close_1": "1700", "close_2": "1700", "close_3": "1700", "close_4": "1700", "close_6": "1600", "close_5": "1700" }, "geometry": { "type": "Point", "coordinates": [ -75.1696977, 39.9477642 ] } },
{ "type": "Feature", "properties": { "name": "HipCityVeg", "place_id": "ChIJwZNfvTDGxokRc1aKWJNdKnE", "vicinity": "127 South 18th Street, Philadelphia", "types": "c(\"restaurant\", \"food\", \"point_of_interest\", \"establishment\")", "business_status": "OPERATIONAL", "weekday_text": "Monday: 10:30 AM – 10:00 PM; Tuesday: 10:30 AM – 10:00 PM; Wednesday: 10:30 AM – 10:00 PM; Thursday: 10:30 AM – 10:00 PM; Friday: 10:30 AM – 10:00 PM; Saturday: 10:30 AM – 10:00 PM; Sunday: 10:30 AM – 10:00 PM", "open_24h": false, "open_0": "1030", "open_1": "1030", "open_2": "1030", "open_3": "1030", "open_4": "1030", "open_6": "1030", "open_5": "1030", "close_0": "2200", "close_1": "2200", "close_2": "2200", "close_3": "2200", "close_4": "2200", "close_6": "2200", "close_5": "2200" }, "geometry": { "type": "Point", "coordinates": [ -75.1703976, 39.9507609 ] } },
{ "type": "Feature", "properties": { "name": "Holt's Cigar Company", "place_id": "ChIJ71iIpzrGxokRje7vtHVciTs", "vicinity": "1522 Walnut Street, Philadelphia", "types": "c(\"point_of_interest\", \"store\", \"establishment\")", "business_status": "OPERATIONAL", "weekday_text": "Monday: 9:00 AM – 8:00 PM; Tuesday: 9:00 AM – 8:00 PM; Wednesday: 9:00 AM – 8:00 PM; Thursday: 9:00 AM – 8:00 PM; Friday: 9:00 AM – 8:00 PM; Saturday: 10:00 AM – 6:00 PM; Sunday: 10:00 AM – 6:00 PM", "open_24h": false, "open_0": "1000", "open_1": "0900", "open_2": "0900", "open_3": "0900", "open_4": "0900", "open_6": "1000", "open_5": "0900", "close_0": "1800", "close_1": "2000", "close_2": "2000", "close_3": "2000", "close_4": "2000", "close_6": "1800", "close_5": "2000" }, "geometry": { "type": "Point", "coordinates": [ -75.1670785, 39.9496064 ] } },
{ "type": "Feature", "properties": { "name": "InnerVision Fine Eyewear", "place_id": "ChIJPQSoojDGxokR_RDtIM8JDVE", "vicinity": "131 South 18th Street, Philadelphia", "types": "c(\"store\", \"health\", \"point_of_interest\", \"establishment\")", "business_status": "OPERATIONAL", "weekday_text": "Monday: 10:00 AM – 6:00 PM; Tuesday: 10:00 AM – 6:00 PM; Wednesday: 10:00 AM – 6:00 PM; Thursday: 10:00 AM – 6:00 PM; Friday: 10:00 AM – 6:00 PM; Saturday: 10:00 AM – 5:00 PM; Sunday: Closed", "open_24h": false, "open_0": null, "open_1": "1000", "open_2": "1000", "open_3": "1000", "open_4": "1000", "open_6": "1000", "open_5": "1000", "close_0": null, "close_1": "1800", "close_2": "1800", "close_3": "1800", "close_4": "1800", "close_6": "1700", "close_5": "1800" }, "geometry": { "type": "Point", "coordinates": [ -75.1703275, 39.9506483 ] } },
{ "type": "Feature", "properties": { "name": "Jimmy John's", "place_id": "ChIJ07PDUDDGxokRS9lcB9m0kVI", "vicinity": "44 South 17th Street, Philadelphia", "types": "c(\"restaurant\", \"food\", \"point_of_interest\", \"establishment\")", "business_status": "OPERATIONAL", "weekday_text": "Monday: 10:30 AM – 9:00 PM; Tuesday: 10:30 AM – 9:00 PM; Wednesday: 10:30 AM – 9:00 PM; Thursday: 10:30 AM – 2:00 AM; Friday: 10:30 AM – 2:00 AM; Saturday: 10:30 AM – 2:00 AM; Sunday: 10:30 AM – 2:00 AM", "open_24h": true, "open_0": "1030", "open_1": "1030;1030", "open_2": "1030", "open_3": "1030", "open_4": "1030", "open_6": "1030", "open_5": "1030", "close_0": "0200", "close_1": "0200;2100", "close_2": "2100", "close_3": "2100", "close_4": "NA", "close_6": "0200", "close_5": "0200" }, "geometry": { "type": "Point", "coordinates": [ -75.1688603, 39.9517577 ] } },
{ "type": "Feature", "properties": { "name": "Joan Shepp | Philadelphia Luxury Clothing Store", "place_id": "ChIJJURenTrGxokRbob6MUwezkE", "vicinity": "1905 Walnut Street, Philadelphia", "types": "c(\"clothing_store\", \"point_of_interest\", \"store\", \"establishment\")", "business_status": "OPERATIONAL", "weekday_text": "Monday: 11:00 AM – 5:00 PM; Tuesday: 11:00 AM – 5:00 PM; Wednesday: 11:00 AM – 5:00 PM; Thursday: 11:00 AM – 5:00 PM; Friday: 11:00 AM – 5:00 PM; Saturday: 11:00 AM – 5:00 PM; Sunday: 12:00 – 5:00 PM", "open_24h": false, "open_0": "1200", "open_1": "1100", "open_2": "1100", "open_3": "1100", "open_4": "1100", "open_6": "1100", "open_5": "1100", "close_0": "1700", "close_1": "1700", "close_2": "1700", "close_3": "1700", "close_4": "1700", "close_6": "1700", "close_5": "1700" }, "geometry": { "type": "Point", "coordinates": [ -75.1728042, 39.9505224 ] } },
{ "type": "Feature", "properties": { "name": "Kimpton Hotel Palomar Philadelphia", "place_id": "ChIJD55aYTDGxokRuW1PyOVzdxQ", "vicinity": "117 South 17th Street, Philadelphia", "types": "c(\"lodging\", \"restaurant\", \"food\", \"point_of_interest\", \"establishment\")", "business_status": null, "weekday_text": null, "open_24h": null, "open_0": null, "open_1": null, "open_2": null, "open_3": null, "open_4": null, "open_6": null, "open_5": null, "close_0": null, "close_1": null, "close_2": null, "close_3": null, "close_4": null, "close_6": null, "close_5": null }, "geometry": { "type": "Point", "coordinates": [ -75.1686419, 39.950781500000012 ] } },
{ "type": "Feature", "properties": { "name": "LOFT Outlet", "place_id": "ChIJJxT3OzDGxokRg3987drtNq8", "vicinity": "1625 Chestnut Street, Philadelphia", "types": "c(\"shoe_store\", \"jewelry_store\", \"clothing_store\", \"point_of_interest\", \"store\", \"establishment\")", "business_status": "OPERATIONAL", "weekday_text": "Monday: 9:30 AM – 7:00 PM; Tuesday: 9:30 AM – 7:00 PM; Wednesday: 9:30 AM – 7:00 PM; Thursday: 9:30 AM – 7:00 PM; Friday: 9:30 AM – 7:00 PM; Saturday: 9:30 AM – 7:00 PM; Sunday: 12:00 – 6:00 PM", "open_24h": false, "open_0": "1200", "open_1": "0930", "open_2": "0930", "open_3": "0930", "open_4": "0930", "open_6": "0930", "open_5": "0930", "close_0": "1800", "close_1": "1900", "close_2": "1900", "close_3": "1900", "close_4": "1900", "close_6": "1900", "close_5": "1900" }, "geometry": { "type": "Point", "coordinates": [ -75.1685339, 39.9515628 ] } },
{ "type": "Feature", "properties": { "name": "La Colombe Coffee Workshop", "place_id": "ChIJL4OUUjfGxokRWbdDe02buok", "vicinity": "130 South 19th Street, Philadelphia", "types": "c(\"cafe\", \"food\", \"store\", \"point_of_interest\", \"establishment\")", "business_status": "OPERATIONAL", "weekday_text": "Monday: 6:00 AM – 7:00 PM; Tuesday: 6:00 AM – 7:00 PM; Wednesday: 6:00 AM – 7:00 PM; Thursday: 6:00 AM – 7:00 PM; Friday: 6:00 AM – 7:00 PM; Saturday: 6:00 AM – 7:00 PM; Sunday: 6:00 AM – 7:00 PM", "open_24h": false, "open_0": "0600", "open_1": "0600", "open_2": "0600", "open_3": "0600", "open_4": "0600", "open_6": "0600", "open_5": "0600", "close_0": "1900", "close_1": "1900", "close_2": "1900", "close_3": "1900", "close_4": "1900", "close_6": "1900", "close_5": "1900" }, "geometry": { "type": "Point", "coordinates": [ -75.1723193, 39.9507564 ] } },
{ "type": "Feature", "properties": { "name": "La Fontana Della Citta", "place_id": "ChIJsduoUjrGxokR0c5eqm_63ZM", "vicinity": "1701 Spruce Street, Philadelphia", "types": "c(\"restaurant\", \"food\", \"point_of_interest\", \"establishment\")", "business_status": "OPERATIONAL", "weekday_text": "Monday: 11:00 AM – 10:00 PM; Tuesday: 11:00 AM – 10:00 PM; Wednesday: 11:00 AM – 10:00 PM; Thursday: 11:00 AM – 10:00 PM; Friday: 11:00 AM – 10:00 PM; Saturday: 11:00 AM – 10:00 PM; Sunday: 11:00 AM – 10:00 PM", "open_24h": false, "open_0": "1100", "open_1": "1100", "open_2": "1100", "open_3": "1100", "open_4": "1100", "open_6": "1100", "open_5": "1100", "close_0": "2200", "close_1": "2200", "close_2": "2200", "close_3": "2200", "close_4": "2200", "close_6": "2200", "close_5": "2200" }, "geometry": { "type": "Point", "coordinates": [ -75.1697075, 39.9477103 ] } },
{ "type": "Feature", "properties": { "name": "La Reserve on Pine", "place_id": "ChIJI4tj4TvGxokRONBTpRIOnJY", "vicinity": "1804 Pine Street, Philadelphia", "types": "c(\"lodging\", \"point_of_interest\", \"establishment\")", "business_status": "OPERATIONAL", "weekday_text": "Monday: 10:00 AM – 8:00 PM; Tuesday: 10:00 AM – 8:00 PM; Wednesday: 10:00 AM – 8:00 PM; Thursday: 10:00 AM – 8:00 PM; Friday: 10:00 AM – 8:00 PM; Saturday: 10:00 AM – 8:00 PM; Sunday: 10:00 AM – 8:00 PM", "open_24h": false, "open_0": "1000", "open_1": "1000", "open_2": "1000", "open_3": "1000", "open_4": "1000", "open_6": "1000", "open_5": "1000", "close_0": "2000", "close_1": "2000", "close_2": "2000", "close_3": "2000", "close_4": "2000", "close_6": "2000", "close_5": "2000" }, "geometry": { "type": "Point", "coordinates": [ -75.1718427, 39.9461638 ] } },
{ "type": "Feature", "properties": { "name": "Lacroix Restaurant at The Rittenhouse", "place_id": "ChIJBZC45TnGxokR_0zGxg5lWiM", "vicinity": "210 West Rittenhouse Square, Philadelphia", "types": "c(\"restaurant\", \"food\", \"point_of_interest\", \"establishment\")", "business_status": "OPERATIONAL", "weekday_text": "Monday: 6:30 AM – 2:00 PM, 4:00 – 9:00 PM; Tuesday: 6:30 AM – 2:00 PM, 5:30 – 9:00 PM; Wednesday: 6:30 AM – 2:00 PM, 5:30 – 9:00 PM; Thursday: 6:30 AM – 2:00 PM, 5:30 – 9:00 PM; Friday: 6:30 AM – 2:00 PM, 5:30 – 9:30 PM; Saturday: 7:00 AM – 2:00 PM, 5:30 – 9:30 PM; Sunday: 7:00 – 11:00 AM, 11:30 AM – 9:00 PM", "open_24h": false, "open_0": "0700;1130;0700;1130", "open_1": "0630;1600;0630;1600", "open_2": "0630;1730;0630;1730", "open_3": "0630;1730;0630;1730", "open_4": "0630;1730;0630;1730", "open_6": "0700;1730;0700;1730", "open_5": "0630;1730;0630;1730", "close_0": "1100;1100;2100;2100", "close_1": "1400;1400;2100;2100", "close_2": "1400;1400;2100;2100", "close_3": "1400;1400;2100;2100", "close_4": "1400;1400;2100;2100", "close_6": "1400;1400;2130;2130", "close_5": "1400;1400;2130;2130" }, "geometry": { "type": "Point", "coordinates": [ -75.1736448, 39.9499125 ] } },
{ "type": "Feature", "properties": { "name": "Lee's Hardware Inc", "place_id": "ChIJY25srznGxokRr2D0JQZAxiM", "vicinity": "266 South 20th Street, Philadelphia", "types": "c(\"hardware_store\", \"home_goods_store\", \"point_of_interest\", \"store\", \"establishment\")", "business_status": "OPERATIONAL", "weekday_text": "Monday: 9:00 AM – 2:00 PM; Tuesday: 9:00 AM – 2:00 PM; Wednesday: 9:00 AM – 2:00 PM; Thursday: 9:00 AM – 2:00 PM; Friday: 9:00 AM – 2:00 PM; Saturday: 9:00 AM – 2:00 PM; Sunday: Closed", "open_24h": false, "open_0": null, "open_1": "0900", "open_2": "0900", "open_3": "0900", "open_4": "0900", "open_6": "0900", "open_5": "0900", "close_0": null, "close_1": "1400", "close_2": "1400", "close_3": "1400", "close_4": "1400", "close_6": "1400", "close_5": "1400" }, "geometry": { "type": "Point", "coordinates": [ -75.1744504, 39.9485166 ] } },
{ "type": "Feature", "properties": { "name": "Liberté Restobar", "place_id": "ChIJOaMejDDGxokRwhyVQm5h7dA", "vicinity": "120 South 17th Street, Philadelphia", "types": "c(\"restaurant\", \"bar\", \"food\", \"point_of_interest\", \"establishment\")", "business_status": "OPERATIONAL", "weekday_text": "Monday: 11:30 AM – 11:00 PM; Tuesday: 11:30 AM – 11:00 PM; Wednesday: 11:30 AM – 11:00 PM; Thursday: 11:30 AM – 11:00 PM; Friday: 11:30 AM – 12:00 AM; Saturday: 11:00 AM – 12:00 AM; Sunday: 11:00 AM – 10:00 PM", "open_24h": true, "open_0": "1100;1100", "open_1": "1130", "open_2": "1130", "open_3": "1130", "open_4": "1130", "open_6": "1100", "open_5": "1130", "close_0": "2200;0000", "close_1": "2300", "close_2": "2300", "close_3": "2300", "close_4": "2300", "close_6": "0000", "close_5": "NA" }, "geometry": { "type": "Point", "coordinates": [ -75.1695663, 39.9509278 ] } },
{ "type": "Feature", "properties": { "name": "Long In the Tooth", "place_id": "ChIJCXvMdTfGxokRdepd_4AFMWU", "vicinity": "2027 Sansom Street, Philadelphia", "types": "c(\"point_of_interest\", \"store\", \"establishment\")", "business_status": "OPERATIONAL", "weekday_text": "Monday: Closed; Tuesday: 1:00 – 7:00 PM; Wednesday: 1:00 – 7:00 PM; Thursday: 1:00 – 7:00 PM; Friday: 1:00 – 7:00 PM; Saturday: 1:00 – 7:00 PM; Sunday: 1:00 – 6:00 PM", "open_24h": false, "open_0": "1300", "open_1": null, "open_2": "1300", "open_3": "1300", "open_4": "1300", "open_6": "1300", "open_5": "1300", "close_0": "1800", "close_1": null, "close_2": "1900", "close_3": "1900", "close_4": "1900", "close_6": "1900", "close_5": "1900" }, "geometry": { "type": "Point", "coordinates": [ -75.1746935, 39.9516589 ] } },
{ "type": "Feature", "properties": { "name": "Madewell", "place_id": "ChIJg_3WdjrGxokRr09hL3ornRI", "vicinity": "1729 Walnut Street, Philadelphia", "types": "c(\"clothing_store\", \"store\", \"point_of_interest\", \"establishment\")", "business_status": "OPERATIONAL", "weekday_text": "Monday: 10:00 AM – 7:00 PM; Tuesday: 10:00 AM – 7:00 PM; Wednesday: 10:00 AM – 7:00 PM; Thursday: 10:00 AM – 7:00 PM; Friday: 10:00 AM – 7:00 PM; Saturday: 10:00 AM – 7:00 PM; Sunday: 11:00 AM – 6:00 PM", "open_24h": false, "open_0": "1100", "open_1": "1000", "open_2": "1000", "open_3": "1000", "open_4": "1000", "open_6": "1000", "open_5": "1000", "close_0": "1800", "close_1": "1900", "close_2": "1900", "close_3": "1900", "close_4": "1900", "close_6": "1900", "close_5": "1900" }, "geometry": { "type": "Point", "coordinates": [ -75.1702477, 39.9503532 ] } },
{ "type": "Feature", "properties": { "name": "Mama's Vegetarian Falafel", "place_id": "ChIJscL6ITfGxokRfShboV-CLIY", "vicinity": "18 South 20th Street, Philadelphia", "types": "c(\"restaurant\", \"food\", \"point_of_interest\", \"establishment\")", "business_status": "OPERATIONAL", "weekday_text": "Monday: 11:00 AM – 7:00 PM; Tuesday: 11:00 AM – 7:00 PM; Wednesday: 11:00 AM – 7:00 PM; Thursday: 11:00 AM – 7:00 PM; Friday: Closed; Saturday: Closed; Sunday: 11:00 AM – 5:00 PM", "open_24h": false, "open_0": "1100", "open_1": "1100", "open_2": "1100", "open_3": "1100", "open_4": "1100", "open_6": null, "open_5": null, "close_0": "1700", "close_1": "1900", "close_2": "1900", "close_3": "1900", "close_4": "1900", "close_6": null, "close_5": null }, "geometry": { "type": "Point", "coordinates": [ -75.1734857, 39.952696 ] } },
{ "type": "Feature", "properties": { "name": "Marathon Grill", "place_id": "ChIJQdIiEjDGxokR3EYjlQpmEfA", "vicinity": "121 South 16th Street, Philadelphia", "types": "c(\"bar\", \"restaurant\", \"food\", \"point_of_interest\", \"establishment\")", "business_status": "OPERATIONAL", "weekday_text": "Monday: 11:00 AM – 9:00 PM; Tuesday: 11:00 AM – 9:00 PM; Wednesday: 11:00 AM – 9:00 PM; Thursday: 11:00 AM – 9:00 PM; Friday: 11:00 AM – 10:00 PM; Saturday: 10:00 AM – 10:00 PM; Sunday: 10:00 AM – 9:00 PM", "open_24h": false, "open_0": "1000", "open_1": "1100", "open_2": "1100", "open_3": "1100", "open_4": "1100", "open_6": "1000", "open_5": "1100", "close_0": "2100", "close_1": "2100", "close_2": "2100", "close_3": "2100", "close_4": "2100", "close_6": "2200", "close_5": "2200" }, "geometry": { "type": "Point", "coordinates": [ -75.167261, 39.950415 ] } },
{ "type": "Feature", "properties": { "name": "Marathon Grill Catering", "place_id": "ChIJY6_tJDHGxokRnSLMIRBmdMY", "vicinity": "1839 Spruce Street, Philadelphia", "types": "c(\"food\", \"point_of_interest\", \"establishment\")", "business_status": "OPERATIONAL", "weekday_text": "Monday: 9:00 AM – 6:00 PM; Tuesday: 9:00 AM – 6:00 PM; Wednesday: 9:00 AM – 6:00 PM; Thursday: 9:00 AM – 6:00 PM; Friday: 9:00 AM – 6:00 PM; Saturday: Closed; Sunday: Closed", "open_24h": false, "open_0": null, "open_1": "0900", "open_2": "0900", "open_3": "0900", "open_4": "0900", "open_6": null, "open_5": "0900", "close_0": null, "close_1": "1800", "close_2": "1800", "close_3": "1800", "close_4": "1800", "close_6": null, "close_5": "1800" }, "geometry": { "type": "Point", "coordinates": [ -75.1726188, 39.9481101 ] } },
{ "type": "Feature", "properties": { "name": "Marathon On the Square Restaurant", "place_id": "ChIJPT-bgznGxokR9jip30_THGc", "vicinity": "1839 Spruce Street, Philadelphia", "types": "c(\"restaurant\", \"food\", \"point_of_interest\", \"establishment\")", "business_status": "OPERATIONAL", "weekday_text": "Monday: 11:00 AM – 9:00 PM; Tuesday: 11:00 AM – 9:00 PM; Wednesday: 11:00 AM – 9:00 PM; Thursday: 11:00 AM – 9:00 PM; Friday: 11:00 AM – 9:00 PM; Saturday: 11:00 AM – 9:00 PM; Sunday: 11:00 AM – 9:00 PM", "open_24h": false, "open_0": "1100", "open_1": "1100", "open_2": "1100", "open_3": "1100", "open_4": "1100", "open_6": "1100", "open_5": "1100", "close_0": "2100", "close_1": "2100", "close_2": "2100", "close_3": "2100", "close_4": "2100", "close_6": "2100", "close_5": "2100" }, "geometry": { "type": "Point", "coordinates": [ -75.1726188, 39.9481101 ] } },
{ "type": "Feature", "properties": { "name": "Mary Cassatt Tea Room & Garden", "place_id": "ChIJBZC45TnGxokRYhyBYkwGfKk", "vicinity": "210 West Rittenhouse Square, Philadelphia", "types": "c(\"point_of_interest\", \"establishment\")", "business_status": "OPERATIONAL", "weekday_text": "Monday: Closed; Tuesday: Closed; Wednesday: Closed; Thursday: 12:30 – 3:30 PM; Friday: 12:30 – 3:30 PM; Saturday: 12:30 – 3:30 PM; Sunday: 12:30 – 3:30 PM", "open_24h": false, "open_0": "1230", "open_1": null, "open_2": null, "open_3": null, "open_4": "1230", "open_6": "1230", "open_5": "1230", "close_0": "1530", "close_1": null, "close_2": null, "close_3": null, "close_4": "1530", "close_6": "1530", "close_5": "1530" }, "geometry": { "type": "Point", "coordinates": [ -75.1730241, 39.9499767 ] } },
{ "type": "Feature", "properties": { "name": "Medical Tower Pharmacy", "place_id": "ChIJMS12WTrGxokRZmRyHsiz34U", "vicinity": "255 South 17th Street, Philadelphia", "types": "c(\"pharmacy\", \"store\", \"health\", \"point_of_interest\", \"establishment\")", "business_status": "OPERATIONAL", "weekday_text": "Monday: 8:30 AM – 6:00 PM; Tuesday: 8:30 AM – 6:00 PM; Wednesday: 8:30 AM – 6:00 PM; Thursday: 8:30 AM – 6:00 PM; Friday: 8:30 AM – 6:00 PM; Saturday: 9:00 AM – 2:00 PM; Sunday: Closed", "open_24h": false, "open_0": null, "open_1": "0830", "open_2": "0830", "open_3": "0830", "open_4": "0830", "open_6": "0900", "open_5": "0830", "close_0": null, "close_1": "1800", "close_2": "1800", "close_3": "1800", "close_4": "1800", "close_6": "1400", "close_5": "1800" }, "geometry": { "type": "Point", "coordinates": [ -75.1692972, 39.9481252 ] } },
{ "type": "Feature", "properties": { "name": "Melograno", "place_id": "ChIJT0v4bjfGxokRgWwX_20r3Xc", "vicinity": "2012 Sansom Street, Philadelphia", "types": "c(\"restaurant\", \"food\", \"store\", \"point_of_interest\", \"establishment\")", "business_status": "OPERATIONAL", "weekday_text": "Monday: Closed; Tuesday: 5:00 – 9:30 PM; Wednesday: 5:00 – 9:30 PM; Thursday: 5:00 – 9:30 PM; Friday: 5:00 – 10:00 PM; Saturday: 5:00 – 10:00 PM; Sunday: 5:00 – 9:00 PM", "open_24h": false, "open_0": "1700", "open_1": null, "open_2": "1700", "open_3": "1700", "open_4": "1700", "open_6": "1700", "open_5": "1700", "close_0": "2100", "close_1": null, "close_2": "2130", "close_3": "2130", "close_4": "2130", "close_6": "2200", "close_5": "2200" }, "geometry": { "type": "Point", "coordinates": [ -75.1741235, 39.951250900000012 ] } },
{ "type": "Feature", "properties": { "name": "Mix Bar and Grill", "place_id": "ChIJqY2wpDfGxokRcaB0AUJqw3Y", "vicinity": "2101 Chestnut Street, Philadelphia", "types": "c(\"bar\", \"restaurant\", \"food\", \"point_of_interest\", \"establishment\")", "business_status": "OPERATIONAL", "weekday_text": "Monday: 11:00 AM – 10:00 PM; Tuesday: 11:00 AM – 10:00 PM; Wednesday: 11:00 AM – 10:00 PM; Thursday: 11:00 AM – 12:00 AM; Friday: 11:00 AM – 12:00 AM; Saturday: 11:00 AM – 12:00 AM; Sunday: 11:00 AM – 12:00 AM", "open_24h": true, "open_0": "1100", "open_1": "1100;1100", "open_2": "1100", "open_3": "1100", "open_4": "1100", "open_6": "1100", "open_5": "1100", "close_0": "0000", "close_1": "0000;2200", "close_2": "2200", "close_3": "2200", "close_4": "NA", "close_6": "0000", "close_5": "0000" }, "geometry": { "type": "Point", "coordinates": [ -75.1756171, 39.9524509 ] } },
{ "type": "Feature", "properties": { "name": "Monk's Cafe", "place_id": "ChIJo8Mj5DrGxokRzOysJp3HPrw", "vicinity": "264 South 16th Street, Philadelphia", "types": "c(\"liquor_store\", \"cafe\", \"restaurant\", \"food\", \"point_of_interest\", \"store\", \"establishment\")", "business_status": "OPERATIONAL", "weekday_text": "Monday: 5:00 – 11:45 PM; Tuesday: 11:30 AM – 11:45 PM; Wednesday: 11:30 AM – 11:45 PM; Thursday: 11:30 AM – 11:45 PM; Friday: 11:30 AM – 11:45 PM; Saturday: 11:30 AM – 11:45 PM; Sunday: 11:30 AM – 11:45 PM", "open_24h": false, "open_0": "1130", "open_1": "1700", "open_2": "1130", "open_3": "1130", "open_4": "1130", "open_6": "1130", "open_5": "1130", "close_0": "2345", "close_1": "2345", "close_2": "2345", "close_3": "2345", "close_4": "2345", "close_6": "2345", "close_5": "2345" }, "geometry": { "type": "Point", "coordinates": [ -75.168124, 39.947701 ] } },
{ "type": "Feature", "properties": { "name": "Nuts To You", "place_id": "ChIJ65ByGDfGxokRJ1n65hicq6o", "vicinity": "22-24 South 20th Street, Philadelphia", "types": "c(\"grocery_or_supermarket\", \"food\", \"point_of_interest\", \"store\", \"health\", \"establishment\")", "business_status": "OPERATIONAL", "weekday_text": "Monday: 10:00 AM – 6:00 PM; Tuesday: 10:00 AM – 6:00 PM; Wednesday: 10:00 AM – 6:00 PM; Thursday: 10:00 AM – 6:00 PM; Friday: 10:00 AM – 6:00 PM; Saturday: 10:00 AM – 5:00 PM; Sunday: Closed", "open_24h": false, "open_0": null, "open_1": "1000", "open_2": "1000", "open_3": "1000", "open_4": "1000", "open_6": "1000", "open_5": "1000", "close_0": null, "close_1": "1800", "close_2": "1800", "close_3": "1800", "close_4": "1800", "close_6": "1700", "close_5": "1800" }, "geometry": { "type": "Point", "coordinates": [ -75.1734984, 39.9524629 ] } },
{ "type": "Feature", "properties": { "name": "Ocean Prime", "place_id": "ChIJKTDM4i_GxokRhTLAjRMs9sw", "vicinity": "124 South 15th Street, Philadelphia", "types": "c(\"night_club\", \"bar\", \"restaurant\", \"food\", \"point_of_interest\", \"establishment\")", "business_status": "OPERATIONAL", "weekday_text": "Monday: 4:00 – 9:00 PM; Tuesday: 4:00 – 9:00 PM; Wednesday: 4:00 – 9:00 PM; Thursday: 4:00 – 9:00 PM; Friday: 4:00 – 10:00 PM; Saturday: 4:00 – 10:00 PM; Sunday: 4:00 – 9:00 PM", "open_24h": false, "open_0": "1600", "open_1": "1600", "open_2": "1600", "open_3": "1600", "open_4": "1600", "open_6": "1600", "open_5": "1600", "close_0": "2100", "close_1": "2100", "close_2": "2100", "close_3": "2100", "close_4": "2100", "close_6": "2200", "close_5": "2200" }, "geometry": { "type": "Point", "coordinates": [ -75.1659315, 39.9501744 ] } },
{ "type": "Feature", "properties": { "name": "Oscar's Tavern", "place_id": "ChIJt5_NGjDGxokRtqbLCRwDij8", "vicinity": "1524 Sansom Street, Philadelphia", "types": "c(\"bar\", \"point_of_interest\", \"establishment\")", "business_status": "OPERATIONAL", "weekday_text": "Monday: 11:00 AM – 2:00 AM; Tuesday: 11:00 AM – 2:00 AM; Wednesday: 11:00 AM – 2:00 AM; Thursday: 11:00 AM – 2:00 AM; Friday: 11:00 AM – 2:00 AM; Saturday: 11:00 AM – 2:00 AM; Sunday: 11:00 AM – 2:00 AM", "open_24h": false, "open_0": "1100", "open_1": "1100", "open_2": "1100", "open_3": "1100", "open_4": "1100", "open_6": "1100", "open_5": "1100", "close_0": "0200", "close_1": "0200", "close_2": "0200", "close_3": "0200", "close_4": "0200", "close_6": "0200", "close_5": "0200" }, "geometry": { "type": "Point", "coordinates": [ -75.1668242, 39.9503754 ] } },
{ "type": "Feature", "properties": { "name": "Oyster House", "place_id": "ChIJz4hVGTDGxokRYnn8nCLNB3k", "vicinity": "1516 Sansom Street, Philadelphia", "types": "c(\"restaurant\", \"food\", \"point_of_interest\", \"establishment\")", "business_status": "OPERATIONAL", "weekday_text": "Monday: Closed; Tuesday: 11:30 AM – 9:00 PM; Wednesday: 11:30 AM – 9:00 PM; Thursday: 11:30 AM – 9:00 PM; Friday: 11:30 AM – 10:00 PM; Saturday: 11:30 AM – 10:00 PM; Sunday: Closed", "open_24h": false, "open_0": null, "open_1": null, "open_2": "1130", "open_3": "1130", "open_4": "1130", "open_6": "1130", "open_5": "1130", "close_0": null, "close_1": null, "close_2": "2100", "close_3": "2100", "close_4": "2100", "close_6": "2200", "close_5": "2200" }, "geometry": { "type": "Point", "coordinates": [ -75.1665087, 39.9503258 ] } },
{ "type": "Feature", "properties": { "name": "P.S. & Co.", "place_id": "ChIJG88UXTrGxokRSz3880ZvYM4", "vicinity": "1706 Locust Street, Philadelphia", "types": "c(\"bakery\", \"restaurant\", \"food\", \"point_of_interest\", \"store\", \"health\", \"establishment\")", "business_status": "OPERATIONAL", "weekday_text": "Monday: 7:00 AM – 6:00 PM; Tuesday: 7:00 AM – 6:00 PM; Wednesday: 7:00 AM – 6:00 PM; Thursday: 7:00 AM – 6:00 PM; Friday: 7:00 AM – 6:00 PM; Saturday: 9:00 AM – 6:00 PM; Sunday: 9:00 AM – 5:00 PM", "open_24h": false, "open_0": "0900", "open_1": "0700", "open_2": "0700", "open_3": "0700", "open_4": "0700", "open_6": "0900", "open_5": "0700", "close_0": "1700", "close_1": "1800", "close_2": "1800", "close_3": "1800", "close_4": "1800", "close_6": "1800", "close_5": "1800" }, "geometry": { "type": "Point", "coordinates": [ -75.169735, 39.948726 ] } },
{ "type": "Feature", "properties": { "name": "Pagano's Market and Bar", "place_id": "ChIJP28b6jbGxokRNsKng1db0z4", "vicinity": "2001 Market Street, Philadelphia", "types": "c(\"bar\", \"cafe\", \"restaurant\", \"food\", \"point_of_interest\", \"store\", \"establishment\")", "business_status": "OPERATIONAL", "weekday_text": "Monday: 7:30 AM – 4:00 PM; Tuesday: 7:30 AM – 4:00 PM; Wednesday: 7:30 AM – 4:00 PM; Thursday: 7:30 AM – 4:00 PM; Friday: 7:30 AM – 4:00 PM; Saturday: Closed; Sunday: Closed", "open_24h": false, "open_0": null, "open_1": "0730", "open_2": "0730", "open_3": "0730", "open_4": "0730", "open_6": null, "open_5": "0730", "close_0": null, "close_1": "1600", "close_2": "1600", "close_3": "1600", "close_4": "1600", "close_6": null, "close_5": "1600" }, "geometry": { "type": "Point", "coordinates": [ -75.173561, 39.953968 ] } },
{ "type": "Feature", "properties": { "name": "Paper Source", "place_id": "ChIJ-RbpgzrGxokRqZ5GbofPK7o", "vicinity": "1628 Walnut Street, Philadelphia", "types": "c(\"store\", \"point_of_interest\", \"establishment\")", "business_status": "OPERATIONAL", "weekday_text": "Monday: 10:00 AM – 8:00 PM; Tuesday: 10:00 AM – 8:00 PM; Wednesday: 10:00 AM – 8:00 PM; Thursday: 10:00 AM – 8:00 PM; Friday: 10:00 AM – 8:00 PM; Saturday: 10:00 AM – 8:00 PM; Sunday: 10:00 AM – 6:00 PM", "open_24h": false, "open_0": "1000", "open_1": "1000", "open_2": "1000", "open_3": "1000", "open_4": "1000", "open_6": "1000", "open_5": "1000", "close_0": "1800", "close_1": "2000", "close_2": "2000", "close_3": "2000", "close_4": "2000", "close_6": "2000", "close_5": "2000" }, "geometry": { "type": "Point", "coordinates": [ -75.1686744, 39.9497858 ] } },
{ "type": "Feature", "properties": { "name": "Peirce College", "place_id": "ChIJ33fcSjvGxokRHbCUvz2OI28", "vicinity": "1608 Walnut Street Suite 1900, Philadelphia", "types": "c(\"university\", \"accounting\", \"finance\", \"point_of_interest\", \"establishment\")", "business_status": "OPERATIONAL", "weekday_text": "Monday: 7:00 AM – 6:05 PM; Tuesday: 7:00 AM – 6:05 PM; Wednesday: 7:00 AM – 6:05 PM; Thursday: 7:00 AM – 6:05 PM; Friday: 7:00 AM – 6:05 PM; Saturday: 7:00 AM – 6:05 PM; Sunday: 7:00 AM – 6:05 PM", "open_24h": false, "open_0": "0700", "open_1": "0700", "open_2": "0700", "open_3": "0700", "open_4": "0700", "open_6": "0700", "open_5": "0700", "close_0": "1805", "close_1": "1805", "close_2": "1805", "close_3": "1805", "close_4": "1805", "close_6": "1805", "close_5": "1805" }, "geometry": { "type": "Point", "coordinates": [ -75.1680817, 39.9495016 ] } },
{ "type": "Feature", "properties": { "name": "Philadelphia Post", "place_id": "ChIJMS12WTrGxokRSgS2D2jAZB0", "vicinity": "255 South 17th Street #805, Philadelphia", "types": "c(\"store\", \"point_of_interest\", \"establishment\")", "business_status": "OPERATIONAL", "weekday_text": "Monday: 9:00 AM – 9:00 PM; Tuesday: 9:00 AM – 9:00 PM; Wednesday: 9:00 AM – 9:00 PM; Thursday: 9:00 AM – 9:00 PM; Friday: 9:00 AM – 9:00 PM; Saturday: Closed; Sunday: Closed", "open_24h": false, "open_0": null, "open_1": "0900", "open_2": "0900", "open_3": "0900", "open_4": "0900", "open_6": null, "open_5": "0900", "close_0": null, "close_1": "2100", "close_2": "2100", "close_3": "2100", "close_4": "2100", "close_6": null, "close_5": "2100" }, "geometry": { "type": "Point", "coordinates": [ -75.1692901, 39.9481867 ] } },
{ "type": "Feature", "properties": { "name": "Philadelphia Runner", "place_id": "ChIJqw3DEzDGxokRgKTFCPA2Hg4", "vicinity": "1711 Walnut Street, Philadelphia", "types": "c(\"store\", \"point_of_interest\", \"establishment\")", "business_status": "OPERATIONAL", "weekday_text": "Monday: 10:00 AM – 7:30 PM; Tuesday: 10:00 AM – 7:30 PM; Wednesday: 10:00 AM – 7:30 PM; Thursday: 10:00 AM – 7:30 PM; Friday: 10:00 AM – 7:30 PM; Saturday: 10:00 AM – 7:00 PM; Sunday: 11:00 AM – 6:00 PM", "open_24h": false, "open_0": "1100", "open_1": "1000", "open_2": "1000", "open_3": "1000", "open_4": "1000", "open_6": "1000", "open_5": "1000", "close_0": "1800", "close_1": "1930", "close_2": "1930", "close_3": "1930", "close_4": "1930", "close_6": "1900", "close_5": "1930" }, "geometry": { "type": "Point", "coordinates": [ -75.1695637, 39.9502641 ] } },
{ "type": "Feature", "properties": { "name": "Pietro's Italian", "place_id": "ChIJRZX8dzrGxokRjT88b2OBaZQ", "vicinity": "1714 Walnut Street, Philadelphia", "types": "c(\"meal_takeaway\", \"bar\", \"restaurant\", \"food\", \"point_of_interest\", \"establishment\")", "business_status": "OPERATIONAL", "weekday_text": "Monday: 12:00 – 8:30 PM; Tuesday: 12:00 – 8:30 PM; Wednesday: 12:00 – 8:30 PM; Thursday: 12:00 – 8:30 PM; Friday: 12:00 – 9:30 PM; Saturday: 12:00 – 9:30 PM; Sunday: 12:00 – 8:30 PM", "open_24h": false, "open_0": "1200", "open_1": "1200", "open_2": "1200", "open_3": "1200", "open_4": "1200", "open_6": "1200", "open_5": "1200", "close_0": "2030", "close_1": "2030", "close_2": "2030", "close_3": "2030", "close_4": "2030", "close_6": "2130", "close_5": "2130" }, "geometry": { "type": "Point", "coordinates": [ -75.169941, 39.9499308 ] } },
{ "type": "Feature", "properties": { "name": "PrimoHoagies", "place_id": "ChIJ3_zypzfGxokR23Db0ZNd2g8", "vicinity": "West, 2043 Chestnut Street, Philadelphia", "types": "c(\"meal_takeaway\", \"restaurant\", \"food\", \"point_of_interest\", \"store\", \"establishment\")", "business_status": "OPERATIONAL", "weekday_text": "Monday: 9:00 AM – 9:00 PM; Tuesday: 9:00 AM – 9:00 PM; Wednesday: 9:00 AM – 9:00 PM; Thursday: 9:00 AM – 9:00 PM; Friday: 9:00 AM – 9:00 PM; Saturday: 10:00 AM – 9:00 PM; Sunday: 10:00 AM – 8:00 PM", "open_24h": false, "open_0": "1000", "open_1": "0900", "open_2": "0900", "open_3": "0900", "open_4": "0900", "open_6": "1000", "open_5": "0900", "close_0": "2000", "close_1": "2100", "close_2": "2100", "close_3": "2100", "close_4": "2100", "close_6": "2100", "close_5": "2100" }, "geometry": { "type": "Point", "coordinates": [ -75.1750177, 39.952362699999988 ] } },
{ "type": "Feature", "properties": { "name": "Pulse Nightclub & Bar", "place_id": "ChIJfRkhGjDGxokR9xfbLlfd7vU", "vicinity": "1526 Sansom Street 2nd fl, Philadelphia", "types": "c(\"night_club\", \"bar\", \"point_of_interest\", \"establishment\")", "business_status": "OPERATIONAL", "weekday_text": "Monday: Closed; Tuesday: Closed; Wednesday: Closed; Thursday: Closed; Friday: 11:00 PM – 2:00 AM; Saturday: 11:00 PM – 2:00 AM; Sunday: Closed", "open_24h": true, "open_0": "NA", "open_1": null, "open_2": null, "open_3": null, "open_4": null, "open_6": "2300", "open_5": "2300", "close_0": "0200", "close_1": null, "close_2": null, "close_3": null, "close_4": null, "close_6": "0200", "close_5": "NA" }, "geometry": { "type": "Point", "coordinates": [ -75.1668646, 39.9502999 ] } },
{ "type": "Feature", "properties": { "name": "QDOBA Mexican Eats", "place_id": "ChIJh0fICzDGxokRSm1E4Z9fln0", "vicinity": "1528 Walnut Street, Philadelphia", "types": "c(\"bar\", \"restaurant\", \"food\", \"point_of_interest\", \"store\", \"establishment\")", "business_status": "OPERATIONAL", "weekday_text": "Monday: 10:50 AM – 10:00 PM; Tuesday: 10:50 AM – 10:00 PM; Wednesday: 10:50 AM – 10:00 PM; Thursday: 10:50 AM – 10:00 PM; Friday: 10:50 AM – 10:00 PM; Saturday: 10:50 AM – 10:00 PM; Sunday: 10:50 AM – 10:00 PM", "open_24h": false, "open_0": "1050", "open_1": "1050", "open_2": "1050", "open_3": "1050", "open_4": "1050", "open_6": "1050", "open_5": "1050", "close_0": "2200", "close_1": "2200", "close_2": "2200", "close_3": "2200", "close_4": "2200", "close_6": "2200", "close_5": "2200" }, "geometry": { "type": "Point", "coordinates": [ -75.1672851, 39.9495796 ] } },
{ "type": "Feature", "properties": { "name": "Rescue Spa", "place_id": "ChIJMS12WTrGxokRkbDcbYKs7rg", "vicinity": "1811 Walnut Street, Philadelphia", "types": "c(\"spa\", \"beauty_salon\", \"hair_care\", \"point_of_interest\", \"health\", \"establishment\")", "business_status": "OPERATIONAL", "weekday_text": "Monday: 8:30 AM – 7:30 PM; Tuesday: 8:30 AM – 7:30 PM; Wednesday: 8:30 AM – 8:30 PM; Thursday: 8:30 AM – 8:30 PM; Friday: 8:30 AM – 8:30 PM; Saturday: 8:30 AM – 7:30 PM; Sunday: 10:00 AM – 7:00 PM", "open_24h": false, "open_0": "1000", "open_1": "0830", "open_2": "0830", "open_3": "0830", "open_4": "0830", "open_6": "0830", "open_5": "0830", "close_0": "1900", "close_1": "1930", "close_2": "1930", "close_3": "2030", "close_4": "2030", "close_6": "1930", "close_5": "2030" }, "geometry": { "type": "Point", "coordinates": [ -75.1712114, 39.9504289 ] } },
{ "type": "Feature", "properties": { "name": "Restaurant Aleksandar", "place_id": "ChIJSaJnTGTHxokRT0KFsXzvMVw", "vicinity": "126 South 19th Street, Philadelphia", "types": "c(\"bar\", \"restaurant\", \"food\", \"point_of_interest\", \"establishment\")", "business_status": "OPERATIONAL", "weekday_text": "Monday: Closed; Tuesday: 5:00 – 9:00 PM; Wednesday: 5:00 – 9:00 PM; Thursday: 5:00 – 9:00 PM; Friday: 5:00 – 11:00 PM; Saturday: 11:00 AM – 2:30 PM, 5:00 – 11:00 PM; Sunday: 11:00 AM – 2:30 PM", "open_24h": false, "open_0": "1100", "open_1": null, "open_2": "1700", "open_3": "1700", "open_4": "1700", "open_6": "1100;1700;1100;1700", "open_5": "1700", "close_0": "1430", "close_1": null, "close_2": "2100", "close_3": "2100", "close_4": "2100", "close_6": "1430;1430;2300;2300", "close_5": "2300" }, "geometry": { "type": "Point", "coordinates": [ -75.1723338, 39.950949 ] } },
{ "type": "Feature", "properties": { "name": "Rittenhouse Claridge", "place_id": "ChIJzzBNCzrGxokRRGaitG8bLdA", "vicinity": "201 South 18th Street, Philadelphia", "types": "c(\"point_of_interest\", \"establishment\")", "business_status": "OPERATIONAL", "weekday_text": "Monday: 9:00 AM – 5:00 PM; Tuesday: 9:00 AM – 5:00 PM; Wednesday: 9:00 AM – 5:00 PM; Thursday: 9:00 AM – 5:00 PM; Friday: 9:00 AM – 5:00 PM; Saturday: 11:00 AM – 3:30 PM; Sunday: Closed", "open_24h": false, "open_0": null, "open_1": "0900", "open_2": "0900", "open_3": "0900", "open_4": "0900", "open_6": "1100", "open_5": "0900", "close_0": null, "close_1": "1700", "close_2": "1700", "close_3": "1700", "close_4": "1700", "close_6": "1530", "close_5": "1700" }, "geometry": { "type": "Point", "coordinates": [ -75.1705076, 39.9498677 ] } },
{ "type": "Feature", "properties": { "name": "Rittenhouse Grill", "place_id": "ChIJCdP2YjrGxokRjI3k4o0E_uo", "vicinity": "1701 Locust Street, Philadelphia", "types": "c(\"restaurant\", \"food\", \"point_of_interest\", \"establishment\")", "business_status": "OPERATIONAL", "weekday_text": "Monday: Closed; Tuesday: 4:30 – 10:00 PM; Wednesday: 4:30 – 10:00 PM; Thursday: 4:30 – 10:00 PM; Friday: 4:30 – 10:00 PM; Saturday: 4:30 – 10:00 PM; Sunday: 4:30 – 10:00 PM", "open_24h": false, "open_0": "1630", "open_1": null, "open_2": "1630", "open_3": "1630", "open_4": "1630", "open_6": "1630", "open_5": "1630", "close_0": "2200", "close_1": null, "close_2": "2200", "close_3": "2200", "close_4": "2200", "close_6": "2200", "close_5": "2200" }, "geometry": { "type": "Point", "coordinates": [ -75.1695577, 39.9489913 ] } },
{ "type": "Feature", "properties": { "name": "Rittenhouse Hardware", "place_id": "ChIJq6HnITnGxokREIg7qDI2XPg", "vicinity": "2001 Pine Street, Philadelphia", "types": "c(\"hardware_store\", \"point_of_interest\", \"store\", \"establishment\")", "business_status": "OPERATIONAL", "weekday_text": "Monday: 8:00 AM – 7:00 PM; Tuesday: 8:00 AM – 7:00 PM; Wednesday: 8:00 AM – 7:00 PM; Thursday: 8:00 AM – 7:00 PM; Friday: 8:00 AM – 7:00 PM; Saturday: 9:00 AM – 6:00 PM; Sunday: 10:00 AM – 3:00 PM", "open_24h": false, "open_0": "1000", "open_1": "0800", "open_2": "0800", "open_3": "0800", "open_4": "0800", "open_6": "0900", "open_5": "0800", "close_0": "1500", "close_1": "1900", "close_2": "1900", "close_3": "1900", "close_4": "1900", "close_6": "1800", "close_5": "1900" }, "geometry": { "type": "Point", "coordinates": [ -75.1747665, 39.9469252 ] } },
{ "type": "Feature", "properties": { "name": "Rittenhouse Market", "place_id": "ChIJ8RHyTDrGxokRfvyNegE4MAE", "vicinity": "1733 Spruce Street, Philadelphia", "types": "c(\"supermarket\", \"grocery_or_supermarket\", \"food\", \"point_of_interest\", \"store\", \"establishment\")", "business_status": "OPERATIONAL", "weekday_text": "Monday: 6:30 AM – 10:00 PM; Tuesday: 6:30 AM – 10:00 PM; Wednesday: 6:30 AM – 10:00 PM; Thursday: 6:30 AM – 10:00 PM; Friday: 6:30 AM – 10:00 PM; Saturday: 6:30 AM – 10:00 PM; Sunday: 6:30 AM – 10:00 PM", "open_24h": false, "open_0": "0630", "open_1": "0630", "open_2": "0630", "open_3": "0630", "open_4": "0630", "open_6": "0630", "open_5": "0630", "close_0": "2200", "close_1": "2200", "close_2": "2200", "close_3": "2200", "close_4": "2200", "close_6": "2200", "close_5": "2200" }, "geometry": { "type": "Point", "coordinates": [ -75.1709777, 39.9478562 ] } },
{ "type": "Feature", "properties": { "name": "Rittenhouse Square", "place_id": "ChIJIQGrHTrGxokRofc6nBBJrRU", "vicinity": "1800 Walnut Street, Philadelphia", "types": "c(\"park\", \"point_of_interest\", \"establishment\")", "business_status": null, "weekday_text": null, "open_24h": null, "open_0": null, "open_1": null, "open_2": null, "open_3": null, "open_4": null, "open_6": null, "open_5": null, "close_0": null, "close_1": null, "close_2": null, "close_3": null, "close_4": null, "close_6": null, "close_5": null }, "geometry": { "type": "Point", "coordinates": [ -75.1718915, 39.949462100000012 ] } },
{ "type": "Feature", "properties": { "name": "Rouge", "place_id": "ChIJf-mICzrGxokR7ra7ZY1MLv4", "vicinity": "205 South 18th Street, Philadelphia", "types": "c(\"bar\", \"restaurant\", \"food\", \"point_of_interest\", \"establishment\")", "business_status": "OPERATIONAL", "weekday_text": "Monday: 12:00 PM – 12:00 AM; Tuesday: 12:00 PM – 12:00 AM; Wednesday: 12:00 PM – 12:00 AM; Thursday: 12:00 PM – 2:00 AM; Friday: 12:00 PM – 2:00 AM; Saturday: 11:00 AM – 2:00 AM; Sunday: 11:00 AM – 12:00 AM", "open_24h": false, "open_0": "1100", "open_1": "1200", "open_2": "1200", "open_3": "1200", "open_4": "1200", "open_6": "1100", "open_5": "1200", "close_0": "0200", "close_1": "0000", "close_2": "0000", "close_3": "0000", "close_4": "0000", "close_6": "0200", "close_5": "0200" }, "geometry": { "type": "Point", "coordinates": [ -75.1705904, 39.9496884 ] } },
{ "type": "Feature", "properties": { "name": "Ruth's Chris Steak House", "place_id": "ChIJv-NOIiXGxokROw9T6p9r6Kw", "vicinity": "1800 Market Street, Philadelphia", "types": "c(\"restaurant\", \"food\", \"point_of_interest\", \"establishment\")", "business_status": "OPERATIONAL", "weekday_text": "Monday: 11:30 AM – 3:00 PM, 4:00 – 9:00 PM; Tuesday: 11:30 AM – 3:00 PM, 4:00 – 9:00 PM; Wednesday: 11:30 AM – 3:00 PM, 4:00 – 9:00 PM; Thursday: 11:30 AM – 3:00 PM, 4:00 – 9:00 PM; Friday: 11:30 AM – 3:00 PM, 4:00 – 10:00 PM; Saturday: 4:00 – 10:00 PM; Sunday: 4:00 – 9:00 PM", "open_24h": false, "open_0": "1600", "open_1": "1130;1600;1130;1600", "open_2": "1130;1600;1130;1600", "open_3": "1130;1600;1130;1600", "open_4": "1130;1600;1130;1600", "open_6": "1600", "open_5": "1130;1600;1130;1600", "close_0": "2100", "close_1": "1500;1500;2100;2100", "close_2": "1500;1500;2100;2100", "close_3": "1500;1500;2100;2100", "close_4": "1500;1500;2100;2100", "close_6": "2200", "close_5": "1500;1500;2200;2200" }, "geometry": { "type": "Point", "coordinates": [ -75.1702986, 39.9529565 ] } },
{ "type": "Feature", "properties": { "name": "SEPHORA", "place_id": "ChIJa1Il9DDGxokRMxc0cKKDTw0", "vicinity": "1714 Chestnut Street, Philadelphia", "types": "c(\"clothing_store\", \"store\", \"point_of_interest\", \"establishment\")", "business_status": null, "weekday_text": null, "open_24h": null, "open_0": null, "open_1": null, "open_2": null, "open_3": null, "open_4": null, "open_6": null, "open_5": null, "close_0": null, "close_1": null, "close_2": null, "close_3": null, "close_4": null, "close_6": null, "close_5": null }, "geometry": { "type": "Point", "coordinates": [ -75.1693814, 39.9513442 ] } },
{ "type": "Feature", "properties": { "name": "SP+ Parking", "place_id": "ChIJdVOG1DDGxokR5NICUopl4b8", "vicinity": "36 South 19th Street, Philadelphia", "types": "c(\"parking\", \"point_of_interest\", \"establishment\")", "business_status": null, "weekday_text": null, "open_24h": null, "open_0": null, "open_1": null, "open_2": null, "open_3": null, "open_4": null, "open_6": null, "open_5": null, "close_0": null, "close_1": null, "close_2": null, "close_3": null, "close_4": null, "close_6": null, "close_5": null }, "geometry": { "type": "Point", "coordinates": [ -75.1721816, 39.9526505 ] } },
{ "type": "Feature", "properties": { "name": "Saxbys Liberty Place", "place_id": "ChIJa9SWRDDGxokRSIWO41ftVL0", "vicinity": "1625 Chestnut Street #180, Philadelphia", "types": "c(\"cafe\", \"food\", \"point_of_interest\", \"store\", \"establishment\")", "business_status": "OPERATIONAL", "weekday_text": "Monday: 7:30 AM – 4:00 PM; Tuesday: 7:30 AM – 4:00 PM; Wednesday: 7:30 AM – 4:00 PM; Thursday: 7:30 AM – 4:00 PM; Friday: 7:30 AM – 4:00 PM; Saturday: 7:30 AM – 4:00 PM; Sunday: 12:00 – 6:00 PM", "open_24h": false, "open_0": "1200", "open_1": "0730", "open_2": "0730", "open_3": "0730", "open_4": "0730", "open_6": "0730", "open_5": "0730", "close_0": "1800", "close_1": "1600", "close_2": "1600", "close_3": "1600", "close_4": "1600", "close_6": "1600", "close_5": "1600" }, "geometry": { "type": "Point", "coordinates": [ -75.1674224, 39.9515438 ] } },
{ "type": "Feature", "properties": { "name": "Seafood Unlimited", "place_id": "ChIJzVLMrjnGxokRz7AG5oKJ-6w", "vicinity": "270 South 20th Street, Philadelphia", "types": "c(\"meal_takeaway\", \"bar\", \"restaurant\", \"food\", \"point_of_interest\", \"establishment\")", "business_status": "OPERATIONAL", "weekday_text": "Monday: Closed; Tuesday: 4:30 – 8:30 PM; Wednesday: 4:30 – 8:30 PM; Thursday: 4:30 – 8:30 PM; Friday: 4:30 – 8:30 PM; Saturday: 4:30 – 8:30 PM; Sunday: Closed", "open_24h": false, "open_0": null, "open_1": null, "open_2": "1630", "open_3": "1630", "open_4": "1630", "open_6": "1630", "open_5": "1630", "close_0": null, "close_1": null, "close_2": "2030", "close_3": "2030", "close_4": "2030", "close_6": "2030", "close_5": "2030" }, "geometry": { "type": "Point", "coordinates": [ -75.1743715, 39.9483968 ] } },
{ "type": "Feature", "properties": { "name": "Shake Shack Center City (Rittenhouse)", "place_id": "ChIJuWWRaDfGxokR72WHUWbAy4A", "vicinity": "2000 Sansom Street, Philadelphia", "types": "c(\"meal_takeaway\", \"restaurant\", \"food\", \"point_of_interest\", \"establishment\")", "business_status": "OPERATIONAL", "weekday_text": "Monday: 10:00 AM – 11:00 PM; Tuesday: 10:00 AM – 11:00 PM; Wednesday: 10:00 AM – 11:00 PM; Thursday: 10:00 AM – 11:00 PM; Friday: 10:00 AM – 12:00 AM; Saturday: 10:00 AM – 12:00 AM; Sunday: 10:00 AM – 11:00 PM", "open_24h": true, "open_0": "1000;1000", "open_1": "1000", "open_2": "1000", "open_3": "1000", "open_4": "1000", "open_6": "1000", "open_5": "1000", "close_0": "2300;0000", "close_1": "2300", "close_2": "2300", "close_3": "2300", "close_4": "2300", "close_6": "0000", "close_5": "NA" }, "geometry": { "type": "Point", "coordinates": [ -75.173849, 39.951136 ] } },
{ "type": "Feature", "properties": { "name": "Smokin Stogies n Stuff", "place_id": "ChIJv42s6zDGxokR6qv_I0xST2A", "vicinity": "102 South 18th Street, Philadelphia", "types": "c(\"point_of_interest\", \"store\", \"establishment\")", "business_status": "OPERATIONAL", "weekday_text": "Monday: 12:00 – 10:00 PM; Tuesday: 12:00 – 10:00 PM; Wednesday: 12:00 – 10:00 PM; Thursday: 12:00 – 10:00 PM; Friday: 12:00 – 11:00 PM; Saturday: 12:00 – 11:00 PM; Sunday: 12:00 – 8:00 PM", "open_24h": false, "open_0": "1200", "open_1": "1200", "open_2": "1200", "open_3": "1200", "open_4": "1200", "open_6": "1200", "open_5": "1200", "close_0": "2000", "close_1": "2200", "close_2": "2200", "close_3": "2200", "close_4": "2200", "close_6": "2300", "close_5": "2300" }, "geometry": { "type": "Point", "coordinates": [ -75.1705174, 39.9515388 ] } },
{ "type": "Feature", "properties": { "name": "Sofitel Philadelphia at Rittenhouse Square", "place_id": "ChIJrQbSYzDGxokR2TCy3fjNWoQ", "vicinity": "120 South 17th Street, Philadelphia", "types": "c(\"lodging\", \"point_of_interest\", \"establishment\")", "business_status": null, "weekday_text": null, "open_24h": null, "open_0": null, "open_1": null, "open_2": null, "open_3": null, "open_4": null, "open_6": null, "open_5": null, "close_0": null, "close_1": null, "close_2": null, "close_3": null, "close_4": null, "close_6": null, "close_5": null }, "geometry": { "type": "Point", "coordinates": [ -75.169482, 39.950907 ] } },
{ "type": "Feature", "properties": { "name": "Sonesta Philadelphia Rittenhouse Square", "place_id": "ChIJS-B6GTHGxokRtXWy8SVZiM4", "vicinity": "1800 Market Street, Philadelphia", "types": "c(\"lodging\", \"point_of_interest\", \"establishment\")", "business_status": null, "weekday_text": null, "open_24h": null, "open_0": null, "open_1": null, "open_2": null, "open_3": null, "open_4": null, "open_6": null, "open_5": null, "close_0": null, "close_1": null, "close_2": null, "close_3": null, "close_4": null, "close_6": null, "close_5": null }, "geometry": { "type": "Point", "coordinates": [ -75.1705983, 39.9529083 ] } },
{ "type": "Feature", "properties": { "name": "Spectix OPTIQUE Designer Eyewear Boutique in Philadelphia", "place_id": "ChIJLcKnqTDGxokRsTAQQVoq_-k", "vicinity": "222 West Rittenhouse Square, Philadelphia", "types": "c(\"point_of_interest\", \"store\", \"health\", \"establishment\")", "business_status": "OPERATIONAL", "weekday_text": "Monday: Closed; Tuesday: 11:00 AM – 6:00 PM; Wednesday: 11:00 AM – 6:00 PM; Thursday: 11:00 AM – 6:00 PM; Friday: 11:00 AM – 6:00 PM; Saturday: 11:00 AM – 4:00 PM; Sunday: Closed", "open_24h": false, "open_0": null, "open_1": null, "open_2": "1100", "open_3": "1100", "open_4": "1100", "open_6": "1100", "open_5": "1100", "close_0": null, "close_1": null, "close_2": "1800", "close_3": "1800", "close_4": "1800", "close_6": "1600", "close_5": "1800" }, "geometry": { "type": "Point", "coordinates": [ -75.173169, 39.9491969 ] } },
{ "type": "Feature", "properties": { "name": "Spread Bagelry", "place_id": "ChIJqyyhrznGxokRXW_-gTkpT1s", "vicinity": "262 South 20th Street, Philadelphia", "types": "c(\"cafe\", \"bakery\", \"restaurant\", \"food\", \"store\", \"point_of_interest\", \"establishment\")", "business_status": "OPERATIONAL", "weekday_text": "Monday: 6:00 AM – 2:30 PM; Tuesday: 6:00 AM – 2:30 PM; Wednesday: 6:00 AM – 2:30 PM; Thursday: 6:00 AM – 2:30 PM; Friday: 6:00 AM – 2:30 PM; Saturday: 6:00 AM – 2:30 PM; Sunday: 6:00 AM – 2:30 PM", "open_24h": false, "open_0": "0600", "open_1": "0600", "open_2": "0600", "open_3": "0600", "open_4": "0600", "open_6": "0600", "open_5": "0600", "close_0": "1430", "close_1": "1430", "close_2": "1430", "close_3": "1430", "close_4": "1430", "close_6": "1430", "close_5": "1430" }, "geometry": { "type": "Point", "coordinates": [ -75.1743849, 39.948612 ] } },
{ "type": "Feature", "properties": { "name": "Square 1682", "place_id": "ChIJBzQZYzDGxokRZzPeP310hr8", "vicinity": "121 South 17th Street, Philadelphia", "types": "c(\"restaurant\", \"food\", \"point_of_interest\", \"establishment\")", "business_status": "OPERATIONAL", "weekday_text": "Monday: 7:00 AM – 9:30 PM; Tuesday: 7:00 AM – 9:30 PM; Wednesday: 7:00 AM – 9:30 PM; Thursday: 7:00 AM – 9:30 PM; Friday: 7:00 AM – 11:00 PM; Saturday: 8:00 AM – 11:00 PM; Sunday: 8:00 AM – 2:00 PM", "open_24h": false, "open_0": "0800", "open_1": "0700", "open_2": "0700", "open_3": "0700", "open_4": "0700", "open_6": "0800", "open_5": "0700", "close_0": "1400", "close_1": "2130", "close_2": "2130", "close_3": "2130", "close_4": "2130", "close_6": "2300", "close_5": "2300" }, "geometry": { "type": "Point", "coordinates": [ -75.1686108, 39.9508011 ] } },
{ "type": "Feature", "properties": { "name": "Staples", "place_id": "ChIJCSet3i_GxokRecQeyoGrAl0", "vicinity": "1500 Chestnut Street Suite 2, Philadelphia", "types": "c(\"furniture_store\", \"electronics_store\", \"home_goods_store\", \"point_of_interest\", \"store\", \"establishment\")", "business_status": "OPERATIONAL", "weekday_text": "Monday: 8:00 AM – 7:00 PM; Tuesday: 8:00 AM – 7:00 PM; Wednesday: 8:00 AM – 7:00 PM; Thursday: 8:00 AM – 7:00 PM; Friday: 8:00 AM – 7:00 PM; Saturday: 9:00 AM – 6:00 PM; Sunday: 11:00 AM – 5:00 PM", "open_24h": false, "open_0": "1100", "open_1": "0800", "open_2": "0800", "open_3": "0800", "open_4": "0800", "open_6": "0900", "open_5": "0800", "close_0": "1700", "close_1": "1900", "close_2": "1900", "close_3": "1900", "close_4": "1900", "close_6": "1800", "close_5": "1900" }, "geometry": { "type": "Point", "coordinates": [ -75.165866, 39.950861 ] } },
{ "type": "Feature", "properties": { "name": "Starbucks Coffee Company", "place_id": "ChIJXSiRoDrGxokR9t_tWa_CTbI", "vicinity": "1528 Walnut Street, Philadelphia", "types": "c(\"cafe\", \"restaurant\", \"food\", \"store\", \"point_of_interest\", \"establishment\")", "business_status": "OPERATIONAL", "weekday_text": "Monday: 4:30 AM – 8:00 PM; Tuesday: 4:30 AM – 8:00 PM; Wednesday: 4:30 AM – 8:00 PM; Thursday: 4:30 AM – 8:00 PM; Friday: 4:30 AM – 8:00 PM; Saturday: 5:00 AM – 8:00 PM; Sunday: 5:00 AM – 8:00 PM", "open_24h": false, "open_0": "0500", "open_1": "0430", "open_2": "0430", "open_3": "0430", "open_4": "0430", "open_6": "0500", "open_5": "0430", "close_0": "2000", "close_1": "2000", "close_2": "2000", "close_3": "2000", "close_4": "2000", "close_6": "2000", "close_5": "2000" }, "geometry": { "type": "Point", "coordinates": [ -75.16742, 39.94964 ] } },
{ "type": "Feature", "properties": { "name": "Stir Lounge", "place_id": "ChIJ4zocQ3XHxokRped9VPu6UTA", "vicinity": "1705 Chancellor Street, Philadelphia", "types": "c(\"bar\", \"point_of_interest\", \"establishment\")", "business_status": "OPERATIONAL", "weekday_text": "Monday: Closed; Tuesday: 4:00 PM – 12:00 AM; Wednesday: 4:00 PM – 2:00 AM; Thursday: 4:00 PM – 2:00 AM; Friday: 4:00 PM – 2:00 AM; Saturday: 4:00 PM – 2:00 AM; Sunday: 4:00 PM – 12:00 AM", "open_24h": true, "open_0": "1600", "open_1": "NA", "open_2": "1600", "open_3": "1600", "open_4": "1600", "open_6": "1600", "open_5": "1600", "close_0": "0200", "close_1": "0000", "close_2": "NA", "close_3": "0000", "close_4": "0200", "close_6": "0200", "close_5": "0200" }, "geometry": { "type": "Point", "coordinates": [ -75.169572100000011, 39.9494485 ] } },
{ "type": "Feature", "properties": { "name": "TD Bank", "place_id": "ChIJRYGi1jbGxokRJdz4nmjYrD8", "vicinity": "1900 Market Street, Philadelphia", "types": "c(\"bank\", \"atm\", \"finance\", \"point_of_interest\", \"establishment\")", "business_status": "OPERATIONAL", "weekday_text": "Monday: 9:00 AM – 6:00 PM; Tuesday: 9:00 AM – 6:00 PM; Wednesday: 9:00 AM – 6:00 PM; Thursday: 9:00 AM – 6:00 PM; Friday: 9:00 AM – 6:00 PM; Saturday: 9:00 AM – 1:00 PM; Sunday: Closed", "open_24h": false, "open_0": null, "open_1": "0900", "open_2": "0900", "open_3": "0900", "open_4": "0900", "open_6": "0900", "open_5": "0900", "close_0": null, "close_1": "1800", "close_2": "1800", "close_3": "1800", "close_4": "1800", "close_6": "1300", "close_5": "1800" }, "geometry": { "type": "Point", "coordinates": [ -75.1722647, 39.9531382 ] } },
{ "type": "Feature", "properties": { "name": "TUMI Store - Walnut Street", "place_id": "ChIJGYvEnzDGxokRo0-rZZIYr8U", "vicinity": "1733 Walnut Street, Philadelphia", "types": "c(\"point_of_interest\", \"store\", \"establishment\")", "business_status": "OPERATIONAL", "weekday_text": "Monday: 10:00 AM – 7:00 PM; Tuesday: 10:00 AM – 7:00 PM; Wednesday: 10:00 AM – 7:00 PM; Thursday: 10:00 AM – 7:00 PM; Friday: 10:00 AM – 7:00 PM; Saturday: 10:00 AM – 7:00 PM; Sunday: 12:00 – 6:00 PM", "open_24h": false, "open_0": "1200", "open_1": "1000", "open_2": "1000", "open_3": "1000", "open_4": "1000", "open_6": "1000", "open_5": "1000", "close_0": "1800", "close_1": "1900", "close_2": "1900", "close_3": "1900", "close_4": "1900", "close_6": "1900", "close_5": "1900" }, "geometry": { "type": "Point", "coordinates": [ -75.1704137, 39.9503287 ] } },
{ "type": "Feature", "properties": { "name": "Tequilas Casa Mexicana", "place_id": "ChIJS0l86zrGxokRSmp9b6VRJT8", "vicinity": "1602 Locust Street, Philadelphia", "types": "c(\"bar\", \"restaurant\", \"food\", \"point_of_interest\", \"establishment\")", "business_status": "OPERATIONAL", "weekday_text": "Monday: 5:00 – 9:00 PM; Tuesday: 5:00 – 9:00 PM; Wednesday: 5:00 – 9:00 PM; Thursday: 5:00 – 9:00 PM; Friday: 5:00 – 10:00 PM; Saturday: 5:00 – 10:00 PM; Sunday: Closed", "open_24h": false, "open_0": null, "open_1": "1700", "open_2": "1700", "open_3": "1700", "open_4": "1700", "open_6": "1700", "open_5": "1700", "close_0": null, "close_1": "2100", "close_2": "2100", "close_3": "2100", "close_4": "2100", "close_6": "2200", "close_5": "2200" }, "geometry": { "type": "Point", "coordinates": [ -75.168051, 39.948487 ] } },
{ "type": "Feature", "properties": { "name": "The Anastasio Law Firm", "place_id": "ChIJ3T3wu0DGxokR2Uy33zko0DU", "vicinity": "2016 Spruce Street, Philadelphia", "types": "c(\"lawyer\", \"point_of_interest\", \"establishment\")", "business_status": null, "weekday_text": null, "open_24h": null, "open_0": null, "open_1": null, "open_2": null, "open_3": null, "open_4": null, "open_6": null, "open_5": null, "close_0": null, "close_1": null, "close_2": null, "close_3": null, "close_4": null, "close_6": null, "close_5": null }, "geometry": { "type": "Point", "coordinates": [ -75.1751278, 39.9480978 ] } },
{ "type": "Feature", "properties": { "name": "The Bakeshop on Twentieth", "place_id": "ChIJobjvpTnGxokRC4jBz-jJEh0", "vicinity": "269 South 20th Street, Philadelphia", "types": "c(\"bakery\", \"cafe\", \"restaurant\", \"food\", \"point_of_interest\", \"store\", \"establishment\")", "business_status": "OPERATIONAL", "weekday_text": "Monday: 8:00 AM – 3:00 PM; Tuesday: 8:00 AM – 3:00 PM; Wednesday: 8:00 AM – 3:00 PM; Thursday: 8:00 AM – 4:00 PM; Friday: 8:00 AM – 4:00 PM; Saturday: 8:00 AM – 4:00 PM; Sunday: 8:00 AM – 3:00 PM", "open_24h": false, "open_0": "0800", "open_1": "0800", "open_2": "0800", "open_3": "0800", "open_4": "0800", "open_6": "0800", "open_5": "0800", "close_0": "1500", "close_1": "1500", "close_2": "1500", "close_3": "1500", "close_4": "1600", "close_6": "1600", "close_5": "1600" }, "geometry": { "type": "Point", "coordinates": [ -75.174133, 39.9484101 ] } },
{ "type": "Feature", "properties": { "name": "The Black Sheep Pub & Restaurant", "place_id": "ChIJgYU6XzrGxokR4wwNl-Ahypc", "vicinity": "247 South 17th Street, Philadelphia", "types": "c(\"bar\", \"restaurant\", \"food\", \"point_of_interest\", \"establishment\")", "business_status": null, "weekday_text": null, "open_24h": null, "open_0": null, "open_1": null, "open_2": null, "open_3": null, "open_4": null, "open_6": null, "open_5": null, "close_0": null, "close_1": null, "close_2": null, "close_3": null, "close_4": null, "close_6": null, "close_5": null }, "geometry": { "type": "Point", "coordinates": [ -75.1692901, 39.9484223 ] } },
{ "type": "Feature", "properties": { "name": "The Children's Boutique", "place_id": "ChIJ4eykfjrGxokR8790cASk-3E", "vicinity": "128 South 17th Street 1st floor, Philadelphia", "types": "c(\"book_store\", \"shoe_store\", \"clothing_store\", \"store\", \"point_of_interest\", \"establishment\")", "business_status": "OPERATIONAL", "weekday_text": "Monday: 10:00 AM – 5:00 PM; Tuesday: 10:00 AM – 5:00 PM; Wednesday: 10:00 AM – 5:00 PM; Thursday: 10:00 AM – 5:00 PM; Friday: 10:00 AM – 5:00 PM; Saturday: 10:00 AM – 5:00 PM; Sunday: 11:00 AM – 4:00 PM", "open_24h": false, "open_0": "1100", "open_1": "1000", "open_2": "1000", "open_3": "1000", "open_4": "1000", "open_6": "1000", "open_5": "1000", "close_0": "1600", "close_1": "1700", "close_2": "1700", "close_3": "1700", "close_4": "1700", "close_6": "1700", "close_5": "1700" }, "geometry": { "type": "Point", "coordinates": [ -75.1691875, 39.950558599999987 ] } },
{ "type": "Feature", "properties": { "name": "The Continental Mid-town", "place_id": "ChIJd0Vm6DDGxokRYDQQ0aFQgqY", "vicinity": "1801 Chestnut Street, Philadelphia", "types": "c(\"restaurant\", \"meal_takeaway\", \"night_club\", \"bar\", \"food\", \"point_of_interest\", \"establishment\")", "business_status": "OPERATIONAL", "weekday_text": "Monday: 11:30 AM – 3:00 PM, 5:00 – 11:00 PM; Tuesday: 11:30 AM – 3:00 PM, 5:00 – 11:00 PM; Wednesday: 11:30 AM – 3:00 PM, 5:00 – 11:00 PM; Thursday: 11:30 AM – 3:00 PM, 5:00 – 11:00 PM; Friday: 11:30 AM – 3:00 PM, 5:00 PM – 12:00 AM; Saturday: 10:00 AM – 3:00 PM, 4:00 PM – 12:00 AM; Sunday: 10:00 AM – 3:00 PM, 4:00 – 11:00 PM", "open_24h": false, "open_0": "1000;1600;1000;1600;1000;1600", "open_1": "1130;1700;1130;1700", "open_2": "1130;1700;1130;1700", "open_3": "1130;1700;1130;1700", "open_4": "1130;1700;1130;1700", "open_6": "1000;1600;1000;1600", "open_5": "1130;1700", "close_0": "1500;1500;2300;2300;0000;0000", "close_1": "1500;1500;2300;2300", "close_2": "1500;1500;2300;2300", "close_3": "1500;1500;2300;2300", "close_4": "1500;1500;2300;2300", "close_6": "0000;0000;1500;1500", "close_5": "1500;1500" }, "geometry": { "type": "Point", "coordinates": [ -75.1704634, 39.9518644 ] } },
{ "type": "Feature", "properties": { "name": "The Dandelion", "place_id": "ChIJCQbEvTDGxokRneVcOpxMXDI", "vicinity": "124 South 18th Street, Philadelphia", "types": "c(\"restaurant\", \"meal_takeaway\", \"bar\", \"food\", \"point_of_interest\", \"establishment\")", "business_status": "OPERATIONAL", "weekday_text": "Monday: 11:30 AM – 11:00 PM; Tuesday: 11:30 AM – 11:00 PM; Wednesday: 11:30 AM – 11:00 PM; Thursday: 11:30 AM – 11:00 PM; Friday: 11:30 AM – 12:00 AM; Saturday: 10:00 AM – 12:00 AM; Sunday: 10:00 AM – 10:00 PM", "open_24h": true, "open_0": "1000;1000", "open_1": "1130", "open_2": "1130", "open_3": "1130", "open_4": "1130", "open_6": "1000", "open_5": "1130", "close_0": "2200;0000", "close_1": "2300", "close_2": "2300", "close_3": "2300", "close_4": "2300", "close_6": "0000", "close_5": "NA" }, "geometry": { "type": "Point", "coordinates": [ -75.1706311, 39.950998899999988 ] } },
{ "type": "Feature", "properties": { "name": "The Dorchester on Rittenhouse Square", "place_id": "ChIJeRr5kznGxokRDsQLx0mmYnQ", "vicinity": "226 West Rittenhouse Square, Philadelphia", "types": "c(\"point_of_interest\", \"establishment\")", "business_status": null, "weekday_text": null, "open_24h": null, "open_0": null, "open_1": null, "open_2": null, "open_3": null, "open_4": null, "open_6": null, "open_5": null, "close_0": null, "close_1": null, "close_2": null, "close_3": null, "close_4": null, "close_6": null, "close_5": null }, "geometry": { "type": "Point", "coordinates": [ -75.1732515, 39.9490091 ] } },
{ "type": "Feature", "properties": { "name": "The Franklin Mortgage & Investment Company", "place_id": "ChIJlwYTlTDGxokR8h4PWNXFhTY", "vicinity": "1711 Rittenhouse Square, Philadelphia", "types": "c(\"bar\", \"night_club\", \"point_of_interest\", \"establishment\")", "business_status": "OPERATIONAL", "weekday_text": "Monday: 5:00 PM – 12:00 AM; Tuesday: 5:00 PM – 12:00 AM; Wednesday: 5:00 PM – 12:00 AM; Thursday: 5:00 PM – 12:00 AM; Friday: 5:00 PM – 2:00 AM; Saturday: 5:00 PM – 2:00 AM; Sunday: 5:00 PM – 12:00 AM", "open_24h": false, "open_0": "1700", "open_1": "1700", "open_2": "1700", "open_3": "1700", "open_4": "1700", "open_6": "1700", "open_5": "1700", "close_0": "0200", "close_1": "0000", "close_2": "0000", "close_3": "0000", "close_4": "0000", "close_6": "0200", "close_5": "0000" }, "geometry": { "type": "Point", "coordinates": [ -75.1700954, 39.9485159 ] } },
{ "type": "Feature", "properties": { "name": "The Franklin on Rittenhouse, A Boutique Hotel", "place_id": "ChIJdatyRDrGxokR36_sL8Se4go", "vicinity": "1715 Rittenhouse Square, Philadelphia", "types": "c(\"lodging\", \"point_of_interest\", \"establishment\")", "business_status": null, "weekday_text": null, "open_24h": null, "open_0": null, "open_1": null, "open_2": null, "open_3": null, "open_4": null, "open_6": null, "open_5": null, "close_0": null, "close_1": null, "close_2": null, "close_3": null, "close_4": null, "close_6": null, "close_5": null }, "geometry": { "type": "Point", "coordinates": [ -75.1701318, 39.948351 ] } },
{ "type": "Feature", "properties": { "name": "The Goat Rittenhouse", "place_id": "ChIJa7BkfX7HxokRhX6JRdRaC_0", "vicinity": "1907 Sansom Street, Philadelphia", "types": "c(\"bar\", \"restaurant\", \"food\", \"point_of_interest\", \"establishment\")", "business_status": "OPERATIONAL", "weekday_text": "Monday: 4:00 PM – 12:00 AM; Tuesday: 4:00 PM – 12:00 AM; Wednesday: 4:00 PM – 2:00 AM; Thursday: 4:00 PM – 2:00 AM; Friday: 4:00 PM – 2:00 AM; Saturday: 12:00 PM – 2:00 AM; Sunday: 12:00 PM – 12:00 AM", "open_24h": false, "open_0": "1200", "open_1": "1600", "open_2": "1600", "open_3": "1600", "open_4": "1600", "open_6": "1200", "open_5": "1600", "close_0": "0200", "close_1": "0000", "close_2": "0000", "close_3": "0000", "close_4": "0200", "close_6": "0200", "close_5": "0200" }, "geometry": { "type": "Point", "coordinates": [ -75.1723793, 39.9512101 ] } },
{ "type": "Feature", "properties": { "name": "The Happy Rooster", "place_id": "ChIJe89qEjDGxokRsAJ7t-OTxx8", "vicinity": "118 South 16th Street, Philadelphia", "types": "c(\"bar\", \"point_of_interest\", \"establishment\")", "business_status": "OPERATIONAL", "weekday_text": "Monday: 11:30 AM – 1:30 AM; Tuesday: 11:30 AM – 1:30 AM; Wednesday: 11:30 AM – 1:30 AM; Thursday: 11:30 AM – 1:30 AM; Friday: 11:30 AM – 1:30 AM; Saturday: 11:30 AM – 1:30 AM; Sunday: Closed", "open_24h": true, "open_0": "NA", "open_1": "1130", "open_2": "1130", "open_3": "1130", "open_4": "1130", "open_6": "1130", "open_5": "1130", "close_0": "0130", "close_1": "NA", "close_2": "0130", "close_3": "0130", "close_4": "0130", "close_6": "0130", "close_5": "0130" }, "geometry": { "type": "Point", "coordinates": [ -75.167478, 39.9504507 ] } },
{ "type": "Feature", "properties": { "name": "The Latham at Seventeenth", "place_id": "ChIJgxybfjDGxokRJ_eUYaHbkP4", "vicinity": "135 South 17th Street Suite A, Philadelphia", "types": "c(\"point_of_interest\", \"establishment\")", "business_status": "OPERATIONAL", "weekday_text": "Monday: 8:00 AM – 5:30 PM; Tuesday: 8:00 AM – 5:30 PM; Wednesday: 8:00 AM – 5:30 PM; Thursday: 8:00 AM – 5:30 PM; Friday: 8:00 AM – 5:30 PM; Saturday: Closed; Sunday: Closed", "open_24h": false, "open_0": null, "open_1": "0800", "open_2": "0800", "open_3": "0800", "open_4": "0800", "open_6": null, "open_5": "0800", "close_0": null, "close_1": "1730", "close_2": "1730", "close_3": "1730", "close_4": "1730", "close_6": null, "close_5": "1730" }, "geometry": { "type": "Point", "coordinates": [ -75.1688936, 39.9501664 ] } },
{ "type": "Feature", "properties": { "name": "The Library Bar", "place_id": "ChIJ1T1A5DnGxokRrj3nmO5Te9E", "vicinity": "210 West Rittenhouse Square, Philadelphia", "types": "c(\"bar\", \"point_of_interest\", \"establishment\")", "business_status": "OPERATIONAL", "weekday_text": "Monday: 5:00 – 11:00 PM; Tuesday: 5:00 – 11:00 PM; Wednesday: 5:00 – 11:00 PM; Thursday: 5:00 – 11:00 PM; Friday: 4:00 PM – 12:00 AM; Saturday: 4:00 PM – 12:00 AM; Sunday: 5:00 – 11:00 PM", "open_24h": true, "open_0": "1700;1700", "open_1": "1700", "open_2": "1700", "open_3": "1700", "open_4": "1700", "open_6": "1600", "open_5": "1600", "close_0": "2300;0000", "close_1": "2300", "close_2": "2300", "close_3": "2300", "close_4": "2300", "close_6": "0000", "close_5": "NA" }, "geometry": { "type": "Point", "coordinates": [ -75.1732509, 39.9498149 ] } },
{ "type": "Feature", "properties": { "name": "The Love.", "place_id": "ChIJicQ2ljDGxokRH_KV3ONo-B4", "vicinity": "130 South 18th Street, Philadelphia", "types": "c(\"restaurant\", \"night_club\", \"bar\", \"food\", \"point_of_interest\", \"establishment\")", "business_status": "OPERATIONAL", "weekday_text": "Monday: 11:30 AM – 2:00 PM, 5:00 – 10:00 PM; Tuesday: 11:30 AM – 2:00 PM, 5:00 – 10:00 PM; Wednesday: 11:30 AM – 2:00 PM, 5:00 – 10:00 PM; Thursday: 11:30 AM – 2:00 PM, 5:00 – 10:00 PM; Friday: 11:30 AM – 2:00 PM, 5:00 – 10:00 PM; Saturday: 10:00 AM – 2:00 PM, 5:00 – 10:00 PM; Sunday: 10:00 AM – 2:00 PM, 5:00 – 10:00 PM", "open_24h": false, "open_0": "1000;1700;1000;1700", "open_1": "1130;1700;1130;1700", "open_2": "1130;1700;1130;1700", "open_3": "1130;1700;1130;1700", "open_4": "1130;1700;1130;1700", "open_6": "1000;1700;1000;1700", "open_5": "1130;1700;1130;1700", "close_0": "1400;1400;2200;2200", "close_1": "1400;1400;2200;2200", "close_2": "1400;1400;2200;2200", "close_3": "1400;1400;2200;2200", "close_4": "1400;1400;2200;2200", "close_6": "1400;1400;2200;2200", "close_5": "1400;1400;2200;2200" }, "geometry": { "type": "Point", "coordinates": [ -75.1709389, 39.950607 ] } },
{ "type": "Feature", "properties": { "name": "The Pleasure Chest", "place_id": "ChIJTQyfgTfGxokRK9UH1OnyDWs", "vicinity": "2039 Walnut Street, Philadelphia", "types": "c(\"clothing_store\", \"point_of_interest\", \"store\", \"establishment\")", "business_status": "OPERATIONAL", "weekday_text": "Monday: Closed; Tuesday: 12:00 – 7:00 PM; Wednesday: 12:00 – 7:00 PM; Thursday: 12:00 – 7:00 PM; Friday: 12:00 – 7:00 PM; Saturday: 12:00 – 7:00 PM; Sunday: Closed", "open_24h": false, "open_0": null, "open_1": null, "open_2": "1200", "open_3": "1200", "open_4": "1200", "open_6": "1200", "open_5": "1200", "close_0": null, "close_1": null, "close_2": "1900", "close_3": "1900", "close_4": "1900", "close_6": "1900", "close_5": "1900" }, "geometry": { "type": "Point", "coordinates": [ -75.1751236, 39.950839599999988 ] } },
{ "type": "Feature", "properties": { "name": "The Print Center", "place_id": "ChIJbz1R8DrGxokRk7qdUqd4Dj4", "vicinity": "1614 Latimer Street, Philadelphia", "types": "c(\"art_gallery\", \"tourist_attraction\", \"museum\", \"store\", \"point_of_interest\", \"establishment\")", "business_status": "OPERATIONAL", "weekday_text": "Monday: Closed; Tuesday: 11:00 AM – 6:00 PM; Wednesday: 11:00 AM – 6:00 PM; Thursday: 11:00 AM – 6:00 PM; Friday: 11:00 AM – 6:00 PM; Saturday: 11:00 AM – 6:00 PM; Sunday: Closed", "open_24h": false, "open_0": null, "open_1": null, "open_2": "1100", "open_3": "1100", "open_4": "1100", "open_6": "1100", "open_5": "1100", "close_0": null, "close_1": null, "close_2": "1800", "close_3": "1800", "close_4": "1800", "close_6": "1800", "close_5": "1800" }, "geometry": { "type": "Point", "coordinates": [ -75.1685605, 39.948130899999988 ] } },
{ "type": "Feature", "properties": { "name": "The Ranstead Room", "place_id": "ChIJueM_GTfGxokRq_IKa4nOJi4", "vicinity": "2013 Ranstead Street, Philadelphia", "types": "c(\"night_club\", \"bar\", \"point_of_interest\", \"establishment\")", "business_status": "OPERATIONAL", "weekday_text": "Monday: 7:00 PM – 12:00 AM; Tuesday: 7:00 PM – 12:00 AM; Wednesday: 7:00 PM – 12:00 AM; Thursday: 7:00 PM – 2:00 AM; Friday: 7:00 PM – 2:00 AM; Saturday: 7:00 PM – 2:00 AM; Sunday: Closed", "open_24h": true, "open_0": "NA", "open_1": "1900", "open_2": "1900", "open_3": "1900", "open_4": "1900", "open_6": "1900", "open_5": "1900", "close_0": "0200", "close_1": "NA", "close_2": "0000", "close_3": "0000", "close_4": "0000", "close_6": "0200", "close_5": "0200" }, "geometry": { "type": "Point", "coordinates": [ -75.1739615, 39.9526096 ] } },
{ "type": "Feature", "properties": { "name": "The Rittenhouse Hotel", "place_id": "ChIJBZC45TnGxokRo_XAGoh5C30", "vicinity": "210 West Rittenhouse Square, Philadelphia", "types": "c(\"spa\", \"lodging\", \"restaurant\", \"food\", \"point_of_interest\", \"establishment\")", "business_status": null, "weekday_text": null, "open_24h": null, "open_0": null, "open_1": null, "open_2": null, "open_3": null, "open_4": null, "open_6": null, "open_5": null, "close_0": null, "close_1": null, "close_2": null, "close_3": null, "close_4": null, "close_6": null, "close_5": null }, "geometry": { "type": "Point", "coordinates": [ -75.1732573, 39.949831 ] } },
{ "type": "Feature", "properties": { "name": "The Rosenbach", "place_id": "ChIJW6k04jjGxokRqCAuBL_57y4", "vicinity": "2008-2010 Delancey Street, Philadelphia", "types": "c(\"tourist_attraction\", \"museum\", \"point_of_interest\", \"establishment\")", "business_status": "OPERATIONAL", "weekday_text": "Monday: Closed; Tuesday: Closed; Wednesday: Closed; Thursday: 10:30 AM – 6:00 PM; Friday: 10:30 AM – 6:00 PM; Saturday: 10:30 AM – 6:00 PM; Sunday: 10:30 AM – 4:30 PM", "open_24h": false, "open_0": "1030", "open_1": null, "open_2": null, "open_3": null, "open_4": "1030", "open_6": "1030", "open_5": "1030", "close_0": "1630", "close_1": null, "close_2": null, "close_3": null, "close_4": "1800", "close_6": "1800", "close_5": "1800" }, "geometry": { "type": "Point", "coordinates": [ -75.1749814, 39.947348399999989 ] } },
{ "type": "Feature", "properties": { "name": "The Sugary", "place_id": "ChIJe8dgaHq4xokRBt--7Ok1AAA", "vicinity": "251 South 21st Street, Philadelphia", "types": "c(\"bakery\", \"food\", \"point_of_interest\", \"store\", \"establishment\")", "business_status": "OPERATIONAL", "weekday_text": "Monday: Closed; Tuesday: Closed; Wednesday: 8:00 AM – 4:00 PM; Thursday: 8:00 AM – 4:00 PM; Friday: 8:00 AM – 4:00 PM; Saturday: 8:00 AM – 4:00 PM; Sunday: 9:00 AM – 2:00 PM", "open_24h": false, "open_0": "0900", "open_1": null, "open_2": null, "open_3": "0800", "open_4": "0800", "open_6": "0800", "open_5": "0800", "close_0": "1400", "close_1": null, "close_2": null, "close_3": "1600", "close_4": "1600", "close_6": "1600", "close_5": "1600" }, "geometry": { "type": "Point", "coordinates": [ -75.1758578, 39.9492495 ] } },
{ "type": "Feature", "properties": { "name": "The Warwick Hotel Rittenhouse Square Philadelphia", "place_id": "ChIJZVdUezrGxokRCUImH2vOZ1U", "vicinity": "220 South 17th Street, Philadelphia", "types": "c(\"lodging\", \"point_of_interest\", \"establishment\")", "business_status": null, "weekday_text": null, "open_24h": null, "open_0": null, "open_1": null, "open_2": null, "open_3": null, "open_4": null, "open_6": null, "open_5": null, "close_0": null, "close_1": null, "close_2": null, "close_3": null, "close_4": null, "close_6": null, "close_5": null }, "geometry": { "type": "Point", "coordinates": [ -75.1693548, 39.9492742 ] } },
{ "type": "Feature", "properties": { "name": "The Westin Philadelphia", "place_id": "ChIJ6_1xXDDGxokRIQqqKZGjCNg", "vicinity": "Liberty Place, 99 South 17th Street at, Philadelphia", "types": "c(\"lodging\", \"point_of_interest\", \"establishment\")", "business_status": null, "weekday_text": null, "open_24h": null, "open_0": null, "open_1": null, "open_2": null, "open_3": null, "open_4": null, "open_6": null, "open_5": null, "close_0": null, "close_1": null, "close_2": null, "close_3": null, "close_4": null, "close_6": null, "close_5": null }, "geometry": { "type": "Point", "coordinates": [ -75.1684448, 39.952092 ] } },
{ "type": "Feature", "properties": { "name": "Tiffany & Co.", "place_id": "ChIJh7Dj9S_GxokRfS9pNnB6FRA", "vicinity": "1715 Walnut Street, Philadelphia", "types": "c(\"jewelry_store\", \"store\", \"point_of_interest\", \"establishment\")", "business_status": "OPERATIONAL", "weekday_text": "Monday: 10:00 AM – 7:00 PM; Tuesday: 10:00 AM – 7:00 PM; Wednesday: 10:00 AM – 7:00 PM; Thursday: 10:00 AM – 7:00 PM; Friday: 10:00 AM – 7:00 PM; Saturday: 10:00 AM – 7:00 PM; Sunday: 12:00 – 5:00 PM", "open_24h": false, "open_0": "1200", "open_1": "1000", "open_2": "1000", "open_3": "1000", "open_4": "1000", "open_6": "1000", "open_5": "1000", "close_0": "1700", "close_1": "1900", "close_2": "1900", "close_3": "1900", "close_4": "1900", "close_6": "1900", "close_5": "1900" }, "geometry": { "type": "Point", "coordinates": [ -75.169736, 39.950287 ] } },
{ "type": "Feature", "properties": { "name": "Tria Cafe Rittenhouse", "place_id": "ChIJCx6IljDGxokR_dB0RlZWQ3w", "vicinity": "123 South 18th Street, Philadelphia", "types": "c(\"cafe\", \"bar\", \"restaurant\", \"food\", \"point_of_interest\", \"establishment\")", "business_status": "OPERATIONAL", "weekday_text": "Monday: 12:00 – 10:00 PM; Tuesday: 12:00 – 10:00 PM; Wednesday: 12:00 – 10:00 PM; Thursday: 12:00 – 10:00 PM; Friday: 12:00 – 11:30 PM; Saturday: 12:00 – 11:30 PM; Sunday: 11:00 AM – 9:30 PM", "open_24h": false, "open_0": "1100", "open_1": "1200", "open_2": "1200", "open_3": "1200", "open_4": "1200", "open_6": "1200", "open_5": "1200", "close_0": "2130", "close_1": "2200", "close_2": "2200", "close_3": "2200", "close_4": "2200", "close_6": "2330", "close_5": "2330" }, "geometry": { "type": "Point", "coordinates": [ -75.1704175, 39.950948100000012 ] } },
{ "type": "Feature", "properties": { "name": "Urban Outfitters", "place_id": "ChIJU5mweDDGxokRFDFje-j-PcA", "vicinity": "1627 Walnut Street, Philadelphia", "types": "c(\"clothing_store\", \"shoe_store\", \"home_goods_store\", \"store\", \"point_of_interest\", \"establishment\")", "business_status": "OPERATIONAL", "weekday_text": "Monday: 10:00 AM – 8:00 PM; Tuesday: 10:00 AM – 8:00 PM; Wednesday: 10:00 AM – 8:00 PM; Thursday: 10:00 AM – 8:00 PM; Friday: 10:00 AM – 8:00 PM; Saturday: 10:00 AM – 8:00 PM; Sunday: 11:00 AM – 7:00 PM", "open_24h": false, "open_0": "1100", "open_1": "1000", "open_2": "1000", "open_3": "1000", "open_4": "1000", "open_6": "1000", "open_5": "1000", "close_0": "1900", "close_1": "2000", "close_2": "2000", "close_3": "2000", "close_4": "2000", "close_6": "2000", "close_5": "2000" }, "geometry": { "type": "Point", "coordinates": [ -75.1687201, 39.9501345 ] } },
{ "type": "Feature", "properties": { "name": "Vango Lounge and Skybar", "place_id": "ChIJ7wUNlTDGxokRqaoLh0IhFuQ", "vicinity": "116 South 18th Street, Philadelphia", "types": "c(\"night_club\", \"bar\", \"restaurant\", \"food\", \"point_of_interest\", \"establishment\")", "business_status": "OPERATIONAL", "weekday_text": "Monday: 6:00 PM – 2:00 AM; Tuesday: Closed; Wednesday: 6:00 PM – 2:00 AM; Thursday: 6:00 PM – 2:00 AM; Friday: 6:00 PM – 2:00 AM; Saturday: 6:00 PM – 2:00 AM; Sunday: 6:00 PM – 2:00 AM", "open_24h": true, "open_0": "1800", "open_1": "1800", "open_2": "NA", "open_3": "1800", "open_4": "1800", "open_6": "1800", "open_5": "1800", "close_0": "0200", "close_1": "0200", "close_2": "0200", "close_3": "NA", "close_4": "0200", "close_6": "0200", "close_5": "0200" }, "geometry": { "type": "Point", "coordinates": [ -75.1706552, 39.9512432 ] } },
{ "type": "Feature", "properties": { "name": "Veda - Modern Indian Bistro", "place_id": "ChIJtd5CODfGxokR2ud4d5oJZik", "vicinity": "1920 Chestnut Street, Philadelphia", "types": "c(\"bar\", \"restaurant\", \"food\", \"point_of_interest\", \"establishment\")", "business_status": "OPERATIONAL", "weekday_text": "Monday: 11:30 AM – 2:30 PM, 4:30 – 9:30 PM; Tuesday: 11:30 AM – 2:30 PM, 4:30 – 9:30 PM; Wednesday: 11:30 AM – 2:30 PM, 4:30 – 9:30 PM; Thursday: 11:30 AM – 2:30 PM, 4:30 – 9:30 PM; Friday: 11:30 AM – 2:30 PM, 5:00 – 10:30 PM; Saturday: 12:00 – 3:30 PM, 5:00 – 10:30 PM; Sunday: 12:00 – 3:30 PM, 5:00 – 9:30 PM", "open_24h": false, "open_0": "1200;1700;1200;1700", "open_1": "1130;1630;1130;1630", "open_2": "1130;1630;1130;1630", "open_3": "1130;1630;1130;1630", "open_4": "1130;1630;1130;1630", "open_6": "1200;1700;1200;1700", "open_5": "1130;1700;1130;1700", "close_0": "1530;1530;2130;2130", "close_1": "1430;1430;2130;2130", "close_2": "1430;1430;2130;2130", "close_3": "1430;1430;2130;2130", "close_4": "1430;1430;2130;2130", "close_6": "1530;1530;2230;2230", "close_5": "1430;1430;2230;2230" }, "geometry": { "type": "Point", "coordinates": [ -75.1728585, 39.951876899999988 ] } },
{ "type": "Feature", "properties": { "name": "Vernick Food & Drink", "place_id": "ChIJ2Xk-fzfGxokRQZMpUsa-jJQ", "vicinity": "2031 Walnut Street, Philadelphia", "types": "c(\"bar\", \"restaurant\", \"food\", \"point_of_interest\", \"establishment\")", "business_status": "OPERATIONAL", "weekday_text": "Monday: Closed; Tuesday: 4:45 – 10:00 PM; Wednesday: 4:45 – 10:00 PM; Thursday: 4:45 – 10:00 PM; Friday: 4:45 – 10:00 PM; Saturday: 4:45 – 10:00 PM; Sunday: Closed", "open_24h": false, "open_0": null, "open_1": null, "open_2": "1645", "open_3": "1645", "open_4": "1645", "open_6": "1645", "open_5": "1645", "close_0": null, "close_1": null, "close_2": "2200", "close_3": "2200", "close_4": "2200", "close_6": "2200", "close_5": "2200" }, "geometry": { "type": "Point", "coordinates": [ -75.1748669, 39.9508901 ] } },
{ "type": "Feature", "properties": { "name": "Victoria's Secret & PINK", "place_id": "ChIJvT8N8TDGxokRHoawI1YQXEw", "vicinity": "1625 Chestnut Street SPACE 246, Philadelphia", "types": "c(\"clothing_store\", \"point_of_interest\", \"store\", \"establishment\")", "business_status": "OPERATIONAL", "weekday_text": "Monday: 10:00 AM – 7:00 PM; Tuesday: 10:00 AM – 7:00 PM; Wednesday: 10:00 AM – 7:00 PM; Thursday: 10:00 AM – 7:00 PM; Friday: 10:00 AM – 7:00 PM; Saturday: 10:00 AM – 7:00 PM; Sunday: 12:00 – 6:00 PM", "open_24h": false, "open_0": "1200", "open_1": "1000", "open_2": "1000", "open_3": "1000", "open_4": "1000", "open_6": "1000", "open_5": "1000", "close_0": "1800", "close_1": "1900", "close_2": "1900", "close_3": "1900", "close_4": "1900", "close_6": "1900", "close_5": "1900" }, "geometry": { "type": "Point", "coordinates": [ -75.1679585, 39.951741899999988 ] } },
{ "type": "Feature", "properties": { "name": "Village Whiskey", "place_id": "ChIJLfhKaTfGxokRiOZL6x398WY", "vicinity": "118 South 20th Street, Philadelphia", "types": "c(\"bar\", \"restaurant\", \"food\", \"point_of_interest\", \"establishment\")", "business_status": "OPERATIONAL", "weekday_text": "Monday: 11:30 AM – 10:00 PM; Tuesday: 11:30 AM – 10:00 PM; Wednesday: 11:30 AM – 10:00 PM; Thursday: 11:30 AM – 10:00 PM; Friday: 11:30 AM – 10:00 PM; Saturday: 11:30 AM – 10:00 PM; Sunday: 11:30 AM – 10:00 PM", "open_24h": false, "open_0": "1130", "open_1": "1130", "open_2": "1130", "open_3": "1130", "open_4": "1130", "open_6": "1130", "open_5": "1130", "close_0": "2200", "close_1": "2200", "close_2": "2200", "close_3": "2200", "close_4": "2200", "close_6": "2200", "close_5": "2200" }, "geometry": { "type": "Point", "coordinates": [ -75.1737738, 39.9513999 ] } },
{ "type": "Feature", "properties": { "name": "Wrigley Eye Associates", "place_id": "ChIJA27JMDfGxokRyWmPFwuY5d4", "vicinity": "1919 Chestnut Street, Philadelphia", "types": "c(\"point_of_interest\", \"store\", \"health\", \"establishment\")", "business_status": "OPERATIONAL", "weekday_text": "Monday: 9:30 AM – 5:00 PM; Tuesday: 9:30 AM – 5:00 PM; Wednesday: 9:30 AM – 5:00 PM; Thursday: 9:30 AM – 5:00 PM; Friday: 9:30 AM – 5:00 PM; Saturday: Closed; Sunday: Closed", "open_24h": false, "open_0": null, "open_1": "0930", "open_2": "0930", "open_3": "0930", "open_4": "0930", "open_6": null, "open_5": "0930", "close_0": null, "close_1": "1700", "close_2": "1700", "close_3": "1700", "close_4": "1700", "close_6": null, "close_5": "1700" }, "geometry": { "type": "Point", "coordinates": [ -75.1726138, 39.952052599999988 ] } },
{ "type": "Feature", "properties": { "name": "Xponance Inc. | Formerly FIS Group", "place_id": "ChIJY6_tJDHGxokRre3AF3vwSkY", "vicinity": "1845 Walnut Street Suite 800, Philadelphia", "types": "c(\"finance\", \"point_of_interest\", \"establishment\")", "business_status": "OPERATIONAL", "weekday_text": "Monday: 9:00 AM – 5:00 PM; Tuesday: 9:00 AM – 5:00 PM; Wednesday: 9:00 AM – 5:00 PM; Thursday: 9:00 AM – 5:00 PM; Friday: 9:00 AM – 5:00 PM; Saturday: Closed; Sunday: Closed", "open_24h": false, "open_0": null, "open_1": "0900", "open_2": "0900", "open_3": "0900", "open_4": "0900", "open_6": null, "open_5": "0900", "close_0": null, "close_1": "1700", "close_2": "1700", "close_3": "1700", "close_4": "1700", "close_6": null, "close_5": "1700" }, "geometry": { "type": "Point", "coordinates": [ -75.1715174, 39.9506768 ] } },
{ "type": "Feature", "properties": { "name": "Zama", "place_id": "ChIJ-fWOUjfGxokRhyXawdCfnBg", "vicinity": "128 South 19th Street, Philadelphia", "types": "c(\"bar\", \"restaurant\", \"food\", \"point_of_interest\", \"establishment\")", "business_status": "OPERATIONAL", "weekday_text": "Monday: 12:00 – 2:30 PM, 5:00 – 9:00 PM; Tuesday: 12:00 – 2:30 PM, 5:00 – 9:00 PM; Wednesday: 12:00 – 2:30 PM, 5:00 – 9:00 PM; Thursday: 12:00 – 2:30 PM, 5:00 – 9:00 PM; Friday: 12:00 – 2:30 PM, 5:00 – 10:00 PM; Saturday: 5:00 – 10:00 PM; Sunday: 5:00 – 9:00 PM", "open_24h": false, "open_0": "1700", "open_1": "1200;1700;1200;1700", "open_2": "1200;1700;1200;1700", "open_3": "1200;1700;1200;1700", "open_4": "1200;1700;1200;1700", "open_6": "1700", "open_5": "1200;1700;1200;1700", "close_0": "2100", "close_1": "1430;1430;2100;2100", "close_2": "1430;1430;2100;2100", "close_3": "1430;1430;2100;2100", "close_4": "1430;1430;2100;2100", "close_6": "2200", "close_5": "1430;1430;2200;2200" }, "geometry": { "type": "Point", "coordinates": [ -75.172368, 39.950924 ] } },
{ "type": "Feature", "properties": { "name": "a.bar", "place_id": "ChIJDz7wnzDGxokRv3nWlwBnovk", "vicinity": "1737 Walnut Street, Philadelphia", "types": "c(\"bar\", \"food\", \"point_of_interest\", \"establishment\")", "business_status": "OPERATIONAL", "weekday_text": "Monday: 4:00 – 10:00 PM; Tuesday: 4:00 PM – 12:00 AM; Wednesday: 4:00 PM – 12:00 AM; Thursday: 4:00 PM – 12:00 AM; Friday: 4:00 PM – 12:00 AM; Saturday: 4:00 PM – 12:00 AM; Sunday: 4:00 – 10:00 PM", "open_24h": true, "open_0": "1600;1600", "open_1": "1600", "open_2": "1600", "open_3": "1600", "open_4": "1600", "open_6": "1600", "open_5": "1600", "close_0": "2200;0000", "close_1": "2200", "close_2": "NA", "close_3": "0000", "close_4": "0000", "close_6": "0000", "close_5": "0000" }, "geometry": { "type": "Point", "coordinates": [ -75.1705347, 39.950208499999988 ] } },
{ "type": "Feature", "properties": { "name": "a.kitchen+bar", "place_id": "ChIJCTJClDHGxokRyq9mPKfA1mc", "vicinity": "135 South 18th Street, Philadelphia", "types": "c(\"restaurant\", \"bar\", \"food\", \"point_of_interest\", \"establishment\")", "business_status": "OPERATIONAL", "weekday_text": "Monday: 4:30 – 9:00 PM; Tuesday: 8:00 AM – 3:00 PM, 4:30 – 10:00 PM; Wednesday: 8:00 AM – 3:00 PM, 4:30 – 10:00 PM; Thursday: 8:00 AM – 3:00 PM, 4:30 – 10:00 PM; Friday: 8:00 AM – 3:00 PM, 4:30 – 10:00 PM; Saturday: 10:00 AM – 3:00 PM, 4:30 – 10:00 PM; Sunday: 10:00 AM – 3:00 PM, 4:30 – 9:00 PM", "open_24h": false, "open_0": "1000;1630;1000;1630", "open_1": "1630", "open_2": "0800;1630;0800;1630", "open_3": "0800;1630;0800;1630", "open_4": "0800;1630;0800;1630", "open_6": "1000;1630;1000;1630", "open_5": "0800;1630;0800;1630", "close_0": "1500;1500;2100;2100", "close_1": "2100", "close_2": "1500;1500;2200;2200", "close_3": "1500;1500;2200;2200", "close_4": "1500;1500;2200;2200", "close_6": "1500;1500;2200;2200", "close_5": "1500;1500;2200;2200" }, "geometry": { "type": "Point", "coordinates": [ -75.1704008, 39.950391599999989 ] } },
{ "type": "Feature", "properties": { "name": "lululemon", "place_id": "ChIJQxgvCTDGxokRjUHHC7RIYqM", "vicinity": "1718/1720 Walnut Street, Philadelphia", "types": "c(\"clothing_store\", \"store\", \"point_of_interest\", \"establishment\")", "business_status": "OPERATIONAL", "weekday_text": "Monday: 10:00 AM – 7:00 PM; Tuesday: 10:00 AM – 7:00 PM; Wednesday: 10:00 AM – 7:00 PM; Thursday: 10:00 AM – 7:00 PM; Friday: 10:00 AM – 7:00 PM; Saturday: 10:00 AM – 7:00 PM; Sunday: 11:00 AM – 6:00 PM", "open_24h": false, "open_0": "1100", "open_1": "1000", "open_2": "1000", "open_3": "1000", "open_4": "1000", "open_6": "1000", "open_5": "1000", "close_0": "1800", "close_1": "1900", "close_2": "1900", "close_3": "1900", "close_4": "1900", "close_6": "1900", "close_5": "1900" }, "geometry": { "type": "Point", "coordinates": [ -75.1701184, 39.9499371 ] } },
{ "type": "Feature", "properties": { "name": "machi sushi bar", "place_id": "ChIJPWKs3jnGxokRAJh3NN-OpUs", "vicinity": "209 South 20th Street, Philadelphia", "types": "c(\"meal_takeaway\", \"restaurant\", \"food\", \"point_of_interest\", \"establishment\")", "business_status": "OPERATIONAL", "weekday_text": "Monday: 12:00 – 10:00 PM; Tuesday: Closed; Wednesday: 12:00 – 10:00 PM; Thursday: 12:00 – 10:00 PM; Friday: 12:00 – 10:00 PM; Saturday: 12:00 – 10:00 PM; Sunday: 12:00 – 10:00 PM", "open_24h": false, "open_0": "1200", "open_1": "1200", "open_2": null, "open_3": "1200", "open_4": "1200", "open_6": "1200", "open_5": "1200", "close_0": "2200", "close_1": "2200", "close_2": null, "close_3": "2200", "close_4": "2200", "close_6": "2200", "close_5": "2200" }, "geometry": { "type": "Point", "coordinates": [ -75.1737966, 39.9500485 ] } }
]
}
