"","LID","License Number","License Type","Status","Licensee","Premises","Premises Address","Premises Mailing Address","Premises Owner","Premises Manager","County","Municipality","Last Issue Date","Expiration Date","lon","lat"
"1",126888,"AB58312","Alcohol Beverage","Active","SPRUCE STREET BEVERAGES LLC","SPRUCE STREET BEVERAGES LLC","3450 SALMON ST 1ST FL, PHILADELPHIA PA 19134-6025","3450 SALMON ST 1ST FL, PHILADELPHIA PA 19134-6025",NA,NA,"Philadelphia County","Philadelphia City","Dec 30,2024","Dec 31,2028",-75.0956074,39.9872425
"2",197,"AE454","Alcohol Tax-Exempt","Active","NAZARETH HOSPITAL","NAZARETH HOSPITAL","2601 HOLME AVE, PHILADELPHIA PA 19152-2007","2601 HOLME AVE, PHILADELPHIA PA 19152-2007",NA,NA,"Philadelphia County","Philadelphia City","Oct 4,2024","Dec 31,2028",-75.041675,40.0589588
"3",96220,"AN40338","Alcohol Non-Beverage","Active","EARTH CRAFT LLC","EARTH CRAFT LLC","1772 FRANKFORD AVE, PHILADELPHIA PA 19125","1772 FRANKFORD AVE, PHILADELPHIA PA 19125",NA,NA,"Philadelphia County","Philadelphia City","Mar 28,2025","Dec 31,2028",-75.1322277,39.9764722
"4",123331,"AN57094","Alcohol Non-Beverage","Active","AMERICAN PHILOSOPHICAL SOCIETY","CONSERVATION LABORATORY","427 CHESTNUT ST, PHILADELPHIA PA 19106-2426","427 CHESTNUT ST, PHILADELPHIA PA 19106-2426",NA,NA,"Philadelphia County","Philadelphia City","Oct 18,2024","Dec 31,2028",-75.1485399,39.9490456
"5",128146,"AN59077","Alcohol Non-Beverage","Active","VINTABIO INC","VINTABIO INC","4050 S 26TH ST, PHILADELPHIA PA 19112-1615","4050 S 26TH ST, PHILADELPHIA PA 19112-1615",NA,NA,"Philadelphia County","Philadelphia City","Dec 11,2024","Dec 31,2028",-75.1948463,39.8996832
"6",117213,"AN53708","Alcohol Non-Beverage","Active","COORDNA BIO INC","CIC PHILADELPHIA","3675 MARKET ST STE 101, PHILADELPHIA PA 19104-2897","3675 MARKET ST, STE 200, PHILADELPHIA PA 19104-2897",NA,NA,"Philadelphia County","Philadelphia City","Sep 11,2024","Dec 31,2028",-75.1950287,39.9561126
"7",83883,"AN32452","Alcohol Non-Beverage","Active","FRONTIDA BIOPHARM INC","FRONTIDA BIOPHARM INC","7722 DUNGAN  RD, PHILADELPHIA PA 19111","7722 DUNGAN  RD, PHILADELPHIA PA 19111",NA,NA,"Philadelphia County","Philadelphia City","Aug 27,2026","Dec 31,2028",-75.0733431,40.0639838
"8",133040,"AN61418","Alcohol Non-Beverage","Active","LEGEND BIOTECH CORP","LEGEND BIOTECH","2300 MARKET ST FLOOR 3, PHILADELPHIA PA 19103","2300 MARKET ST FLOOR 3, PHILADELPHIA PA 19103",NA,NA,"Philadelphia County","Philadelphia City","Oct 9,2025","Dec 31,2028",-75.1783517,39.9540039
"9",87610,"AN34926","Alcohol Non-Beverage","Active","ATGC INC","ATGC INC","1004 W 9TH AVENUE SUITE 10, KING OF PRUSSIA PA 19406","1004 W 9TH AVENUE SUITE 10, KING OF PRUSSIA PA 19406",NA,NA,"Philadelphia County","Philadelphia City","Aug 4,2026","Dec 31,2028",-75.4130765,40.1021925
"10",132718,"AR61631","Airport Restaurant (Liquor)","Active","THE GROVE/M2 JV LLC","PRETZELS & PINTS","PHILADELPHIA INTERNATIONAL AIRPORT  8500 ESSINGTON AVE  TERMINAL A EAST SPACE AE-BAR TOP A, PHILADELPHIA PA 19153","3 WESTBROOK CORPORATE CTR STE 500, WESTCHESTER IL 60154-5796","CITY OF PHILADELPHIA","RICHARD K GEE","Philadelphia County","Philadelphia City","Apr 30,2026","Oct 31,2026",-75.2436987,39.8729797
"11",130662,"AR61057","Airport Restaurant (Liquor)","Active","JACKMONT OF PHILADELPHIA LLC","OYSTER HOUSE","8500 ESSINGTON AVE 2ND FL B&C CONNECTOR SPACE #BC13, PHILADELPHIA PA 19153-7027","1760 PEACHTREE ST NW STE 200, ATLANTA GA 30309-2335","CITY OF PHILADELPHIA","THOMAS J HENNEMAN","Philadelphia County","Philadelphia City","Sep 2,2025","Oct 31,2026",-75.2418899,39.8787479
"12",120005,"AR56036","Airport Restaurant (Liquor)","Active","AIRPORT DINING INC.","SABRINA'S CAFE","8500 ESSINGTON AVE TERMINAL C -SPACE C5/C6, PHILADELPHIA PA 19153-3755","8500 ESSINGTON AVE TERMINAL C -SPACE C5/C6, PHILADELPHIA PA 19153-3755","MARKETPLACE PHL LLC","LANG T DO-BATTISTA","Philadelphia County","Philadelphia City","Aug 28,2025","Oct 31,2026",-75.2418899,39.8787479
"13",84267,"C2796","Club (Liquor)","Safekeeping","SAM GLAWEAH FOUNDATION INC","SAM GLAWEAH FOUNDATION INC","2515 ISLAND AVE, PHILADELPHIA PA 19153-2226","2515 ISLAND AVE, PHILADELPHIA PA 19153-2226","MOHAMED D EL AHWANY","SAM J GLAWEAH","Philadelphia County","Philadelphia City","Feb 20,2026","Oct 31,2026",-75.2427717,39.9124553
"14",41468,"C3018","Club (Liquor)","Active","IUPAT DISTRICT COUNCIL 21","IUPAT DISTRICT COUNCIL 21","2980 SOUTHAMPTON-BYBERRY RD, PHILADELPHIA PA 19154-1202","2980 SOUTHAMPTON-BYBERRY RD, PHILADELPHIA PA 19154-1202","JOSEPH T ASHDALE","DEBORAH ANCONE","Philadelphia County","Philadelphia City","Oct 15,2025","Oct 31,2026",-74.9822118,40.102594
"15",1780,"C3866","Club (Liquor)","Active","PHILADELPHIA FIRE OFFICERS UNION","PHILADELPHIA FIRE OFFICERS UNION","2500-02 LEFEVRE ST, PHILADELPHIA PA 19137","2500-02 LEFEVRE ST, PHILADELPHIA PA 19137","PHILADELPHIA FIRE OFFICERS UNION","LISA SHOUSKY","Philadelphia County","Philadelphia City","Aug 11,2025","Oct 31,2026",-75.0745793,40.002951
"16",1713,"C3679","Club (Liquor)","Active","CPL. JOHN LOUDENSLAGER POST NO 366 AMERICAN LEGION","CPL. JOHN LOUDENSLAGER POST NO 366 AMERICAN LEGION","7976 OXFORD AVE, PHILADELPHIA PA 19111-2241","7976 OXFORD AVE, PHILADELPHIA PA 19111-2241","CPL. JOHN LOUDENSLAGER POST NO 366 AMERICAN LEGION","WALLACE J QUINLAN","Philadelphia County","Philadelphia City","Sep 23,2025","Oct 31,2026",-75.085525,40.0768258
"17",941,"C1420","Club (Liquor)","Active","VETERANS HOME ASSOCIATION OF PENN CENTRAL POST 204","VETERANS HOME ASSOCIATION OF PENN CENTRAL POST 204","3924 CHESTNUT ST, PHILADELPHIA PA 19104-3111","3924 CHESTNUT ST, PHILADELPHIA PA 19104-3111","VETERANS HOME ASSOCIATION OF PENN CENTRAL POST 204","HENRY P MCILHENNY","Philadelphia County","Philadelphia City","May 5,2026","Oct 31,2026",-75.20137,39.9552973
"18",703,"C763","Club (Liquor)","Active","BOLESLAW GROCHOWSKI AMERICAN LEGION POST 396","BOLESLAW GROCHOWSKI AMERICAN LEGION POST 396","2171 WAKELING ST, PHILADELPHIA PA 19124","2171 WAKELING ST, PHILADELPHIA PA 19124","BOLESLAW GROCHOWSKI POST 396","PATRICK  J DRISCOLL II","Philadelphia County","Philadelphia City","Nov 6,2025","Oct 31,2026",-75.0722584,40.0103976
"19",3431,"CC3314","Catering Club (Liquor)","Active","THE KNIGHTS OF COLUMBUS HOME ASSOCIATION OF HOLMESBURG","THE KNIGHTS OF COLUMBUS HOME ASSOCIATION OF HOLMESBURG","3300 KNORR ST, PHILADELPHIA PA 19149-2629","3300 KNORR ST, PHILADELPHIA PA 19149-2629","THE KNIGHTS OF COLUMBUS HOME ASSOCIATION OF HOLMESBURG","TIMOTHY M THOMSON","Philadelphia County","Philadelphia City","Sep 25,2025","Oct 31,2026",-75.052034,40.0326952
"20",2822,"CC28","Catering Club (Liquor)","Active","THE PHILADELPHIA CLUB","THE PHILADELPHIA CLUB","1301 WALNUT ST, PHILADELPHIA PA 19107-4517","1301 WALNUT ST, PHILADELPHIA PA 19107-4517","THE PHILADELPHIA CLUB","GUY H HODGSON","Philadelphia County","Philadelphia City","Oct 14,2025","Oct 31,2026",-75.162263,39.9492955
"21",2898,"CC279","Catering Club (Liquor)","Active","THE ACORN CLUB","THE ACORN CLUB","1519 LOCUST ST, PHILADELPHIA PA 19102-3721","1519 LOCUST ST, PHILADELPHIA PA 19102-3721","THE ACORN CLUB","JENNIFER GALLAGHER","Philadelphia County","Philadelphia City","Aug 20,2026","Oct 31,2026",-75.1670785,39.9487426
"22",72496,"D3915","Distributor (Malt)","Active","1729 RIDDHI SHIDDI LLC","1729 RIDDHI SHIDDI LLC","1733-39 S 20TH ST, PHILADELPHIA PA 19145-2041","1733-39 S 20TH ST, PHILADELPHIA PA 19145-2041",NA,"KETANKUMAR B PATEL","Philadelphia County","Philadelphia City","Sep 9,2025","Oct 31,2026",-75.1782273,39.9294804
"23",25237,"D3809","Distributor (Malt)","Active","ANJON, INC.","ANJON, INC.","5008-10-12-14 LANCASTER AVE, PHILADELPHIA PA 19131","5008-10-12-14 LANCASTER AVE, PHILADELPHIA PA 19131",NA,"ANTHONY CATALANO JR","Philadelphia County","Philadelphia City","Sep 19,2025","Oct 31,2026",-75.2230058,39.9751521
"24",117592,"D3621","Distributor (Malt)","Active","C&L 2023 BEVERAGE INC","C&L 2023 BEVERAGE INC","6310 N BROAD ST, PHILADELPHIA PA 19141-2010","6310 N BROAD ST, PHILADELPHIA PA 19141-2010","TANG & HUANG LLC","JIN Y HUANG","Philadelphia County","Philadelphia City","Aug 18,2025","Oct 31,2026",-75.143015,40.049774
"25",71765,"D1689","Distributor (Malt)","Active","THIRTY NINE POINT FIVE INC","THIRTY NINE POINT FIVE INC","ACADEMY PLAZA SHOPPING CTR  3290 RED LION RD, PHILADELPHIA PA 19114-1109","ACADEMY PLAZA SHOPPING CTR  3290 RED LION RD, PHILADELPHIA PA 19114-1109",NA,"EDWARD BOND","Philadelphia County","Philadelphia City","Aug 6,2025","Oct 31,2026",-74.9936261,40.0799787
"26",93521,"D1963","Distributor (Malt)","Active","VALUE BEVERAGE INC","VALUE BEVERAGE INC","5901 WOODLAND AVE, PHILADELPHIA PA 19143","5901 WOODLAND AVE, PHILADELPHIA PA 19143","HAE PARK","SUNG M PARK","Philadelphia County","Philadelphia City","Oct 22,2025","Oct 31,2026",-75.2267175,39.9319489
"27",37699,"E1551","Eating Place Retail Dispenser (Malt)","Active","T & J SUSQUEHANNA, INC.","T & J SUSQUEHANNA, INC.","1201-03 W SUSQUEHANNA AVE, PHILADELPHIA PA 19122-1109","1201-03 W SUSQUEHANNA AVE, PHILADELPHIA PA 19122-1109",NA,"LEURY N LOPEZ OVALLE","Philadelphia County","Philadelphia City","Aug 5,2025","Oct 31,2026",-75.1525999,39.986006
"28",61017,"E368","Eating Place Retail Dispenser (Malt)","Active","NEW 1634 DELI INC","NEW 1634 DELI INC","1634 CECIL B MOORE AVE, PHILADELPHIA PA 19121-3229","1634 CECIL B MOORE AVE, PHILADELPHIA PA 19121-3229",NA,"JONG DO","Philadelphia County","Philadelphia City","Oct 20,2025","Oct 31,2026",-75.1626303,39.9791199
"29",54570,"E313","Eating Place Retail Dispenser (Malt)","Active","5215 MARKET, INC.","5215 MARKET, INC.","5215-17 MARKET ST, PHILADELPHIA PA 19139-3418","5215-17 MARKET ST, PHILADELPHIA PA 19139-3418",NA,"PETER LY","Philadelphia County","Philadelphia City","Jul 22,2025","Oct 31,2026",-75.2254615,39.9603489
"30",87142,"E551","Eating Place Retail Dispenser (Malt)","Active","GODFREY BEER & DELI TAKEOUT INC","GODFREY BEER & DELI TAKEOUT INC","910 W GODFREY AVE, PHILADELPHIA PA 19120","910 W GODFREY AVE, PHILADELPHIA PA 19120",NA,"YASMIN M MEDINA DE VASQUEZ","Philadelphia County","Philadelphia City","Jul 16,2025","Oct 31,2026",-75.1355762,40.0460695
"31",5766,"E4588","Eating Place Retail Dispenser (Malt)","Active","240 WEST CHELTEN ENTERPRISES INC","240 WEST CHELTEN ENTERPRISES INC","240 W CHELTEN AVE, PHILADELPHIA PA 19144-3803","240 W CHELTEN AVE, PHILADELPHIA PA 19144-3803",NA,"KYUNG KIM","Philadelphia County","Philadelphia City","Oct 16,2025","Oct 31,2026",-75.1799381,40.0303843
"32",57447,"E150","Eating Place Retail Dispenser (Malt)","Active","LA FAMILIA LATINA SUPERMARKET INC","LA FAMILIA LATINA SUPERMARKET INC","3357-61 N 5TH ST, PHILADELPHIA PA 19140-5601","3357-61 N 5TH ST, PHILADELPHIA PA 19140-5601",NA,"MIGUEL MONEGRO","Philadelphia County","Philadelphia City","Jul 8,2025","Oct 31,2026",-75.1376952,40.0026227
"33",108084,"G49373","Brewery","Active","OHB PA LLC","OTHER HALF BREWERY","1000-1002 CANAL ST, PHILADELPHIA PA 19123","195 CENTRE ST , BROOKLYN NY 11231-3907","AP 33-51 LAUREL ST LLC","JACQUELYN M TANCREDI","Philadelphia County","Philadelphia City","Sep 22,2025","Dec 31,2026",-75.1352702,39.9645623
"34",85529,"G36505","Brewery","Active","LOVE CITY BREWING COMPANY","LOVE CITY BREWING COMPANY","1016 BUTTONWOOD ST, PHILADELPHIA PA 19123-3703","36 W DUVAL ST, PHILADELPHIA PA 19144-1904","ARTS AND CRAFTS HOLDINGS, LLC","KEVIN D WALTER","Philadelphia County","Philadelphia City","Nov 18,2025","Dec 31,2026",-75.1555181,39.9605089
"35",119604,"G58889","Brewery","Active","MIGHTY BREAD COMPANY, LLC","MIGHTY BREAD COMPANY","1211 GERRITT ST, PHILADELPHIA PA 19147-","1211 GERRITT ST, PHILADELPHIA PA 19147-","1202 REED ST ASSOCIATES INC","CHRISTOPHER DIPIAZZA","Philadelphia County","Philadelphia City","Aug 17,2026","Dec 31,2026",-75.1648496,39.9321872
"36",120981,"G61019","Brewery","Active","WISSAHICKON BREWING CO., LLC","WISSAHICKON BREWING COMPANY OLDE KENSINGTON","1526 N AMERICAN ST, PHILADELPHIA PA 19122-3811",NA,NA,"LUCAS J GILL","Philadelphia County","Philadelphia City","Dec 22,2025","Dec 31,2026",-75.1401764,39.9745986
"37",73101,"G646","Brewery","Active","BREWERY ARS LLC","BREWERY ARS LLC","1927-1929 W PASSYUNK AVE, PHILADELPHIA PA 19145-3620","PO BOX 88, HARRISBURG PA 17108-0088",NA,"SEAN A ARSENAULT","Philadelphia County","Philadelphia City","Aug 27,2026","Dec 31,2026",-75.1788483,39.9239987
"38",36088,"G271","Brewery","Safekeeping","PHILADELPHIA BEER WORKS, INC.","PHILADELPHIA BEER WORKS, INC.","4118 MAIN ST, PHILADELPHIA PA 19127-1618","4118 MAIN ST, PHILADELPHIA PA 19127-1618",NA,"MICHAEL ROSE","Philadelphia County","Philadelphia City","May 18,2026","Dec 31,2026",-75.2194599,40.0227364
"39",104863,"GA46326","Grain Alcohol","Active","MATTHEW BENNETT WALKER","MATTHEW BENNETT WALKER","261 E MEEHAN AVE, PHILADELPHIA PA 19119","261 E MEEHAN AVE, PHILADELPHIA PA 19119",NA,NA,"Philadelphia County","Philadelphia City","Jan 15,2021","Dec 31,2026",-75.1831727,40.0586063
"40",67423,"H3599","Hotel (Liquor)","Safekeeping","1155-57 N FRONT ST INC","1155-57 N FRONT ST INC","1155-57 N FRONT ST, PHILADELPHIA PA 19123-1705","1155-57 N FRONT ST, PHILADELPHIA PA 19123-1705",NA,"MICHAEL C MILICIA","Philadelphia County","Philadelphia City","Oct 1,2025","Oct 31,2026",-75.1361816,39.9686925
"41",129595,"H61268","Hotel (Liquor)","Active","SWITCH HOUSE LLC","THE SWITCH HOUSE","1325 BEACH ST, PHILADELPHIA PA 19125-4488","1412 MT VERNON ST, PHILADELPHIA PA 19130-3472","L-A BATTERY QOZ LLC","SHANNON M SMITH","Philadelphia County","Philadelphia City","Oct 14,2025","Oct 31,2026",-75.1266614,39.9674113
"42",88035,"H36509","Hotel (Liquor)","Active","HERSHA HOSPITALITY MANAGEMENT LP","THE WESTIN PHILADELPHIA","99 S 17TH ST, PHILADELPHIA PA 19103-4217","99 S 17TH ST, PHILADELPHIA PA 19103-4217","HERSHA HOSPITALITY MANAGEMENT LP","DOUGLAS M NELSON","Philadelphia County","Philadelphia City","Aug 8,2025","Oct 31,2026",-75.1682327,39.952021
"43",68070,"H5991","Hotel (Liquor)","Active","DJONT/JPM HOSPITALITY LEASING (SPE) LLC","WYNDHAM PHILADELPHIA HIST DIST","400 ARCH ST, PHILADELPHIA PA 19106-2120","400 ARCH ST, PHILADELPHIA PA 19106-2120",NA,"JOHN KARCHNER","Philadelphia County","Philadelphia City","Jul 29,2025","Oct 31,2026",-75.147515,39.9520404
"44",96574,"H43231","Hotel (Liquor)","Active","CL1 PHILADELPHIA LLC","CL1 PHILADELPHIA LLC","2 FRANKLIN PLAZA, PHILADELPHIA PA 19103-1282","3363 NE 163RD ST #601, NORTH MIAMI BEACH FL 33160","CL1 PHILADELPHIA LLC","CHARLES M GOLDBERG","Philadelphia County","Philadelphia City","Aug 15,2025","Oct 31,2026",-75.1466083,39.983586
"45",98140,"H43639","Hotel (Liquor)","Active","SOUTH 19TH STREET LP","SOUTH 19TH STREET LP","31 S 19TH ST, PHILADELPHIA PA 19103","31 S 19TH ST, PHILADELPHIA PA 19103","SOUTH 19TH STREET LP","GREGORY W ROOT","Philadelphia County","Philadelphia City","Aug 12,2026","Oct 31,2026",-75.1717214,39.9525105
"46",45473,"H5831","Hotel (Liquor)","Active","STOUT ROAD ASSOCIATES, INC","HILTON PHILADELPHIA CITY AVE","4200 CITY LINE AVE, PHILADELPHIA PA 19151","4200 CITY LINE AVE, PHILADELPHIA PA 19151",NA,"HOWARD J WURZAK","Philadelphia County","Philadelphia City","Aug 12,2025","Oct 31,2026",-75.2695766,39.9789048
"47",51346,"ID45826","Importing Distributor (Malt)","Active","MOORE BEVERAGES, INC.","MOORE BEVERAGES, INC.","601-613 MOORE ST, PHILADELPHIA PA 19148-1715","601-613 MOORE ST, PHILADELPHIA PA 19148-1715","HOR KOCH","HOR KOCH","Philadelphia County","Philadelphia City","Oct 16,2025","Oct 31,2026",-75.1560886,39.9266145
"48",66934,"J178","Bailee For Hire","Active","SKY CHEFS INC","LSG SKY CHEFS","8401 ESCORT ST, PHILADELPHIA PA 19153-3826","8401 ESCORT ST, PHILADELPHIA PA 19153-3826",NA,NA,"Philadelphia County","Philadelphia City","Jan 5,2026","Dec 31,2026",-75.22959,39.885309
"49",95673,"PAF42867","Performing Arts Facility","Safekeeping","1812 PRODUCTIONS INC","PLAYS AND PLAYERS","1714 DELANCEY PL, PHILADELPHIA PA 19103","2329 S 3RD ST, PHILADELPHIA PA 19148",NA,"PETER J MARSHALL","Philadelphia County","Philadelphia City","Jun 4,2026","Oct 31,2026",-75.1703682,39.9468223
"50",88260,"PV36662","Public Venue Restaurant","Active","OVATIONS FOOD SERVICES LP","NATIONAL CENTER FOR THE AMERICAN REVOLUTION","101 S 3RD ST, PHILADELPHIA PA 19106","520 N COLUMBUS AVE STE 303, PHILADELPHIA PA 19123","NATIONAL CENTER FOR THE AMERICAN REVOLUTION","DERRICK BLALOCK","Philadelphia County","Philadelphia City","Jan 6,2026","Oct 31,2026",-75.1457547,39.9483203
"51",104749,"PV46538","Public Venue Restaurant","Active","LEVY PREMIUM FOODSERVICE LP","THE FRANKLIN INSTITUTE","222 N 20TH ST, PHILADELPHIA PA 19103-1115","SKENE LAW FIRM PC  ATTN LINDSEY FARINA  2614 HIGHWAY 516 FL 2, OLD BRIDGE NJ 08857",NA,"THOMAS H WHELAN","Philadelphia County","Philadelphia City","Feb 17,2026","Oct 31,2026",-75.1731347,39.9582109
"52",72872,"PV177","Public Venue Restaurant","Active","PAFA JVLL HOLDINGS LLC","PENNSYLVANIA ACADEMY OF THE FINE ARTS","118-128 N BROAD ST, PHILADELPHIA PA 19102-1510","775 WOODLANDS PKY SUITE 100, RIDGELAND MS 39157",NA,"KATHRYN YOUNG-COPPA","Philadelphia County","Philadelphia City","Dec 30,2025","Oct 31,2026",-75.1634761,39.9556147
"53",69567,"R8624","Restaurant (Liquor)","Active","BC PHILLY INC","BC PHILLY INC","1020 CHERRY ST, PHILADELPHIA PA 19107","1020 CHERRY ST, PHILADELPHIA PA 19107",NA,"DAVID C H TAING","Philadelphia County","Philadelphia City","Jan 23,2026","Oct 31,2026",-75.1571831,39.9544013
"54",112368,"R7668","Restaurant (Liquor)","Active","ZKD HOSPITALITY LLC","FOUNDING FATHERS SPORTS BAR & GRILL","1612-1616 SOUTH ST, PHILADELPHIA PA 19146-1542","1612-1616 SOUTH ST, PHILADELPHIA PA 19146-1542","CARLYLE 1612 SOUTH STREET, LP","ZECHARIAH R LEEPER","Philadelphia County","Philadelphia City","Aug 12,2025","Oct 31,2026",-75.1692787,39.9439544
"55",97269,"R1977","Restaurant (Liquor)","Active","GIRARD 317 LLC","GIRARD 317 LLC","317-319 E GIRARD AVE, PHILADELPHIA PA 19125-3918","724 BRIGHTON ST, PHILADELPHIA PA 19111","KENNETH HEPWORTH","JUNAID JAVED","Philadelphia County","Philadelphia City","Oct 21,2025","Oct 31,2026",-75.1313636,39.9701135
"56",106146,"R7231","Restaurant (Liquor)","Active","NOMNOL INC","NOMNOL INC","1215 N 52ND ST, PHILADELPHIA PA 19131-4411","1215 N 52ND ST, PHILADELPHIA PA 19131-4411","1215 ENTERPRISES, LLC","SHONDA D WILMORE","Philadelphia County","Philadelphia City","May 12,2026","Oct 31,2026",-75.2256519,39.971903
"57",71182,"R7606","Restaurant (Liquor)","Active","CHEW FOODS LLC","CHEW FOODS LLC","5301 CHEW AVE, PHILADELPHIA PA 19138-2803","5301 CHEW AVE, PHILADELPHIA PA 19138-2803",NA,"THOMAS HEPP","Philadelphia County","Philadelphia City","Aug 21,2025","Oct 31,2026",-75.1596049,40.0430606
"58",111166,"R14165","Restaurant (Liquor)","Active","GRANDMAS CENTER CITY LLC","GRANDMAS PHILLY","1304 WALNUT ST, PHILADELPHIA PA 19107","1304 WALNUT ST, PHILADELPHIA PA 19107","Segal Segal & Lieberman","JAN R BROOKES","Philadelphia County","Philadelphia City","Feb 11,2026","Oct 31,2026",-75.1624159,39.9489101
"59",115126,"R873","Restaurant (Liquor)","Active","EIFFEL SEAFOOD RESTAURANT INC","EIFFEL SEAFOOD RESTAURANT","2301 OREGON AVE UNIT #7, PHILADELPHIA PA 19145","2301 OREGON AVE UNIT #7, PHILADELPHIA PA 19145","CEDAR-SOUTH PHILADELPHIA I LLC","ANTHONY TRAN","Philadelphia County","Philadelphia City","Aug 13,2025","Oct 31,2026",-75.186366,39.9194041
"60",100200,"R12603","Restaurant (Liquor)","Active","AMBROSIA RISTORANTE LLC","AMBROSIA RISTORANTE LLC","231-233 S 24TH ST, PHILADELPHIA  PA 19103-5529","231 S 24TH ST, PHILADELPHIA PA 19103-5529","NIKOLAOS MITOULIS & STERGIANI MITOULIS","JORGAQ PROFI","Philadelphia County","Philadelphia City","Sep 23,2025","Oct 31,2026",-75.1796424,39.9500029
"61",51538,"R9047","Restaurant (Liquor)","Active","CHHUONG, INC.","CHHUONG, INC.","2113 W DAUPHIN ST, PHILADELPHIA PA 19132-4814","2113 W DAUPHIN ST, PHILADELPHIA PA 19132-4814",NA,"YOANNY E ALMONTE COLLADO","Philadelphia County","Philadelphia City","Aug 15,2025","Oct 31,2026",-75.1679038,39.9895955
"62",120866,"R13762","Restaurant (Liquor)","Active","NIPPYS LLC","NIPPYS LLC","4219 MAIN ST, PHILADELPHIA PA 19127","4219 MAIN ST, PHILADELPHIA PA 19127","DELANCEY MAIN STREET LLC","CRAIG WERTZ","Philadelphia County","Philadelphia City","Jun 9,2026","Oct 31,2026",-75.2205155,40.0241588
"63",69790,"R3824","Restaurant (Liquor)","Active","OLD ROW INC","OLD ROW INC","1801 LOMBARD ST, PHILADELPHIA PA 19146-1409","1801 LOMBARD ST, PHILADELPHIA PA 19146-1409",NA,"PETER HWANG","Philadelphia County","Philadelphia City","Nov 5,2025","Oct 31,2026",-75.1717873,39.9456145
"64",123175,"R2922","Restaurant (Liquor)","Active","DB GOURMET MARKETS LLC","DIBRUNO BROS","920 S 9TH ST, PHILADELPHIA PA 19147-3939","920 S 9TH ST, PHILADELPHIA PA 19147-3939","M FAMILY REAL ESTATE HOLDINGS, LP","JERVON C BELL","Philadelphia County","Philadelphia City","Dec 1,2025","Oct 31,2026",-75.158155,39.938296
"65",71225,"R10734","Restaurant (Liquor)","Active","223 SUPPER CLUB LLC","223 SUPPER CLUB LLC","223 S SYDENHAM ST, PHILADELPHIA PA 19102-3734","223 S SYDENHAM ST, PHILADELPHIA PA 19102-3734",NA,"BRENDAN SMITH","Philadelphia County","Philadelphia City","Oct 20,2025","Oct 31,2026",-75.1667289,39.9488876
"66",104629,"R8515","Restaurant (Liquor)","Active","13TH & SANSOM RESTAURANT GROUP LLC","13TH & SANSOM RESTAURANT GROUP LLC","112 S 13TH ST, PHILADELPHIA PA 19107-4532","1525 SANSOM ST 2ND FL, PHILADELPHIA PA 19102-2803","PHILADELPHIA BUILDING ASSOCIATION LLC","KIMBERLY B FENTON","Philadelphia County","Philadelphia City","Jun 26,2026","Oct 31,2026",-75.1621737,39.9499506
"67",132602,"R5588","Restaurant (Liquor)","Active","MANDARANO'S FOOD LLC","MANDARANO'S FOOD LLC","8624 GERMANTOWN AVE, PHILADELPHIA PA 19118","8624 GERMANTOWN AVE, PHILADELPHIA PA 19118","BOWMAN PROPERTIES LTD","FRANCESCO A MANDARANO","Philadelphia County","Philadelphia City","Jan 20,2026","Oct 31,2026",-75.2085916,40.0769784
"68",105337,"R6869","Restaurant (Liquor)","Active","TGGTP HOSPITALITY GROUP LLC","TGGTP HOSPITALITY LLC","222 MARKET ST, PHILADELPHIA PA 19106-2815","222 MARKET ST, PHILADELPHIA PA 19106-2815","PREMIER REAL ESTATE PARTNERS LP","WAYNE H SHULICK","Philadelphia County","Philadelphia City","Jul 10,2026","Oct 31,2026",-75.1446065,39.9498011
"69",108726,"R277","Restaurant (Liquor)","Active","BUCADORO LLC","BUCADORO LLC","WASHINGTON WEST BLDG N E COR  8TH & LOCUST STS BASEMENT, PHILADELPHIA PA 19106-3524","3042 CEDAR ST, PHILADELPHIA PA 19134","JOHN M PERUTO, ESQ.","DENIS GJANA","Philadelphia County","Philadelphia City","Aug 5,2025","Oct 31,2026",-76.9949636,38.949361
"70",114337,"R11190","Restaurant (Liquor)","Active","CHUBBY CATTLE PHILADELPHIA LLC","CHUBBY CATTLE","146 N 10TH ST, PHILADELPHIA PA 19107-2309","146 N 10TH ST, PHILADELPHIA PA 19107-2309","KIT FON LAW & MEI NU ZHAO","HAO LI","Philadelphia County","Philadelphia City","Oct 27,2025","Oct 31,2026",-75.1562282,39.9549925
"71",66897,"R3648","Restaurant (Liquor)","Active","OROCOVIS BAR INC","OROCOVIS BAR INC","400-402 W CUMBERLAND ST, PHILADELPHIA PA 19133-3011","400-402 W CUMBERLAND ST, PHILADELPHIA PA 19133-3011",NA,"JUAN RIVERA","Philadelphia County","Philadelphia City","Aug 19,2025","Oct 31,2026",-75.1391918,39.9886495
"72",64527,"R210","Restaurant (Liquor)","Active","LA CUEVA BAR INC","LA CUEVA BAR INC","2965 N 3RD ST, PHILADELPHIA PA 19133-3206","2965 N 3RD ST, PHILADELPHIA PA 19133-3206",NA,"LYDIA RIVERA","Philadelphia County","Philadelphia City","Sep 19,2025","Oct 31,2026",-75.1361434,39.9961846
"73",48940,"R436","Restaurant (Liquor)","Active","2100 S 17TH ST, INC.","2100 S 17TH ST, INC.","2100 S 17TH ST, PHILADELPHIA PA 19145-3814","2100 S 17TH ST, PHILADELPHIA PA 19145-3814",NA,"QING LIU","Philadelphia County","Philadelphia City","Aug 22,2025","Oct 31,2026",-75.1748075,39.9249108
"74",127397,"R1185","Restaurant (Liquor)","Active","2100 J & D INC","2100 J & D INC","2100 S 19TH ST, PHILADELPHIA PA 19145-3601","2100 S 19TH ST, PHILADELPHIA PA 19145-3601","HOM TOCH","DANNY CHHAN SEK","Philadelphia County","Philadelphia City","Jan 8,2026","Oct 31,2026",-75.1779008,39.9253171
"75",49875,"R4216","Restaurant (Liquor)","Active","MICHAEL'S FAMILY RESTAURANT VII, INC.","TIFFANY DINER","9010 ROOSEVELT BLVD, PHILADELPHIA PA 19115-4909","9010 ROOSEVELT BLVD, PHILADELPHIA PA 19115-4909",NA,"MARIA M LYRONI","Philadelphia County","Philadelphia City","Nov 5,2025","Oct 31,2026",-75.0361529,40.0740183
"76",66411,"R62","Restaurant (Liquor)","Active","1909 TRUE INC","1909 TRUE INC","1909 E PASSYUNK AVE, PHILADELPHIA PA 19148-2220","1909 E PASSYUNK AVE, PHILADELPHIA PA 19148-2220",NA,"DONNAMARIE DECOTIIS","Philadelphia County","Philadelphia City","Oct 31,2025","Oct 31,2026",-75.1674136,39.9263078
"77",9696,"R936","Restaurant (Liquor)","Active","THE POINT AFTER, INC.","THE POINT AFTER","4250 FRANKFORD AVE, PHILADELPHIA PA 19124-4521","4250 FRANKFORD AVE, PHILADELPHIA PA 19124-4521","JAMES JACKSON","ANNA GUMPPER","Philadelphia County","Philadelphia City","Sep 2,2025","Oct 31,2026",-75.0895739,40.0100209
"78",129240,"R8338","Restaurant (Liquor)","Active","FIFTY FIFTY LLC","FIFTY FIFTY LLC","3675 MARKET ST STE 101, PHILADELPHIA PA 19104-2897","1731 LOMBARD ST, PHILADELPHIA PA 19146","WEXFORD-SCEC  3675 MARKET STREET LLC","JAMES E SMITH JR","Philadelphia County","Philadelphia City","Feb 10,2026","Oct 31,2026",-75.1950287,39.9561126
"79",72758,"R6604","Restaurant (Liquor)","Active","TOWN LAYING THERE LLC","TOWN LAYING THERE LLC","1901 S 9TH ST FL 8, PHILADELPHIA PA 19148-2366","1315 WALNUT ST STE 1002, PHILADELPHIA PA 19107-4721",NA,"IAN T KINGSBERY","Philadelphia County","Philadelphia City","Mar 25,2026","Oct 31,2026",-75.160085,39.925217
"80",113330,"R456","Restaurant (Liquor)","Active","ZORBA'S TAVERNA INC","ZORBA'S TAVERN","2228-2230 FAIRMOUNT AVE, PHILADELPHIA PA 19130","2228-2230 FAIRMOUNT AVE, PHILADELPHIA PA 19130","A DIAKOS, LLC","MARIA I KRAVVARITIS","Philadelphia County","Philadelphia City","Sep 19,2025","Oct 31,2026",-75.1748381,39.9671617
"81",72610,"R9013","Restaurant (Liquor)","Active","JDF PARTNERS LLC","JDF PARTNERS LLC","745-747 N 25TH ST, PHILADELPHIA PA 19130-2435","325 CHESTNUT ST STE 713, PHILADELPHIA PA 19106-2607",NA,"NEIL E MCKERNAN","Philadelphia County","Philadelphia City","Jun 11,2026","Oct 31,2026",-75.1782059,39.9687409
"82",121030,"R9549","Restaurant (Liquor)","Active","STOTIME INC","GOOD GOOD THINGS","11 S 21ST ST, PHILADELPHIA PA 19103-3149","11 S 21ST ST, PHILADELPHIA PA 19103-3149","DIMOPOULOS REALTY LP","DANIEL J SIMNOR","Philadelphia County","Philadelphia City","Nov 12,2025","Oct 31,2026",-75.1749721,39.9530836
"83",91278,"R1502","Restaurant (Liquor)","Active","RYE BRIDGE LICENSE LLC","726 N. 24TH ST. ASSOCIATES, INC.","726 N 24TH ST, PHILADELPHIA PA 19130-2535","726 N 24TH ST, PHILADELPHIA PA 19130-2535","RYE BRIDGE LICENSE LLC","JOHN N PUND","Philadelphia County","Philadelphia City","Jan 6,2026","Oct 31,2026",-75.176978,39.9684842
"84",66005,"R22","Restaurant (Liquor)","Active","SNYDER SUPERMARKET INC","KIM'S HOUSE","2704 SNYDER AVE, PHILADELPHIA PA 19145-2521","2704 SNYDER AVE, PHILADELPHIA PA 19145-2521",NA,"RAMON PEREZ","Philadelphia County","Philadelphia City","Aug 21,2025","Oct 31,2026",-75.191095,39.926846
"85",72806,"R13543","Restaurant (Liquor)","Active","BROWNS MONUMENT LLC","BROWNS MONUMENT LLC","4160 MONUMENT RD, PHILADELPHIA PA 19131-1726","15950 N DALLAS PKY STE 400, DALLAS TX 75248",NA,"JEFFREY R KARBOW","Philadelphia County","Philadelphia City","Sep 3,2025","Oct 31,2026",-75.2135771,40.0026931
"86",96985,"R7359","Restaurant (Liquor)","Active","CITY WINERY PHILADELPHIA LLC","CITY WINERY","907-37 MARKET ST  SPACE C085, PHILADELPHIA PA 19107","155 VARICK  ST, NEW YORK NY 10013","PR 907 MARKET LP","THEODORE RIDINGS","Philadelphia County","Philadelphia City","Aug 21,2025","Oct 31,2026",-75.1560485,39.9519679
"87",108118,"R1294","Restaurant (Liquor)","Active","TOPGOLF USA NEP LLC","TOPGOLF","2140 BYBERRY RD, PHILADELPHIA PA 19116","2140 BYBERRY RD, PHILADELPHIA PA 19116","PA PHILADELPHIA ROOSEVELT LLC","JAMIE L YABUT","Philadelphia County","Philadelphia City","Jul 15,2025","Oct 31,2026",-75.0031518,40.1064948
"88",31869,"R3472","Restaurant (Liquor)","Active","PYRAMID CLUB MANAGEMENT, LLC","PYRAMID CLUB MANAGEMENT, LLC","1735 MARKET ST 52ND FL, PHILADELPHIA PA 19103","ATTN: Legal Dept  5221 North O'Connor Blvd., Suite 300     , Irving TX 75039-3786",NA,"CALEB P GIBSON","Philadelphia County","Philadelphia City","Jul 8,2025","Oct 31,2026",-75.1690842,39.9535568
"89",11681,"R5043","Restaurant (Liquor)","Active","CHERRY ST TAVERN INC","CHERRY ST TAVERN INC","129 N 22ND ST, PHILADELPHIA PA 19103-1021","129 N 22ND ST, PHILADELPHIA PA 19103-1021",NA,"WILLIAM LOUGHERY","Philadelphia County","Philadelphia City","Sep 2,2025","Oct 31,2026",-75.1758253,39.9570208
"90",62205,"R1579","Restaurant (Liquor)","Active","C & T INC","C & T INC","2150 N 20TH ST, PHILADELPHIA PA 19121-1518","2150 N 20TH ST, PHILADELPHIA PA 19121-1518",NA,"AMIN BRITO","Philadelphia County","Philadelphia City","Nov 25,2025","Oct 31,2026",-75.1659742,39.9874562
"91",120780,"R11940","Restaurant (Liquor)","Active","BAR & GRILL TAMALEX LLC","BAR & GRILL TAMALEX LLC","123 NAUDAIN ST & 122 LOMBARD ST, PHILADELPHIA PA 19147-1602","123 NAUDAIN ST & 122 LOMBARD ST, PHILADELPHIA PA 19147-1602","TAKAO  & MADAME SAITO","DAVID   PINA APARICIO","Philadelphia County","Philadelphia City","Oct 7,2025","Oct 31,2026",-75.1449444,39.9418365
"92",132818,"R3657","Restaurant (Liquor)","Active","ARAMARK SPORTS AND ENTERTAINMENT SERVICES LLC","DILWORTH PARK CAFE","1 S 15TH ST, PHILADELPHIA PA 19102","1 S 15TH ST, PHILADELPHIA PA 19102","CITY OF PHILADELPHIA","JARED S TAKACS","Philadelphia County","Philadelphia City","Mar 26,2026","Oct 31,2026",-75.1645613,39.9527439
"93",72285,"R88","Restaurant (Liquor)","Active","1500 BRASSERIE LLC","1500 BRASSERIE LLC","1500 LOCUST ST STE 4, PHILADELPHIA PA 19102-4329","1500 LOCUST ST STE 4, PHILADELPHIA PA 19102-4329",NA,"MARIA SOURIAS","Philadelphia County","Philadelphia City","Jun 17,2026","Oct 31,2026",-75.1668916,39.9483799
"94",104647,"R11317","Restaurant (Liquor)","Active","MOUYHENG CORP","MOUYHENG CORP","7365 ELMWOOD AVE, PHILADELPHIA PA 19153-1425","7365 ELMWOOD AVE, PHILADELPHIA PA 19153-1425","SOK LYHOUR","SAMKHAN TOUCH","Philadelphia County","Philadelphia City","Jul 22,2025","Oct 31,2026",-75.2439267,39.9130526
"95",48951,"R3500","Restaurant (Liquor)","Active","196 NEDRO, INC.","196 NEDRO, INC.","196-198 W NEDRO ST, PHILADELPHIA PA 19120-2450","196-198 W NEDRO ST, PHILADELPHIA PA 19120-2450",NA,"CHHAI SIM","Philadelphia County","Philadelphia City","Jul 9,2025","Oct 31,2026",-75.1239656,40.0401742
"96",128339,"R9143","Restaurant (Liquor)","Active","7026 SMV CORP","7026 SMV CORP","7026 FRANKFORD AVE, PHILADELPHIA PA 19135-1606","7026 FRANKFORD AVE, PHILADELPHIA PA 19135-1606","THOMAS J VASSALOTTI","AMY M PICCIOTTI","Philadelphia County","Philadelphia City","Oct 23,2025","Oct 31,2026",-75.0461318,40.0342263
"97",106544,"R9103","Restaurant (Liquor)","Active","SAMY EDDY LLC","SAMY EDDY LLC","5437 N LAWRENCE ST, PHILADELPHIA PA 19120-2803","5437 N LAWRENCE ST, PHILADELPHIA PA 19120-2803","LIZCOFFEBAR LLC","SANDRA M VALDIVIEZO-GAVILA","Philadelphia County","Philadelphia City","Aug 21,2025","Oct 31,2026",-75.1298023,40.0342694
"98",71560,"R13502","Restaurant (Liquor)","Active","5345 WYALUSING INC","5345 WYALUSING INC","5345 WYALUSING AVE, PHILADELPHIA PA 19131-5018","5345 WYALUSING AVE, PHILADELPHIA PA 19131-5018",NA,"CHERICE L HANNAH","Philadelphia County","Philadelphia City","Sep 30,2025","Oct 31,2026",-75.2282981,39.9694209
"99",16181,"R13524","Restaurant (Liquor)","Active","M-I CASBAH, INC.","M-I CASBAH, INC.","3461-65 EAST THOMPSON ST, PHILADELPHIA PA 19134","3461-65 EAST THOMPSON ST, PHILADELPHIA PA 19134",NA,"IRENE SMOLIJ","Philadelphia County","Philadelphia City","Aug 19,2025","Oct 31,2026",-75.0965605,39.9877997
"100",60898,"R1601","Restaurant (Liquor)","Active","MAXIMUM LEVEL INC","MAXIMUM LEVEL LOUNGE","5118 SANSOM ST, PHILADELPHIA PA 19139-3434","5118 SANSOM ST, PHILADELPHIA PA 19139-3434",NA,"KALENA WILLIAMS","Philadelphia County","Philadelphia City","Jul 7,2025","Oct 31,2026",-75.2239657,39.957335
"101",52811,"R4609","Restaurant (Liquor)","Active","SEVEN MOUNTAINTOP, INC.","SEVEN MOUNTAINTOP, INC.","720-724 ARCH ST, PHILADELPHIA PA 19106-1512","720-724 ARCH ST, PHILADELPHIA PA 19106-1512",NA,"MARLENE CLARK","Philadelphia County","Philadelphia City","Jul 15,2025","Oct 31,2026",-75.1524986,39.9526239
"102",13613,"R9133","Restaurant (Liquor)","Active","WATUSI, INC.","WATUSI, INC.","4600 WALNUT ST BSMT, PHILADELPHIA PA 19139-4506","4600 WALNUT ST BSMT, PHILADELPHIA PA 19139-4506",NA,"RAMONA LOVETTE","Philadelphia County","Philadelphia City","Oct 16,2025","Oct 31,2026",-75.2138555,39.9552959
"103",49412,"R6755","Restaurant (Liquor)","Active","LEGEND RIVIERA LOUNGE, INC.","LEGEND RIVIERA LOUNGE, INC.","4201-4203 N 8TH ST, PHILADELPHIA PA 19140-2212","4201-4203 N 8TH ST, PHILADELPHIA PA 19140-2212",NA,"JOSE D PEREZ","Philadelphia County","Philadelphia City","Feb 27,2026","Oct 31,2026",-75.1398984,40.0158038
"104",120704,"R1225","Restaurant (Liquor)","Active","RAMZE 4002 INC","RAMZE 4002 INC","4002 W GIRARD AVE, PHILADELPHIA PA 19104-1032","4002 W GIRARD AVE, PHILADELPHIA PA 19104-1032","4002 GIRARD ENTERPRISES LLC","AAPRIA JAMISE JOYANNA AKERS","Philadelphia County","Philadelphia City","Nov 7,2025","Oct 31,2026",-75.2045423,39.9738595
"105",130855,"R15555","Restaurant (Liquor)","Active","TM709 LLC","RHAWN PUB","2420 RHAWN ST, PHILADELPHIA PA 19152-3326","2420 RHAWN ST, PHILADELPHIA PA 19152-3326","MICHAEL J MCLAUGHLIN","THERESA MCLAUGHLIN","Philadelphia County","Philadelphia City","Oct 31,2025","Oct 31,2026",-75.0477952,40.0569518
"106",130157,"R3109","Restaurant (Liquor)","Active","EAST SERGEANT LLC","EAST SERGEANT LLC","2532 CORAL ST, PHILADELPHIA PA 19125","2532 CORAL ST, PHILADELPHIA PA 19125","PULASKI ST LLC","MATTHEW P KUZIEMSKI","Philadelphia County","Philadelphia City","Feb 2,2026","Oct 31,2026",-75.1260704,39.985271
"107",28462,"R4583","Restaurant (Liquor)","Active","NICKELS TAVERN INC.","NICKELS TAVERN","2653-55 S 2ND ST, PHILADELPHIA PA 19148","2653-55 S 2ND ST, PHILADELPHIA PA 19148","JAMES NICKELS","JAMES NICKELS","Philadelphia County","Philadelphia City","Sep 15,2025","Oct 31,2026",-75.1513229,39.914454
"108",56253,"R15515","Restaurant (Liquor)","Active","FLAVOR SAVER INC","FLAVOR SAVER INC","425-449 SPRING GARDEN ST, PHILADELPHIA PA 19123-2825","425-449 SPRING GARDEN ST, PHILADELPHIA PA 19123-2825",NA,"THOMAS BEE","Philadelphia County","Philadelphia City","Jul 11,2025","Oct 31,2026",-75.1460521,39.9613421
"109",99325,"R11844","Restaurant (Liquor)","Active","THE GIANT COMPANY LLC","THE GIANT COMPANY LLC","1004 N 2ND ST, PHILADELPHIA PA 19106","1004 N 2ND ST, PHILADELPHIA PA 19106","1002 OWNER LP","CARLA THOMAS","Philadelphia County","Philadelphia City","May 27,2026","Oct 31,2026",-75.140376,39.9664914
"110",16232,"R13603","Restaurant (Liquor)","Active","W & S LIN, INC.","W & S LIN, INC.","ROXBORO MARKET SQ SHOPPING CENTER STORES 15 & 16  8919 RIDGE AVE, PHILADELPHIA PA 19128","ROXBORO MARKET SQ SHOPPING CENTER STORES 15 & 16  8919 RIDGE AVE, PHILADELPHIA PA 19128",NA,"HUI XIE","Philadelphia County","Philadelphia City","Aug 18,2025","Oct 31,2026",-78.982788,36.3937519
"111",106839,"R15626","Restaurant (Liquor)","Active","SPIRO BROTHERS LLC","BILLINI","220 S 16TH ST, PHILADELPHIA PA 19102-3305","220 S 16TH ST, PHILADELPHIA PA 19102-3305","220 SOUTH 16TH STREET PARTNERS LP","KRISTI SPIRO","Philadelphia County","Philadelphia City","Jul 8,2025","Oct 31,2026",-75.1678993,39.9490852
"112",63096,"R1649","Restaurant (Liquor)","Active","BIG CITY RESTAURANT GROUP LP","BIG CITY RESTAURANT GROUP LP","2013 CHESTNUT ST, PHILADELPHIA PA 19103-3307","2013 CHESTNUT ST, PHILADELPHIA PA 19103-3307",NA,"ANTHONY E KELLEY, JR.","Philadelphia County","Philadelphia City","May 5,2026","Oct 31,2026",-75.1740243,39.9522523
"113",53140,"R2837","Restaurant (Liquor)","Active","3002 FOX DELI, INC.","3002 FOX DELI, INC.","3002 N 22ND ST, PHILADELPHIA PA 19132-1501","3002 N 22ND ST, PHILADELPHIA PA 19132-1501",NA,"CHUNG LO","Philadelphia County","Philadelphia City","Jul 28,2025","Oct 31,2026",-75.1667543,40.0003837
"114",65760,"R2188","Restaurant (Liquor)","Active","ANNA & NICK INC","ANNA & NICK INC","6041 RISING SUN AVE, PHILADELPHIA PA 19111-6008","6041 RISING SUN AVE, PHILADELPHIA PA 19111-6008",NA,"CHAMNAN LIM","Philadelphia County","Philadelphia City","Aug 8,2025","Oct 31,2026",-75.0994509,40.0458865
"115",49465,"R4687","Restaurant (Liquor)","Active","1858 WAKELING, INC.","DONNY BROOK","2749 SNYDER AVE, PHILADELPHIA PA 19145-2527","2301 E CUMBERLAND ST, PHILADELPHIA PA 19125-2205",NA,"MICHAEL COSKEY","Philadelphia County","Philadelphia City","Jul 31,2025","Oct 31,2026",-75.1923842,39.9275312
"116",11497,"R4582","Restaurant (Liquor)","Active","RALPH'S RESTAURANT, INC.","RALPH'S RESTAURANT, INC.","760 S 9TH ST, PHILADELPHIA PA 19147-2837","760 S 9TH ST, PHILADELPHIA PA 19147-2837",NA,"JAMES E RUBINO JR","Philadelphia County","Philadelphia City","Apr 16,2026","Oct 31,2026",-75.1578498,39.9400679
"117",61577,"R6790","Restaurant (Liquor)","Active","VIETNAM CAFE INC","VIETNAM CAFE INC","816 S 47TH ST #820, PHILADELPHIA PA 19143-3613","816 S 47TH ST #820, PHILADELPHIA PA 19143-3613",NA,"TINA LAI","Philadelphia County","Philadelphia City","Jul 8,2025","Oct 31,2026",-75.2169795,39.9481095
"118",72471,"R6830","Restaurant (Liquor)","Active","201 J LEE INC","201 J LEE INC","201-203 W WESTMORELAND ST, PHILADELPHIA PA 19140-5741","201-203 W WESTMORELAND ST, PHILADELPHIA PA 19140-5741",NA,"MENG LEE","Philadelphia County","Philadelphia City","Sep 2,2025","Oct 31,2026",-75.133079,40.0008092
"119",109552,"R6878","Restaurant (Liquor)","Active","1308 RESTAURANT PARTNERS INC","MONA","1308-10 CHESTNUT ST, PHILADELPHIA PA 19107","1308-10 CHESTNUT ST, PHILADELPHIA PA 19107","CHESTNUT ASSOCIATES","ISABEL M ROSENBERG","Philadelphia County","Philadelphia City","Jun 12,2026","Oct 31,2026",-75.162267,39.9503966
"120",101393,"R6486","Restaurant (Liquor)","Active","12TH STREET RESTAURANT ASSOCIATES INC","12TH STREET RESTAURANT ASSOCIATES INC","114 S 12TH ST, PHILADELPHIA PA 19107-4804","114 S 12TH ST, PHILADELPHIA PA 19107-4804","114 S 12TH STREET LLC","CHRISTOS TSOUKALOS","Philadelphia County","Philadelphia City","Jun 12,2026","Oct 31,2026",-75.1605614,39.9498652
"121",100686,"R45690","Restaurant (Liquor)","Active","WAWA INC","WAWA","9101 FRANKFORD AVE, PHILADELPHIA PA 19114-2854","260 W BALTIMORE PIKE, WAWA PA 19063-5620","PROVCO PINEGOOD FRANKADEMY LLC","AMANDA L GRACE","Philadelphia County","Philadelphia City","Aug 7,2025","Oct 31,2026",-75.0068214,40.0526078
"122",48240,"R13889","Restaurant (Liquor)","Active","MCCORMICK & SCHMICK RESTAURANT CORP","MCCORMICK & SCHMICK'S SEAFOOD REST","ONE S BROAD ST, PHILADELPHIA PA 19107","ONE S BROAD ST, PHILADELPHIA PA 19107",NA,"JENNIFER S BUCCI","Philadelphia County","Philadelphia City","Jul 31,2025","Oct 31,2026",-75.1634546,39.9512363
"123",97475,"R3012","Restaurant (Liquor)","Active","MOUNT AIRY RESTAURANTS LLC","MOUNT AIRY TAP ROOM","300 W MT PLEASANT AVE, PHILADELPHIA PA 19119-2903","7038 LINCOLN DR, PHILADELPHIA PA 19119","WEINSTEIN PROPERTIES LLC","ROBERT S PELSZYNSKI","Philadelphia County","Philadelphia City","Jul 24,2025","Oct 31,2026",-75.1941876,40.0539202
"124",65347,"R11426","Restaurant (Liquor)","Active","THE ARTS BAR LLC","THE ARTS BAR LLC","1200 CALLOWHILL ST, PHILADELPHIA PA 19123-3604","1200 CALLOWHILL ST, PHILADELPHIA PA 19123-3604",NA,"LINDZEY SCOTT","Philadelphia County","Philadelphia City","Apr 10,2026","Oct 31,2026",-75.158835,39.9588669
"125",52424,"R7859","Restaurant (Liquor)","Active","REAL ENTERTAINMENT-PHILADELPHIA, INC.","WORLD CAFE LIVE","3025 WALNUT ST, PHILADELPHIA PA 19104-3402","3025 WALNUT ST, PHILADELPHIA PA 19104-3402",NA,"KERRI D PARK","Philadelphia County","Philadelphia City","Apr 24,2026","Oct 31,2026",-75.1851851,39.9520743
"126",107666,"R12786","Restaurant (Liquor)","Active","WILLIAMS-WIGGINS LLC","A KING'S CAFE 218","218 W CHELTEN AVE, PHILADELPHIA PA 19144-3803","218 W CHELTEN AVE, PHILADELPHIA PA 19144-3803","GERMANTOWN REALTY INVESTMENT GROUP, LP","SALIM A WIGGINS","Philadelphia County","Philadelphia City","Aug 19,2026","Oct 31,2026",-75.1794205,40.0310783
"127",54377,"R13715","Restaurant (Liquor)","Active","LAGE & LAGE, INC.","LAGE & LAGE, INC.","901-907 E CAYUGA ST, PHILADELPHIA PA 19124-3817","901-907 E CAYUGA ST, PHILADELPHIA PA 19124-3817","JOSE LAGE","JOSE LAGE","Philadelphia County","Philadelphia City","Aug 21,2025","Oct 31,2026",-75.1090421,40.0150652
"128",40560,"R11949","Restaurant (Liquor)","Active","THREE I'S, INC.","CHESTNUT GRILL","8229 GERMANTOWN AVE, PHILADELPHIA PA 19118-3402","8229 GERMANTOWN AVE, PHILADELPHIA PA 19118-3402",NA,"SUSANNE SIMON","Philadelphia County","Philadelphia City","Jul 24,2025","Oct 31,2026",-75.2031731,40.0739658
"129",109884,"R3184","Restaurant (Liquor)","Active","M & S RESTAURANT ENTERPRISES LLC","M & S RESTAURANT ENTERPRISES LLC","767 S 9TH ST, PHILADELPHIA PA 19147-2838","767 S 9TH ST, PHILADELPHIA PA 19147-2838","767 SOUTH 9TH STREET ASSOCIATES LLC","JORGE B MARTINEZ","Philadelphia County","Philadelphia City","Apr 20,2026","Oct 31,2026",-75.1574449,39.9398153
"130",127156,"R4511","Restaurant (Liquor)","Active","2351 ANTHONY INC","2351 ANTHONY INC","2351 S FRONT ST, PHILADELPHIA PA 19148-4101","2351 S FRONT ST, PHILADELPHIA PA 19148-4101",NA,"JOSEPH J DOUGHERTY","Philadelphia County","Philadelphia City","Jul 31,2026","Oct 31,2026",-75.1489524,39.91798
"131",68332,"R2766","Restaurant (Liquor)","Active","BOCK6 LLC","BOCK6 LLC","3608 RHAWN ST, PHILADELPHIA PA 19136-2604","3608 RHAWN ST, PHILADELPHIA PA 19136-2604","3608 RHAWN ST LLC","LUIGI A BOCCUTI","Philadelphia County","Philadelphia City","Aug 6,2025","Oct 31,2026",-75.0289189,40.0419052
"132",64292,"R8724","Restaurant (Liquor)","Active","TAI & DELAN, INC","TAI & DELAN, INC","2349-51 N 26TH ST, PHILADELPHIA PA 19132-4611","2349-51 N 26TH ST, PHILADELPHIA PA 19132-4611",NA,"STEVEN SOK","Philadelphia County","Philadelphia City","Jun 3,2026","Oct 31,2026",-75.174786,39.9917299
"133",69297,"R13495","Restaurant (Liquor)","Active","B.A.R. MIDTOWN INC.","GREEN EGGS CAFE","1301 LOCUST ST 212 S 13TH ST, PHILADELPHIA PA 19107-5405","1301 LOCUST ST 212 S 13TH ST, PHILADELPHIA PA 19107-5405",NA,"WILLIAM VICTOR BONFORTE","Philadelphia County","Philadelphia City","Oct 2,2025","Oct 31,2026",-75.1624559,39.9481547
"134",133050,"R11425","Restaurant (Liquor)","Active","6100 VINE ESTATE LLC","6100 VINE ESTATE LLC","6100-02 VINE ST, PHILADELPHIA PA 19139","6100-02 VINE ST, PHILADELPHIA PA 19139","KHORN SAO","YAOFENG YUE","Philadelphia County","Philadelphia City","Jul 7,2026","Oct 31,2026",-75.2419583,39.9666648
"135",95350,"R2970","Restaurant (Liquor)","Active","MORGAN ASSOCIATES LLC","MORGAN ASSOCIATES LLC","611 S 3RD ST, PHILADELPHIA PA 19147-2301","108 W 13TH ST  STE 105, WILMINGTON DE 19801","CHAMPO LLC","GREG B RAND","Philadelphia County","Philadelphia City","Sep 17,2025","Oct 31,2026",-75.1474712,39.9410494
"136",72489,"R8978","Restaurant (Liquor)","Active","SAM 2 ENTERPRISE INC","SAM 2 ENTERPRISE INC","2200 ARCH ST UNIT 103, PHILADELPHIA PA 19103","7053 TERMINAL SQ, UPPER DARBY PA 19082-2217","2200 ARCH INC","U SIK CHONG","Philadelphia County","Philadelphia City","Aug 22,2025","Oct 31,2026",-75.1768848,39.9557979
"137",129649,"R7659","Restaurant (Liquor)","Active","NAN ZHOU HAND DRAWN NOODLE HOUSE INC","NAN ZHOU HAND DRAWN NOODLE HOUSE INC","1022 RACE ST, PHILADELPHIA PA 19107","927 RACE ST, PHILADELPHIA PA 19107","NAN ZHOU HAND DRAWN NOODLE HOUSE INC","ZENG F ZHANG","Philadelphia County","Philadelphia City","Jul 15,2025","Oct 31,2026",-75.1568555,39.9552044
"138",89878,"R3053","Restaurant (Liquor)","Active","KING LOUIE LLC","OZZIE CORNER TAVERN","2678 LEFEVRE ST, PHILADELPHIA PA 19137-2044","2678 LEFEVRE ST, PHILADELPHIA PA 19137-2044",NA,"LOUIS M BOCCHICCHIO","Philadelphia County","Philadelphia City","Oct 30,2025","Oct 31,2026",-75.0723538,40.0000559
"139",65222,"R233","Restaurant (Liquor)","Active","FORTUNE DELI INC","FORTUNE DELI INC","6165 WOODLAND AVE, PHILADELPHIA PA 19142-2418","6165 WOODLAND AVE, PHILADELPHIA PA 19142-2418",NA,"YONG CHEN","Philadelphia County","Philadelphia City","Mar 11,2026","Oct 31,2026",-75.231037,39.9282066
"140",66287,"R9521","Restaurant (Liquor)","Active","900 ANASTASIA LLC","900 ANASTASIA LLC","900 PRATT ST, PHILADELPHIA PA 19124-1738","900 PRATT ST, PHILADELPHIA PA 19124-1738","MANUEAL SANTOS","CHHIV UNG","Philadelphia County","Philadelphia City","Jul 14,2025","Oct 31,2026",-75.0929728,40.0306912
"141",65044,"R918","Restaurant (Liquor)","Active","1630 UN INC","1630 UN INC","1630C W LEHIGH AVE, PHILADELPHIA PA 19132-2233","1630C W LEHIGH AVE, PHILADELPHIA PA 19132-2233","NICKY UN","KANIN UN","Philadelphia County","Philadelphia City","Jun 29,2026","Oct 31,2026",-75.159144,39.9943343
"142",84634,"R8197","Restaurant (Liquor)","Active","2 STREET TAVERN LLC","2 STREET TAVERN LLC","1843 S 2ND ST, PHILADELPHIA PA 19148-1946","1843 S 2ND ST, PHILADELPHIA PA 19148-1946","1843 A & B LLC","JOSEPH H LAMPLUGH 3RD","Philadelphia County","Philadelphia City","Mar 26,2026","Oct 31,2026",-75.1499279,39.9243895
"143",105050,"R1628","Restaurant (Liquor)","Active","2537 E ONTARIO INC","THE SHIPYARD","2537 E ONTARIO ST, PHILADELPHIA PA 19134-5331","2537 E ONTARIO ST, PHILADELPHIA PA 19134-5331","BOS REAL ESTATE HOLDINGS LLC","JOHN E COOK","Philadelphia County","Philadelphia City","Oct 17,2025","Oct 31,2026",-75.0993852,39.988769
"144",72212,"R370","Restaurant (Liquor)","Active","ELEGANTE BAR RESTAURANT INC","ELEGANTE BAR RESTAURANT INC","1210 E HUNTING PARK AVE, PHILADELPHIA PA 19124-4904","1210 E HUNTING PARK AVE, PHILADELPHIA PA 19124-4904",NA,"ALMANIE REYES TORRES","Philadelphia County","Philadelphia City","May 29,2026","Oct 31,2026",-75.1036777,40.0107538
"145",66107,"R5419","Restaurant (Liquor)","Active","LANCASTER DELI INC","LANCASTER DELI INC","6233 LANCASTER AVE, PHILADELPHIA PA 19151-2619","6233 LANCASTER AVE, PHILADELPHIA PA 19151-2619",NA,"JING LONG","Philadelphia County","Philadelphia City","Aug 12,2025","Oct 31,2026",-75.2469475,39.9851312
"146",73044,"R11225","Restaurant (Liquor)","Active","DEJESUS 624 INC","DEJESUS 624 INC","624 W CUMBERLAND ST, PHILADELPHIA PA 19133-2234","7053 TERMINAL SQ, UPPER DARBY PA 19082-2217",NA,"GLORIMAR DEJESUS","Philadelphia County","Philadelphia City","Sep 2,2025","Oct 31,2026",-75.1436414,39.9891737
"147",132674,"R6911","Restaurant (Liquor)","Active","427 LUSITANO LLC","427 LUSITANO LLC","427 RHAWN ST, PHILADELPHIA PA 19111-2226","427 RHAWN ST, PHILADELPHIA PA 19111-2226","LIM 13 LLC","NELSON M P GONCALVES","Philadelphia County","Philadelphia City","Mar 11,2026","Oct 31,2026",-75.0840422,40.0770817
"148",131765,"R34876","Restaurant (Liquor)","Active","KITCHEN + KOCKTAILS BY KEVIN KELLEY PHILADELPHIA LLC","KITCHEN + KOCKTAILS BY KEVIN KELLEY PHILADELPHIA LLC","225 S BROAD ST, PHILADELPHIA PA 19107","225 S BROAD ST, PHILADELPHIA PA 19107","219 RETAIL LLC","KRYSTAL KYLE O DALEY","Philadelphia County","Philadelphia City","Jun 10,2026","Oct 31,2026",-75.1640749,39.9485224
"149",23603,"R2119","Restaurant (Liquor)","Active","WESTY'S INC.","WEST TAVERN","1440-1442 CALLOWHILL ST, PHILADELPHIA PA 19130-4018","1440-1442 CALLOWHILL ST, PHILADELPHIA PA 19130-4018",NA,"WAI NGAI","Philadelphia County","Philadelphia City","Jul 11,2025","Oct 31,2026",-75.1636021,39.9596968
"150",70380,"R13750","Restaurant (Liquor)","Active","5055 HAVERFORD INC","5055 HAVERFORD INC","5055 HAVERFORD AVE, PHILADELPHIA PA 19139-1620","5055 HAVERFORD AVE, PHILADELPHIA PA 19139-1620",NA,"XUE LIN","Philadelphia County","Philadelphia City","May 29,2026","Oct 31,2026",-75.2218566,39.9644064
"151",91262,"R11244","Restaurant (Liquor)","Safekeeping","FRONT & EMERALD LLC","FRONT & EMERALD LLC","2205-2207 N FRONT ST, PHILADELPHIA PA 19133","2253 N HOWARD ST, PHILADELPHIA PA 19133","AB BRICKS LLC","JOSHUA D MANN","Philadelphia County","Philadelphia City","May 5,2026","Oct 31,2026",-75.1323204,39.983563
"152",55612,"R13629","Restaurant (Liquor)","Safekeeping","WILS DELI INC","WILS DELI INC","5549 MASTER ST, PHILADELPHIA PA 19131-3939","5549 MASTER ST, PHILADELPHIA PA 19131-3939","XUAN T LAM","OI SENG CHONG","Philadelphia County","Philadelphia City","Sep 30,2025","Oct 31,2026",-75.2330467,39.9737065
"153",73158,"R11211","Restaurant (Liquor)","Safekeeping","FED PHILLY LLC","FED PHILLY LLC","240 N 13TH ST, PHILADELPHIA PA 19107-1538","325 CHESTNUT ST STE 713, PHILADELPHIA PA 19106-2607",NA,"LIN DONG","Philadelphia County","Philadelphia City","Sep 3,2026","Oct 31,2026",-75.1606678,39.9570847
"154",111926,"R3678","Restaurant (Liquor)","Safekeeping","BRILL'S BAR & LOUNGE INC","BRILL'S BAR & LOUNGE INC","3501 G ST, PHILADELPHIA PA 19134-1318","3501 G ST, PHILADELPHIA PA 19134-1318","BRILLIANCE REALTY LLC","SHANTEL K JOHNSON","Philadelphia County","Philadelphia City","Nov 10,2025","Oct 31,2026",-75.1142371,40.0014881
"155",71562,"R4718","Restaurant (Liquor)","Safekeeping","849 PHILLY 21 INC","849 PHILLY 21 INC","849 E LUZERNE ST, PHILADELPHIA PA 19124-5107","7053 TERMINAL SQ, UPPER DARBY PA 19082-2217",NA,"MARI C ROMAN","Philadelphia County","Philadelphia City","Sep 5,2025","Oct 31,2026",-75.1113878,40.0090399
"156",89675,"R15613","Restaurant (Liquor)","Safekeeping","FRANKFORD OTIS LLC","FRANKFORD OTIS LLC","1115 FRANKFORD AVE, PHILADELPHIA PA 19125","1115 FRANKFORD AVE, PHILADELPHIA PA 19125","FRANKFORD INVESTMENT LLC",NA,"Philadelphia County","Philadelphia City","Aug 31,2026","Oct 31,2026",-75.13411,39.9683009
"157",121228,"R12055","Restaurant (Liquor)","Safekeeping","LA CASA DOMINICANA REST INC","LA CASA DOMINICANA REST INC","4210 WHITAKER AVE, PHILADELPHIA PA 19124-6013","4210 WHITAKER AVE, PHILADELPHIA PA 19124-6013","DALIA REAL ESTATE LLC","HECTOR N DOMINGUEZ","Philadelphia County","Philadelphia City","Feb 17,2026","Oct 31,2026",-75.1193739,40.0136138
"158",127025,"R1018","Restaurant (Liquor)","Safekeeping","AMAZON RETAIL LLC","AMAZON RETAIL LLC","555 SPRING GARDEN ST, PHILADELPHIA PA 19123","555 SPRING GARDEN ST, PHILADELPHIA PA 19123","AMAZON RETAIL LLC","ROBERT J GRAY","Philadelphia County","Philadelphia City","Feb 17,2026","Oct 31,2026",-75.147425,39.961485
"159",86509,"R5533","Restaurant (Liquor)","Safekeeping","CHELTEN MARKET INC","CHELTEN MARKET INC","176-82 W CHELTEN AVE, PHILADELPHIA PA 19144","1370 LANDIS DR, NORTH WALES PA 19454","WEST CHELTEN LLC","YOUNG S KIM","Philadelphia County","Philadelphia City","Feb 4,2026","Oct 31,2026",-75.177908,40.03176
"160",12106,"R6098","Restaurant (Liquor)","Safekeeping","1901 TENDER TOUCH LOUNGE, INC.","1901 TENDER TOUCH LOUNGE, INC.","1901 W HUNTING PARK AVE, PHILADELPHIA PA 19140-2806","1901 W HUNTING PARK AVE, PHILADELPHIA PA 19140-2806",NA,"GLORIA M CLARKSON","Philadelphia County","Philadelphia City","Mar 24,2026","Oct 31,2026",-75.158216,40.0141589
"161",66150,"R11447","Restaurant (Liquor)","Safekeeping","740 LUCKY INC","740 LUCKY INC","740 S 51ST ST, PHILADELPHIA PA 19143-3227","740 S 51ST ST, PHILADELPHIA PA 19143-3227","MOUXIANG CHEN","MOUXIANG CHEN","Philadelphia County","Philadelphia City","Oct 28,2025","Oct 31,2026",-75.2251264,39.9471959
"162",120760,"R5392","Restaurant (Liquor)","Safekeeping","2703 S 3RD ST LLC","ROYAL BUFFET AND GRILL","2703 S 3RD ST, PHILADELPHIA PA 19148","4429 N AMERICAN ST, PHILADELPHIA PA 19140","ALLENTOWN KING PLAZA, LLC","DE RONG LIU","Philadelphia County","Philadelphia City","Oct 20,2025","Oct 31,2026",-75.1520747,39.9128953
"163",95060,"R12260","Restaurant (Liquor)","Safekeeping","SECOND CHANCE ON 17TH STREET LLC","SECOND CHANCE ON 17TH STREET LLC","111 S 17TH ST LOWER LEVEL, PHILADELPHIA PA 19103","111 S 17TH ST LOWER LEVEL, PHILADELPHIA PA 19103","TRUST BUILDING ASSOC",NA,"Philadelphia County","Philadelphia City","Dec 22,2025","Oct 31,2026",-75.1687004,39.9510173
"164",47075,"R6827","Restaurant (Liquor)","Safekeeping","SANSOM RESTAURANT GROUP PARTNERS, L P","POD","3636 SANSOM ST, PHILADELPHIA PA 19104-3212","3636 SANSOM ST, PHILADELPHIA PA 19104-3212",NA,"ADAM C FLOCKE","Philadelphia County","Philadelphia City","Jul 31,2026","Oct 31,2026",-75.1962304,39.9537586
"165",130572,"SO60634","Special Occasion Permit","Active","GLEN FOERD CONSERVATION CORPORATION","GLEN FOERD CONSERVATION CORPORATION","5001 GRANT AVE, PHILADELPHIA PA 19114-3154","5001 GRANT AVE, PHILADELPHIA PA 19114-3154",NA,NA,"Philadelphia County","Philadelphia City","Sep 10,2026","Dec 31,2026",-74.9804199,40.0522124
"166",129630,"SO60015","Special Occasion Permit","Active","HOLY NAME OF JESUS CHURCH","HOLY NAME OF JESUS CHURCH","701 E GAUL ST, PHILADELPHIA PA 19125-2816","701 E GAUL ST, PHILADELPHIA PA 19125-2816",NA,NA,"Philadelphia County","Philadelphia City","Aug 26,2026","Dec 31,2026",-75.1276421,39.9758512
"167",125925,"SO57599","Special Occasion Permit","Active","FRIENDS OF SCHUYLKILL RIVER PARK","FRIENDS OF SCHUYLKILL RIVER PARK","PO Box 30246, PHILADELPHIA PA 19103-8246","PO Box 30246, PHILADELPHIA PA 19103-8246",NA,NA,"Philadelphia County","Philadelphia City","May 29,2026","Dec 31,2026",-75.1749671,39.9531865
"168",129330,"SO59812","Special Occasion Permit","Active","FIRE MUSEUM PRESENTS","FIRE MUSEUM PRESENTS","2125 E YORK ST, PHILADELPHIA PA 19125-1637","2125 E YORK ST, PHILADELPHIA PA 19125-1637",NA,NA,"Philadelphia County","Philadelphia City","Apr 9,2026","Dec 31,2026",-75.1278492,39.9819614
"169",130116,"SO60318","Special Occasion Permit","Active","ST. MARON'S PARISH","ST. MARON'S PARISH","1013 ELLSWORTH ST, PHILADELPHIA PA 19147-4637","1013 ELLSWORTH ST, PHILADELPHIA PA 19147-4637",NA,NA,"Philadelphia County","Philadelphia City","Feb 27,2026","Dec 31,2026",-75.1603559,39.9357647
"170",120174,"SO55696","Special Occasion Permit","Active","MORRIS ARBORETUM OF THE UNIVERSITY OF PENNSYLVANIA","MORRIS ARBORETUM OF THE UNIVERSITY OF PENNSYLVANIA","100 E NORTHWESTERN AVE, PHILADELPHIA PA 19118-2697","100 E NORTHWESTERN AVE, PHILADELPHIA PA 19118-2697",NA,NA,"Philadelphia County","Philadelphia City","Apr 3,2026","Dec 31,2026",-75.2223813,40.0879987
"171",133546,"SOM61609","Special Occasion Permit (Malt)","Active","LEGACY OF HOPE, INC","LEGACY OF HOPE, INC","818 CORINTHIAN AVE, PHILADELPHIA PA 19130-1416","818 CORINTHIAN AVE, PHILADELPHIA PA 19130-1416",NA,NA,"Philadelphia County","Philadelphia City","Jan 21,2026","Dec 31,2026",-75.1711536,39.9697671
"172",133076,NA,"Limited Winery","Pending","PARKER FITZ LTD","PARKER FITZ","1615 MIFFLIN ST, PHILADELPHIA PA 19145-2240","115 GLENWOOD RD, HADDONFIELD NJ 08033",NA,NA,"Philadelphia County","Philadelphia City",NA,NA,-75.1730515,39.9275451
"173",133951,NA,"Airport Restaurant (Liquor)","Pending","LAMBERTI HOSPITALITY GROUP LLC","ALDO LAMBERTI PIZZA","PHILADELPHIA INTERNATIONAL AIRPORT 8500 ESSINGTON AVE #AE5-C TERMINAL A EAST, PHILADELPHIA PA 19153-3755","2023 ROUTE 70 W STE 1, CHERRY HILL NJ 08002-2796",NA,NA,"Philadelphia County","Philadelphia City",NA,NA,-75.2473591,39.8747385
"174",130405,NA,"Wine and Spirits Auction Permit","Pending","AMERICAN SWEDISH HISTORICAL FOUNDATION","AMERICAN SWEDISH HISTORICAL FOUNDATION","1900 PATTISON AVE, PHILADELPHIA PA 19145-5901","1900 PATTISON AVE, PHILADELPHIA PA 19145-5901",NA,NA,"Philadelphia County","Philadelphia City",NA,"Dec 31,2026",-75.1810099,39.905996
"175",135318,"H40958","Hotel (Liquor)","Pending","SSN 9000 BARTRAM ROAD LLC","EMBASSY SUITES PHILADELPHIA AIRPORT","9000 BARTRAM AVE, PHILADELPHIA PA 19153-3114","9000 BARTRAM AVE, PHILADELPHIA PA 19153-3114",NA,NA,"Philadelphia County","Philadelphia City",NA,"Oct 31,2026",-75.249747,39.884096
"176",134262,"R11395","Restaurant (Liquor)","Pending","JJ DICKS INC","JJ DICKS INC","6650 DICKS AVE, PHILADELPHIA PA 19142-2601","6650 DICKS AVE, PHILADELPHIA PA 19142-2601",NA,NA,"Philadelphia County","Philadelphia City",NA,"Oct 31,2026",-75.2298089,39.9179822
"177",133630,"R7101","Restaurant (Liquor)","Pending","IHB CENTER CITY INC","IHB CENTER CITY INC","1150 MARKET ST, PHILADELPHIA PA 19107","1150 MARKET ST, PHILADELPHIA PA 19107",NA,NA,"Philadelphia County","Philadelphia City",NA,"Oct 31,2026",-75.1594358,39.9516875
"178",134119,"R6341","Restaurant (Liquor)","Pending","26 R & G LLC","26 R & G LLC","26 E OREGON AVE, PHILADELPHIA PA 19148-4110","26 E OREGON AVE, PHILADELPHIA PA 19148-4110",NA,NA,"Philadelphia County","Philadelphia City",NA,"Oct 31,2026",-75.1489304,39.9131331
"179",130878,"AB60831","Alcohol Beverage","Active","YARDS BREWING COMPANY LLC","YARDS BREWING COMPANY","500 SPRING GARDEN ST, PHILADELPHIA PA 19123-2833","500 SPRING GARDEN ST, PHILADELPHIA PA 19123-2833",NA,NA,"Philadelphia County","Philadelphia City","Apr 8,2025","Dec 31,2028",-75.1476062,39.9606101
"180",11,"AE14","Alcohol Tax-Exempt","Active","UNIVERSITY OF PENNSYLVANIA FACILITIES PLANNING","UNIVERSITY OF PENNSYLVANIA FACILITIES PLANNING","335 ANATOMY/CHEMISTRY BLDG 3620 HAMILTON WALK, PHILADELPHIA PA 19104","335 ANATOMY/CHEMISTRY BLDG 3620 HAMILTON WALK, PHILADELPHIA PA 19104",NA,NA,"Philadelphia County","Philadelphia City","Jun 12,2025","Dec 31,2028",-75.1972614,39.949045
"181",69815,"AL27","Limited Distillery","Active","MILLSTONE SPIRITS GROUP LLC","MILLSTONE SPIRITS GROUP PHILADELPHIA","7746 DUNGAN RD, SUITE A, PHILADELPHIA PA 19111-2733","7746 DUNGAN RD, SUITE A, PHILADELPHIA PA 19111-2733",NA,"ROBERT J CASSELL","Philadelphia County","Philadelphia City","Aug 31,2026","Dec 31,2026",-75.0722481,40.0650937
"182",97727,"AN41442","Alcohol Non-Beverage","Active","CIC PHILADELPHIA, LLC","CIC PHILADELPHIA, LLC","3675 MARKET ST, STE 200, PHILADELPHIA PA 19104-2897","3675 MARKET ST, STE 200, PHILADELPHIA PA 19104-2897",NA,NA,"Philadelphia County","Philadelphia City","Sep 16,2024","Dec 31,2028",-75.195477,39.956599
"183",38535,"AN2456","Alcohol Non-Beverage","Active","TEMPLE UNIVERSITY","TEMPLE UNIVERSITY","BIOLOGY DEPT ROOM 312 12TH & NORRIS STS, PHILADELPHIA PA 19122","BIOLOGY DEPT ROOM 312 12TH & NORRIS STS, PHILADELPHIA PA 19122",NA,NA,"Philadelphia County","Philadelphia City","Dec 16,2024","Dec 31,2028",NA,NA
"184",110136,"AN49429","Alcohol Non-Beverage","Active","CENTURY THERAPEUTICS LLC","ONE UCITY","3535 MARKET ST 16TH FLOOR, PHILADELPHIA  PA 19104","3624 MARKET ST STE 5 WEST, PHILADELPHIA PA 19104",NA,NA,"Philadelphia County","Philadelphia City","Sep 24,2024","Dec 31,2028",-75.1937293,39.9565128
"185",1362,"C2704","Club (Liquor)","Active","WINDTHORST LITERARY ASSOCIATION","WINDTHORST LITERARY ASSOCIATION","3150-52 GAUL ST, PHILADELPHIA PA 19134","3150-52 GAUL ST, PHILADELPHIA PA 19134","WINDTHORST LITERARY ASSOCIATION","PAUL A KAISER","Philadelphia County","Philadelphia City","Sep 26,2025","Oct 31,2026",-75.1062481,39.986665
"186",1469,"C3002","Club (Liquor)","Active","THOMAS A CONNOR CLUB INC.","THOMAS A CONNOR CLUB INC.","1632 W MOYAMENSING AVE, PHILADELPHIA PA 19145-4833","1632 W MOYAMENSING AVE, PHILADELPHIA PA 19145-4833","THOMAS A CONNOR CLUB INC.","TOBY P PALOMBARO","Philadelphia County","Philadelphia City","Sep 25,2025","Oct 31,2026",-75.175562,39.915385
"187",1140,"C2011","Club (Liquor)","Active","THE WILLIAM D. OXLEY POST NO.133, THE AMERICAN LEGION","THE WILLIAM D. OXLEY POST NO.133, THE AMERICAN LEGION","7900 TORRESDALE AVENUE, PHILADELPHIA PA 19136","7900 TORRESDALE AVENUE, PHILADELPHIA PA 19136","THE WILLIAM D. OXLEY POST NO.133, THE AMERICAN LEGION","MICHELLE TEESDALE","Philadelphia County","Philadelphia City","Jun 29,2026","Oct 31,2026",-75.0261848,40.0350254
"188",1017,"C1609","Club (Liquor)","Active","LITHUANIAN REPUBLICAN BENEFICIAL CLUB","LITHUANIAN REPUBLICAN BENEFICIAL CLUB","3371-73 EDGEMONT ST, PHILADELPHIA PA 19134","3371-73 EDGEMONT ST, PHILADELPHIA PA 19134","LITHUANIAN REPUBLICAN BENEFICIAL CLUB","GERALD P GALLAGHER","Philadelphia County","Philadelphia City","Aug 1,2025","Oct 31,2026",-75.0982564,39.9862156
"189",880,"C1255","Club (Liquor)","Active","VENANGO REPUBLICAN ASSN. OF THE FORTY FIFTH WARD","VENANGO REPUBLICAN ASSN. OF THE FORTY FIFTH WARD","3614 RICHMOND ST, PHILADELPHIA PA 19134-6218","3614 RICHMOND ST, PHILADELPHIA PA 19134-6218","VENANGO REPUBLICAN ASSN. OF THE FORTY FIFTH WARD","THOMAS R MACK","Philadelphia County","Philadelphia City","Sep 12,2025","Oct 31,2026",-75.0917697,39.9881721
"190",1288,"C2481","Club (Liquor)","Active","8 JOLLY GENTS INC.","8 JOLLY GENTS INC.","2711 N 19TH ST, PHILADELPHIA PA 19132-2102","2711 N 19TH ST, PHILADELPHIA PA 19132-2102","FRANKLIN T JOHNSON","GEORGE NESMITH","Philadelphia County","Philadelphia City","Aug 27,2025","Oct 31,2026",-75.162244,39.9955622
"191",2826,"CC45","Catering Club (Liquor)","Active","THE UNION LEAGUE OF PHILADELPHIA","THE UNION LEAGUE OF PHILADELPHIA","140 S BROAD ST, PHILADELPHIA PA 19102-3003","140 S BROAD ST, PHILADELPHIA PA 19102-3003","THE UNION LEAGUE OF PHILADELPHIA","JOHN D ZOOK","Philadelphia County","Philadelphia City","Nov 4,2025","Oct 31,2026",-75.1645861,39.9499917
"192",103622,"D1888","Distributor (Malt)","Active","BRUUBEER INC","BRUUBEER INC","1107-09 RACE ST, PHILADELPHIA PA 19107","1107-09 RACE ST, PHILADELPHIA PA 19107","212 NORTH 11TH ST LP","HANG T PHUNG","Philadelphia County","Philadelphia City","Oct 31,2025","Oct 31,2026",-75.1578339,39.9558599
"193",111154,"D1879","Distributor (Malt)","Active","B & C CLEARFIELD INC","B & C CLEARFIELD INC","2074-82 E CLEARFIELD ST, PHILADELPHIA PA 19134-3741","2074-82 E CLEARFIELD ST, PHILADELPHIA PA 19134-3741","CHHOUR XIAO MAN","XING ZHANG","Philadelphia County","Philadelphia City","Aug 7,2025","Oct 31,2026",-75.112421,39.991044
"194",65629,"D2779","Distributor (Malt)","Active","MAYFAIR BEER INC","MAYFAIR BEER INC","6500 FRANKFORD AVE, PHILADELPHIA PA 19135-2507","6500 FRANKFORD AVE, PHILADELPHIA PA 19135-2507","LAWRENCE R WETZEL","RONALD T ROBB","Philadelphia County","Philadelphia City","Aug 7,2025","Oct 31,2026",-75.056296,40.029806
"195",125309,"D3380","Distributor (Malt)","Active","SOK ADAMS INC","ADAM'S BEER DISTRIBUTION","729 ADAMS AVE, PHILADELPHIA PA 19124-2327","729 ADAMS AVE, PHILADELPHIA PA 19124-2327","ADAMS SOK LLC","ASHISH T PATEL","Philadelphia County","Philadelphia City","Jul 7,2025","Oct 31,2026",-75.1058489,40.0324864
"196",57475,"D939","Distributor (Malt)","Active","FENG INC","FENG INC","5740-42 BALTIMORE AVE, PHILADELPHIA PA 19143-3127","5740-42 BALTIMORE AVE, PHILADELPHIA PA 19143-3127","PHILACOBBS DEVELOPMENT LP","FENG CHEN","Philadelphia County","Philadelphia City","Jul 8,2025","Oct 31,2026",-75.2387931,39.9452384
"197",69343,"D1897","Distributor (Malt)","Active","LIM HONG LLC","LIM HONG LLC","7829-41 TORRESDALE AVE, PHILADELPHIA PA 19136-3333","7829-41 TORRESDALE AVE, PHILADELPHIA PA 19136-3333",NA,"CHEATHAN LIM","Philadelphia County","Philadelphia City","Dec 2,2025","Oct 31,2026",-75.026726,40.034309
"198",68537,"D3326","Distributor (Malt)","Active","EJC NEW PAUL BEVERAGES INC","THE NEW PAUL BROTHERS BEVERAGE MART","351 E CHEW AVE, PHILADELPHIA PA 19120-2504","351 E CHEW AVE, PHILADELPHIA PA 19120-2504","NICK M TANG","EMILY CHEN","Philadelphia County","Philadelphia City","Aug 12,2025","Oct 31,2026",-75.1142525,40.03575
"199",67699,"D3150","Distributor (Malt)","Active","R3C BEVERAGES LLC","R3C BEVERAGES LLC","7544-50 FRANKFORD AVE, PHILADELPHIA PA 19136-3534","7544-50 FRANKFORD AVE, PHILADELPHIA PA 19136-3534","JAI GUARI LLC","HAIYAN LIN","Philadelphia County","Philadelphia City","Sep 29,2025","Oct 31,2026",-75.034299,40.039496
"200",118587,"D866","Distributor (Malt)","Active","SAHAJ 9201 LLC","SAHAJ 9201","9201 FRANKFORD AVE, PHILADELPHIA PA 19114-2823","22 MAGNOLIA WAY, CHADDS FORD PA 19317-9693","RADHEY 9201, LLC","BHUPENDRAKUMAR I PATEL","Philadelphia County","Philadelphia City","Oct 2,2025","Oct 31,2026",-75.0042264,40.054788
"201",91035,"D3620","Distributor (Malt)","Active","1410 BEER PARK INC","1410 BEER PARK INC","1410-12 W HUNTING PARK AVE, PHILADELPHIA PA 19140","1410-12 W HUNTING PARK AVE, PHILADELPHIA PA 19140",NA,"MEIHANG LIM","Philadelphia County","Philadelphia City","Aug 4,2025","Oct 31,2026",-75.15016,40.016749
"202",48312,"D1272","Distributor (Malt)","Active","5408 PAK, INC","5408 PAK, INC","5408-10 RIDGE AVE, PHILADELPHIA PA 19128-3758","5408-10 RIDGE AVE, PHILADELPHIA PA 19128-3758",NA,"BYUNG PAK","Philadelphia County","Philadelphia City","Jul 17,2025","Oct 31,2026",-75.2093416,40.0223328
"203",97260,"DWS42031","Direct Wine Shipper","Active","ESPANOLA SPIRITS LTD LLC","ESPANOLA SPIRITS LTD LLC","1801 CREEKVIEW LANE, JAMISON PA 18929","2937-51 N MARSHALL ST, PHILADELPHIA PA 19133",NA,NA,"Philadelphia County","Philadelphia City","Oct 24,2025","Dec 31,2026",-75.0807705,40.2720748
"204",103999,"E293","Eating Place Retail Dispenser (Malt)","Active","OLD NELSON FOOD PA ELEVEN LLC","OLD NELSON FOOD PA ELEVEN LLC","2200 BEN FRANKLIN PKY STE SOZO1, PHILADELPHIA PA 19130","2200 BEN FRANKLIN PKY STE SOZO1, PHILADELPHIA PA 19130","PARK TOWNE PLACE ASSOCIATES","RICHARD C BANG","Philadelphia County","Philadelphia City","Oct 28,2025","Oct 31,2026",-75.1781106,39.9600843
"205",128554,"E2688","Eating Place Retail Dispenser (Malt)","Active","ARI'S CAFFE LLC","ARI'S CAFE","2657 E CLEARFIELD ST, PHILADELPHIA PA 19134-5024","2657 E CLEARFIELD ST, PHILADELPHIA PA 19134-5024","ARIANIT DOMI","ARIANIT DOMI","Philadelphia County","Philadelphia City","Sep 2,2025","Oct 31,2026",-75.1048743,39.9830707
"206",50322,"E342","Eating Place Retail Dispenser (Malt)","Active","H & M BEER, INC.","H & M BEER, INC.","1344 E LUZERNE ST, PHILADELPHIA PA 19124-5360","1344 E LUZERNE ST, PHILADELPHIA PA 19124-5360","HANK LAI & MAILY LAI","HANK LAI","Philadelphia County","Philadelphia City","Jul 21,2025","Oct 31,2026",-75.1013749,40.0073302
"207",62192,"E4219","Eating Place Retail Dispenser (Malt)","Safekeeping","JOELA INC","JOELA INC","2200 N BROAD ST, PHILADELPHIA PA 19132-4501","2200 N BROAD ST, PHILADELPHIA PA 19132-4501",NA,"JU Y KIM","Philadelphia County","Philadelphia City","Aug 20,2025","Oct 31,2026",-75.156598,39.986584
"208",120279,"G56278","Brewery","Active","TWO LOCALS BREWING LLC","TWO LOCALS BREWING CO","3675 MARKET ST STE 100, PHILADELPHIA PA 19104-2897","3675 MARKET ST STE 100, PHILADELPHIA PA 19104-2897","WEXFORD-SCEC  3675 MARKET STREET LLC","RICHARD S KOILOR","Philadelphia County","Philadelphia City","Jan 12,2026","Dec 31,2026",-75.1954195,39.9568535
"209",59518,"G400","Brewery","Active","PHILADELPHIA BREWERS & BOTTLERS LLC","PHILADELPHIA BREWERS & BOTTLERS LLC","2423-39 AMBER ST, PHILADELPHIA PA 19125-1606","2423-39 AMBER ST, PHILADELPHIA PA 19125-1606",NA,"WILLIAM BARTON","Philadelphia County","Philadelphia City","Nov 10,2025","Dec 31,2026",-75.1274959,39.982708
"210",129690,"G61039","Brewery","Active","REQUIEM BIER LLC","REQUIEM BAR & BIER","2852-2870 MEMPHIS ST  UNIT A, PHILADELPHIA PA 19134","2852-2870 MEMPHIS ST  UNIT A, PHILADELPHIA PA 19134","CELTIC BUILDERS LLC","KEVIN A GEIDOSCH","Philadelphia County","Philadelphia City","Sep 9,2025","Dec 31,2026",-75.11462,39.985293
"211",96237,"G41945","Brewery","Active","DOCK STREET BREWERY SOUTH LLC","DOCK STREET BREWERY SOUTH","2118 WASHINGTON AVE, PHILADELPHIA PA 19146","1734 SYLVAN LANE, GLADWYNE PA 19035","THOMAS DONATUCCI","RENATA E VESEY","Philadelphia County","Philadelphia City","Sep 10,2026","Dec 31,2026",-75.1793326,39.9392081
"212",45625,"H5835","Hotel (Liquor)","Active","THE RITZ CARLTON HOTEL COMPANY LLC","THE RITZ-CARLTON, PHILADELPHIA","10 AVE OF THE ARTS, PHILADELPHIA PA 19102-2598","10 AVE OF THE ARTS, PHILADELPHIA PA 19102-2598","PHILADELPHIA HOSPITALITY PARTNERS LP","LEONARD W BUCKLEY","Philadelphia County","Philadelphia City","Jul 15,2025","Oct 31,2026",-75.1643429,39.9512132
"213",127579,"H59833","Hotel (Liquor)","Active","SCHOLAR HOTELS, LLC","COURTYARD BY MARRIOTT-PHILADELPHIA CITY AVENUE","4100 PRESIDENTIAL BLVD, PHILADELPHIA PA 19131-1702","4100 PRESIDENTIAL BLVD, PHILADELPHIA PA 19131-1702","CLBW ASSOCIATES A LIMITED PARTNERSHIP","CAITLIN M HALLINAN","Philadelphia County","Philadelphia City","Jul 14,2025","Oct 31,2026",-75.2106659,40.0069291
"214",125562,"I712","Importer","Active","IATESTA IMPORTS LLC","IATESTA IMPORTS","6545 LANSDOWNE AVE, PHILADELPHIA PA 19151-3317","6545 LANSDOWNE AVE, PHILADELPHIA PA 19151-3317","ANTHONY L IATESTA",NA,"Philadelphia County","Philadelphia City","Jun 30,2026","Jun 30,2027",-75.2513473,39.9748462
"215",44290,"I698","Importer","Active","LOEST & MCNAMEE, INC.","BOUTIQUE WINE COLLECTION","2000 BENNETT RD, PHILADELPHIA PA 19101","2000 BENNETT RD, PHILADELPHIA PA 19101",NA,NA,"Philadelphia County","Philadelphia City","Apr 20,2026","Jun 30,2027",-75.0112234,40.1090548
"216",92744,"IA37845","Transporter for Hire Class A","Active","THE BOTTLE SHOP INC","THE BOTTLE SHOP","1616 E PASSYUNK AVE, PHILADELPHIA PA 19148-1122","1616 E PASSYUNK AVE, PHILADELPHIA PA 19148-1122",NA,NA,"Philadelphia County","Philadelphia City","Nov 20,2025","Dec 31,2026",-75.1641361,39.929541
"217",105105,"IA46410","Transporter for Hire Class A","Active","LOOKING UP, INC.","LOOKING UP INC","264 SOUTH 16TH ST, PHILADELPHIA PA 19102-3357","264 SOUTH 16TH ST, PHILADELPHIA PA 19102-3357",NA,NA,"Philadelphia County","Philadelphia City","Oct 16,2025","Dec 31,2026",-75.1682927,39.9477272
"218",106316,"IB61473","Transporter for Hire Class B","Active","TAYLORSYD LLC","TAYLORSYD LLC","242 WHARTON ST(FRONT), PHILADELPHIA PA 19147","242 WHARTON ST(FRONT), PHILADELPHIA PA 19147",NA,NA,"Philadelphia County","Philadelphia City","Nov 5,2025","Dec 31,2026",-75.1496775,39.9314497
"219",109683,"ID46905","Importing Distributor (Malt)","Active","JSZH BEV INC","JSZH BEV INC","2636 E YORK ST, PHILADELPHIA PA 19125","2636 E YORK ST, PHILADELPHIA PA 19125","L & M Real Estate Developments LLC","ZOHAIB JAVED","Philadelphia County","Philadelphia City","Oct 30,2025","Oct 31,2026",-75.1218644,39.9755762
"220",108722,"K52136","Winery","Active","MATELOT LLC","MATELOT","2155 CASTOR AVE, PHILADELPHIA PA 19134","3418 28TH ST #3R, ASTORIA NY 11106","STERLING PAPER LOFTS LLC","JONATHAN K JACKMAN","Philadelphia County","Philadelphia City","Dec 22,2025","Dec 31,2026",-75.0968494,39.9987797
"221",111062,"LK50352","Limited Winery","Active","FORIN LLC","FORIN","2525 FRANKFORD AVE, PHILADELPHIA PA 19125-1708","2525 FRANKFORD AVE, PHILADELPHIA PA 19125-1708","SAINT BERNARD HOLDING GROUP LLC","KYLE D HORNE","Philadelphia County","Philadelphia City","Oct 14,2025","Dec 31,2026",-75.1251375,39.9837041
"222",71842,"PAF99","Performing Arts Facility","Active","THE TRUSTEES OF THE UNIVERSITY OF PENNSYLVANIA","THE TRUSTEES OF THE UNIVERSITY OF PENNSYLVANIA","3680 WALNUT ST, PHILADELPHIA PA 19104-6219","3680 WALNUT ST, PHILADELPHIA PA 19104-6219",NA,"ELIZABETH A JAMIESON","Philadelphia County","Philadelphia City","Aug 14,2026","Oct 31,2026",-75.1963984,39.9529067
"223",59502,"PAF56","Performing Arts Facility","Active","PHILADELPHIA THEATRE COMPANY","PHILADELPHIA THEATRE COMPANY","480 S BROAD ST, PHILADELPHIA PA 19146-1617","480 S BROAD ST, PHILADELPHIA PA 19146-1617",NA,"EMILY J ZECK","Philadelphia County","Philadelphia City","Oct 31,2025","Oct 31,2026",-75.1654997,39.9448916
"224",69585,"PAF95","Performing Arts Facility","Active","CBM FOOD SERVICES INC","CATERING BY MARIO'S","33RD & RIDGE AVE, PHILADELPHIA PA 19132","33RD & RIDGE AVE, PHILADELPHIA PA 19132",NA,"JOHN INCOLLINGO","Philadelphia County","Philadelphia City","Jul 7,2025","Oct 31,2026",NA,NA
"225",102431,"PV49162","Public Venue Restaurant","Active","ARAMARK SPORTS AND ENTERTAINMENT SERVICES LLC","UNIVERSITY OF PENNSYLVANIA","233 S 33RD ST, PHILADELPHIA PA 19104","233 S 33RD ST, PHILADELPHIA PA 19104",NA,"MAREK P MADEJA","Philadelphia County","Philadelphia City","Nov 4,2025","Oct 31,2026",-75.1899224,39.9497942
"226",125381,"PV57915","Public Venue Restaurant","Active","OVATIONS FOOD SERVICES LP","MILLER THEATER","250 S BROAD ST, PHILADELPHIA PA 19102-5022","250 S BROAD ST, PHILADELPHIA PA 19102-5022",NA,"JOSHUA I JENKINS","Philadelphia County","Philadelphia City","Aug 13,2025","Oct 31,2026",-75.1649138917047,39.9476124805847
"227",72136,"R7421","Restaurant (Liquor)","Active","APM CLUB INC","APM CLUB INC","1416 CHANCELLOR ST, PHILADELPHIA PA 19102-3811","1416 CHANCELLOR ST, PHILADELPHIA PA 19102-3811",NA,"ZACHARY WEITHONER","Philadelphia County","Philadelphia City","Sep 22,2025","Oct 31,2026",-75.1651117,39.9486535
"228",105173,"R5276","Restaurant (Liquor)","Active","NOM NOM JAPANESE KITCHEN LLC","NOM NOM JAPANESE KITCHEN LLC","725 WALNUT ST & 725-727-729 WALNUT ST BSMT, PHILADELPHIA PA 19106-3208","3210 NAPOLI WAY, PHILADELPHIA PA 19145","725 Walnut Street Real Estate Investors LP","ALAN J SU","Philadelphia County","Philadelphia City","Sep 2,2025","Oct 31,2026",-75.1536461,39.9481408
"229",113226,"R9512","Restaurant (Liquor)","Active","K-POT SOUTH PHILLY LLC","K-POT S","330 OREGON AVE, PHILADELPHIA PA 19148-4723","330 OREGON AVE, PHILADELPHIA PA 19148-4723","SOUTHWHIT SHOPPING CENTER ASSOCIATES","DONG    HUANG","Philadelphia County","Philadelphia City","Aug 26,2025","Oct 31,2026",-75.1552677,39.9135449
"230",50969,"R7123","Restaurant (Liquor)","Active","MOONLIGHT CUISINE INC.","MOONLIGHT CUISINE INC.","6834 LIMEKILN PK, PHILADELPHIA PA 19138-3109","6834 LIMEKILN PK, PHILADELPHIA PA 19138-3109",NA,"STAFFORD FEARON","Philadelphia County","Philadelphia City","Nov 6,2025","Oct 31,2026",-75.1528679,40.0583791
"231",105335,"R13599","Restaurant (Liquor)","Active","THE GIANT COMPANY LLC","THE GIANT COMPANY LLC","2201 COTTMAN AVE STE 001, PHILADELPHIA PA 19149-1232","2201 COTTMAN AVE STE 001, PHILADELPHIA PA 19149-1232","ARD COTTMAN LLC","MARTIN N GUENTHER","Philadelphia County","Philadelphia City","Aug 14,2025","Oct 31,2026",-75.0601856,40.0483481
"232",47368,"R882","Restaurant (Liquor)","Active","PASSION BAR AND RESTAURANT, INC.","PASSION BAR AND RESTAURANT, INC.","4827 RISING SUN AVE, PHILADELPHIA PA 19120-4211","4827 RISING SUN AVE, PHILADELPHIA PA 19120-4211",NA,"ALBA BURGOS","Philadelphia County","Philadelphia City","Aug 12,2025","Oct 31,2026",-75.1234747,40.0239413
"233",91880,"R15497","Restaurant (Liquor)","Active","1444 RESTAURANT GROUP LLC","1444 RESTAURANT GROUP LLC","1444 FRANKFORD AVE, PHILADELPHIA PA 19125-4410","1444 FRANKFORD AVE, PHILADELPHIA PA 19125-4410","S & L Real Estate LLC","THOMAS K GLEASON","Philadelphia County","Philadelphia City","Sep 24,2025","Oct 31,2026",-75.1343184,39.9728687
"234",81025,"R1776","Restaurant (Liquor)","Active","SANSOM STREET PARTNERS LLC","SANSOM STREET PARTNERS LLC","1514-16-18 SANSOM ST 2ND FL, PHILADELPHIA PA 19102-2808","1514-16-18 SANSOM ST 2ND FL, PHILADELPHIA PA 19102-2808","JUDITH MINK","DANIEL J MCLAUGHLIN","Philadelphia County","Philadelphia City","Apr 9,2026","Oct 31,2026",-75.1679411,39.9503943
"235",86119,"R404","Restaurant (Liquor)","Active","GECC2 LLC","GECC2 LLC","414 S 2ND ST, PHILADELPHIA PA 19147-1608","161 WASHINGTON ST STE 900, CONSHOHOCKEN PA 19428-2085","IRONSTONE PHOENIXILLE ENTERPRISES LLC","KELSEY R BUSH","Philadelphia County","Philadelphia City","Sep 11,2025","Oct 31,2026",-75.1456349,39.9427703
"236",83829,"R1503","Restaurant (Liquor)","Active","NTM GROUP LLC","NTM GROUP LLC","1706 N 5TH ST, PHILADELPHIA PA 19122-2909","1216 CREASE ST, PHILADELPHIA PA 19125-3902","RGW GROUP LLC","NIALL T MURPHY","Philadelphia County","Philadelphia City","Oct 29,2025","Oct 31,2026",-75.1436789,39.9771687
"237",90932,"R3387","Restaurant (Liquor)","Active","LND POUR GROUP LLC","LND POUR GROUP LLC","1627-31 PACKER AVE, PHILADELPHIA PA 19145","1627-31 PACKER AVE, PHILADELPHIA PA 19145","CERCO INVESTMENTS LLC","NORA E CERONE","Philadelphia County","Philadelphia City","Sep 16,2025","Oct 31,2026",-75.1762472,39.9125576
"238",133550,"R11319","Restaurant (Liquor)","Active","DOWN AT DINO'S BAR & GRILL INC","DOWN AT DINO'S BAR & GRILL INC","226 MARKET ST, PHILADELPHIA PA 19106-2815","1139 SHACKAMAXON ST, PHILADELPHIA PA 19125","DOWN AT DINO'S BAR & GRILL INC","GARETH P MCDONALD","Philadelphia County","Philadelphia City","Jun 16,2026","Oct 31,2026",-75.1447622,39.9497967
"239",100092,"R14160","Restaurant (Liquor)","Active","THEBOARDANDBREWPA LLC","THE BOARD AND BREW","3200 CHESTNUT ST WEST BLDG RETAIL A, PHILADELPHIA PA 19104","3200 CHESTNUT ST WEST BLDG RETAIL A, PHILADELPHIA PA 19104",NA,"MICHAEL C ADGIE","Philadelphia County","Philadelphia City","Jul 29,2025","Oct 31,2026",-75.1892727,39.9538874
"240",101574,"R7371","Restaurant (Liquor)","Active","PANASIAN BUFFET INC","PANASIAN BUFFET","811 ADAMS AVE UNIT 12, PHILADELPHIA PA 19124","811 ADAMS AVE UNIT 12, PHILADELPHIA PA 19124","ADAMS PLAZA ASSOCIATES GP","WEN BIN ZHENG","Philadelphia County","Philadelphia City","Jul 30,2025","Oct 31,2026",-75.1046963,40.0316214
"241",102348,"R6639","Restaurant (Liquor)","Active","H MART PHILADELPHIA LLC","H MART","6201 N FRONT ST #124, PHILADELPHIA PA 19120","6201 N FRONT ST #124, PHILADELPHIA PA 19120","ADAM'S RUN SHOPPING CENTER ASSOC LP","YOUNG G EOM","Philadelphia County","Philadelphia City","Aug 29,2025","Oct 31,2026",-75.1175037,40.0450077
"242",72605,"R11420","Restaurant (Liquor)","Active","BROWNS IA LLC","BROWNS IA LLC","2946 ISLAND AVE, PHILADELPHIA PA 19153-2026","15950 N DALLAS PKY STE 400, DALLAS TX 75248",NA,"THERESA FELDER","Philadelphia County","Philadelphia City","Sep 23,2025","Oct 31,2026",-75.2415253,39.8997708
"243",61173,"R1356","Restaurant (Liquor)","Active","1860 EV INC","1860 EV INC","1860-62 E ALLEGHENY AVE, PHILADELPHIA PA 19134-3120","1860-62 E ALLEGHENY AVE, PHILADELPHIA PA 19134-3120","SOPHEAK PHANN","VY ENG","Philadelphia County","Philadelphia City","Sep 11,2025","Oct 31,2026",-75.1125275,39.9951349
"244",72393,"R8972","Restaurant (Liquor)","Active","ORTNOLIBS LLC","ORTNOLIBS LLC","847 N 3RD ST, PHILADELPHIA PA 19123-2203","847 N 3RD ST, PHILADELPHIA PA 19123-2203",NA,"KYLE COSTILL","Philadelphia County","Philadelphia City","Oct 16,2025","Oct 31,2026",-75.1421716,39.9645753
"245",68287,"R11289","Restaurant (Liquor)","Active","SOUTH BOWL INC","SOUTH BOWL INC","19 E OREGON AVE, PHILADELPHIA PA 19148-4109","19 E OREGON AVE, PHILADELPHIA PA 19148-4109",NA,"LEEMOR ALIZA MINDEL DASKAL","Philadelphia County","Philadelphia City","Jun 10,2026","Oct 31,2026",-75.1471491,39.9142952
"246",65605,"R2603","Restaurant (Liquor)","Active","SHAKE SHACK SANSOM STREET PHILADELPHIA LLC","SHAKE SHACK","2000-02 SANSOM ST, PHILADELPHIA PA 19103-4417","2000-02 SANSOM ST, PHILADELPHIA PA 19103-4417",NA,"WILLIAM B KING","Philadelphia County","Philadelphia City","Sep 5,2025","Oct 31,2026",-75.173849,39.951136
"247",112955,"R1597","Restaurant (Liquor)","Active","DSG SPORTS LOUNGE LLC","DSG SPORTS LOUNGE LLC","2700 E CAMBRIA ST, PHILADELPHIA PA 19134-5618","2700 E CAMBRIA ST, PHILADELPHIA PA 19134-5618","DSG SPORTS LOUNGE LLC","HSIANG Y HO","Philadelphia County","Philadelphia City","Sep 12,2025","Oct 31,2026",-75.110199,39.98006
"248",59774,"R877","Restaurant (Liquor)","Active","KITE AND KEY GASTROPUB INC","KITE AND KEY GASTROPUB INC","1836-42 CALLOWHILL ST, PHILADELPHIA PA 19130-4110","1836-42 CALLOWHILL ST, PHILADELPHIA PA 19130-4110",NA,"JAMES W KIRK","Philadelphia County","Philadelphia City","Apr 6,2026","Oct 31,2026",-75.1696907,39.9603656
"249",93875,"R568","Restaurant (Liquor)","Active","SHAKE SHACK PENNSYLVANIA LLC","SHAKE SHACK","105 S 12TH  ST, PHILADELPHIA PA 19107","105 S 12TH  ST, PHILADELPHIA PA 19107","105 S 12TH STREET PARTNERS LP","JUAN A PEREZ","Philadelphia County","Philadelphia City","Sep 5,2025","Oct 31,2026",-75.1602064,39.9499753
"250",64958,"R427","Restaurant (Liquor)","Active","5568 MARCY INC","5568 MARCY INC","5568 SPRUCE ST, PHILADELPHIA PA 19139-3933","5568 SPRUCE ST, PHILADELPHIA PA 19139-3933",NA,"XUN LIN","Philadelphia County","Philadelphia City","Jul 7,2025","Oct 31,2026",-75.233912,39.9553799
"251",116983,"R2986","Restaurant (Liquor)","Active","KIDDO PHL LLC","KIDDO PHL LLC","1136 PINE ST, PHILADELPHIA PA 19107-6036","1136 PINE ST, PHILADELPHIA PA 19107-6036","AMCD DELANCEY PINE LLC","WYATT A PIAZZA","Philadelphia County","Philadelphia City","Jul 23,2025","Oct 31,2026",-75.161244,39.944951
"252",119471,"R2488","Restaurant (Liquor)","Active","CHESTNUT BARRIGA LLC","CHESTNUT BARRIGA","703 CHESTNUT ST, PHILADELPHIA PA 19106-2315","4443 SPRUCE ST, PHILADELPHIA PA 19104-5832","JMDEAN INVESTMENT LLC","KEVIN  R BARRIGA","Philadelphia County","Philadelphia City","Aug 12,2025","Oct 31,2026",-75.1524883,39.9497251
"253",11529,"R4663","Restaurant (Liquor)","Active","RON-ROD TAVERN, INC.","RON-ROD TAVERN, INC.","1228 N 52ND ST, PHILADELPHIA PA 19131-4343","1228 N 52ND ST, PHILADELPHIA PA 19131-4343",NA,"RANDOLPH FISHER","Philadelphia County","Philadelphia City","Jul 11,2025","Oct 31,2026",-75.2262832,39.9722811
"254",59374,"R359","Restaurant (Liquor)","Active","2222 HUNTING INC","2222 HUNTING INC","2222-28 W HUNTING PARK AVE, PHILADELPHIA PA 19140-3817","2222-28 W HUNTING PARK AVE, PHILADELPHIA PA 19140-3817",NA,"JENNIFER LIM","Philadelphia County","Philadelphia City","Aug 14,2025","Oct 31,2026",-75.165262,40.010337
"255",12307,"R6584","Restaurant (Liquor)","Active","KIM'S RESTAURANT, INC.","KIM'S RESTAURANT, INC.","5941-55 N 5TH ST, PHILADELPHIA PA 19120","5941-55 N 5TH ST, PHILADELPHIA PA 19120",NA,"YOUNGGU KIM","Philadelphia County","Philadelphia City","Jul 30,2025","Oct 31,2026",-75.1289907,40.0421959
"256",66919,"R1959","Restaurant (Liquor)","Active","PNK HEAD HOUSE LLC","PNK HEAD HOUSE LLC","421 S 2ND ST, PHILADELPHIA PA 19147","421 S 2ND ST, PHILADELPHIA PA 19147",NA,"PATRICK J PAWLICZEK","Philadelphia County","Philadelphia City","Mar 26,2026","Oct 31,2026",-75.1449586,39.9422883
"257",120838,"R3460","Restaurant (Liquor)","Active","FACILITY CONCESSION SERVICES LLC","UNION TRANSFER","1026 SPRING GARDEN ST, PHILADELPHIA PA 19123-3306","1026 SPRING GARDEN ST, PHILADELPHIA PA 19123-3306","SA 1026 SPRING GARDEN LP","MONIQUE M NICKLOUS","Philadelphia County","Philadelphia City","Aug 6,2025","Oct 31,2026",-75.1553133,39.9613412
"258",66081,"R8689","Restaurant (Liquor)","Active","P & P CATERERS WEST INC","P & P CATERERS WEST INC","1075 SOUTHAMPTON RD, PHILADELPHIA PA 19116-1307","1075 SOUTHAMPTON RD, PHILADELPHIA PA 19116-1307",NA,"JOSEPH MILILLO","Philadelphia County","Philadelphia City","Aug 12,2026","Oct 31,2026",-75.0025146,40.1263868
"259",129759,"R4617","Restaurant (Liquor)","Active","NEW ADD-ON PROFIT INC","CHINA GOURMET","2842 ST VINCENT ST, PHILADELPHA PA 19149","2842 ST VINCENT ST, PHILADELPHA PA 19149","HLK GROUP LP","JUN WEI JIM","Philadelphia County","Philadelphia City","Jul 16,2025","Oct 31,2026",-75.0550961,40.0411998
"260",94492,"R8996","Restaurant (Liquor)","Active","COLLIGAS FAMILY MARKETS LP","SHOPRITE","330 W OREGON AVE, PHILADELPHIA PA 19148-4723","330 W OREGON AVE, PHILADELPHIA PA 19148-4723","SOUTH WHIT SHOPPING CENTER ASSOCIATES","PRINCESS M ALANGUILAN","Philadelphia County","Philadelphia City","Aug 25,2025","Oct 31,2026",-75.1552677,39.9135449
"261",89752,"R15464","Restaurant (Liquor)","Active","SHALEEMENTERPRISE2 LLC","SHALEEMENTERPRISE2 LLC","119 SOUTH ST, PHILADELPHIA PA 19147","7200 MERION TRACE APT D 304, UPPER DARBY PA 19082","AUSTIN SOUTH STREET LIMITED PARTNERSHIP","SHALEEM PERVEZ","Philadelphia County","Philadelphia City","Oct 31,2025","Oct 31,2026",-75.1448014,39.9412228
"262",51748,"R3871","Restaurant (Liquor)","Active","LAMBERTI RESTAURANTS FRANCHISE, LLC","LAMBERTI RESTAURANTS FRANCHISE, LLC","1926-1928 LIACOURS WALK  UNIT D, PHILADELPHIA PA 19122-6027","1926-1928 LIACOURS WALK  UNIT D, PHILADELPHIA PA 19122-6027",NA,"ROGER SCOTT","Philadelphia County","Philadelphia City","Oct 14,2025","Oct 31,2026",-75.155987,39.9822097
"263",119254,"R7579","Restaurant (Liquor)","Active","ERIE'S LA CABANA LLC","ERIE'S LA CABANA LLC","740 W ERIE AVE, PHILADELPHIA PA 19140-4433","740 W ERIE AVE, PHILADELPHIA PA 19140-4433","HONGLAI LIN","JAZMIN R KLINE","Philadelphia County","Philadelphia City","Oct 8,2025","Oct 31,2026",-75.1417088,40.0077686
"264",30168,"R5312","Restaurant (Liquor)","Active","BALA INN, INC.","BALA INN, INC.","5004 CITY AVE, PHILADELPHIA PA 19131-1414","PO Box 28178, PHILADELPHIA PA 19131-8178",NA,"CYNTHIA BORISH","Philadelphia County","Philadelphia City","Sep 26,2025","Oct 31,2026",-75.2285098,40.0000378
"265",40229,"R4144","Restaurant (Liquor)","Active","LOOKING UP, INC.","LOOKING UP, INC.","264 SOUTH 16TH ST, PHILADELPHIA PA 19102-3357","264 SOUTH 16TH ST, PHILADELPHIA PA 19102-3357",NA,"THOMAS J PETERS","Philadelphia County","Philadelphia City","Jul 9,2025","Oct 31,2026",-75.1682927,39.9477272
"266",66866,"R3255","Restaurant (Liquor)","Active","201 DELI INC","201 DELI INC","3509-15 GERMANTOWN AVE, PHILADELPHIA PA 19140-4223","3509-15 GERMANTOWN AVE, PHILADELPHIA PA 19140-4223",NA,"DONG LEE","Philadelphia County","Philadelphia City","Aug 25,2025","Oct 31,2026",-75.1497291,40.0063439
"267",56963,"R3897","Restaurant (Liquor)","Active","JP 1502 INC","JP 1502 INC","1502 BROWN ST, PHILADELPHIA PA 19130-2906","1502 BROWN ST, PHILADELPHIA PA 19130-2906",NA,"DONNA DELONG","Philadelphia County","Philadelphia City","Sep 25,2025","Oct 31,2026",-75.1623247,39.9679964
"268",9274,"R208","Restaurant (Liquor)","Active","SALOON ENTERPRISES INC","THE SALOON","750-754 S 7TH ST, PHILADELPHIA PA 19147-2944","750-754 S 7TH ST, PHILADELPHIA PA 19147-2944",NA,"RICHARD SANTORE","Philadelphia County","Philadelphia City","Jul 25,2025","Oct 31,2026",-75.1545609,39.9398657
"269",120310,"R11163","Restaurant (Liquor)","Active","SUPERETTE PASSYUNK LLC","SUPERETTE","1538-40 E PASSYUNK AVE, PHILADELPHPHIA PA 19147","1538-40 E PASSYUNK AVE, PHILADELPHPHIA PA 19147","PASSYUNK AVENUE REVITALIZATION CORPORATION","LUCAS B GRIGRI","Philadelphia County","Philadelphia City","Oct 3,2025","Oct 31,2026",-75.1633675,39.9301276
"270",118880,"R3639","Restaurant (Liquor)","Active","RED LION MANAGEMENT, LLC","RED LION MANAGEMENT, LLC","737 RED LION RD, PHILADELPHIA PA 19115-1321","737 RED LION RD, PHILADELPHIA PA 19115-1321",NA,"CHERYL A O'BRIEN","Philadelphia County","Philadelphia City","Jan 14,2026","Oct 31,2026",-75.0331636,40.1055958
"271",38253,"R1602","Restaurant (Liquor)","Active","BALLROOM MANAGEMENT COMPANY, INC.","BALLROOM MANAGEMENT COMPANY, INC.","BENJAMIN FRANKLIN HOUSE 834 CHESTNUT ST STE 210, PHILADELPHIA PA 19107","BENJAMIN FRANKLIN HOUSE 834 CHESTNUT ST STE 210, PHILADELPHIA PA 19107",NA,"THOMAS FINLEY","Philadelphia County","Philadelphia City","Aug 8,2025","Oct 31,2026",-75.1551984,39.9493904
"272",102528,"R8539","Restaurant (Liquor)","Active","OTARU LLC","OTARU LLC","146-148 SOUTH ST, PHILADELPHIA PA 19147-2415","916 S 20TH ST UNIT B, PHILADELPHIA PA 19146",NA,"LISA ALLEN","Philadelphia County","Philadelphia City","May 11,2026","Oct 31,2026",-75.1454015,39.9410263
"273",102776,"R46080","Restaurant (Liquor)","Active","STADIUM CASINO RE LLC","LIVE! CASINO & HOTEL PHILADELPHIA","900 PACKER AVE, PHILADELPHIA PA 19148-5130","601 E PRATT ST 6TH FL, BALTIMORE MD 21202","STADIUM CASINO RE LLC","TRACEY M WITCHKO","Philadelphia County","Philadelphia City","Aug 31,2026","Oct 31,2026",-75.1650519,39.9095408
"274",33860,"R645","Restaurant (Liquor)","Active","M.T.K. 7412 FRANKFORD, INC.","M.T.K. 7412 FRANKFORD, INC.","7412 FRANKFORD AVE, PHILADELPHIA PA 19136-3809","7412 FRANKFORD AVE, PHILADELPHIA PA 19136-3809",NA,"ANTHONY P LENEGHAN","Philadelphia County","Philadelphia City","Sep 2,2025","Oct 31,2026",-75.0375958,40.0382269
"275",70872,"R5431","Restaurant (Liquor)","Active","DAN DAN 126 LLC","DAN DAN 126 LLC","126 S 16TH ST, PHILADELPHIA PA 19102-2820","126 S 16TH ST, PHILADELPHIA PA 19102-2820",NA,"JYHYANG HUANG","Philadelphia County","Philadelphia City","Sep 15,2025","Oct 31,2026",-75.167606,39.950255
"276",71374,"R11295","Restaurant (Liquor)","Active","1128 LUZERNE INC","1128 LUZERNE INC","1124-28 E LUZERNE ST, PHILADELPHIA PA 19124-5235","1124-28 E LUZERNE ST, PHILADELPHIA PA 19124-5235",NA,"YAYU ZENG","Philadelphia County","Philadelphia City","Jul 8,2025","Oct 31,2026",-75.105686,40.0078869
"277",80776,"R1492","Restaurant (Liquor)","Active","MILLERS ALE HOUSE INC","MILLERS ALE HOUSE","2100 S COLUMBUS BLVD, PHILADELPHIA PA 19148-2801","2100 S COLUMBUS BLVD, PHILADELPHIA PA 19148-2801","DELAWARE EAST ASSOCIATES LP","BRIAN J SCHANNE","Philadelphia County","Philadelphia City","Jul 23,2025","Oct 31,2026",-75.1417682,39.9202133
"278",100893,"R7149","Restaurant (Liquor)","Active","OLD NELSON FOOD PA TEN LLC","OLD NELSON FOOD COMPANY","1100 W MONTGOMERY AVE SPACE D, PHILADELPHIA PA 19122","1100 W MONTGOMERY AVE SPACE D, PHILADELPHIA PA 19122","WESTMONT NORTH ASSOCIATES LP","GYESUN LEE","Philadelphia County","Philadelphia City","Aug 25,2025","Oct 31,2026",-75.1532232,39.9794209
"279",95747,"R3057","Restaurant (Liquor)","Active","CRYBABY SOUTH THIRD STREET LLC","CRYBABY FOOD & WINE","627 S 3RD & 243 BAINBRIDGE STS, PHILADELPHIA PA 19147","627 S 3RD & 243 BAINBRIDGE STS, PHILADELPHIA PA 19147","THIRD BAINBRIDGE PARTNERS, LP","JOHN L FOY, JR.","Philadelphia County","Philadelphia City","Apr 9,2026","Oct 31,2026",NA,NA
"280",49770,"R6673","Restaurant (Liquor)","Active","1600 EMILY, INC.","1600 EMILY, INC.","1600 S 16TH ST, PHILADELPHIA PA 19145-1504","1600 S 16TH ST, PHILADELPHIA PA 19145-1504",NA,"KAIMIANG LEE","Philadelphia County","Philadelphia City","Sep 8,2025","Oct 31,2026",-75.1718322,39.930837
"281",57069,"R3826","Restaurant (Liquor)","Active","HARBISON INN INC","HARBISON INN INC","4201-4211 COMLY ST, PHILADELPHIA PA 19135-3903","4201-4211 COMLY ST, PHILADELPHIA PA 19135-3903",NA,"MARGARET NEKKAB","Philadelphia County","Philadelphia City","Jul 9,2025","Oct 31,2026",-75.0634418,40.0227483
"282",101354,"R4528","Restaurant (Liquor)","Active","CALHOUN RESTAURANT CORPORATION","CALHOUN RESTAURANT CORPORATION","1520 E PASSYUNK AVE, PHILADELPHIA PA 19147-6323","1520 E PASSYUNK AVE, PHILADELPHIA PA 19147-6323","PASSYUNK AVENUE REVITALIZATION CORPORATION","SCOTT M CALHOUN","Philadelphia County","Philadelphia City","Aug 21,2026","Oct 31,2026",-75.1629002,39.9305765
"283",52017,"R2554","Restaurant (Liquor)","Active","1338 BT, INC.","1338 BT, INC.","1338 W CAMBRIA ST, PHILADELPHIA PA 19132-2742","1338 W CAMBRIA ST, PHILADELPHIA PA 19132-2742",NA,"BOUNHOR TANG","Philadelphia County","Philadelphia City","Apr 3,2026","Oct 31,2026",-75.1531089,39.9967878
"284",46363,"R13529","Restaurant (Liquor)","Active","THURSDAY ENTERPRISES LLC","CUBA LIBRE","10-14-16 S SECOND ST, PHILADELPHIA PA 19106-2802","10-14-16 S SECOND ST, PHILADELPHIA PA 19106-2802",NA,"AARON L BOWERS","Philadelphia County","Philadelphia City","Mar 26,2026","Oct 31,2026",-75.14736,39.9343908
"285",26635,"R15385","Restaurant (Liquor)","Active","LE PEARL, INC.","LE PEARL, INC.","328 N 54TH ST, PHILADELPHIA PA 19139-2004","328 N 54TH ST, PHILADELPHIA PA 19139-2004",NA,"PATRICE SMITH","Philadelphia County","Philadelphia City","Sep 2,2025","Oct 31,2026",-75.2280127,39.9658347
"286",42467,"R7675","Restaurant (Liquor)","Active","LOU LEWIS, INC.","LOU LEWIS, INC.","1328 COTTMAN AVE, PHILADELPHIA PA 19111-3606","1328 COTTMAN AVE, PHILADELPHIA PA 19111-3606",NA,"JOSEPH J LEWIS","Philadelphia County","Philadelphia City","Aug 7,2025","Oct 31,2026",-75.078111,40.0578513
"287",14816,"R11240","Restaurant (Liquor)","Active","STARBOARD SIDE, INC.","STARBOARD SIDE","2500 E NORRIS ST, PHILADELPHIA PA 19125-3521","2500 E NORRIS ST, PHILADELPHIA PA 19125-3521",NA,"KEVIN R O'DONNELL","Philadelphia County","Philadelphia City","Jan 8,2026","Oct 31,2026",-75.1261618,39.9759531
"288",120398,"R15530","Restaurant (Liquor)","Active","NOM NOM POKE LLC","NOM NOM POKE LLC","604 SOUTH ST, PHILADELPHIA PA 19147-2102","3210 NAPOLI  WAY, PHILADELPHIA  PA 19145","Axelrod Giannascoli Realty Group I","PETER  M MOORADIAN","Philadelphia County","Philadelphia City","Sep 2,2025","Oct 31,2026",-75.152643,39.9419068
"289",69238,"R15504","Restaurant (Liquor)","Active","GIRARD PUB INVESTORS L P","GIRARD PUB INVESTORS L P","19-21 W GIRARD AVE STE 100, PHILADELPHIA PA 19123-1718","19-21 W GIRARD AVE STE 100, PHILADELPHIA PA 19123-1718",NA,"CASEY PARKER","Philadelphia County","Philadelphia City","Aug 22,2025","Oct 31,2026",-75.135161,39.968914
"290",63738,"R1465","Restaurant (Liquor)","Active","HOP SING RESTAURANT GROUP INC","HOP SING RESTAURANT GROUP INC","1029 RACE ST, PHILADELPHIA PA 19107-1830","1029 RACE ST, PHILADELPHIA PA 19107-1830",NA,"ELLIOT MCLAUGHLIN","Philadelphia County","Philadelphia City","Oct 15,2025","Oct 31,2026",-75.1568715,39.9556909
"291",59614,"R13585","Restaurant (Liquor)","Active","PARC RESTAURANT PARTNERS LP","PARC","227-29 S 18TH ST  SUITE 101, PHILADELPHIA PA 19103-6183","227-29 S 18TH ST  SUITE 101, PHILADELPHIA PA 19103-6183",NA,"LAUREN B SHANDELMAN","Philadelphia County","Philadelphia City","Jun 1,2026","Oct 31,2026",-75.1706774,39.9491671
"292",70647,"R1924","Restaurant (Liquor)","Active","FUWA DELI LLC","FUWA DELI LLC","3987 FORD RD, PHILADELPHIA PA 19131-2807","3987 FORD RD, PHILADELPHIA PA 19131-2807",NA,"GUI HUANG","Philadelphia County","Philadelphia City","Aug 8,2025","Oct 31,2026",-75.2094122,39.9999593
"293",51932,"R7823","Restaurant (Liquor)","Active","12 STEPS DOWN, LLC","12 STEPS DOWN, LLC","BSMT 831-833 CHRISTIAN ST & 831 CHRISTIAN ST, PHILADELPHIA PA 19147-3927","BSMT 831-833 CHRISTIAN ST & 831 CHRISTIAN ST, PHILADELPHIA PA 19147-3927",NA,"DANIELLE RENZALLI","Philadelphia County","Philadelphia City","Apr 8,2026","Oct 31,2026",NA,NA
"294",34856,"R777","Restaurant (Liquor)","Active","KELLIANN, INC.","KELLIANN, INC.","1549 SPRING GARDEN ST, PHILADELPHIA PA 19130-4008","1549 SPRING GARDEN ST, PHILADELPHIA PA 19130-4008",NA,"JOHN P OCONNOR II","Philadelphia County","Philadelphia City","Mar 27,2026","Oct 31,2026",-75.1645119,39.9631117
"295",131296,"R5596","Restaurant (Liquor)","Active","PELICANA CHICKEN N BEER LLC","PELICANA CHICKEN N BEER LLC","4002-4004 SPRUCE ST BASEMENT, PHILADELPHIA PA 19104-4025","4002-4004 SPRUCE ST BASEMENT, PHILADELPHIA PA 19104-4025","WILLIAM J SCHOEPE, RUTH SCHEOPE, WILLIAM J SCHEOPE JR & ROBERT C SCHEOPE","KI YONG KIM","Philadelphia County","Philadelphia City","Sep 19,2025","Oct 31,2026",-75.2032849,39.9515216
"296",87464,"R11088","Restaurant (Liquor)","Active","DOLGENCORP LLC","DOLGENCORP LLC","1001 N 2ND ST STE 7, PHILADELPHIA PA 19123-1656","100 MISSION RIDGE, GOODLETTSVILLE TN 37072-2171","PIAZZA PARTNERS I LP","ZAKIA M BETRAND","Philadelphia County","Philadelphia City","Oct 29,2025","Oct 31,2026",-75.1400435,39.9665935
"297",133599,"R1438","Restaurant (Liquor)","Active","FIREHOUSE HOSPITALITY LLC","FIREHOUSE HOSPITALITY LLC","1528-30 SANSOM ST, PHILADELPHIA PA 19102-2804","1528-30 SANSOM ST, PHILADELPHIA PA 19102-2804","1528 SANSOM ST ET AL","MICHAEL P KEARNEY","Philadelphia County","Philadelphia City","Mar 24,2026","Oct 31,2026",-75.166951,39.950273
"298",126178,"R1717","Restaurant (Liquor)","Active","MEREZ INC","MEREZ INC","101 W OXFORD ST, PHILADELPHIA PA 19122","13 W STATE ST, MEDIA PA 19063","ZCA FRONT STREET QOZB LLC","JOSE F RAMIREZ-HERNANDEZ","Philadelphia County","Philadelphia City","Dec 10,2025","Oct 31,2026",-75.134737,39.974556
"299",67591,"R6198","Restaurant (Liquor)","Active","THE VICTORIA FREEHOUSE LLC","THE VICTORIA FREEHOUSE LLC","10 S FRONT ST, PHILADELPHIA PA 19106-3001","10 S FRONT ST, PHILADELPHIA PA 19106-3001",NA,"DANNY M CARDONA","Philadelphia County","Philadelphia City","Mar 23,2026","Oct 31,2026",-75.1424705,39.9493466
"300",108651,"R11091","Restaurant (Liquor)","Active","BLONDIE ON MAIN LLC","BLONDIE ON MAIN LLC","4417 -4419 MAIN ST, PHILADELPHIA PA 19127","4417 -4419 MAIN ST, PHILADELPHIA PA 19127","MAIN STREET PROPERTIES II LP","ASHLEY WENTZEL MOLESKI  CORNMAN","Philadelphia County","Philadelphia City","Sep 22,2025","Oct 31,2026",-75.2253958,40.0263369
"301",81866,"R15474","Restaurant (Liquor)","Active","7100 DICKS INC","7100 DICKS INC","7100 DICKS AVE, PHILADELPHIA PA 19153-2402","7100 DICKS AVE, PHILADELPHIA PA 19153-2402","LI PING LIN","YUGUANG LIN","Philadelphia County","Philadelphia City","Aug 15,2025","Oct 31,2026",-75.2361406,39.9135341
"302",53252,"R13501","Restaurant (Liquor)","Active","411 MAJA LEAGUE, INC.","411 MAJA LEAGUE, INC.","411-13 E PENN ST, PHILADELPHIA PA 19144-5803","411-13 E PENN ST, PHILADELPHIA PA 19144-5803",NA,"MICHELE THOMAS","Philadelphia County","Philadelphia City","Jul 1,2025","Oct 31,2026",-75.1639552,40.0370762
"303",64195,"R180","Restaurant (Liquor)","Active","GIVE SOME BACK LLC","GIVE SOME BACK LLC","4421 MAIN ST, PHILADELPHIA PA 19127-1325","4421 MAIN ST, PHILADELPHIA PA 19127-1325",NA,"ANTHONY IMPERIALE","Philadelphia County","Philadelphia City","Aug 15,2025","Oct 31,2026",-75.2255096,40.0263614
"304",71719,"R15397","Restaurant (Liquor)","Active","WOLFGANG PUCK CATERING AND EVENTS LLC","WOLFGANG PUCK CATERING AND EVENTS LLC","1000 FRANKFORD AVE, PHILADELPHIA PA 19125","15950 N DALLAS PKY STE 400, DALLAS TX 75248",NA,"DANA M PINNOCK","Philadelphia County","Philadelphia City","Jul 3,2025","Oct 31,2026",-75.1346806,39.9649452
"305",69835,"R8542","Restaurant (Liquor)","Active","UNION TRUST EVENTS INC","UNION TRUST EVENTS INC","1414 S PENN SQUARE, UNIT 16D, PHILADELPHIA PA 19102","1414 S PENN SQUARE, UNIT 16D, PHILADELPHIA PA 19102",NA,"MICHELLE J FINLEY","Philadelphia County","Philadelphia City","Aug 8,2025","Oct 31,2026",-75.1649518,39.9514887
"306",104659,"R13754","Restaurant (Liquor)","Active","SYD 5911 INC","SYD 5911 INC","5911 N BROAD ST, PHILADELPHIA PA 19141-1801","5911 N BROAD ST, PHILADELPHIA PA 19141-1801","AJ 5911 LLC","LOPEZ F JONES JR","Philadelphia County","Philadelphia City","Nov 5,2025","Oct 31,2026",-75.1434228,40.0432441
"307",65838,"R8504","Restaurant (Liquor)","Active","PL PHASE ONE OPERATIONS LP","STATESIDE LIVE!","1100 PATTISON AVE, PHILADELPHIA PA 19148","1100 PATTISON AVE, PHILADELPHIA PA 19148",NA,"JUSTIN P DESALVO","Philadelphia County","Philadelphia City","Jun 24,2026","Oct 31,2026",-75.1688823,39.9044194
"308",120289,"R3790","Restaurant (Liquor)","Active","THE GIANT COMPANY LLC","GIANT FOOD STORE #6549","1001-29 S BROAD ST  STE 11, PHILADELPHIA PA 19147","1149 HARRISBURG PIKE, CARLISLE PA 17013-1607","BW PROPERTY OWNER LLC","RASHAN J HEMBRY","Philadelphia County","Philadelphia City","Mar 5,2026","Oct 31,2026",-75.1663106,39.9387089
"309",9597,"R759","Restaurant (Liquor)","Active","G A N INC","G A N INC","1700 W ALLEGHENY AVE, PHILADELPHIA PA 19132-1605","1700 W ALLEGHENY AVE, PHILADELPHIA PA 19132-1605",NA,"LENG TAING","Philadelphia County","Philadelphia City","Jul 3,2025","Oct 31,2026",-75.1578899,40.0019971
"310",35897,"R16061","Restaurant (Liquor)","Active","JAINE & NIRALI CORP.","JAINE & NIRALI CORP.","1608 S DELAWARE AVE, PHILADELPHIA PA 19148-1403","1608 S DELAWARE AVE, PHILADELPHIA PA 19148-1403",NA,"ROHIT PATEL","Philadelphia County","Philadelphia City","Aug 26,2025","Oct 31,2026",-75.1374138,39.913678
"311",132843,"R9162","Restaurant (Liquor)","Safekeeping","HERITAGE RESTAURANT AND HOSPITALITY GROUP INC","HERITAGE RESTAURANT AND HOSPITALITY GROUP INC","1731 WASHINGTON AVE, PHILADELPHIA PA 19146","1731 WASHINGTON AVE, PHILADELPHIA PA 19146","1702 ALTER STREET LP","ANGELINA M NARDUCCI","Philadelphia County","Philadelphia City","Aug 5,2026","Oct 31,2026",-75.1727759,39.9387889
"312",133718,"R5765","Restaurant (Liquor)","Safekeeping","MICHAEL'S LA VERANDA INC","LA VERANDA","3 N CHRISTOPHER COLUMBUS BLVD PIER 3 PENNS LANDING, PHILADELPHIA PA 19106","9010 ROOSEVELT BLVD, PHILADELPHIA PA 19115-4909","MICHAEL'S LA VERANDA INC",NA,"Philadelphia County","Philadelphia City","Jun 29,2026","Oct 31,2026",-75.1396636,39.9504776
"313",98383,"R3044","Restaurant (Liquor)","Safekeeping","PICANHA GROUP LLC","PICANHA CHURRASCARIA STEAKHOUSE","1111 LOCUST ST, PHILADELPHIA PA 19107-5890","1111 LOCUST ST, PHILADELPHIA PA 19107-5890","WU LOCUST C1, LP","JOAO P MIRANDA","Philadelphia County","Philadelphia City","May 14,2026","Oct 31,2026",-75.159542,39.9477453
"314",95701,"R1355","Restaurant (Liquor)","Safekeeping","JIFFY RESTAURANT PARTNERS LLC","JIFFY RESTAURANT PARTNERS LLC","1036 SPRING GARDEN ST, PHILADELPHIA PA 19123","1036 SPRING GARDEN ST, PHILADELPHIA PA 19123","SA 1026 SPRING GARDEN LP","JESSICA A MOORE","Philadelphia County","Philadelphia City","Mar 10,2026","Oct 31,2026",-75.156043,39.9614364
"315",17993,"R16476","Restaurant (Liquor)","Safekeeping","R L CURBIE INC","R. L. CURBIE, INC.","6058 CASTOR AVE, PHILADELPHIA PA 19149-3205","6058 CASTOR AVE, PHILADELPHIA PA 19149-3205",NA,"DESIREE A CORREA","Philadelphia County","Philadelphia City","Aug 21,2026","Oct 31,2026",-75.0813478,40.035727
"316",133371,"SO61548","Special Occasion Permit","Active","UNITED STREET ART","UNITED STREET ART","5131 W GIRARD AVE, PHILADELPHIA PA 19131-4403","5131 W GIRARD AVE, PHILADELPHIA PA 19131-4403",NA,NA,"Philadelphia County","Philadelphia City","Jul 23,2026","Dec 31,2026",-75.2246041,39.9719153
"317",131091,"SO60963","Special Occasion Permit","Active","NEWBOLD COMMUNITY DEVELOPMENT CORPORATION","NEWBOLD COMMUNITY DEVELOPMENT CORPORATION","1513 MCKEAN ST, PHILADELPHIA PA 19145","1437 W PASSYUNK AVE, PHILADELPHIA PA 19145-2311",NA,NA,"Philadelphia County","Philadelphia City","May 19,2026","Dec 31,2026",-75.1715543,39.9260199
"318",130942,"SO60852","Special Occasion Permit","Active","ST. JOHN CANTIUS ROMAN CATHOLIC CHURCH","ST JOHN CANTIUS ROMAN CATHOLIC CHURCH","4415 ALMOND ST, PHILADELPHIA PA 19137-1610","4415 ALMOND ST, PHILADELPHIA PA 19137-1610",NA,NA,"Philadelphia County","Philadelphia City","May 29,2026","Dec 31,2026",-75.0751706,40.0001828
"319",133252,"SO61518","Special Occasion Permit","Active","PHILLYBOMBAPLENA CULTURAL CENTER INC","PHILLYBOMBAPLENA CULTURAL CENTER INC","1801-05 N 2ND ST, PHILADELPHIA PA 19122-2355","1801-05 N 2ND ST, PHILADELPHIA PA 19122-2355",NA,NA,"Philadelphia County","Philadelphia City","Apr 9,2026","Dec 31,2026",-75.137553,39.977785
"320",130929,"SO60887","Special Occasion Permit","Active","ASIAN ARTS INITIATIVE","ASIAN ARTS INITIATIVE","1219 VINE ST, PHILADELPHIA PA 19107","1219 VINE ST, PHILADELPHIA PA 19107",NA,NA,"Philadelphia County","Philadelphia City","Apr 7,2026","Dec 31,2026",-75.1593264,39.9579392
"321",130239,"SO60399","Special Occasion Permit","Active","EAST FALLS FORWARD","EAST FALLS FORWARD","3721 MIDVALE AVE, PHILADELPHIA PA 19129-1743","3721 MIDVALE AVE, PHILADELPHIA PA 19129-1743",NA,NA,"Philadelphia County","Philadelphia City","Apr 7,2026","Dec 31,2026",-75.1935242,40.0097205
"322",108737,"SO48611","Special Occasion Permit","Active","BREWERS ASSOCIATION INC","BREWERS ASSOCIATION INC","1327 SPRUCE ST, BOULDER CO 80302-4807","1327 SPRUCE ST, BOULDER CO 80302-4807",NA,NA,"Philadelphia County","Philadelphia City","Oct 27,2025","Dec 31,2026",-105.2782834,40.0196314
"323",134697,"R15472","Restaurant (Liquor)","Pending","EMEI OLD CITY LLC","EMEI OLD CITY LLC","125 WALNUT ST, PHILADELPHIA PA 19106-3016","125 WALNUT ST, PHILADELPHIA PA 19106-3016",NA,NA,"Philadelphia County","Philadelphia City",NA,"Oct 31,2026",-75.14392,39.9468959
"324",134224,"R8991","Restaurant (Liquor)","Pending","SANROD INC","AQUA","4101 PAUL ST, PHILADELPHIA PA 19124-4607","4101 PAUL ST, PHILADELPHIA PA 19124-4607",NA,NA,"Philadelphia County","Philadelphia City",NA,"Oct 31,2026",-75.0894258,40.0065341
"325",134408,"E311","Eating Place Retail Dispenser (Malt)","Pending","7301 ROCKWELL INC","7301 ROCKWELL INC","7301 ROCKWELL AVE, PHILADELPHIA PA 19111","1216 S 9TH ST, ALLENTOWN PA 18103",NA,NA,"Philadelphia County","Philadelphia City",NA,"Oct 31,2026",-75.086078,40.0632329
"326",134516,"E1941","Eating Place Retail Dispenser (Malt)","Pending","1800 RIDGE DELI INC","1800 RIDGE DELI INC","1800 RIDGE AVE, PHILADELPHIA PA 19130","1800 RIDGE AVE, PHILADELPHIA PA 19130",NA,NA,"Philadelphia County","Philadelphia City",NA,"Oct 31,2026",-75.1662048,39.97157
"327",125872,"R85","Restaurant (Liquor)","Pending","HERMAN ROSSI ASSOCIATES LLC","HERMAN ROSSI ASSOCIATES LLC","1803 RIDGE AVE, PHILADELPHIA PA 19130-1546","43 GROVE AVE, VERONA NJ 07044-1610",NA,NA,"Philadelphia County","Philadelphia City",NA,"Oct 31,2024",-75.1660525,39.9719855
"328",134396,"R2772","Restaurant (Liquor)","Pending","18CHEST11 LLC","18CHEST11 LLC","1811-19 CHESTNUT ST  UNIT #1, PHILADELPHIA PA 19103","901 N DELAWARE AVE, PHILADELPHIA PA 19123-3110",NA,NA,"Philadelphia County","Philadelphia City",NA,"Oct 31,2026",-75.1708881,39.952043
"329",121005,"A59402","Distillery","Active","STATESIDE BRANDS LLC","STATESIDE URBANCRAFT VODKA","161 CECIL B MOORE AVE UNIT 103, PHILADELPHIA PA 19122-3234","161 CECIL B MOORE AVE UNIT 103, PHILADELPHIA PA 19122-3234","161-73 CECIL B MOORE, LP","MAX J KLICK","Philadelphia County","Philadelphia City","Jun 18,2026","Dec 31,2026",-75.1374339,39.976359
"330",12,"AE17","Alcohol Tax-Exempt","Active","THOMAS JEFFERSON UNIVERSITY","THOMAS JEFFERSON UNIVERSITY","PHARMACY DEPT 2260 GIBBON BLDG 111 S 11TH ST, PHILADELPHIA PA 19107-4824","PHARMACY DEPT 2260 GIBBON BLDG 111 S 11TH ST, PHILADELPHIA PA 19107-4824",NA,NA,"Philadelphia County","Philadelphia City","Jan 8,2025","Dec 31,2028",-75.1586857,39.9490645
"331",66131,"AE943","Alcohol Tax-Exempt","Active","SHRINERS HOSPITAL PEDIATRIC RESEARCH CENTER (SHPRC)","SHRINERS HOSPITAL PEDIATRIC RESEARCH CENTER (SHPRC)","3500 N BROAD ST MEBB 6TH FL, PHILADELPHIA PA 19140-4106","3500 N BROAD ST MEBB 6TH FL, PHILADELPHIA PA 19140-4106",NA,NA,"Philadelphia County","Philadelphia City","Sep 10,2024","Dec 31,2028",-75.1522838,40.0063511
"332",100620,"AL44319","Limited Distillery","Active","TH DISTILLING LLC","HIMMEL HOUSE SPIRITS","1713R MCKEAN ST, PHILADELPHIA PA 19145","459 HUSTON RD, RADNOR PA 19087","HASSENFEFFER LLC","TIMOTHY J HAAS","Philadelphia County","Philadelphia City","Feb 27,2026","Dec 31,2026",-75.1745883,39.9265687
"333",131408,"AL61436","Limited Distillery","Safekeeping","JAKK & DEE SPIRITS CO LLC","JAKK & DEE SPIRITS CO LLC","1638 W PASSYUNK AVE, PHILADELPHIA PA 19145-3846","1638 W PASSYUNK AVE, PHILADELPHIA PA 19145-3846","MARLENE CIPOLLINI AND DOMINICK A CIPOLLINI JR","DERRICK A LONG JR","Philadelphia County","Philadelphia City","Mar 16,2026","Dec 31,2026",-75.1743684,39.9244289
"334",64230,"AR131","Airport Restaurant (Liquor)","Active","DELTA AIR LINES INC","DELTA SKY CLUB","1 PHILADELPHIA INTERNATIONAL AIRPORT STE 25, PHILADELPHIA PA 19153","1 PHILADELPHIA INTERNATIONAL AIRPORT STE 25, PHILADELPHIA PA 19153","CITY OF PHILADELPHIA","MILLICENT HARDAWAY","Philadelphia County","Philadelphia City","Dec 19,2025","Oct 31,2026",-75.2436987,39.8729797
"335",3096,"C1120","Club (Liquor)","Safekeeping","POLISH AMERICAN ASSN","POLISH AMERICAN ASSN","1455 S 28TH ST, PHILADELPHIA PA 19146","1455 S 28TH ST, PHILADELPHIA PA 19146","SANDYCO GROUP LLC","RUDY YAMIN","Philadelphia County","Philadelphia City","Aug 1,2025","Oct 31,2026",-75.1908211,39.9347146
"336",821,"C1098","Club (Liquor)","Active","ST CASIMIRS POST NO 652 INC CATHOLIC WAR VETERANS","ST CASIMIRS POST NO 652 INC CATHOLIC WAR VETERANS","1524 S 2ND ST, PHILADELPHIA PA 19147-6106","1524 S 2ND ST, PHILADELPHIA PA 19147-6106","ST CASIMIRS POST NO 652 INC CATHOLIC WAR VETERANS","MICHAEL D CONROY","Philadelphia County","Philadelphia City","Oct 15,2025","Oct 31,2026",-75.148612,39.9285159
"337",43392,"C6344","Club (Liquor)","Active","ANCIENT ORDER OF HIBERNIANS DIV 61","ANCIENT ORDER OF HIBERNIANS DIV 61","4131 RHAWN ST, PHILADELPHIA PA 19136-2712","PO BOX 65576, PHILADELPHIA PA 19136-2712","ANCIENT ORDER OF HIBERNIANS DIV 61","GARRY M THOMAS","Philadelphia County","Philadelphia City","Sep 2,2025","Oct 31,2026",-75.0274235,40.0407082
"338",109502,"C48950","Club (Liquor)","Active","ANCIENT ORDER OF HIBERNIANS IN AMERICA PH 88","ANCIENT ORDER OF HIBERNIANS IN AMERICA PH 88","15000 BUSTLETON AVE, PHILADELPHIA PA 19116","15000 BUSTLETON AVE, PHILADELPHIA PA 19116","HOME ASSOCIATION OF MOTHER KATHERINE DREXEL","THOMAS P BOYLE","Philadelphia County","Philadelphia City","Oct 6,2025","Oct 31,2026",-75.0108906,40.1333809
"339",1587,"C3343","Club (Liquor)","Active","AMERICAN LEGION LINCOLN POST NO 89","AMERICAN LEGION LINCOLN POST NO 89","1940-42 FEDERAL ST, PHILADELPHIA PA 19146","1940-42 FEDERAL ST, PHILADELPHIA PA 19146","AMERICAN LEGION LINCOLN POST NO 89","DIANA E FIELDS","Philadelphia County","Philadelphia City","Oct 14,2025","Oct 31,2026",-75.1764431,39.9370669
"340",961,"C1470","Club (Liquor)","Active","THE UNITED REPUBLICAN CLUB 25TH WARD","THE UNITED REPUBLICAN CLUB 25TH WARD","3156-58 FRANKFORD AVE, PHILADELPHIA PA 19134","3156-58 FRANKFORD AVE, PHILADELPHIA PA 19134","THE UNITED REPUBLICAN CLUB 25TH WARD","FRANCIS EVANS","Philadelphia County","Philadelphia City","Aug 26,2025","Oct 31,2026",-75.110854,39.9929429
"341",682,"CC705","Catering Club (Liquor)","Active","MAYFIELD SOCIAL CLUB","MAYFIELD SOCIAL CLUB","1219-29 ST JAMES ST 202-204 S CAMAC ST, PHILADELPHIA PA 19107-5403","1219-29 ST JAMES ST 202-204 S CAMAC ST, PHILADELPHIA PA 19107-5403","ESBERT LLC","MARTIN HENRY GILLISPIE","Philadelphia County","Philadelphia City","Mar 17,2026","Oct 31,2026",-75.161724,39.948375
"342",3183,"CC1642","Catering Club (Liquor)","Active","GREATER KENSINGTON STRING BAND INC.","GREATER KENSINGTON STRING BAND INC.","7235 EDMUND ST, PHILADELPHIA PA 19135-1303","7235 EDMUND ST, PHILADELPHIA PA 19135-1303","GREATER KENSINGTON STRING BAND INC.","MICHAEL KAVCHOK","Philadelphia County","Philadelphia City","Aug 8,2025","Oct 31,2026",-75.034091,40.0283761
"343",101183,"D2625","Distributor (Malt)","Active","2241 AAROHI LLC","2241 AAROHI LLC","2241 W CLEARFIELD ST 2244 W LIPPINCOTT ST, PHILADELPHIA PA 19132-1444","6257 PATRICK HENRY CRT, BENSALEM PA 19020","MAKWANA  MANOJKUMAR","TUSHAR D PATEL","Philadelphia County","Philadelphia City","Sep 2,2025","Oct 31,2026",-75.1676579,40.0021147
"344",118957,"D3378","Distributor (Malt)","Active","1824 WEST MONT LLC","MONTGOMERY BEER DISTRIBUTOR","1824 W MONTGOMERY AVE, PHILADELPHIA PA 19121-3139","1824 W MONTGOMERY AVE, PHILADELPHIA PA 19121-3139","IAN LEONARD","RICHARD J WILLIAMS","Philadelphia County","Philadelphia City","Mar 26,2026","Oct 31,2026",-75.164853,39.9810338
"345",71948,"D1949","Distributor (Malt)","Active","SAM & D BEVERAGE INC","SAM & D BEVERAGE INC","2352-2354 BONSALL ST, PHILADELPHIA PA 19145-3211","2352-2354 BONSALL ST, PHILADELPHIA PA 19145-3211","SHA LI","SHA LI","Philadelphia County","Philadelphia City","Sep 2,2025","Oct 31,2026",-75.1859141,39.9227822
"346",47327,"D1750","Distributor (Malt)","Active","GANRP CORPORATION","BEER EXPRESS","11730 BUSTLETON AVE, PHILADELPHIA PA 19116-2516","11730 BUSTLETON AVE, PHILADELPHIA PA 19116-2516","POSEL ENTERPRISES","RAMESH PARMAR","Philadelphia County","Philadelphia City","Jul 22,2025","Oct 31,2026",-75.0179654,40.1199534
"347",129306,"D2260","Distributor (Malt)","Active","3RP LLC","3RP LLC","1240 E ERIE AVE UNIT 5, PHILADELPHIA PA 19124","3000 FORD RD APT K29, BRISTOL PA 19007","ERIE PLAZA PHILADELPHIA, LLC","SATYAM R BRAHMBHATT","Philadelphia County","Philadelphia City","Jul 9,2025","Oct 31,2026",-75.1044576,40.0049548
"348",118560,"DWS54798","Direct Wine Shipper","Active","THE VERMOUTHERY, LLC","THE VERMOUTHERY LLC","3300 HENRY AVE UNIT 2, PHILADELPHIA PA 19129-1141","3300 HENRY AVE UNIT 2, PHILADELPHIA PA 19129-1141",NA,NA,"Philadelphia County","Philadelphia City","Dec 29,2025","Dec 31,2026",-75.1846058,40.0117697
"349",133714,"E4374","Eating Place Retail Dispenser (Malt)","Active","TRISHOOL INC","TOWN FOOD MARKET","428-430 S 13TH ST STORE NO 2, PHILADELPHIA PA 19147-1143","428-430 S 13TH ST STORE NO 2, PHILADELPHIA PA 19147-1143","ALVIN M LEVIN & SONS INC","VISHANT B PATEL","Philadelphia County","Philadelphia City","Jul 15,2026","Oct 31,2026",-75.1634911,39.9445321
"350",59492,"E105","Eating Place Retail Dispenser (Malt)","Active","KINGS FOOD AND DELI INC","KINGS FOOD AND DELI INC","6210-6212 BUSTLETON AVE, PHILADELPHIA PA 19149-3431","6210-6212 BUSTLETON AVE, PHILADELPHIA PA 19149-3431",NA,"VANESSA M GUEVARA-PEREZ","Philadelphia County","Philadelphia City","Jan 17,2026","Oct 31,2026",-75.072188,40.0333265
"351",65229,"E290","Eating Place Retail Dispenser (Malt)","Active","SKY BEER DELI INC","SKY BEER DELI INC","3401-05 GERMANTOWN AVE, PHILADELPHIA PA 19140-5311","3401-05 GERMANTOWN AVE, PHILADELPHIA PA 19140-5311",NA,"TON TRAN","Philadelphia County","Philadelphia City","Jul 18,2025","Oct 31,2026",-75.1490822,40.0045024
"352",111728,"E1718","Eating Place Retail Dispenser (Malt)","Active","KIMCI MARKET INC","KIMCI MARKET INC","7401 STENTON AVE, PHILADELPHIA PA 19150-3709","7401 STENTON AVE, PHILADELPHIA PA 19150-3709","LU CENTER LP","JENNY YI","Philadelphia County","Philadelphia City","Aug 5,2025","Oct 31,2026",-75.1669591,40.0607129
"353",53755,"E113","Eating Place Retail Dispenser (Malt)","Active","63 CVA, INC.","63 CVA, INC.","2501 N 31ST ST, PHILADELPHIA PA 19132-2925","2501 N 31ST ST, PHILADELPHIA PA 19132-2925",NA,"CHRISTOPHER AUN","Philadelphia County","Philadelphia City","Aug 11,2025","Oct 31,2026",-75.1822831,39.9944511
"354",126650,"E811","Eating Place Retail Dispenser (Malt)","Active","RIVIERA CAFE INC","RIVIERA CAFE","7959A CASTOR AVE 1FL, PHILADELPHIA PA 19152-3222","7959A CASTOR AVE 1FL, PHILADELPHIA PA 19152-3222","ARTAN & STELA BILALI","ARBEN BILALAJ","Philadelphia County","Philadelphia City","Aug 12,2025","Oct 31,2026",-75.0561963,40.0612656
"355",103475,"E123","Eating Place Retail Dispenser (Malt)","Active","EL PUEBLITO FOOD AND BEVERAGE INC","EL PUEBLO","1137 S 9TH ST, PHILADELPHIA PA 19147","1137 S 9TH ST, PHILADELPHIA PA 19147","SHAO XIANG CHAI","FLORENCIA G ROJAS","Philadelphia County","Philadelphia City","Nov 10,2025","Oct 31,2026",-75.1584958,39.9353892
"356",55566,"E4282","Eating Place Retail Dispenser (Malt)","Active","NIMOL INC","NIMOL INC","2604 GERMANTOWN AVE, PHILADELPHIA PA 19133-1617","2604 GERMANTOWN AVE, PHILADELPHIA PA 19133-1617",NA,"LY PHIA CHIA","Philadelphia County","Philadelphia City","Jul 21,2025","Oct 31,2026",-75.148346,39.9916962
"357",32325,"E3908","Eating Place Retail Dispenser (Malt)","Active","C & S DELI, INC.","C & S DELI, INC.","1346 N 52ND ST, PHILADELPHIA PA 19131-4427","1346 N 52ND ST, PHILADELPHIA PA 19131-4427",NA,"JESUS R TEJADA","Philadelphia County","Philadelphia City","May 4,2026","Oct 31,2026",-75.2266319,39.9741271
"358",61532,"E1968","Eating Place Retail Dispenser (Malt)","Safekeeping","HAYAN INC","HAYAN INC","2047 CHESTNUT ST, PHILADELPHIA PA 19103-3307","2047 CHESTNUT ST, PHILADELPHIA PA 19103-3307",NA,"HAYAN YI","Philadelphia County","Philadelphia City","May 19,2026","Oct 31,2026",-75.1751723,39.9525262
"359",55164,"E231","Eating Place Retail Dispenser (Malt)","Safekeeping","SAURY INC","SAURY","3101 N FRONT ST, PHILADELPHIA PA 19133-4211","3101 N FRONT ST, PHILADELPHIA PA 19133-4211",NA,"YETY MEJIA","Philadelphia County","Philadelphia City","May 20,2026","Oct 31,2026",-75.1294149,39.9970321
"360",53207,"E197","Eating Place Retail Dispenser (Malt)","Active","SON VAN, INC.","SON VAN, INC.","5932 TORRESDALE AVE, PHILADELPHIA PA 19135-4127","5932 TORRESDALE AVE, PHILADELPHIA PA 19135-4127",NA,"SON NGUYEN","Philadelphia County","Philadelphia City","Jan 17,2026","Oct 31,2026",-75.059944,40.0175709
"361",122004,"G57734","Brewery","Active","SPACE CADET BREWING COMPANY LLC","SPACE CADET BREWING COMPANY","2825 ORMES ST #5G, PHILADELPHIA PA 19134","1228 N PALETHORP ST, PHILADELPHIA PA 19122","PAPERMILL ART STUDIOS LLC","RICHARD J TEVLIN","Philadelphia County","Philadelphia City","Nov 20,2025","Dec 31,2026",-75.1255749,39.9927804
"362",105074,"G46847","Brewery","Active","FILL IT UP AGAIN LLC","MEYERS BREWING COMPANY","436 E GIRARD AVE, PHILADELPHIA PA 19125-3326","436 E GIRARD AVE, PHILADELPHIA PA 19125-3326","GINGER REAL ESTATE HOLDINGS LLC","CHRISTOPHER J RHOADS-ROBBINS","Philadelphia County","Philadelphia City","May 1,2026","Dec 31,2026",-75.1291259,39.9704005
"363",125515,"GS59694","Brewery Storage","Active","SUCCESSION FERMENTORY LLC","SUCCESSION TAVERN","127 SPRUCE ST, PHILADELPHIA PA 19106-3907","322 PENNSYLVANIA AVE, AVONDALE PA 19311-1228",NA,"BENJAMIN DEVON","Philadelphia County","Philadelphia City","Nov 4,2025","Dec 31,2026",-75.1445891,39.9445479
"364",61826,"H6175","Hotel (Liquor)","Active","KIMPTON HOTEL & RESTAURANT GROUP LLC","HOTEL PALOMAR PHILADELPHIA","117 S 17TH ST, PHILADELPHIA PA 19103-5025","117 S 17TH ST, PHILADELPHIA PA 19103-5025","XHR HOLDING INC","MARK HAYES","Philadelphia County","Philadelphia City","Mar 27,2026","Oct 31,2026",-75.1686289,39.9508293
"365",70867,"H6464","Hotel (Liquor)","Active","SAGAMORE PHILADELPHIA LLC","SHERATON SUITES PHILADELPHIA AIRPORT","4101 B ISLAND AVE, PHILADELPHIA PA 19153-3226","6350 LBJ FWY #262, DALLAS TX 75240-6457",NA,"DEEPAK SUBBAIAH","Philadelphia County","Philadelphia City","Jul 22,2025","Oct 31,2026",-75.2325917,39.8909085
"366",70281,"H6433","Hotel (Liquor)","Active","AP RAD VENTURE LP","WARWICK HOTEL RITTENHOUSE SQUARE","220 S 17TH ST, PHILADELPHIA PA 19103-6147","317 E CARSON ST  STE 333, PITTSBURGH PA 15219","AP RAD VENTURE LP","SHAHRIAR PASDAR","Philadelphia County","Philadelphia City","Aug 19,2026","Oct 31,2026",-75.1695094,39.9493449
"367",66114,"H6307","Hotel (Liquor)","Active","HERSHA HOSPITALITY MANAGEMENT LP","THE RITTENHOUSE","202-214 W RITTENHOUSE SQ & 225 S 20TH ST, PHILADELPHIA PA 19103-5726","202-214 W RITTENHOUSE SQ & 225 S 20TH ST, PHILADELPHIA PA 19103-5726",NA,"GREGG R SKOWRONSKI","Philadelphia County","Philadelphia City","Aug 21,2025","Oct 31,2026",-75.1729313,39.9503485
"368",83411,"H33023","Hotel (Liquor)","Active","STUDY PHILADELPHIA OPERATING, LLC","STUDY PHILADELPHIA","20-40 SOUTH 33RD ST, PHILADELPHIA PA 19104","15 W 26TH ST SUITE 902, NEW YORK NY 10010","DREXEL UNIVERSITY","NICOLE M BELL","Philadelphia County","Philadelphia City","Jul 9,2026","Oct 31,2026",-75.19002,39.95453
"369",129883,"IA60176","Transporter for Hire Class A","Active","PA BEVERAGE LEASING LLC","PA BEVERAGE LEASING LLC","3000 MEETING HOUSE RD, PHILADELPHIA PA 19154-1027","3000 MEETING HOUSE RD, PHILADELPHIA PA 19154-1027",NA,NA,"Philadelphia County","Philadelphia City","Oct 27,2025","Dec 31,2026",-74.9696872,40.1119042
"370",63148,"ID523","Importing Distributor (Malt)","Active","WASCO BEVERAGE INC","WASCO BEVERAGE INC","1025 SPRING GARDEN ST, PHILADELPHIA PA 19123-3305","1025 SPRING GARDEN ST, PHILADELPHIA PA 19123-3305","LEFA WU","LEFA WU","Philadelphia County","Philadelphia City","Jul 16,2025","Oct 31,2026",-75.1554103,39.9619389
"371",102336,"LK45214","Limited Winery","Active","SHACKAMAXON WINES LLC","MURAL CITY CELLARS","1831 FRANKFORD AVE, PHILADELPHIA PA 19125","2054 E FLETCHER ST, PHILADELPHIA PA 19125","FRANKFORD SQFT LLC","TAHLIA D SUGGS","Philadelphia County","Philadelphia City","Mar 4,2026","Dec 31,2026",-75.1310734,39.9775831
"372",125378,"PV57916","Public Venue Restaurant","Active","OVATIONS FOOD SERVICES LP","THE ACADEMY OF MUSIC","240 S BROAD ST, PHILADELPHIA PA 19102","240 S BROAD ST, PHILADELPHIA PA 19102",NA,"JOSHUA I JENKINS","Philadelphia County","Philadelphia City","Jan 6,2026","Oct 31,2026",-75.1651409855777,39.948029221218
"373",59147,"R11164","Restaurant (Liquor)","Active","4055 CRESSON INC","4055 CRESSON INC","4055 CRESSON ST, PHILADELPHIA PA 19127-1720","4055 CRESSON ST, PHILADELPHIA PA 19127-1720",NA,"JASON KILCOYNE","Philadelphia County","Philadelphia City","Feb 3,2026","Oct 31,2026",-75.2172519,40.022755
"374",129449,"R2914","Restaurant (Liquor)","Active","SIDE EYE LLC","SIDE EYE LLC","623 S 6TH ST UNIT A, PHILADELPHIA PA 19147","623 S 6TH ST UNIT A, PHILADELPHIA PA 19147","JDS REAL ESTATE HOLDINGS LLC","HENRY R ALLINGHAM","Philadelphia County","Philadelphia City","Apr 13,2026","Oct 31,2026",-75.152221,39.941296
"375",16286,"R13690","Restaurant (Liquor)","Active","FELDERS ASSOCIATES INC.","VIBE'S LOUNGE","4043 LANCASTER AVE, PHILADELPHIA PA 19104-1753","4043 LANCASTER AVE, PHILADELPHIA PA 19104-1753","L.F.C. INCORPORATED","FLORENCE FURMAN","Philadelphia County","Philadelphia City","Apr 1,2026","Oct 31,2026",-75.2039048,39.9643768
"376",56500,"R11893","Restaurant (Liquor)","Active","816 ENTERPRISES INC","816 ENTERPRISES INC","816 N 12TH ST, PHILADELPHIA PA 19123-1963","816 N 12TH ST, PHILADELPHIA PA 19123-1963",NA,"ZHONGFENG ZHENG","Philadelphia County","Philadelphia City","Jul 16,2025","Oct 31,2026",-75.1566785,39.9677493
"377",59775,"R6940","Restaurant (Liquor)","Active","4010 LLC","4010 LLC","4010 ROBBINS ST & BSMT 4012 ROBBINS ST, PHILADELPHIA PA 19135-3016","4010 ROBBINS ST & BSMT 4012 ROBBINS ST, PHILADELPHIA PA 19135-3016",NA,"JOSEPH VICOLI","Philadelphia County","Philadelphia City","Jul 3,2025","Oct 31,2026",-75.0600454,40.0273284
"378",44218,"R4801","Restaurant (Liquor)","Active","CHICKIE'S AND PETE'S, INC.","CHICKIE'S & PETE'S CAFE","BOULEVARD PLAZA STORE 350 ROOSEVELT BLVD & HALDEMAN ST, PHILADELPHIA PA 19115","BOULEVARD PLAZA STORE 350 ROOSEVELT BLVD & HALDEMAN ST, PHILADELPHIA PA 19115",NA,"ERIN CORCORAN","Philadelphia County","Philadelphia City","Jul 3,2025","Oct 31,2026",-75.1174953,40.0259661
"379",128555,"R12431","Restaurant (Liquor)","Active","CAFE LIFT INC","CAFE LIFT","1124 SPRING GARDEN ST, PHILADELPHIA PA 19123-3316","1000 BUTTONWOOD ST, PHILADELPHIA PA 19123-3703","AC 1124 SPRING RIDGE LLC","RAHED ALBAROUKI","Philadelphia County","Philadelphia City","Nov 20,2025","Oct 31,2026",-75.1571603,39.9615625
"380",62919,"R2835","Restaurant (Liquor)","Active","CHE-KEV INC","CHE-KEV INC","4834-36 N BROAD ST, PHILADELPHIA PA 19141-2108","4834-36 N BROAD ST, PHILADELPHIA PA 19141-2108",NA,"SARITH TO","Philadelphia County","Philadelphia City","Apr 1,2026","Oct 31,2026",-75.1476961,40.0270508
"381",117404,"R6102","Restaurant (Liquor)","Active","THE-GOOD THE-BAD THE-UGLY LLC","SAMUEL GRITZ PUBLIC HOUSE","627-29 S 2ND ST, PHILADELPHIA PA 19147","627-29 S 2ND ST, PHILADELPHIA PA 19147","627-29 S 2ND LLC","FRANK W BELL III","Philadelphia County","Philadelphia City","Sep 9,2025","Oct 31,2026",-75.1456324,39.9404215
"382",93376,"R12934","Restaurant (Liquor)","Active","60TH HHS INC","THE SWANK","101 S 60TH ST, PHILADELPHIA PA 19139-3037","101 S 60TH ST, PHILADELPHIA PA 19139-3037","R-S 60 BAR, INC.","LY C SOK","Philadelphia County","Philadelphia City","Jul 28,2025","Oct 31,2026",-75.2408835,39.960286
"383",54348,"R15524","Restaurant (Liquor)","Active","TACONY 1 INC","TACONY 1 INC","4028 SHEFFIELD AVE., PHILADEPHIA PA 19136","4028 SHEFFIELD AVE., PHILADEPHIA PA 19136",NA,"BRUNO S MARCINKOWSKI JR","Philadelphia County","Philadelphia City","Aug 27,2025","Oct 31,2026",-75.0335948,40.0386294
"384",110030,"R3642","Restaurant (Liquor)","Active","JOE AND KAY PRODUCE LLC","JOE AND KAY","702-704 N 2ND ST, PHILADELPHIA PA 19123-3008","1127 N 4TH ST, PHILADELPHIA PA 19123","JOE AND JAY HOLDINGS LLC","OWEN KAMIHIRA","Philadelphia County","Philadelphia City","Aug 27,2025","Oct 31,2026",-75.1413923,39.9621048
"385",129277,"R12678","Restaurant (Liquor)","Active","ANGRY ROOSTER LLC","THE HAPPY ROOSTER","118 S 16TH ST & 1604 SANSOM ST, PHILADELPHIA PA 19102-2821","118 S 16TH ST & 1604 SANSOM ST, PHILADELPHIA PA 19102-2821","ESTATE OF SAMUEL RAPPAPORT","DEBORA I REID","Philadelphia County","Philadelphia City","Apr 29,2026","Oct 31,2026",-76.9106135,40.2393031
"386",85407,"R5787","Restaurant (Liquor)","Active","WHOLE FOODS MARKET GROUP LLC","WHOLE FOODS MARKET GROUP LLC","929 SOUTH ST, PHILADELPHIA PA 19147","929 SOUTH ST, PHILADELPHIA PA 19147","929 SOUTH STREET ASSOCIATES LP","SAMANTHA M WYCKOFF","Philadelphia County","Philadelphia City","Aug 21,2026","Oct 31,2026",-75.1577303,39.9428511
"387",104451,"R606","Restaurant (Liquor)","Active","JB&AL LLC","JB&AL LLC","5498 OXFORD AVE, PHILADELPHIA PA 19124-1126","5498 OXFORD AVE, PHILADELPHIA PA 19124-1126","H & L N LLC","WANDELL DE LA CRUZ MUNOZ","Philadelphia County","Philadelphia City","May 6,2026","Oct 31,2026",-75.0854566,40.0307934
"388",114051,"R4929","Restaurant (Liquor)","Active","MR PIG PHILLY LLC","MR PIG PHILLY LLC","1001-11 VINE ST & 314 N 10TH ST, PHILADELPHIA PA 19107","1001-11 VINE ST & 314 N 10TH ST, PHILADELPHIA PA 19107","EASTERN TOWER QALICB  LLC","ISAAC KIM","Philadelphia County","Philadelphia City","Jul 7,2025","Oct 31,2026",-118.3268316,34.0891682
"389",62297,"R2478","Restaurant (Liquor)","Active","DJF GROUP INC","DJF GROUP INC","7 RITNER ST, PHILADELPHIA PA 19148","7 RITNER ST, PHILADELPHIA PA 19148",NA,"ROGER ARTIGIANI","Philadelphia County","Philadelphia City","Sep 2,2025","Oct 31,2026",-75.1470892,39.9176361
"390",85065,"R3384","Restaurant (Liquor)","Active","PJP MARKETPLACE #1 LLC","PJP MARKETPLACE #1 LLC","3899 ARAMINGO AVE, PHILADELPHIA PA 19137-1003","3899 ARAMINGO AVE, PHILADELPHIA PA 19137-1003","DEP IMPROVEMENTS LP","JENNIFER R MCGURK","Philadelphia County","Philadelphia City","Mar 4,2026","Oct 31,2026",-75.0894941,39.9967184
"391",52490,"R7778","Restaurant (Liquor)","Active","SBI RESTAURANT PARTNERS, L.P.","SBI RESTAURANT PARTNERS, L.P.","1500 WALNUT ST, PHILADELPHIA PA 19102-3523","1500 WALNUT ST, PHILADELPHIA PA 19102-3523","1500 WALNUT ENTERPRISES LLC","PAR M MAHER","Philadelphia County","Philadelphia City","Dec 22,2025","Oct 31,2026",-75.1653734,39.9497864
"392",120842,"R15517","Restaurant (Liquor)","Active","ADAMS FAMILY TAVERN, INC","ADAMS FAMILY TAVERN, INC","4690 CASTOR AVE, PHILADELPHIA PA 19124-2473","4690 CASTOR AVE, PHILADELPHIA PA 19124-2473","RAGNAR CASTOR REAL ESTATE LLC","JESSICA L ADAMS","Philadelphia County","Philadelphia City","Apr 10,2026","Oct 31,2026",-75.09405,40.0224882
"393",69184,"R9556","Restaurant (Liquor)","Active","T W A 232 INC","T W A 232 INC","232 S 45TH ST, PHILADELPHIA PA 19104-2919","232 S 45TH ST, PHILADELPHIA PA 19104-2919","TEMSGEN WOLDEGZI","TEMSGEN WOLDEGZI","Philadelphia County","Philadelphia City","Nov 10,2025","Oct 31,2026",-75.2122164,39.9542469
"394",87792,"R230","Restaurant (Liquor)","Active","JPHARV, LLC","JPHARV, LLC","8101-11 E ROOSEVELT BLVD, PHILADELPHIA PA 19152-3013","8101-11 E ROOSEVELT BLVD, PHILADELPHIA PA 19152-3013",NA,"PATRICIA A HARVEY","Philadelphia County","Philadelphia City","Jun 27,2025","Oct 31,2026",-75.0804298,40.032932
"395",64664,"R1542","Restaurant (Liquor)","Active","WACKY ZAKI INC","WACKY ZAKI INC","10002-04 VERREE RD, PHILADELPHIA PA 19116-3612","10002-04 VERREE RD, PHILADELPHIA PA 19116-3612",NA,"JASON ZAKI","Philadelphia County","Philadelphia City","Sep 12,2025","Oct 31,2026",-75.0324753,40.1055278
"396",86562,"R5955","Restaurant (Liquor)","Active","THE ARTS CATERING LLC","THE ARTS CATERING LLC","1324 LOCUST ST, PHILADELPHIA PA 19107-5658","1324 LOCUST ST, PHILADELPHIA PA 19107-5658",NA,"JOHN HATZICOSTAS","Philadelphia County","Philadelphia City","Aug 27,2025","Oct 31,2026",-75.1637115,39.9478234
"397",127527,"R15339","Restaurant (Liquor)","Active","DOLLAR DOGS LLC","DOLLAR DOGS LLC","1712 S 10TH ST, PHILADELPHIA PA 19148-1644","1712 S 10TH ST, PHILADELPHIA PA 19148-1644",NA,"ALEX KASLOWITZ","Philadelphia County","Philadelphia City","Nov 21,2025","Oct 31,2026",-75.1620692,39.9279558
"398",58111,"R14256","Restaurant (Liquor)","Active","WEBB BROTHERS INC","WEBB BROTHERS INC","1527-29-31 CECIL B MOORE AVE, PHILADELPHIA PA 19121-3425","1527-29-31 CECIL B MOORE AVE, PHILADELPHIA PA 19121-3425",NA,"NATHANIEL WEBB","Philadelphia County","Philadelphia City","Jul 15,2025","Oct 31,2026",-75.1829526,39.9820875
"399",102554,"R8470","Restaurant (Liquor)","Active","VIZION1928 LLC","LB'S LOUNGE","5452-5454 N 5TH ST, PHILADELPHIA PA 19120-2802","5452-5454 N 5TH ST, PHILADELPHIA PA 19120-2802","Nguyet  Thi Anh  Tran","PATRICIA  E BLYTHE","Philadelphia County","Philadelphia City","Oct 10,2025","Oct 31,2026",-75.1311304,40.0349935
"400",65551,"R5530","Restaurant (Liquor)","Active","EL PATIO LOUNGE INC","EL PATIO LOUNGE INC","3454 H ST, PHILADELPHIA PA 19134-1351","3454 H ST, PHILADELPHIA PA 19134-1351",NA,"EDWIN TAPIA","Philadelphia County","Philadelphia City","Sep 17,2025","Oct 31,2026",-75.1125071,40.0010024
"401",63425,"R7590","Restaurant (Liquor)","Active","GLADURHAR LLC","GLADURHAR LLC","339 N 11TH ST, PHILADELPHIA PA 19107-1307","339 N 11TH ST, PHILADELPHIA PA 19107-1307",NA,"JOSETTE BONFINO","Philadelphia County","Philadelphia City","Aug 18,2025","Oct 31,2026",-75.156499,39.9587481
"402",116592,"R1802","Restaurant (Liquor)","Active","L'ASIE CINCIN LLC","CIN CIN","7838 GERMANTOWN AVE, PHILADELPHIA PA 19118-3527","7838 GERMANTOWN AVE, PHILADELPHIA PA 19118-3527","CIN CIN, INC.","ALAN L HUYNH","Philadelphia County","Philadelphia City","Jul 8,2025","Oct 31,2026",-75.199793,40.0691717
"403",103504,"R5573","Restaurant (Liquor)","Active","SUNSHINE UNITY INC","SUNSHINE UNITY INC","7980-82 OXFORD AVE, PHILADELPHIA PA 19111-2285","2630 FRANKLIN  AVE, BROOMALL PA 19008","SUNRISE UNITY GROUP LLC","YONGHUA JIANG","Philadelphia County","Philadelphia City","Jul 23,2025","Oct 31,2026",-75.0854338,40.0770489
"404",70805,"R2525","Restaurant (Liquor)","Active","2615 SOUTH STREET CORP","2615 SOUTH STREET CORP","2615 SOUTH ST, PHILADELPHIA PA 19146-1039","2615 SOUTH ST, PHILADELPHIA PA 19146-1039",NA,"JOHN M INEMER","Philadelphia County","Philadelphia City","Aug 29,2025","Oct 31,2026",-75.1837937,39.94607
"405",62827,"R2200","Restaurant (Liquor)","Active","SANG KEE NOODLE HOUSE, LLC","SANG KEE NOODLE HOUSE, LLC","3501 CHESTNUT ST, PHILADELPHIA PA 19104-3361","3501 CHESTNUT ST, PHILADELPHIA PA 19104-3361",NA,"HUGH KONG","Philadelphia County","Philadelphia City","Oct 6,2025","Oct 31,2026",-75.193948,39.9550089
"406",46199,"R6696","Restaurant (Liquor)","Active","4210, INC.","4210, INC.","4210 N 15TH ST, PHILADELPHIA PA 19140-1902","4210 N 15TH ST, PHILADELPHIA PA 19140-1902",NA,"ROBERT SIMS","Philadelphia County","Philadelphia City","Oct 6,2025","Oct 31,2026",-75.1513343,40.0174763
"407",104771,"R46593","Restaurant (Liquor)","Active","THE GIANT COMPANY LLC","THE GIANT COMPANY LLC","1403 S CHRISTOPHER COLUMBUS BLVD, PHILADELPHIA PA 19147","1403 S CHRISTOPHER COLUMBUS BLVD, PHILADELPHIA PA 19147","SUGARMILL DEVELOPMENT ASSOCIATES LP","BRYNE P YANCEY","Philadelphia County","Philadelphia City","Aug 15,2025","Oct 31,2026",-75.1437614,39.9291734
"408",71938,"R4116","Restaurant (Liquor)","Active","RIDGE CAPITOL INC","RIDGE CAPITOL INC","2837-39 RIDGE AVE, PHILADELPHIA PA 19121-5214","2837-39 RIDGE AVE, PHILADELPHIA PA 19121-5214",NA,"DERON LEE","Philadelphia County","Philadelphia City","Oct 29,2025","Oct 31,2026",-75.1803694,39.9866728
"409",29185,"R13568","Restaurant (Liquor)","Active","LAMBERTI'S OF PHILADELPHIA, INC.","LAMBERTI'S OF PHILADELPHIA, INC.","212 WALNUT ST 2ND FL, PHILADELPHIA PA 19106-3993","212 WALNUT ST 2ND FL, PHILADELPHIA PA 19106-3993",NA,"ROSITA LAMBERTI","Philadelphia County","Philadelphia City","Jul 24,2025","Oct 31,2026",-75.1446125,39.9467648
"410",45172,"R12261","Restaurant (Liquor)","Active","DELAWARE VALLEY ROSE LP","APPLEBEE'S NEIGHBORHOOD GRILL & BAR","7650 CITY AVE, PHILADELPHIA PA 19151-2007","7650 CITY AVE, PHILADELPHIA PA 19151-2007",NA,"ALIA D BANKS","Philadelphia County","Philadelphia City","Aug 14,2025","Oct 31,2026",-75.272672,39.9774764
"411",84899,"R1932","Restaurant (Liquor)","Active","BIG BILL 99 INC","BIG BILL 99 INC","1622-24 S 58TH ST, PHILADELPHIA PA 19143","5819 RISING SUN AVE, PHILADELPHIA PA 19120-1125",NA,"POY H TANG","Philadelphia County","Philadelphia City","Oct 31,2025","Oct 31,2026",-75.2320417,39.9384181
"412",84027,"R2090","Restaurant (Liquor)","Active","4637 N 5TH INC","4637 N 5TH INC","4637 N 5TH ST, PHILADELPHIA PA 19140-1419","2 BALMY CRT, MOUNT ROYAL NJ 08061","XIAOMAN CHHOUR","SERGIO L SOBRAL","Philadelphia County","Philadelphia City","Oct 21,2025","Oct 31,2026",-75.1334128,40.022084
"413",50691,"R1095","Restaurant (Liquor)","Active","STATION LIQUOR, LLC","STATION LIQUOR, LLC","4401 CRESSON ST, PHILADELPHIA PA 19127-1339","4401 CRESSON ST, PHILADELPHIA PA 19127-1339",NA,"ROBERT MORGANSTEIN","Philadelphia County","Philadelphia City","Jan 30,2026","Oct 31,2026",-75.22509,40.0270708
"414",65994,"R1241","Restaurant (Liquor)","Active","1601 S 10TH ST LLC","1601 S 10TH ST LLC","1601 S 10TH ST, PHILADELPHIA PA 19148-1101","1601 S 10TH ST, PHILADELPHIA PA 19148-1101",NA,"EVAN CLANCY","Philadelphia County","Philadelphia City","Sep 26,2025","Oct 31,2026",-75.1613898,39.9294887
"415",69485,"R3379","Restaurant (Liquor)","Active","INDEPENDENCE RESTAURANT GROUP LLC","INDEPENDENCE RESTAURANT GROUP LLC","100 S INDEPENDENCE MALL W STE 1, PHILADELPHIA PA 19106-1521","100 S INDEPENDENCE MALL W STE 1, PHILADELPHIA PA 19106-1521",NA,"KAREEM MCCAFFERTY","Philadelphia County","Philadelphia City","Oct 27,2025","Oct 31,2026",-75.150981,39.9502943
"416",50610,"R7083","Restaurant (Liquor)","Active","TEN STONE INN, INC.","TEN STONE INN, INC.","2059-63 SOUTH ST, PHILADELPHIA PA 19146","2059-63 SOUTH ST, PHILADELPHIA PA 19146",NA,"MARVIN PIXLEY","Philadelphia County","Philadelphia City","Aug 12,2025","Oct 31,2026",-75.1767361,39.9451735
"417",70209,"R284","Restaurant (Liquor)","Active","NINJA JAPANESE RESTAURANT LLC","NINJA JAPANESE RESTAURANT LLC","14100 BUSTLETON AVE, PHILADELPHIA PA 19116-1194","14100 BUSTLETON AVE, PHILADELPHIA PA 19116-1194",NA,"FENGBEI SU","Philadelphia County","Philadelphia City","Apr 30,2026","Oct 31,2026",-75.0123983,40.1319984
"418",67551,"R5149","Restaurant (Liquor)","Active","LEE LAI INC","LEE LAI INC","2049 S 23RD ST, PHILADELPHIA PA 19145-2704","2049 S 23RD ST, PHILADELPHIA PA 19145-2704",NA,"JENNIFER TANG","Philadelphia County","Philadelphia City","Jan 14,2026","Oct 31,2026",-75.1842177,39.9263533
"419",112324,"R646","Restaurant (Liquor)","Active","1873 PARTNERS CORP","1873 PARTNERS CORP","1873 FRANKFORD AVE, PHILADELPHIA PA 19125-2415","1873 FRANKFORD AVE, PHILADELPHIA PA 19125-2415","1873 FRANKFORD OWNER LLC","MARC MATTERA","Philadelphia County","Philadelphia City","Nov 4,2025","Oct 31,2026",-75.1303562,39.9784138
"420",105092,"R1388","Restaurant (Liquor)","Active","WAWA INC","WAWA INC","2600 PENROSE AVE, PHILADELPHIA PA 19145","2600 PENROSE AVE, PHILADELPHIA PA 19145","PROVCO PENROSE LLC","JOSUE J PAGAN","Philadelphia County","Philadelphia City","Aug 7,2025","Oct 31,2026",-75.1970991,39.9037352
"421",108997,"R5790","Restaurant (Liquor)","Active","BRINKER PENN TRUST","CHILI'S GRILL & BAR","1239 FILBERT ST, PHILADELPHIA PA 19107-2818","1239 FILBERT ST, PHILADELPHIA PA 19107-2818","FILBERT STREET ASSOCIATES LP","JOHN BAZELAK","Philadelphia County","Philadelphia City","Sep 2,2025","Oct 31,2026",-75.1609658,39.953252
"422",65183,"R15514","Restaurant (Liquor)","Active","HAN DYNASTY OF PHILADELPHIA INC","HAN DYNASTY OF PHILADELPHIA INC","110 CHESTNUT ST, PHILADELPHIA PA 19106-3009","123 CHESTNUT ST, PHILADELPHIA PA 19106-3009","Ming Dynasty Realty LLC","BENJAMIN J MILBY","Philadelphia County","Philadelphia City","Jun 17,2026","Oct 31,2026",-75.1430342,39.9480692
"423",52233,"R8334","Restaurant (Liquor)","Active","5601 MASSAWA, INC.","5601 MASSAWA, INC.","5601-03 WYALUSING AVE, PHILADELPHIA PA 19131-4830","5601-03 WYALUSING AVE, PHILADELPHIA PA 19131-4830",NA,"NASSER ADEM","Philadelphia County","Philadelphia City","Jul 9,2025","Oct 31,2026",-75.2323901,39.9690081
"424",83453,"R13746","Restaurant (Liquor)","Active","4501 SALMON ENTERPRISES LLC","4501 SALMON ENTERPRISES LLC","4501 SALMON ST, PHILADELPHIA PA 19137-2010","4501 SALMON ST, PHILADELPHIA PA 19137-2010","4501 REAL ESTATE VENTURES LLC","JOHN COUGHLIN","Philadelphia County","Philadelphia City","Nov 6,2025","Oct 31,2026",-75.0713404,39.9993236
"425",72047,"R5500","Restaurant (Liquor)","Active","NAK & NA INC","NAK & NA INC","2959-61 N FRONT ST, PHILADELPHIA PA 19133-4124","2959-61 N FRONT ST, PHILADELPHIA PA 19133-4124",NA,"RATTANAK TANG","Philadelphia County","Philadelphia City","Jun 3,2026","Oct 31,2026",-75.1297679,39.9953507
"426",113008,"R11502","Restaurant (Liquor)","Active","LICENSE HOLDINGS 18A, LLC","LICENSE HOLDINGS 18A, LLC","1800 ARCH ST, COMCAST TECHNOLOGY CENTER, CONCOURSE LEVEL, STE 100018, PHILADELPHIA PA 19103-2802","1701 JFK BLVD STE 300, PHILADELPHIA PA 19103-2854","LIBERTY PROPERTY 18TH & ARCH LP","DANIEL J KING","Philadelphia County","Philadelphia City","Apr 6,2026","Oct 31,2026",-75.170233,39.9548621
"427",99710,"R16609","Restaurant (Liquor)","Active","ARAMINGO SHOPRITE LLC","SHOPRITE OF ARAMINGO","3745 ARAMINGO AVE, PHILADELPHIA PA 19137","3745 ARAMINGO AVE, PHILADELPHIA PA 19137","WAKEFERN FOOD CORP","DOMINIC CRISTINZIO","Philadelphia County","Philadelphia City","Sep 3,2025","Oct 31,2026",-75.0915928,39.9945617
"428",64349,"R6336","Restaurant (Liquor)","Active","IOVINE BROTHERS BAR & GRILL INC","MOLLY MALLOYS","READING TERMINAL MARKET 12TH & FILBERT STS, PHILADELPHIA PA 19107-2954","READING TERMINAL MARKET 12TH & FILBERT STS, PHILADELPHIA PA 19107-2954","READING TERMINAL MARKET CORPORATION","ROBERT FISHER","Philadelphia County","Philadelphia City","Jun 8,2026","Oct 31,2026",-75.1590984,39.9531593
"429",68934,"R3137","Restaurant (Liquor)","Active","ABE FISHER LLC","ABE FISHER LLC","1605-27 SANSOM ST, PHILADELPHIA PA 19103-5139","1605-27 SANSOM ST, PHILADELPHIA PA 19103-5139",NA,"DAVID A HOWARD","Philadelphia County","Philadelphia City","Mar 2,2026","Oct 31,2026",-75.165253,39.955024
"430",55538,"R12138","Restaurant (Liquor)","Active","REY-REY INC","REY-REY INC","2442 FRANKFORD AVE, PHILADELPHIA PA 19125-1638","2442 FRANKFORD AVE, PHILADELPHIA PA 19125-1638",NA,"REYNALDO A JIMENEZ","Philadelphia County","Philadelphia City","Jul 16,2025","Oct 31,2026",-75.1267829,39.9825712
"431",58856,"R706","Restaurant (Liquor)","Active","1315-21 SANSOM STREET LLC","1315-21 SANSOM STREET LLC","1315-21 SANSOM ST, PHILADELPHIA PA 19107-4523","1315-21 SANSOM ST, PHILADELPHIA PA 19107-4523",NA,"JEREMY S MILLSTEIN-ROSENTHAL","Philadelphia County","Philadelphia City","Aug 7,2025","Oct 31,2026",-75.1626028,39.9500363
"432",107863,"R145","Restaurant (Liquor)","Active","SBH PHL LLC","SBH PHL LLC","1213 SANSOM ST, PHILADELPHIA PA 19107-4806","3413 A BENHAM AVE, NASHVILLE TN 37215-1503","ILAN ZAKEN IRIT ZAKEN 1216 CHESTNUT LLC","RYAN COTA","Philadelphia County","Philadelphia City","Aug 17,2026","Oct 31,2026",-75.1610326,39.9501206
"433",72476,"R8991","Restaurant (Liquor)","Active","4101 NEW ADDITION INC","4101 NEW ADDITION INC","4101 PAUL ST, PHILADELPHIA PA 19124-4607","7053 TERMINAL SQ, UPPER DARBY PA 19082-2217","SANDRA L HUTT","ALEXIS L DOUGHTY","Philadelphia County","Philadelphia City","Aug 27,2026","Oct 31,2026",-75.0894258,40.0065341
"434",24888,"R11078","Restaurant (Liquor)","Active","MCDAVID ASSOCIATES, INC.","JACK'S FIREHOUSE","2128-30-32 FAIRMOUNT AVE, PHILADELPHIA PA 19130","2128-30-32 FAIRMOUNT AVE, PHILADELPHIA PA 19130",NA,"COLIN HOUSTON","Philadelphia County","Philadelphia City","Jul 8,2025","Oct 31,2026",-75.1731971,39.9670742
"435",13703,"R9275","Restaurant (Liquor)","Active","2732 DONNA'S BAR INC.","2732 DONNA'S BAR INC.","2732 E ALLEGHENY AVE, PHILADELPHIA PA 19134-5917","2732 E ALLEGHENY AVE, PHILADELPHIA PA 19134-5917","2732 DONNA'S BAR INC.","SOPHIE ZALEWSKI","Philadelphia County","Philadelphia City","Jul 7,2025","Oct 31,2026",-75.1020797,39.9832515
"436",45458,"R12977","Restaurant (Liquor)","Active","4048 LAV INC","4048 LAV INC","4048 LANCASTER AVE, PHILADELPHIA PA 19104-1746","4048 LANCASTER AVE, PHILADELPHIA PA 19104-1746",NA,"SHU MEI LI","Philadelphia County","Philadelphia City","Jul 31,2025","Oct 31,2026",-75.2038502,39.9639395
"437",114882,"R8480","Restaurant (Liquor)","Active","PUTTSHACK PHILADELPHIA LIBERTY LLC","PUTTSHACK PHILADELPHIA LIBERTY LLC","1625 CHESTNUT ST UNIT 142, PHILADELPHIA PA 19103","1625 CHESTNUT ST UNIT 142, PHILADELPHIA PA 19103","LIBERTY PLACE HOTEL ASSOCATIATES, LIBERTY PLACE RETIAL ASSOCIATES, LP AND LP ASSOCIATES","JULIUS M CAVALLI","Philadelphia County","Philadelphia City","Jul 30,2025","Oct 31,2026",-75.1679387,39.95146
"438",54417,"R10218","Restaurant (Liquor)","Active","5706, INC.","5706, INC.","5706 GERMANTOWN AVE, PHILADELPHIA PA 19144-2137","5706 GERMANTOWN AVE, PHILADELPHIA PA 19144-2137",NA,"SUNG KIM","Philadelphia County","Philadelphia City","Aug 12,2025","Oct 31,2026",-75.1753091,40.0358783
"439",93942,"R15664","Restaurant (Liquor)","Active","3BM1 LQ LLC","VILLAGE WHISKEY","116 & 118 S 20TH ST, PHILADELPHIA PA 19103-9136","116 & 118 S 20TH ST, PHILADELPHIA PA 19103-9136","MEYER FITLER II, LP","ERIC J SCHMIDT","Philadelphia County","Philadelphia City","Jul 8,2025","Oct 31,2026",NA,NA
"440",133649,"R330","Restaurant (Liquor)","Active","VAL'S LESBIAN BAR LLC","VAL'S LESBIAN BAR LLC","603-605 S 3RD ST, PHILADELPHIA PA 19147-2301","603-605 S 3RD ST, PHILADELPHIA PA 19147-2301","MDNC INC","CLOVER GILFOR","Philadelphia County","Philadelphia City","Jun 10,2026","Oct 31,2026",-75.1474949,39.9413
"441",95735,"R11160","Restaurant (Liquor)","Active","1350 L & C INC","1350 L & C INC","1350 WAGNER AVE, PHILADELPHIA PA 19141-2932","1350 WAGNER AVE, PHILADELPHIA PA 19141-2932","Jing Ling, LLC","KANITHA OEUN","Philadelphia County","Philadelphia City","Aug 5,2025","Oct 31,2026",-75.1459905,40.0308705
"442",127342,"R6292","Restaurant (Liquor)","Active","BACK STREET FOOD & WINE CO LLC","BACK STREET FOOD & WINE CO LLC","254-256 S 12TH ST, PHILADELPHIA PA 19107-5638","254-256 S 12TH ST, PHILADELPHIA PA 19107-5638","MANNING STREET ASSOCIATES","SARAH E LAURIDSEN","Philadelphia County","Philadelphia City","Jun 5,2026","Oct 31,2026",-75.1612092,39.9470527
"443",103389,"R8398","Restaurant (Liquor)","Active","ACME MARKETS INC","THE FROSTED MUG","4001 WALNUT ST, PHILADELPHIA PA 19104-3513","C/O MICHAEL LILOIA   75 VALLEY STREAM PKWY, MALVERN  PA 19355","THE TRUSTEES OF THE UNIVERSITY OF PENNSYLVANIA","LAKOTA G MATSON","Philadelphia County","Philadelphia City","Sep 3,2025","Oct 31,2026",-75.2030344,39.9544146
"444",120097,"R8437","Restaurant (Liquor)","Active","MELD WORLDWIDE LLC","MELD WORLDWIDE LLC","1501 SPRUCE ST, PHILADELPHIA PA 19102-4501","1315 SANSOM ST 3RD FLOOR, PHILADELPHIA PA 19107","SPRUCE PARKING ASSOCIATES LP","BRANDON NEIBURG","Philadelphia County","Philadelphia City","Jul 23,2025","Oct 31,2026",-75.1668527,39.9473992
"445",87424,"R1463","Restaurant (Liquor)","Active","WALNUT RESTO LLC","WALNUT RESTO LLC","1121 WALNUT ST, PHILADELPHIA PA 19107-4915","815 LINCOLN AVE, PALMYRA NJ 08065",NA,"GORDANA KOSTOVSKI","Philadelphia County","Philadelphia City","Dec 4,2025","Oct 31,2026",-75.1599876,39.9489762
"446",11528,"R4655","Restaurant (Liquor)","Active","32ND STREET PUB, INC.","32ND STREET PUB, INC.","3200 W ALLEGHENY AVE, PHILADELPHIA PA 19132-1016","3200 W ALLEGHENY AVE, PHILADELPHIA PA 19132-1016","FRED KRATCHMAN","FRED KRATCHMAN","Philadelphia County","Philadelphia City","Aug 8,2025","Oct 31,2026",-75.1818998,40.0050947
"447",89432,"R11516","Restaurant (Liquor)","Active","FOODERY CHESTNUT HILL LTD","FOODERY CHESTNUT HILL LTD","7829 GERMANTOWN AVE, PHILADELPHIA PA 19118-3526","867  HOOVER RD, BLUE BELL PA 19422",NA,"KYUNG H LEE","Philadelphia County","Philadelphia City","Sep 23,2025","Oct 31,2026",-75.1993155,40.0694901
"448",72816,"R7393","Restaurant (Liquor)","Active","LAXMI PHILADELPHIA LLC","LAXMI PHILADELPHIA LLC","266-268 W ONTARIO ST, PHILADELPHIA PA 19140-5749","1500 MARKET ST STE W-3110, PHILADELPHIA PA 19102-2167",NA,"JOE L BARRETO","Philadelphia County","Philadelphia City","Oct 9,2025","Oct 31,2026",-75.1347743,40.0023005
"449",53858,"R9081","Restaurant (Liquor)","Active","1927 VIRTU, INC.","1927 VIRTU, INC.","1927-33 E PASSYUNK AVE, PHILADELPHIA PA 19148-2220","1927-33 E PASSYUNK AVE, PHILADELPHIA PA 19148-2220",NA,"CATHERINE Y LEE","Philadelphia County","Philadelphia City","Sep 3,2025","Oct 31,2026",-75.1677454,39.9259585
"450",94982,"R1363","Restaurant (Liquor)","Active","DAILY PINT INC","DAILY PINT INC","216 S 11TH ST, PHILADELPHIA PA 19107-5501","216 S 11TH ST, PHILADELPHIA PA 19107-5501","DELANCEY WALNUT 2016 LLC","LINDSAY  G BROWN","Philadelphia County","Philadelphia City","Apr 10,2026","Oct 31,2026",-75.1592213,39.9480985
"451",133688,"R16306","Restaurant (Liquor)","Active","SAVU INC","SAVU INC","208 S 13TH ST, PHILADELPHIA PA 19107-5467","208 S 13TH ST, PHILADELPHIA PA 19107-5467","208 THIRTEENTH HOLDINGS LP","MEQAI J HERDER","Philadelphia County","Philadelphia City","May 15,2026","Oct 31,2026",-75.1625121,39.9484895
"452",133374,"R239","Restaurant (Liquor)","Active","TEB OF 54TH STREET LLC","HAWK & BARREL","2481 N 54TH ST, PHILADELPHIA PA 19131-1447","2481 N 54TH ST, PHILADELPHIA PA 19131-1447","SAINT JOSEPH'S UNIVERSITY","JOHN W CALHOUN","Philadelphia County","Philadelphia City","Aug 5,2026","Oct 31,2026",-75.2340047,39.9959929
"453",70505,"R16205","Restaurant (Liquor)","Active","IT COULD BE WURST INC","IT COULD BE WURST INC","4301 BALTIMORE AVE, PHILADELPHIA PA 19104-4413","4301 BALTIMORE AVE, PHILADELPHIA PA 19104-4413",NA,"LEIGH A MAIDA","Philadelphia County","Philadelphia City","Aug 19,2025","Oct 31,2026",-75.2093927,39.9497174
"454",126402,"R793","Restaurant (Liquor)","Safekeeping","2013 WALNUT LLC","2013 WALNUT LLC","2013 WALNUT ST, PHILADELPHIA PA 19103-4403","2013 WALNUT ST, PHILADELPHIA PA 19103-4403","PAUL & JANICE RIMMEIR","TINA M RUTTER","Philadelphia County","Philadelphia City","Sep 30,2025","Oct 31,2026",-75.1742669,39.9507598
"455",110025,"R12053","Restaurant (Liquor)","Safekeeping","THE CAULDRON PHILADELPHIA LTD","THE CAULDRON PHILADELPHIA LTD","1305 LOCUST ST, PHILADELPHIA PA 19107-5985","1305 LOCUST ST, PHILADELPHIA PA 19107-5985","1305 LOCUST LLC","MICHAEL DUFFY","Philadelphia County","Philadelphia City","Jun 15,2026","Oct 31,2026",-75.1625945,39.9482175
"456",107227,"R11176","Restaurant (Liquor)","Safekeeping","R12 LLC","R12 LLC","549 N 12TH ST, PHILADELPHIA PA 19123-3332","549 N 12TH ST, PHILADELPHIA PA 19123-3332","549 NORTH 12TH LLC","STEPHANIE N NIXON","Philadelphia County","Philadelphia City","Jul 30,2026","Oct 31,2026",-75.1573628,39.9628535
"457",131433,"R6987","Restaurant (Liquor)","Safekeeping","ADOBE CAFE II LLC","ADOBE CAFE II","736-738 S 8TH ST, PHILADELPHIA PA 19147-2839","736-738 S 8TH ST, PHILADELPHIA PA 19147-2839","MICHAEL D'ADDESI SR","DULCE M LOPEZ BONILLA","Philadelphia County","Philadelphia City","Feb 2,2026","Oct 31,2026",-75.1560919,39.9404487
"458",48438,"R15381","Restaurant (Liquor)","Safekeeping","LAROSE CLUB, INC.","LAROSE CLUB, INC.","5531 GERMANTOWN AVE, PHILADELPHIA PA 19144-2225","5531 GERMANTOWN AVE, PHILADELPHIA PA 19144-2225",NA,"GERALD J PIERRE","Philadelphia County","Philadelphia City","Sep 1,2026","Oct 31,2026",-75.1728468,40.0348515
"459",114435,"R16617","Restaurant (Liquor)","Safekeeping","TIO FLORES, LLC","TIO FLORES, LLC","1600 SOUTH ST, PHILADELPHIA PA 19146-1595","1600 SOUTH ST, PHILADELPHIA PA 19146-1595","CENTER CITY PROPERTIES LLC","KENNETH D PISARCIK","Philadelphia County","Philadelphia City","Sep 15,2025","Oct 31,2026",-75.1689709,39.9439438
"460",97167,"R213","Restaurant (Liquor)","Safekeeping","HAOTOH LLC","HAOTOH LLC","4235 GERMANTOWN AVE, PHILADELPHIA PA 19140","4235 GERMANTOWN AVE, PHILADELPHIA PA 19140","GEOFFREY E THORNTON","MILDRED S ST FORT","Philadelphia County","Philadelphia City","May 13,2026","Oct 31,2026",-75.1553931,40.0190955
"461",128772,"R11437","Restaurant (Liquor)","Safekeeping","DUCK FIVE LLC","DUCK FIVE LLC","911-913 RACE ST, PHILADELPHIA PA 19107-1805","911-913 RACE ST, PHILADELPHIA PA 19107-1805","LUCKY RACE STREET REALTY","MING W LAM","Philadelphia County","Philadelphia City","Jul 22,2026","Oct 31,2026",-75.1548459,39.9554606
"462",38651,"R13680","Restaurant (Liquor)","Safekeeping","J.T. REEDY CORP.","REEDY'S TAVERN","9245 FRANKFORD AVE, PHILADELPHIA PA 19114-2823","9245 FRANKFORD AVE, PHILADELPHIA PA 19114-2823",NA,"JOHN T REEDY JR","Philadelphia County","Philadelphia City","Aug 25,2026","Oct 31,2026",-75.0030852,40.055656
"463",9574,"R718","Restaurant (Liquor)","Safekeeping","2007-09 WALNUT, INC.","IRISH PUB","2007-11 WALNUT ST, PHILADELPHIA PA 19103-4403","2007-11 WALNUT ST, PHILADELPHIA PA 19103-4403",NA,"RICHARD BURKE JR","Philadelphia County","Philadelphia City","Mar 12,2026","Oct 31,2026",-75.1741124,39.9506809
"464",126409,"R820","Restaurant (Liquor)","Safekeeping","FEAST YOUR EYES INC","FEAST CAFE","1626 N AMERICAN ST, PHILADELPHIA PA 19122","1626 N AMERICAN ST, PHILADELPHIA PA 19122","Hispanic Association of Contractors and Enterprises","ANTHONY J LEHMAN","Philadelphia County","Philadelphia City","Aug 18,2026","Oct 31,2026",-75.1398717,39.9758407
"465",129699,"SO60054","Special Occasion Permit","Active","THE TRAUMA SURVIVORS FOUNDATION","THE TRAUMA SURVIVORS FOUNDATION","1 CITIZENS BANK WAY, PHILADELPHIA PA 19148-5205","2055  LIMESTONE  RD STE 109, WILMINGTON  DE 19808",NA,NA,"Philadelphia County","Philadelphia City","Mar 31,2026","Dec 31,2026",-75.1669417,39.9062666
"466",135544,"SO62204","Special Occasion Permit","Active","FORT MIFFLIN ON THE DELAWARE","FORT MIFFLIN ON THE DELAWARE","1 FORT MIFFLIN RD, PHILADELPHIA PA 19153","6400 HOG ISLAND RD, PHILADELPHIA PA 19153-3832",NA,NA,"Philadelphia County","Philadelphia City","Aug 18,2026","Dec 31,2026",-75.2099276,39.8907307
"467",134188,"SO61881","Special Occasion Permit","Active","YELLOW BICYCLE COLLECTIVE","YELLOW BICYCLE COLLECTIVE","1435 ARCH ST FL 2, PHILADELPHIA PA 19102","1435 ARCH ST FL 2, PHILADELPHIA PA 19102",NA,NA,"Philadelphia County","Philadelphia City","Aug 24,2026","Dec 31,2026",-75.1647093,39.9548276
"468",131079,"SO60937","Special Occasion Permit","Active","VENETIAN SOCIAL CLUB","VENETIAN SOCIAL CLUB","8030 GERMANTOWN AVE, PHILADELPHIA PA 19118-3421","8030 GERMANTOWN AVE, PHILADELPHIA PA 19118-3421",NA,NA,"Philadelphia County","Philadelphia City","Apr 27,2026","Dec 31,2026",-75.201574,40.0714095
"469",128460,"SO59369","Special Occasion Permit","Active","HOLY FAMILY UNIVERSITY","HOLY FAMILY UNIVERSITY","9801 FRANKFORD AVE, PHILADELPHIA PA 19114-2009","9801 FRANKFORD AVE, PHILADELPHIA PA 19114-2009",NA,NA,"Philadelphia County","Philadelphia City","Mar 9,2026","Dec 31,2026",-74.9873319,40.0609234
"470",130239,"SO60399","Special Occasion Permit","Active","EAST FALLS FORWARD","EAST FALLS FORWARD","3721 MIDVALE AVE, PHILADELPHIA PA 19129-1743","3721 MIDVALE AVE, PHILADELPHIA PA 19129-1743",NA,NA,"Philadelphia County","Philadelphia City","Jun 2,2026","Dec 31,2026",-75.1935242,40.0097205
"471",127721,"SO58795","Special Occasion Permit","Active","MT AIRY USA CDC","MT AIRY USA CDC","6703 GERMANTOWN AVE STE 200, PHILADELPHIA PA 19119-2109","6703 GERMANTOWN AVE STE 200, PHILADELPHIA PA 19119-2109",NA,NA,"Philadelphia County","Philadelphia City","Aug 24,2026","Dec 31,2026",-75.1851728,40.0520405
"472",133153,"R355","Restaurant (Liquor)","Pending","PENN'S LANDING MARLIN LLC","PENN'S LANDING MARLIN LLC","555 S COLUMBUS BLVD, PHILADELPHIA PA 19147-1710","555 S COLUMBUS BLVD, PHILADELPHIA PA 19147-1710",NA,NA,"Philadelphia County","Philadelphia City",NA,"Oct 31,2026",-75.1404917,39.9411542
"473",134284,"R7317","Restaurant (Liquor)","Pending","KATTT HOSPITALITY AND ENTERTAINMENT GROUP LLC","KATTT HOSPITALITY AND ENTERTAINMENT GROUP LLC","1363 N 31ST ST, PHILADELPHIA PA 19121","1363 N 31ST ST, PHILADELPHIA PA 19121",NA,NA,"Philadelphia County","Philadelphia City",NA,"Oct 31,2026",-75.1855453,39.9774886
"474",94,"AE173","Alcohol Tax-Exempt","Active","THE WISTAR INSTITUTE OF ANATOMY & BIOLOGY","THE WISTAR INSTITUTE OF ANATOMY & BIOLOGY","3601 SPRUCE ST, PHILADELPHIA PA 19104","3601 SPRUCE ST, PHILADELPHIA PA 19104",NA,NA,"Philadelphia County","Philadelphia City","Dec 11,2024","Dec 31,2028",-75.1958038,39.9513056
"475",96773,"AE40716","Alcohol Tax-Exempt","Active","PHILADELPHIA COLLEGE OF OSTEOPATHIC MEDICINE","PHILADELPHIA COLLEGE OF OSTEOPATHIC MEDICINE","4170 CITY AVE, PHILADELPHIA PA 19131","4170 CITY AVE, PHILADELPHIA PA 19131",NA,NA,"Philadelphia County","Philadelphia City","Sep 6,2024","Dec 31,2028",-75.2161818,40.0047037
"476",118065,"AL55218","Limited Distillery","Active","PARKER FITZ LTD","PARKER FITZ","1615 MIFFLIN ST, PHILADELPHIA PA 19145-2240","1615 MIFFLIN ST, PHILADELPHIA PA 19145-2240","LOUIS CERONE","MARINOS C FETFATZES","Philadelphia County","Philadelphia City","Sep 26,2025","Dec 31,2026",-75.1730515,39.9275451
"477",121445,"AN56514","Alcohol Non-Beverage","Active","DISPATCH BIO THERAPEUTICS","UCITY SQUARE","25 N 38TH ST STE 600, PHILADELPHIA PA 19104","25 N 38TH ST STE 600, PHILADELPHIA PA 19104",NA,NA,"Philadelphia County","Philadelphia City","Mar 12,2025","Dec 31,2028",-75.195706,39.9580765
"478",61822,"AN2982","Alcohol Non-Beverage","Active","MEDICAL PRODUCTS LABORATORIES INC","MEDICAL PRODUCTS LABORATORIES INC","9990 GLOBAL RD, PHILADELPHIA PA 19115-1006","9990 GLOBAL RD, PHILADELPHIA PA 19115-1006",NA,NA,"Philadelphia County","Philadelphia City","Oct 10,2024","Dec 31,2028",-75.0430084,40.1075168
"479",68363,"AR147","Airport Restaurant (Liquor)","Active","OTG MANAGEMENT PHL LLC","LOCAL TAVERN","PHILADELPHIA INTERNATIONAL AIRPORT 8000 ESSINGTON AVE, PHILADELPHIA PA 19153","PHILADELPHIA INTERNATIONAL AIRPORT 8000 ESSINGTON AVE, PHILADELPHIA PA 19153","CITY OF PHILADELPHIA","ERIC G HILL JR","Philadelphia County","Philadelphia City","Jul 7,2025","Oct 31,2026",-75.2436987,39.8729797
"480",59893,"AR116","Airport Restaurant (Liquor)","Active","TASTE INC","VINO VOLO","PHILADELPHIA INTERNATIONAL AIRPORT  8500 ESSINGTON AVE, PHILADELPHIA PA 19153-7002","PHILADELPHIA INTERNATIONAL AIRPORT  8500 ESSINGTON AVE, PHILADELPHIA PA 19153-7002","CITY OF PHILADELPHIA","DONNIE D STEPHENS","Philadelphia County","Philadelphia City","Nov 25,2025","Oct 31,2026",-75.2419857,39.8779187
"481",85770,"AR39856","Airport Restaurant (Liquor)","Active","FLIK INTERNATIONAL CORP.","THE CENTURION LOUNGE","PHILADELPHIA INTERNATIONAL AIRPORT  8000 ESSINGTON AVE  TERMINAL A WEST CONCOURSE  SPACE AW-22, PHILADELPHIA PA 19153","2400 YORKMONT RD, CHARLOTTE NC 28217","CITY OF PHILADELPHIA","THOMAS S BENECKE","Philadelphia County","Philadelphia City","Jul 3,2025","Oct 31,2026",-75.2476012,39.8752333
"482",95347,"BP39774","Bulk Purchase","Active","TASTEPOINT","TASTEPOINT","7800 HOLSTEIN AVE, PHILADELPHIA PA 19153","7800 HOLSTEIN AVE, PHILADELPHIA PA 19153",NA,NA,"Philadelphia County","Philadelphia City","Jan 13,2025","Dec 31,2028",-75.2322371,39.8964225
"483",1028,"C1644","Club (Liquor)","Active","DANUBE SWABIAN ASSN. OF PHILADELPHIA & VICINITY","DANUBE SWABIAN ASSN. OF PHILADELPHIA & VICINITY","1277 SOUTHAMPTON RD, PHILADELPHIA PA 19116-1445","1277 SOUTHAMPTON RD, PHILADELPHIA PA 19116-1445","DANUBE SWABIAN ASSN. OF PHILADELPHIA & VICINITY","ROSS MATICO","Philadelphia County","Philadelphia City","Sep 25,2025","Oct 31,2026",-74.9984205,40.1225522
"484",69708,"C1607","Club (Liquor)","Active","PHILADELPHIA CENTURIONS MC","PHILADELPHIA CENTURIONS MC","7343 MELROSE ST, PHILADELPHIA PA 19136-4208","7343 MELROSE ST, PHILADELPHIA PA 19136-4208","RAFI LEVY","ANTHONY MANIGIGIAN","Philadelphia County","Philadelphia City","Sep 5,2025","Oct 31,2026",-75.0302454,40.0257452
"485",1187,"C2167","Club (Liquor)","Active","FIRST WARD ITALO-AMERICAN CLUB","FIRST WARD ITALO-AMERICAN CLUB","1537 S 6TH ST, PHILADELPHIA PA 19147","1537 S 6TH ST, PHILADELPHIA PA 19147","Gerardo DiJoseph","ANTHONY LOMBERTINO","Philadelphia County","Philadelphia City","Aug 5,2025","Oct 31,2026",-75.1550494,39.9288379
"486",117762,"C2246","Club (Liquor)","Active","CHINATOWN CHESS CLUB","CHINATOWN CHESS CLUB","1023 ARCH ST 2ND FLOOR, PHILADELPHIA PA 19107","1023 ARCH ST 2ND FLOOR, PHILADELPHIA PA 19107","ARCH ESTATE 3 LLC","ALLAN XU","Philadelphia County","Philadelphia City","Mar 11,2026","Oct 31,2026",-75.1572198,39.9540209
"487",41032,"C6322","Club (Liquor)","Active","LLOYD C. WILSON JR. MEMORIAL POST #224","LLOYD C. WILSON JR. MEMORIAL POST #224","2006 E ORTHODOX ST, PHILADELPHIA PA 19124-3439","2006 E ORTHODOX ST, PHILADELPHIA PA 19124-3439","LLOYD C. WILSON JR. MEMORIAL POST #224","LAWRENCE HAWTHORNE","Philadelphia County","Philadelphia City","Aug 29,2025","Oct 31,2026",-75.0802938,40.0110755
"488",468,"C44","Club (Liquor)","Active","QUAKER CITY STRING BAND","QUAKER CITY STRING BAND","1943-45 S 3RD ST, PHILADELPHIA PA 19148","1943-45 S 3RD ST, PHILADELPHIA PA 19148","QUAKER CITY STRING BAND","JAMES F STERMEL","Philadelphia County","Philadelphia City","Sep 9,2025","Oct 31,2026",-75.1503325,39.9232765
"489",1168,"C2111","Club (Liquor)","Active","WISSINOMING YACHT CLUB","WISSINOMING YACHT CLUB","11 DELAWARE AVE LARDNERS POINT, PHILADELPHIA PA 19135","11 DELAWARE AVE LARDNERS POINT, PHILADELPHIA PA 19135","WISSINOMING YACHT CLUB","THOMAS CONWAY","Philadelphia County","Philadelphia City","Oct 24,2025","Oct 31,2026",-75.129645,39.966475
"490",3027,"CC787","Catering Club (Liquor)","Active","THE UKRAINIAN-AMERICAN CITIZENS ASSOCIATION","THE UKRAINIAN-AMERICAN CITIZENS ASSOCIATION","847-851 N FRANKLIN ST, PHILADELPHIA PA 19123-2004","847-851 N FRANKLIN ST, PHILADELPHIA PA 19123-2004","THE UKRAINIAN-AMERICAN CITIZENS ASSOCIATION","DYLAN R CHELLEL","Philadelphia County","Philadelphia City","Dec 26,2025","Oct 31,2026",-75.1495259,39.9669838
"491",3069,"CC985","Catering Club (Liquor)","Active","LITHUANIAN MUSIC HALL ASSN.","LITHUANIAN MUSIC HALL ASSN.","2715-17 E ALLEGHENY AVE, PHILADELPHIA PA 19134-5914","2715-17 E ALLEGHENY AVE, PHILADELPHIA PA 19134-5914","LITHUANIAN MUSIC HALL ASSN.","VYTAUTAS MACIUNAS","Philadelphia County","Philadelphia City","Oct 16,2025","Oct 31,2026",-75.10181,39.983941
"492",3169,"CC1551","Catering Club (Liquor)","Active","CANNSTATTER VOLKSFEST VEREIN","CANNSTATTER VOLKSFEST VEREIN","9130 ACADEMY RD, PHILADELPHIA PA 19114-2841","9130 ACADEMY RD, PHILADELPHIA PA 19114-2841","CANNSTATTER VOLKSFEST VEREIN","CHRISTOPHER HESS","Philadelphia County","Philadelphia City","Oct 6,2025","Oct 31,2026",-75.007627,40.0547078
"493",50711,"D2300","Distributor (Malt)","Active","A & B BEER DISTRIBUTOR, INC","A & B BEER DISTRIBUTOR, INC","4440 WHITAKER AVE, PHILADELPHIA PA 19120-4630","4440 WHITAKER AVE, PHILADELPHIA PA 19120-4630","KIM CHOING","RONNIE CHOING","Philadelphia County","Philadelphia City","Sep 5,2025","Oct 31,2026",-75.1170746,40.0167575
"494",50857,"D3320","Distributor (Malt)","Active","RED-SEA, INC.","AMY BEER DISTRIBUTORS","6401 BUIST AVE, PHILADELPHIA PA 19142-3118","6401 BUIST AVE, PHILADELPHIA PA 19142-3118","FRE GHNBOT","FRE GHNBOT","Philadelphia County","Philadelphia City","Jul 24,2025","Oct 31,2026",-75.2279802,39.9219748
"495",59805,"D1725","Distributor (Malt)","Active","4300 DK INC","4300 DK INC","4300 WALNUT ST, PHILADELPHIA PA 19104-5239","4300 WALNUT ST, PHILADELPHIA PA 19104-5239",NA,"JONATHAN KIM","Philadelphia County","Philadelphia City","Sep 12,2025","Oct 31,2026",-75.2090059,39.9547007
"496",95343,"D875","Distributor (Malt)","Active","GONZALA LLC","GONZALA LLC","PLAZA AMERICANA  217-231 W LEHIGH AVE, PHILADELPHIA PA 19133-3421","PLAZA AMERICANA  217-231 W LEHIGH AVE, PHILADELPHIA PA 19133-3421","PLAZA AMERICANA INC","ADA PASTRANA","Philadelphia County","Philadelphia City","Aug 27,2025","Oct 31,2026",-75.1356561,39.9921151
"497",120684,"D1787","Distributor (Malt)","Active","THY MA, INC","THY MA INC","8119 STENTON AVE, PHILADELPHIA PA 19150-3530","8119 STENTON AVE, PHILADELPHIA PA 19150-3530","242 TBM ENTERPRISES LLC","THY B MA","Philadelphia County","Philadelphia City","Nov 4,2025","Oct 31,2026",-75.1786317,40.0673383
"498",41900,"D2385","Distributor (Malt)","Active","D & S BEER DISTRIBUTOR, INC.","D & S BEER DISTRIBUTOR, INC.","2164 N 21ST ST 1ST FLOOR & BASEMENT, PHILADELPHIA PA 19121-1405","2164 N 21ST ST 1ST FLOOR & BASEMENT, PHILADELPHIA PA 19121-1405","TAK LAO","SUELY LAO","Philadelphia County","Philadelphia City","Sep 9,2025","Oct 31,2026",-75.1679265,39.9877015
"499",83558,"D1816","Distributor (Malt)","Active","YONG & KYU INC","BREWERS OUTLET","15-17 E GOWEN AVE & 7403 GERMANTOWN AVE, PHILADELPHIA PA 19119","15-17 E GOWEN AVE & 7403 GERMANTOWN AVE, PHILADELPHIA PA 19119","KENNETH & MAX GLANTZ","SUNG JIN PARK","Philadelphia County","Philadelphia City","Aug 21,2025","Oct 31,2026",-75.1753801,40.0800877
"500",102346,"D3854","Distributor (Malt)","Active","KRISHNA DISTRIBUTOR INC","THE BEER OUTLET","PHILADELPHIA MARKETPLACE  189B FRANKLIN MILLS BLVD, PHILADELPHIA PA 19154","PHILADELPHIA MARKETPLACE  189B FRANKLIN MILLS BLVD, PHILADELPHIA PA 19154","BH FRANKLIN LLLP","DIPIKA R PATEL","Philadelphia County","Philadelphia City","Jul 10,2025","Oct 31,2026",-74.9661403,40.0886468
"501",63832,"E305","Eating Place Retail Dispenser (Malt)","Active","4500 BEER DEPOT, INC.","4500 BEER DEPOT, INC.","4500 N 2OTH ST, PHILADELPHIA PA 19140-1006","7053 TERMINAL SQ, UPPER DARBY PA 19082-2217","ADAM XU","PING TRAN","Philadelphia County","Philadelphia City","Jul 8,2025","Oct 31,2026",-75.1582111,40.022996
"502",71815,"E319","Eating Place Retail Dispenser (Malt)","Active","Y & R S INC","Y & R S INC","1326 SPRUCE ST STORE #C1, PHILADELPHIA PA 19107-5826","1326 SPRUCE ST STORE #C1, PHILADELPHIA PA 19107-5826",NA,"CHRISTOPHER LEE","Philadelphia County","Philadelphia City","Aug 29,2025","Oct 31,2026",-75.169689,39.952254
"503",86822,"E1777","Eating Place Retail Dispenser (Malt)","Active","FOOD COURT II INC","FOOD COURT II INC","236 S 21ST ST  UNIT A, PHILADELPHIA PA 19103-4807","1646 LINDSAY DR, NORTH WALES PA 19454","FOOD COURT II INC","YOON D KIM","Philadelphia County","Philadelphia City","Jul 30,2025","Oct 31,2026",-75.1762107,39.9498972
"504",63477,"E3016","Eating Place Retail Dispenser (Malt)","Active","MORNING CALL 6033 INC","MORNING CALL 6033 INC","6033 CASTOR AVE, PHILADELPHIA PA 19149-3207","6033 CASTOR AVE, PHILADELPHIA PA 19149-3207",NA,"BYUNG SHIM","Philadelphia County","Philadelphia City","Jul 25,2025","Oct 31,2026",-75.0814396,40.0348631
"505",128577,"E1848","Eating Place Retail Dispenser (Malt)","Active","UNI JAPANESE CUISINE LLC","UNI JAPANESE CUISINE LLC","1900 PINE ST, PHILADELPHIA PA 19103-6674","1900 PINE ST, PHILADELPHIA PA 19103-6674","JOHN C. HUYNH & OANH THI LUONG","ADWI PUTRO","Philadelphia County","Philadelphia City","Jul 29,2025","Oct 31,2026",-75.1732488,39.9463695
"506",51127,"E3590","Eating Place Retail Dispenser (Malt)","Active","FIVE STAR DELI, INC.","FIVE STAR DELI, INC.","4204 CHESTER AVE, PHILADELPHIA PA 19104-4416","4204 CHESTER AVE, PHILADELPHIA PA 19104-4416",NA,"VENG CHOING","Philadelphia County","Philadelphia City","Jul 18,2025","Oct 31,2026",-75.2074956,39.9481892
"507",97312,"E884","Eating Place Retail Dispenser (Malt)","Safekeeping","2234 N BROAD STREET LLC","2234 N BROAD STREET LLC","2234-38 N BROAD ST, PHILADELPHIA PA 19132-4501","2234-38 N BROAD ST, PHILADELPHIA PA 19132-4501","2234 N BROAD STREET LLC","JOSEPH F BYRNE IV","Philadelphia County","Philadelphia City","Nov 7,2025","Oct 31,2026",-75.15656,39.987207
"508",63368,"G267","Brewery","Active","YARDS BREWING COMPANY LLC","YARDS BREWING COMPANY LLC","500 SPRING GARDEN ST, PHILADELPHIA PA 19123-2833","500 SPRING GARDEN ST, PHILADELPHIA PA 19123-2833","ALLIANCE HSP PHILADELPHIA WAREHOUSE LP","THOMAS L KEHOE JR","Philadelphia County","Philadelphia City","Dec 4,2025","Dec 31,2026",-75.1476062,39.9606101
"509",128600,"GS59685","Brewery Storage","Active","LOST TIME BREWING COMPANY","LOST TIME BREWING COMPANY","2145 N FRONT ST, PHILADELPHIA PA 19122-1704","2145 N FRONT ST, PHILADELPHIA PA 19122-1704",NA,"JAY S VACCARO","Philadelphia County","Philadelphia City","Nov 20,2025","Dec 31,2026",-75.1325193,39.9827155
"510",72707,"H6513","Hotel (Liquor)","Active","INDEPENDENCE SQ HOTEL PARTNERS LP","RENAISSANCE PHILADELPHIA DOWNTOWN HOTEL","401 CHESTNUT ST, PHILADELPHIA PA 19106-2425","401 CHESTNUT ST, PHILADELPHIA PA 19106-2425","OMNI HOTELS CORPORATION","ISHA M WANKAWALA","Philadelphia County","Philadelphia City","Nov 3,2025","Oct 31,2026",-75.1477875,39.9490575
"511",112960,"H57729","Hotel (Liquor)","Active","OC SANSOM PROJECT OPCO, LLC","SOFITEL PHILADELPHIA AT RITTENHOUSE SQUARE","120 S 17TH ST, PHILADELPHIA PA 19103-5115","3501 JAMBOREE RD STE 550, NEWPORT BEACH CA 92660-2950","OC SANSOM PROJECT OWNER, LLC","PIERRE JOTTERAND","Philadelphia County","Philadelphia City","Oct 14,2025","Oct 31,2026",-75.1695409,39.9509482
"512",70866,"H6463","Hotel (Liquor)","Active","LVP AP AIRPORT HOLDING CORP","ALOFT PHILADELPHIA AIRPORT","4301 ISLAND AVE, PHILADELPHIA PA 19153-3256","4301 ISLAND AVE, PHILADELPHIA PA 19153-3256",NA,"CHERIE STEVELINE","Philadelphia County","Philadelphia City","Aug 12,2025","Oct 31,2026",-75.2358014,39.8933894
"513",114306,"IA52042","Transporter for Hire Class A","Active","N-TRANS INC","N-TRANS INC","2000 BENNETT RD, PHILADELPHIA PA 19116-3020","3910 PARKSIDE DR, FURLONG PA 18925-",NA,NA,"Philadelphia County","Philadelphia City","Sep 10,2025","Dec 31,2026",-75.0112234,40.1090548
"514",131618,"J61515","Bailee For Hire","Active","PEACH WAREHOUSE LLC","PEACH WAREHOUSE","2101 HORNIG RD, PHILADELPHIA PA 19116","2101 HORNIG RD, PHILADELPHIA PA 19116","2101 HORNIG OWNER LLC","EDGARDO L RENTAS LOPEZ","Philadelphia County","Philadelphia City","Dec 2,2025","Dec 31,2026",-74.9983075,40.1133314
"515",116408,"J54625","Bailee For Hire","Active","TEUTONIC TRANSPORTATION LLC","TEUTONIC TRANSPORTATION LLC","13200 TOWNSEND RD, PHILADELPHIA PA 19154","2009 ELMWOOD AVE O-112, SHARON HILL PA 19079","AMAZON.COM SERVICES, LLC","ALEXANDRIA R MOORE","Philadelphia County","Philadelphia City","Sep 19,2025","Dec 31,2026",-74.9761725,40.1099504
"516",103656,"LK45792","Limited Winery","Active","CAMUNA CELLARS LLC","CAMUNA CELLARS","2050R BYBERRY RD, PHILADELPHIA PA 19116","308 HARRISON AVE, ELKINS PARK PA 19027","SANT PROPERTIES","ELI M SILINS","Philadelphia County","Philadelphia City","Sep 11,2026","Dec 31,2026",-75.0051105,40.1087245
"517",67010,"PV148","Public Venue Restaurant","Active","ARAMARK EDUCATIONAL SERVICES LLC","LASALLE UNION","LASALLE UNIVERSITY 1900 W OLNEY AVE, PHILADELPHIA PA 19141-1108","LASALLE UNIVERSITY 1900 W OLNEY AVE, PHILADELPHIA PA 19141-1108",NA,"STEPHANIE R KATZEN","Philadelphia County","Philadelphia City","Jul 22,2025","Oct 31,2026",-75.1558184,40.0390398
"518",65188,"PV140","Public Venue Restaurant","Active","RESTAURANT ASSOCIATES LLC","PENN MUSEUM","3260 SOUTH ST, PHILADELPHIA PA 19104-6324","3260 SOUTH ST, PHILADELPHIA PA 19104-6324",NA,"JENNIFER MIKOS","Philadelphia County","Philadelphia City","Nov 14,2025","Oct 31,2026",-75.1914693,39.9491945
"519",83759,"PV36645","Public Venue Restaurant","Active","THE MASONIC LIBRARY AND MUSEUM OF PENNSYLVANIA","THE MASONIC LIBRARY AND MUSEUM OF PENNSYLVANIA","1 N BROAD ST, PHILADELPHIA PA 19107-2598","1 N BROAD ST, PHILADELPHIA PA 19107-2598",NA,"JHONA N IRELAND","Philadelphia County","Philadelphia City","Aug 8,2025","Oct 31,2026",-75.1627425,39.9536361
"520",9250,"R170","Restaurant (Liquor)","Active","THE STRAWBERRY TAVERN INC.","LA FAMIGLIA RESTAURANT","8 SOUTH FRONT ST, PHILADELPHIA PA 19106-3001","8 SOUTH FRONT ST, PHILADELPHIA PA 19106-3001",NA,"GIUSEPPE SENA","Philadelphia County","Philadelphia City","Sep 4,2025","Oct 31,2026",-75.1424185,39.9494022
"521",104516,"R572","Restaurant (Liquor)","Active","SOR YNEZ LLC","SOR YNEZ","246 W BERKS ST UNIT D, PHILADELPHIA PA 19122","2319 LOCUST ST, PHILADELPHIA PA 19103","ASIA FOODS AMERICAN STREET DEVELOPMENT COMPANY, LLC","ALEXIS TELLEZ-VAZQUEZ","Philadelphia County","Philadelphia City","Apr 27,2026","Oct 31,2026",-75.1396341,39.9786597
"522",87212,"R11093","Restaurant (Liquor)","Active","DRAFTHOUSE INC","DRAFTHOUSE INC","1235 E PALMER ST, PHILADELPHIA PA 19125-3307","1700  FRANKFORD ST, PHILADELPHIA PA 19125",NA,"MICHAEL MCCLOSKEY","Philadelphia County","Philadelphia City","Apr 29,2026","Oct 31,2026",-75.1287242,39.9718259
"523",12789,"R7539","Restaurant (Liquor)","Active","ECALIMSO, INC.","ECALIMSO, INC.","2560 N FRONT ST, PHILADELPHIA PA 19133-4004","2560 N FRONT ST, PHILADELPHIA PA 19133-4004","JESSICA GONZALEZ","JESSICA GONZALEZ","Philadelphia County","Philadelphia City","Oct 15,2025","Oct 31,2026",-75.1314725,39.9892199
"524",50906,"R4910","Restaurant (Liquor)","Active","WASHINGTON SQUARE RESTAURANT PARTNERS LP","WASHINGTON SQUARE RESTAURANT PARTNERS LP","210 W WASHINGTON SQ, PHILADELPHIA PA 19106-3501","210 W WASHINGTON SQ, PHILADELPHIA PA 19106-3501",NA,"HANNAH G GREENBLATT","Philadelphia County","Philadelphia City","Dec 18,2025","Oct 31,2026",-75.1523491,39.9470963
"525",43118,"R7366","Restaurant (Liquor)","Active","CHOPS, INC.","CHOPS, INC.","30-34 S FRONT ST, PHILADELPHIA PA 19106-3019","30-34 S FRONT ST, PHILADELPHIA PA 19106-3019",NA,"CLAUDIO SANDOLO","Philadelphia County","Philadelphia City","Jul 23,2025","Oct 31,2026",-75.1428425,39.9487677
"526",69272,"R1058","Restaurant (Liquor)","Active","WHOLE FOODS MARKET GROUP LLC","WHOLE FOODS MARKET GROUP LLC","2101 PENNSYLVANIA AVE, PHILADELPHIA PA 19130-3507","2101 PENNSYLVANIA AVE, PHILADELPHIA PA 19130-3507","R INVESTMENT FIVE LP","JENNA L DOHERTY","Philadelphia County","Philadelphia City","Apr 27,2026","Oct 31,2026",-75.1737848,39.963355
"527",58677,"R3603","Restaurant (Liquor)","Active","THANASIS INC","THANASIS INC","4376-84 MAIN ST, PHILADELPHIA PA 19127-1438","4376-84 MAIN ST, PHILADELPHIA PA 19127-1438","ASK PROPERTIES, INC.","ATHANASIOS KONIDARIS","Philadelphia County","Philadelphia City","Sep 29,2025","Oct 31,2026",-75.2245149,40.0256889
"528",12706,"R7375","Restaurant (Liquor)","Active","PENNS LANDING CATERING SERVICES, INC.","PENNS LANDING CATERING SERVICES, INC.","1301 S CHRISTOPHER COLUMBUS BLVD, PHILADELPHIA PA 19147-5523","1301 S CHRISTOPHER COLUMBUS BLVD, PHILADELPHIA PA 19147-5523",NA,"DONNA KOLIFRATH","Philadelphia County","Philadelphia City","Aug 22,2025","Oct 31,2026",-75.1432874,39.9314871
"529",132876,"R15638","Restaurant (Liquor)","Active","38 LANCASTER INC","38 LANCASTER INC","3851 LANCASTER AVE, PHILADELPHIA PA 19104-2356","3851 LANCASTER AVE, PHILADELPHIA PA 19104-2356","DOST K BHATTI","SEAN P LEMON","Philadelphia County","Philadelphia City","Feb 27,2026","Oct 31,2026",-75.1989175,39.9615654
"530",28146,"R619","Restaurant (Liquor)","Active","NEW 17 INC","NEW 17 INC","2501 N 17TH ST, PHILADELPHIA PA 19132-3928","2501 N 17TH ST, PHILADELPHIA PA 19132-3928",NA,"NAY MUOY CHAI","Philadelphia County","Philadelphia City","Sep 3,2025","Oct 31,2026",-75.1598362,39.9915554
"531",102881,"R8992","Restaurant (Liquor)","Active","CRAB DU JOUR OF BROAD INC","CRAB DU JOUR","822 N BROAD ST, PHILADELPHIA PA 19130-2233","822 N BROAD ST, PHILADELPHIA PA 19130-2233","CDL PHILADELPHIA INVESTMENT GROUP LLC","PEI YEE LEE","Philadelphia County","Philadelphia City","Oct 20,2025","Oct 31,2026",-75.160512,39.9687706
"532",84258,"R6039","Restaurant (Liquor)","Active","GIUSEPPE & SONS RESTAURANT GROUP LLC","GIUSEPPE & SONS RESTAURANT GROUP LLC","1520-1522 CHESTNUT ST, PHILADELPHIA PA 19102","1217 SANSOM ST STE 5S, PHILADELPHIA PA 19107","PR CHESTNUT ASSOCIATES LP","MICHAEL A PARISI","Philadelphia County","Philadelphia City","Sep 11,2025","Oct 31,2026",-75.1665831,39.9509399
"533",126293,"R5549","Restaurant (Liquor)","Active","CAPRI6 LLC","CAPRI6 LLC","757 S FRONT ST, PHILADELPHIA PA 19147-3524","757 S FRONT ST, PHILADELPHIA PA 19147-3524","PARLLAKU INVESTMENTS, LLC","ARJAN PARLLAKU","Philadelphia County","Philadelphia City","Sep 10,2025","Oct 31,2026",-75.1443951,39.9383727
"534",57164,"R5426","Restaurant (Liquor)","Active","4931 LIU INC","4931 LIU INC","4931-33 WAYNE AVE, PHILADELPHIA PA 19144-3629","4931-33 WAYNE AVE, PHILADELPHIA PA 19144-3629","JEFF LIU","JEFF LIU","Philadelphia County","Philadelphia City","Sep 9,2025","Oct 31,2026",-75.1669284,40.025221
"535",48261,"R12022","Restaurant (Liquor)","Active","4766 I J C INC","4766 I J C INC","4762-64-66 RISING SUN AVE, PHILADELPHIA PA 19120-4221","4762-64-66 RISING SUN AVE, PHILADELPHIA PA 19120-4221","ISMAEL CASTILLO","ISMAEL CASTILLO","Philadelphia County","Philadelphia City","Jul 30,2025","Oct 31,2026",-75.0944827,40.0511107
"536",38980,"R459","Restaurant (Liquor)","Active","GOJJO, INC.","GOJJO, INC.","4540 BALTIMORE AVE, PHILADELPHIA PA 19143-3705","4540 BALTIMORE AVE, PHILADELPHIA PA 19143-3705",NA,"HABTAMU SHITAYE","Philadelphia County","Philadelphia City","Jul 30,2025","Oct 31,2026",-75.2141288,39.9487364
"537",103996,"R8250","Restaurant (Liquor)","Active","COLLINS FAMILY MARKETS INC","SHOPRITE OF OXFORD & LEVICK","6301 OXFORD AVE, PHILADELPHIA PA 19111-5366","6301 OXFORD AVE, PHILADELPHIA PA 19111-5366","LAWNDALE I LP","GINAMARIE SECKINGER","Philadelphia County","Philadelphia City","Aug 25,2025","Oct 31,2026",-75.0872257,40.0437716
"538",101345,"R7604","Restaurant (Liquor)","Active","BARCARSIDE LLC","BARCARSIDE LLC","2201 CHRISTIAN ST, PHILADELPHIA PA 19146-1718","2201 CHRISTIAN ST, PHILADELPHIA PA 19146-1718","AKR PROPERTIES LLC","MICHAEL J STRAUSS","Philadelphia County","Philadelphia City","Aug 27,2025","Oct 31,2026",-75.1794592,39.9418602
"539",95199,"R3942","Restaurant (Liquor)","Active","CHANCELLOR 218 LLC","CHANCELLOR 218 LLC","218 S 16TH ST, PHILADELPHIA PA 19102-3301","1209 ORANGE ST, WILMINGTON DE 19801-1120","CHANCELLOR INVESTMENT HOLDINGS, LLC","SHAVON P MCKENNA","Philadelphia County","Philadelphia City","Sep 26,2025","Oct 31,2026",-75.1678106,39.949177
"540",47822,"R271","Restaurant (Liquor)","Active","TRACEY RICKETTS, INC.","ELZINA'S","5639 MASTER ST, PHILADELPHIA PA 19131-3843","5639 MASTER ST, PHILADELPHIA PA 19131-3843","TRACEY E RICKETTS","TRACEY E RICKETTS","Philadelphia County","Philadelphia City","Jul 3,2025","Oct 31,2026",-75.2346,39.9735107
"541",120376,"R7266","Restaurant (Liquor)","Active","TMR RESTAURANT, LLC","TMR RESTAURANT, LLC","1310 WALNUT ST, PHILADELPHIA PA 19107-6313","1310 WALNUT ST, PHILADELPHIA PA 19107-6313","TRUE LIBERTY REALTY LLC","MANA SHI","Philadelphia County","Philadelphia City","Sep 3,2025","Oct 31,2026",-75.1626664,39.9489198
"542",64981,"R7661","Restaurant (Liquor)","Active","J V HOLDINGS LLC","J V HOLDINGS LLC","600 N BROAD ST, PHILADELPHIA PA 19130-3402","600 N BROAD ST, PHILADELPHIA PA 19130-3402",NA,"MARCUS OTTO","Philadelphia County","Philadelphia City","Dec 10,2025","Oct 31,2026",-75.1614065,39.9641412
"543",58237,"R3836","Restaurant (Liquor)","Active","MARRAKESH EAST COASTS PREMIER MOROCCAN RESTAURANT INC","MARRAKESH EAST COASTS PREMIER MOROCCAN RESTAURANT INC","517 S LEITHGOW ST, PHILADELPHIA PA 19147-1514","517 S LEITHGOW ST, PHILADELPHIA PA 19147-1514",NA,"RIYAD ALBAROKI","Philadelphia County","Philadelphia City","Jun 4,2026","Oct 31,2026",-75.1494721,39.9420418
"544",95807,"R4586","Restaurant (Liquor)","Active","NEW LEAF CHINESE AND JAPANESE CUISINE II LLC","NEW LEAF CHINESE AND JAPANESE CUISINE II LLC","4258 MAIN ST, PHILADELPHIA PA 19127-1626","4258 MAIN ST, PHILADELPHIA PA 19127-1626","4258 MAIN STREET LP","DAFU WENG","Philadelphia County","Philadelphia City","Nov 3,2025","Oct 31,2026",-75.2219858,40.0246465
"545",115785,"R6992","Restaurant (Liquor)","Active","HI-LO TACO 1 LLC","HI-LO TACO 1 LLC","1109 WALNUT ST, PHILADELPHIA PA 19107-4908","1109 WALNUT ST, PHILADELPHIA PA 19107-4908","1109 WALNUT ASSOCIATES LLC","JEFFREY S NEWMAN","Philadelphia County","Philadelphia City","Aug 12,2025","Oct 31,2026",-75.1594737,39.9490855
"546",94683,"R8952","Restaurant (Liquor)","Active","IKKI LLC","IKKI","310 MARKET ST, PHILADELPHIA PA 19107","310 MARKET ST, PHILADELPHIA PA 19107","JIN & L, INC.","QIAO D ZHENG","Philadelphia County","Philadelphia City","Jul 8,2025","Oct 31,2026",-75.1462398,39.9500962
"547",11150,"R3818","Restaurant (Liquor)","Active","J. R. 'S PLACE LTD","J. R. 'S PLACE","2663 E NORRIS ST, PHILADELPHIA PA 19125-3532","2663 E NORRIS ST, PHILADELPHIA PA 19125-3532",NA,"MICHAEL ROWSON","Philadelphia County","Philadelphia City","Jul 25,2025","Oct 31,2026",-75.1226789,39.9741676
"548",53184,"R430","Restaurant (Liquor)","Active","1651, INC.","1651, INC.","1651-53-55 E PASSYUNK AVE, PHILADELPHIA PA 19148-1121","1651-53-55 E PASSYUNK AVE, PHILADELPHIA PA 19148-1121",NA,"REBECCA C CLIFTON","Philadelphia County","Philadelphia City","Jul 8,2025","Oct 31,2026",-75.1643532,39.928858
"549",69891,"R181","Restaurant (Liquor)","Active","BROWNS PARKSIDE LLC","BROWNS PARKSIDE LLC","1575 N 52ND ST STE 400, PHILADELPHIA PA 19131-4729","1575 N 52ND ST STE 400, PHILADELPHIA PA 19131-4729",NA,"JAREESE D TILLMAN","Philadelphia County","Philadelphia City","Sep 23,2025","Oct 31,2026",-75.2223241,39.9772676
"550",69958,"R15434","Restaurant (Liquor)","Active","2524 WANG INC","2524 WANG INC","2524 KENSINGTON AVE, PHILADELPHIA PA 19125-1322","2524 KENSINGTON AVE, PHILADELPHIA PA 19125-1322",NA,"NOUKHEUAN CHANTHAMALY","Philadelphia County","Philadelphia City","Oct 31,2025","Oct 31,2026",-75.128779,39.9882672
"551",110515,"R15508","Restaurant (Liquor)","Active","RSVP HOSPITALITY LLC","RSVP HOSPITALITY","7152 GERMANTOWN AVE, PHILADELPHIA PA 19119-1843","7038 LINCOLN DR, PHILADELPHIA PA 19119",NA,"ERIN M CROKE","Philadelphia County","Philadelphia City","Aug 7,2025","Oct 31,2026",-75.1908862,40.0594802
"552",73313,"R1211","Restaurant (Liquor)","Active","SB BEER LLC","SB BEER LLC","1001 N 2ND ST  UNIT 2700, PHILADELPHIA PA 19123-1612","1500 MARKET ST SUITE W-3110, PHILADELPHIA PA 19102-2167","PIAZZA PARTNERS I LP","TOM REVELLI","Philadelphia County","Philadelphia City","Mar 25,2026","Oct 31,2026",-75.1400364,39.9665708
"553",70264,"R3772","Restaurant (Liquor)","Active","BODEGA TACO BAR LLC","BODEGA TACO BAR LLC","1223 WALNUT ST, PHILADELPHIA PA 19107-4920","1223 WALNUT ST, PHILADELPHIA PA 19107-4920","TRI-VAS REAL ESTATE INVESTMENTS INC AND AGAPIOS, STAVROS AND PARASKEVI VASILIADIS","ALEXANDROS VASILIADIS","Philadelphia County","Philadelphia City","Oct 7,2025","Oct 31,2026",-75.1616055,39.9492586
"554",91464,"R1076","Restaurant (Liquor)","Active","LINS FOODS LLC","LINS FOODS LLC","909 ARCH ST FIRST FL, PHILADELPHIA PA 19107","909 ARCH ST FIRST FL, PHILADELPHIA PA 19107","909 REALTY LLC","XU LIN","Philadelphia County","Philadelphia City","Jul 17,2025","Oct 31,2026",-75.1551081,39.9536791
"555",56370,"R14475","Restaurant (Liquor)","Active","1801 RESTAURANT PARTNERS LP","CONTINENTAL MIDTOWN","1801 CHESTNUT ST, PHILADELPHIA PA 19103-3712","1801 CHESTNUT ST, PHILADELPHIA PA 19103-3712",NA,"CATHERINE E PIOTROWSKI","Philadelphia County","Philadelphia City","Dec 18,2025","Oct 31,2026",-75.1705086,39.9517988
"556",31720,"R8087","Restaurant (Liquor)","Active","LAIM ENTERPRISES, INC.","LAIM ENTERPRISES, INC.","516 S 52ND ST, PHILADELPHIA PA 19143-1509","516 S 52ND ST, PHILADELPHIA PA 19143-1509",NA,"SIENG HONG","Philadelphia County","Philadelphia City","Jul 8,2025","Oct 31,2026",-75.2269387,39.9515994
"557",83984,"R30","Restaurant (Liquor)","Active","31SOUTH18 LLC","31SOUTH18 LLC","31 S 18TH ST, PHILADELPHIA PA 19103-4138","100 N 20TH ST STE 200, PHILADELPHIA PA 19103-1454","30 SOUTH 17 PROPERTY OWNER LLC","JORDON N HONEYCUTT","Philadelphia County","Philadelphia City","Jul 15,2026","Oct 31,2026",-75.1698769,39.9523906
"558",32015,"R231","Restaurant (Liquor)","Active","THREE MAIN, INC.","THREE MAIN, INC.","4245 MAIN ST, PHILADELPHIA PA 19127-1602","4245 MAIN ST, PHILADELPHIA PA 19127-1602",NA,"JOSEPH J JOWETT JR","Philadelphia County","Philadelphia City","Jul 2,2025","Oct 31,2026",-75.2210389,40.024609
"559",65466,"R11353","Restaurant (Liquor)","Active","FUXION INC","FUXION INC","1021 ARCH ST, PHILADELPHIA PA 19107-2307","1021 ARCH ST, PHILADELPHIA PA 19107-2307","K & A INVESTMENT INC","KENNY POON","Philadelphia County","Philadelphia City","Oct 17,2025","Oct 31,2026",-75.1572287,39.9538184
"560",125635,"R13583","Restaurant (Liquor)","Active","COLLINS FAMILY MARKETS INC","SHOPRITE OF FRONT & OLNEY","101 E OLNEY AVE, PHILADELPHIA PA 19120","101 E OLNEY AVE, PHILADELPHIA PA 19120","O & O OWNER LLC","SUZANNE A SCODA","Philadelphia County","Philadelphia City","Aug 25,2025","Oct 31,2026",-75.1195801,40.0381566
"561",9218,"R108","Restaurant (Liquor)","Active","2701-OREGON, INC.","2701-OREGON, INC.","2701-03 S MARSHALL ST, PHILADELPHIA PA 19148","2701-03 S MARSHALL ST, PHILADELPHIA PA 19148",NA,"DAWN MCKEOWN","Philadelphia County","Philadelphia City","Sep 24,2025","Oct 31,2026",-75.1585158,39.9149862
"562",40134,"R726","Restaurant (Liquor)","Active","3653 GERMANTOWN INC","3653 GERMANTOWN INC","3653 GERMANTOWN AVE, PHILADELPHIA PA 19140-4255","3653 GERMANTOWN AVE, PHILADELPHIA PA 19140-4255",NA,"JOVAN R FULLER","Philadelphia County","Philadelphia City","Dec 2,2025","Oct 31,2026",-75.1514073,40.009458
"563",105781,"R6728","Restaurant (Liquor)","Active","GEC RITTENHOUSE LLC","GEC RITTENHOUSE LLC","30 S 17TH ST STE 110, PHILADELPHIA PA 19103","30 S 17TH ST STE 110, PHILADELPHIA PA 19103","30 SOUTH 17 PROPERTY OWNER LLC","STEPHEN JAMES SLAUGHTER","Philadelphia County","Philadelphia City","Oct 1,2025","Oct 31,2026",-75.1695409,39.9522045
"564",49542,"R4265","Restaurant (Liquor)","Active","PACKER CAFE, INC.","CHICKIE'S & PETE'S CAFE","1526 PACKER AVE, PHILADELPHIA PA 19145-5407","1526 PACKER AVE, PHILADELPHIA PA 19145-5407",NA,"THOMAS CIARROCCHI","Philadelphia County","Philadelphia City","Feb 18,2026","Oct 31,2026",-75.1745107,39.9114334
"565",97820,"R963","Restaurant (Liquor)","Active","CWKEARSE LLC","CWKEARSE LLC","233 CHESTNUT ST, PHILADELPHIA PA 19106-2813","233 CHESTNUT ST, PHILADELPHIA PA 19106-2813","233 CHESTNUT STREET DEVELPMENT, LLC","CHRISTOPHER W KEARSE","Philadelphia County","Philadelphia City","Oct 29,2025","Oct 31,2026",-75.1454205,39.9488063
"566",61748,"R11416","Restaurant (Liquor)","Active","FITS 4201 INC","FITS 4201 INC","4201 E CHELTENHAM AVE, PHILADELPHIA PA 19124-1414","4201 E CHELTENHAM AVE, PHILADELPHIA PA 19124-1414",NA,"IEGHOUT SECK","Philadelphia County","Philadelphia City","Jul 15,2025","Oct 31,2026",-75.0676729,40.0206571
"567",60263,"R895","Restaurant (Liquor)","Active","COSSETTE ENTERPRISES INC","COSSETTE ENTERPRISES INC","900 WASHINGTON AVE, PHILADELPHIA PA 19147-3825","900 WASHINGTON AVE, PHILADELPHIA PA 19147-3825",NA,"YONG SUN NAM","Philadelphia County","Philadelphia City","Jul 28,2025","Oct 31,2026",-75.1586367,39.936218
"568",52470,"R5781","Restaurant (Liquor)","Active","KILLARD, LLC","KILLARD, LLC","8400 TORRESDALE AVE, PHILADELPHIA PA 19136-1518","8400 TORRESDALE AVE, PHILADELPHIA PA 19136-1518",NA,"JOSEPH V DRISCOLL","Philadelphia County","Philadelphia City","Jul 30,2025","Oct 31,2026",-75.0153637,40.0405454
"569",65249,"R7730","Restaurant (Liquor)","Active","CALABASH ENTERPRISE INC","CALABASH ENTERPRISE INC","6208 LANCASTER AVE, PHILADELPHIA PA 19151-3201","6208 LANCASTER AVE, PHILADELPHIA PA 19151-3201",NA,"EDISON PAYNTER","Philadelphia County","Philadelphia City","May 20,2026","Oct 31,2026",-75.2463129,39.9842457
"570",9296,"R238","Restaurant (Liquor)","Active","1417 SHUNK CORP.","ROSEWOOD BAR","1417 SHUNK ST, PHILADELPHIA PA 19145-4645","1417 SHUNK ST, PHILADELPHIA PA 19145-4645",NA,"ROBERT KUBICKY","Philadelphia County","Philadelphia City","Oct 15,2025","Oct 31,2026",-75.1718119,39.9184135
"571",102299,"R15548","Restaurant (Liquor)","Active","CAJUN SEAFOOD 1936 LLC","HOOK & REEL","COLUMBUS COMMONS SHOPPING CENTER 1936 S COLUMBUS BLVD, PHILADELPHIA PA 19148","COLUMBUS COMMONS SHOPPING CENTER 1936 S COLUMBUS BLVD, PHILADELPHIA PA 19148","COLUMBUS NORTH ASSOCIATES LP","CHANGYAO ZENG","Philadelphia County","Philadelphia City","Jul 18,2025","Oct 31,2026",-75.1413305,39.9185127
"572",97317,"R7318","Restaurant (Liquor)","Active","BLIND BARBER PHILADELPHIA LLC","BLIND BARBER","1326 CHESTNUT ST, PHILADELPHIA PA 19107-4525","339 E 10TH ST, NEW YORK NY 10009","1326 CHESTNUT OWNER LLC","JACOB C DETWILER","Philadelphia County","Philadelphia City","Jun 12,2026","Oct 31,2026",-75.1629745,39.9503277
"573",95445,"R6591","Restaurant (Liquor)","Active","WARRENHQ LLC","WARRENHQ LLC","129L S 30TH ST, PHILADELPHIA PA 19104","129L S 30TH ST, PHILADELPHIA PA 19104","BRANDYWINE CIRA GARAGE I LP","ANDRE I TORRES","Philadelphia County","Philadelphia City","Jul 11,2025","Oct 31,2026",-75.1832363,39.9528175
"574",11181,"R3880","Restaurant (Liquor)","Active","MONTROSE INC.","MONTROSE INC.","932-936 S 9TH ST, PHILADELPHIA PA 19147-3935","932-936 S 9TH ST, PHILADELPHIA PA 19147-3935",NA,"EPIPHANY DELUCA","Philadelphia County","Philadelphia City","Aug 18,2025","Oct 31,2026",-75.1582554,39.9380027
"575",9730,"R1001","Restaurant (Liquor)","Active","LOU & CHOO ENTERPRISES, INC.","LOU & CHOO ENTERPRISES, INC.","2101 W HUNTING PARK AVE, PHILADELPHIA PA 19140-2815","2101 W HUNTING PARK AVE, PHILADELPHIA PA 19140-2815","TRACY S HARDY, JENNIFER GOMEZ HARDY","WESLEY GILLIARD","Philadelphia County","Philadelphia City","Feb 18,2026","Oct 31,2026",-75.1633621,40.0118111
"576",72214,"R15671","Restaurant (Liquor)","Active","KAFFA CROSSING II INC","KAFFA CROSSING II INC","4704 BALTIMORE AVE, PHILADELPHIA PA 19143-3503","1500 MARKET ST STE W-3110, PHILADELPHIA PA 19102-2100",NA,"HABTAMU KASSA","Philadelphia County","Philadelphia City","Oct 31,2025","Oct 31,2026",-75.2172532,39.9484137
"577",72624,"R15491","Restaurant (Liquor)","Active","19CHESTNUT03 LLC","19CHESTNUT03 LLC","1903 CHESTNUT ST, PHILADELPHIA PA 19103-3500","1903 CHESTNUT ST, PHILADELPHIA PA 19103-3500",NA,"MICHAEL CROUSE","Philadelphia County","Philadelphia City","Nov 3,2025","Oct 31,2026",-75.1720741,39.952106
"578",50126,"R228","Restaurant (Liquor)","Active","700 SE, INC.","700 SE, INC.","700 SNYDER AVE, PHILADELPHIA PA 19148-2432","700 SNYDER AVE, PHILADELPHIA PA 19148-2432",NA,"SHERRY CHOA RODRIGUEZ","Philadelphia County","Philadelphia City","Jan 13,2026","Oct 31,2026",-75.1583306,39.9227264
"579",110570,"R1055","Restaurant (Liquor)","Active","VEG LLC","FITZ ON 4TH","743 S 4TH ST, PHILADELPHIA PA 19147-3125","743 S 4TH ST, PHILADELPHIA PA 19147-3125","FLY PROPERTIES LLC","ALISON FITZPATRICK","Philadelphia County","Philadelphia City","May 15,2026","Oct 31,2026",-75.1495946,39.9390631
"580",83227,"R7751","Restaurant (Liquor)","Active","BRICK HOUSE BAR & GRILLE INC","BRICK HOUSE BAR & GRILLE INC","3330-3332-3334-3336 GRANT AVE, PHILADELPHIA PA 19114-2629","3330-3332-3334-3336 GRANT AVE, PHILADELPHIA PA 19114-2629",NA,"STEVEN F CLARK","Philadelphia County","Philadelphia City","Jul 8,2025","Oct 31,2026",-75.0075357,40.0676224
"581",128216,"R7465","Restaurant (Liquor)","Active","622 MUSTARD GREEN LLC","622 MUSTARD GREEN LLC","622 S 2ND ST, PHILADELPHIA PA 19147-2418","622 S 2ND ST, PHILADELPHIA PA 19147-2418","MUSTARD GREENS LP","WING BON SIU","Philadelphia County","Philadelphia City","Aug 6,2025","Oct 31,2026",-75.1460201,39.9405437
"582",127664,"R9165","Restaurant (Liquor)","Active","J&J CHESTNUT LLC","J&J CHESTNUT LLC","123 CHESTNUT ST 1ST FL, PHILADELPHIA PA 19106-3061","1410 DOGWOOD LANE, CHESTER SPRINGS PA 19425-1500","123 - 129 CHESTER ST ASSOCIATES","MARICRUZ SANDOVAL","Philadelphia County","Philadelphia City","Jul 2,2026","Oct 31,2026",-75.1439024,39.9486235
"583",117850,"R9131","Restaurant (Liquor)","Active","DOOMED VENTURES LLC","DOOMED VENTURES LLC","421 N 7TH ST STE 102, PHILADELPHIA PA 19123","934 MCCLELLAN ST, PHILADELPHIA PA 19148","NE CALLOWHILL CENTER LLC","JUSTIN T HOLDEN","Philadelphia County","Philadelphia City","Aug 27,2025","Oct 31,2026",-75.1499503,39.958844
"584",111383,"R6438","Restaurant (Liquor)","Active","FM SPORTS BAR & GRILL LLC","LEBLON SPORTS BAR & GRILL","8208 ROOSEVELT BLVD, PHILADELPHIA PA 19152-2519","8208 ROOSEVELT BLVD, PHILADELPHIA PA 19152-2519","PENNYPACK SHOPPING CENTER INVESTORS LP","MELVIN D TORRES","Philadelphia County","Philadelphia City","Jul 18,2025","Oct 31,2026",-75.0446184,40.0607369
"585",92169,"R1212","Restaurant (Liquor)","Active","MEDUSA PIZZA PORT RICHMOND INC","MEDUSA PIZZA PORT RICHMOND INC","2327-35 GAUL ST, PHILADELPHIA PA 19125","2327-35 GAUL ST, PHILADELPHIA PA 19125","VULCANO LLC","RICHARD DURANTE","Philadelphia County","Philadelphia City","Oct 1,2025","Oct 31,2026",-75.124111,39.976977
"586",60353,"R897","Restaurant (Liquor)","Active","DRC INVESTMENTS LLC","DRC INVESTMENTS LLC","1946 LOMBARD ST, PHILADELPHIA PA 19146-1411","1946 LOMBARD ST, PHILADELPHIA PA 19146-1411",NA,"DONALD  GALVANO","Philadelphia County","Philadelphia City","Apr 24,2026","Oct 31,2026",-75.1747701,39.9456487
"587",56912,"R1230","Restaurant (Liquor)","Active","NEW HEAVEN CHINESE RESTAURANT INC","NEW HEAVEN CHINESE RESTAURANT INC","1119 WALNUT ST, PHILADELPHIA PA 19107-4918","1119 WALNUT ST, PHILADELPHIA PA 19107-4918",NA,"WILSON LIM","Philadelphia County","Philadelphia City","Aug 12,2026","Oct 31,2026",-75.1598739,39.9491899
"588",72354,"R16692","Restaurant (Liquor)","Active","430 FANG INC","430 FANG INC","430-432 W INDIANA AVE, PHILADELPHIA PA 19133-3217","430-432 W INDIANA AVE, PHILADELPHIA PA 19133-3217",NA,"SIV LINH KANG","Philadelphia County","Philadelphia City","Apr 8,2026","Oct 31,2026",-75.1384477,39.9964448
"589",117862,"R9023","Restaurant (Liquor)","Active","I & D REALTY LIQUOR LLC","THE BRASS TAP","177 MARKEL ST, PHILADELPHIA PA 19127","3164 ALMOND ST, PHILADELPHIA PA 19134","IZAK P & DANIELLE C DU PLOOY","IZAK P DU PLOOY","Philadelphia County","Philadelphia City","Oct 31,2025","Oct 31,2026",-75.2144401,40.0226728
"590",48567,"R7226","Restaurant (Liquor)","Active","JEM3, INC.","JEM3, INC.","2221 BRIDGE ST, PHILADELPHIA PA 19137-1321","2221 BRIDGE ST, PHILADELPHIA PA 19137-1321",NA,"SUZANNE MARTIN","Philadelphia County","Philadelphia City","Jul 8,2025","Oct 31,2026",-75.0691266,40.0100287
"591",52484,"R4338","Restaurant (Liquor)","Active","ATLANTA RESTAURANT PARTNERS, LLC","T.G.I. FRIDAY'S","4000 CITY LINE AVE, PHILADELPHIA PA 19131-1707","4000 CITY LINE AVE, PHILADELPHIA PA 19131-1707",NA,"BAMBA SAMA","Philadelphia County","Philadelphia City","Aug 29,2025","Oct 31,2026",-75.210205,40.008083
"592",84847,"R5058","Restaurant (Liquor)","Active","3589 VENTURES INC","3589 VENTURES INC","3589 RICHMOND ST, PHILADELPHIA PA 19134-6120","3589 RICHMOND ST, PHILADELPHIA PA 19134-6120","MICHAEL P GRAHAM & MICHAEL J QUINN JR","ROCCO W SHARP III","Philadelphia County","Philadelphia City","Feb 11,2026","Oct 31,2026",-75.0920769,39.9876279
"593",69476,"R9122","Restaurant (Liquor)","Active","FOOD LINE MANAGEMENT CO","THERICHMONDSHOPS.COM IGA","2497 ARAMINGO AVE, PHILADELPHIA PA 19125-3732","2497 ARAMINGO AVE, PHILADELPHIA PA 19125-3732","FOOD LINE MANAGEMENT CO","DONALD PETZAK","Philadelphia County","Philadelphia City","Jul 18,2025","Oct 31,2026",-75.1196932,39.9753298
"594",129297,"R8541","Restaurant (Liquor)","Active","PICOSITOS MEXICAN GRILL LLC","PICOSITOS RESTAURANT","1122-24 S 9TH ST, PHILADELPHIA PA 19147","2218 BRANCH PIKE, CINNAMINSON NJ 08077","Javier Machorro Vera & Catalina Muniz Campos","JAVIER MACHORRO VERA","Philadelphia County","Philadelphia City","Aug 28,2025","Oct 31,2026",-75.1587135,39.9357545
"595",44688,"R492","Restaurant (Liquor)","Active","2769 C&L ENTERPRISES, INC.","2769 C&L ENTERPRISES, INC.","2769 N 24TH ST, PHILADELPHIA PA 19132-3221","2769 N 24TH ST, PHILADELPHIA PA 19132-3221",NA,"DENNIS LE","Philadelphia County","Philadelphia City","Apr 13,2026","Oct 31,2026",-75.1702686,39.9975125
"596",36491,"R1578","Restaurant (Liquor)","Active","ABYSSINIA RESTAURANT, INC.","ABYSSINIA RESTAURANT, INC.","229 S 45TH ST, PHILADELPHIA PA 19104-2918","229 S 45TH ST, PHILADELPHIA PA 19104-2918",NA,"GONDAR G YIGZAW","Philadelphia County","Philadelphia City","Dec 1,2025","Oct 31,2026",-75.2116597,39.9541805
"597",119808,"R8062","Restaurant (Liquor)","Active","OLD NELSON FOOD PA FOUR LLC","OLD NELSON FOOD PA FOUR LLC","3020 MARKET ST, PHILADELPHIA PA 19104-2801","3020 MARKET ST, PHILADELPHIA PA 19104-2801","3020 Market Operating LP","JASON OH","Philadelphia County","Philadelphia City","Aug 6,2025","Oct 31,2026",-75.1843143,39.9545217
"598",42792,"R5449","Restaurant (Liquor)","Active","VETRI RESTAURANT CORP","VETRI","1312 SPRUCE ST, PHILADELPHIA PA 19107","1312 SPRUCE ST, PHILADELPHIA PA 19107",NA,"MARC VETRI","Philadelphia County","Philadelphia City","Jul 17,2025","Oct 31,2026",-75.1631827,39.9466457
"599",101099,"R7486","Restaurant (Liquor)","Active","VETRI FIORELLA LLC","VETRI FIORELLA","817 CHRISTIAN ST, PHILADELPHIA PA 19147","817 CHRISTIAN ST, PHILADELPHIA PA 19147","MILD MUSTARD LLC","ELIZABETH S SLOANE","Philadelphia County","Philadelphia City","Aug 18,2026","Oct 31,2026",-75.1569485,39.9388709
"600",9916,"R1335","Restaurant (Liquor)","Active","MCCUSKER'S INC.","MCCUSKER'S INC.","2601-03 S 17TH ST, PHILADELPHIA PA 19145","2601-03 S 17TH ST, PHILADELPHIA PA 19145",NA,"JOHN MCCUSKER","Philadelphia County","Philadelphia City","Sep 11,2025","Oct 31,2026",-75.1756991,39.9186545
"601",72110,"R12139","Restaurant (Liquor)","Active","B & D HOSPITALITY PARTNERS LLC","B & D HOSPITALITY PARTNERS LLC","700 S 20TH ST, PHILADELPHIA PA 19146-1304","700 S 20TH ST, PHILADELPHIA PA 19146-1304",NA,"TYLER GASKILL","Philadelphia County","Philadelphia City","Oct 20,2025","Oct 31,2026",-75.1754734,39.9439088
"602",55015,"R487","Restaurant (Liquor)","Active","PHO CALI VIETNAMESE RESTAURANT, INC.","PHO CALI VIETNAMESE RESTAURANT, INC.","1000 ARCH ST, PHILADELPHIA PA 19107-3002","1000 ARCH ST, PHILADELPHIA PA 19107-3002",NA,"TRINH PHUONG","Philadelphia County","Philadelphia City","Sep 2,2025","Oct 31,2026",-75.1565067,39.9533453
"603",37692,"R2769","Restaurant (Liquor)","Active","SAWAN'S BISTRO, INC.","SAWAN'S BISTRO, INC.","114-116 S 18TH ST, PHILADELPHIA PA 19103-4901","114-116 S 18TH ST, PHILADELPHIA PA 19103-4901",NA,"GEORGE SAWAN","Philadelphia County","Philadelphia City","Jul 18,2025","Oct 31,2026",-75.170706,39.9512085
"604",134037,"R4113","Restaurant (Liquor)","Active","TMJ PINE LLC","TOLL MAN JOES","1141-1143 PINE ST, PHILADELPHIA PA 19107-6035","1141-1143 PINE ST, PHILADELPHIA PA 19107-6035","1141 PINE ST LLC","LORI E PENROSE","Philadelphia County","Philadelphia City","Jul 24,2026","Oct 31,2026",-75.1610941,39.9452214
"605",83820,"R14541","Restaurant (Liquor)","Active","BAR 22 INC","BAR 22 INC","3017 N 22ND ST, PHILADELPHIA PA 19132-1502","3017 N 22ND ST, PHILADELPHIA PA 19132-1502","M & B PROPERTY LLC","MARIA A CLORY","Philadelphia County","Philadelphia City","Dec 9,2025","Oct 31,2026",-75.1662482,40.0005976
"606",72685,"R1197","Restaurant (Liquor)","Active","7254 CASTOR INC","7254 CASTOR INC","7254 CASTOR AVE, PHILADELPHIA PA 19149-1109","7254 CASTOR AVE, PHILADELPHIA PA 19149-1109","BFHY GROUP LLC","JEFFREY NUNEZ","Philadelphia County","Philadelphia City","Oct 31,2025","Oct 31,2026",-75.0666268,40.0511075
"607",110510,"R13598","Restaurant (Liquor)","Active","PAULIE GEES PHILLY, LLC","PAULIE GEES PHILLY, LLC","412-26 S 13TH ST, PHILADELPHIA PA 19147-1157","412-26 S 13TH ST, PHILADELPHIA PA 19147-1157","WAVERLY COURT LLC","JAKE N RESNIK","Philadelphia County","Philadelphia City","Oct 7,2025","Oct 31,2026",-75.163306,39.944758
"608",52019,"R13735","Restaurant (Liquor)","Active","614 BLUE MOON, INC.","614 BLUE MOON, INC.","614 S 55TH ST, PHILADELPHIA PA 19143-2504","614 S 55TH ST, PHILADELPHIA PA 19143-2504",NA,"SOKEARIT RA","Philadelphia County","Philadelphia City","May 7,2026","Oct 31,2026",-75.2331398,39.9507595
"609",103489,"R7888","Restaurant (Liquor)","Active","G-TOWN BEER LLC","G-TOWN BEER LLC","67 W CHELTEN AVE, PHILADELPHIA PA 19144","67 W CHELTEN AVE, PHILADELPHIA PA 19144","CHARLES P. HOOVER & ALLANA M. KONDISKO","SHAHIDAH P HAYES","Philadelphia County","Philadelphia City","May 26,2026","Oct 31,2026",-75.1763275,40.0344564
"610",71079,"R7670","Restaurant (Liquor)","Active","W V COLD BEER LLC","W V COLD BEER LLC","4738 FRANKFORD AVE, PHILADELPHIA PA 19124-5813","4738 FRANKFORD AVE, PHILADELPHIA PA 19124-5813",NA,"WENDY V SEUNG","Philadelphia County","Philadelphia City","Apr 2,2026","Oct 31,2026",-75.083176,40.0177031
"611",133696,"R15445","Restaurant (Liquor)","Safekeeping","6527 ENTERPRISES LLC","6527 ENTERPRISES LLC","6527 ROOSEVELT BLVD, PHILADELPHIA PA 19149","6527 ROOSEVELT BLVD, PHILADELPHIA PA 19149","ROOSEVELT PLAZA ASSOCIATES",NA,"Philadelphia County","Philadelphia City","Jul 23,2026","Oct 31,2026",-75.0664075,40.0350226
"612",72547,"R7120","Restaurant (Liquor)","Safekeeping","3401 JA INC","3401 JA INC","3401 N WATER ST, PHILADELPHIA PA 19134-1639","3401 N WATER ST, PHILADELPHIA PA 19134-1639",NA,"JOSE RIVERA","Philadelphia County","Philadelphia City","Aug 31,2026","Oct 31,2026",-75.1271588,40.001537
"613",131603,"R15815","Restaurant (Liquor)","Safekeeping","GDG MANAGEMENT LLC","MACALUSO'S","3101 S 13TH ST, PHILADELPHIA PA 19148-5234","3101 S 13TH ST, PHILADELPHIA PA 19148-5234","VENU GROUP REAL ESTATE LLC","JOEL L GRUENKE","Philadelphia County","Philadelphia City","Feb 5,2026","Oct 31,2026",-75.1701447,39.9112221
"614",68020,"R541","Restaurant (Liquor)","Safekeeping","369 PHILLYS FINEST INC","369 PHILLYS FINEST INC","5037 DITMAN ST, PHILADELPHIA PA 19124-2230","5037 DITMAN ST, PHILADELPHIA PA 19124-2230",NA,"LAKESHA S DEVERO","Philadelphia County","Philadelphia City","Aug 27,2026","Oct 31,2026",-75.0723798,40.0138796
"615",103022,"R5359","Restaurant (Liquor)","Safekeeping","DEVON SEAFOOD PA LLC","DEVON SEAFOOD GRILL","225 S 18TH ST, PHILADELPHIA PA 19103-6127","225 S 18TH ST, PHILADELPHIA PA 19103-6127","ADR PARC LP","MICHELLE ZARALLO","Philadelphia County","Philadelphia City","Nov 12,2025","Oct 31,2026",-75.1706505,39.949295
"616",133470,"R6110","Restaurant (Liquor)","Safekeeping","CAPPELLI BROTHERS CIGAR BAR LLC","CAPPELLI BROTHERS CIGAR BAR LLC","205 S 13TH ST, PHILADELPHIA PA 19107-5407","205 S 13TH ST, PHILADELPHIA PA 19107-5407","EDWARD M PAUL CO","LOUIS M CAPPELLI","Philadelphia County","Philadelphia City","May 11,2026","Oct 31,2026",-75.1620273,39.9485424
"617",21231,"S62","Sacramental Wine","Active","RABBI AMIRAM GABAY RACHAEL GABAY","JERUSALEM GIFT SHOP","7818 CASTOR AVE, PHILADELPHIA PA 19152","7818 CASTOR AVE, PHILADELPHIA PA 19152","AMIRAM GABAY",NA,"Philadelphia County","Philadelphia City","Dec 8,2025","Dec 31,2026",-75.0594228,40.0586988
"618",131079,"SO60937","Special Occasion Permit","Active","VENETIAN SOCIAL CLUB","VENETIAN SOCIAL CLUB","8030 GERMANTOWN AVE, PHILADELPHIA PA 19118-3421","8030 GERMANTOWN AVE, PHILADELPHIA PA 19118-3421",NA,NA,"Philadelphia County","Philadelphia City","Sep 11,2026","Dec 31,2026",-75.201574,40.0714095
"619",130811,"SO60765","Special Occasion Permit","Active","PHILADELPHIA ZOO","PHILADELPHIA ZOO","3400 W GIRARD AVE, PHILADELPHIA PA 19104-1139","3400 W GIRARD AVE, PHILADELPHIA PA 19104-1139",NA,"PETER PATANE","Philadelphia County","Philadelphia City","Feb 5,2026","Dec 31,2026",-75.1957729,39.9720397
"620",133371,"SO61548","Special Occasion Permit","Active","UNITED STREET ART","UNITED STREET ART","5131 W GIRARD AVE, PHILADELPHIA PA 19131-4403","5131 W GIRARD AVE, PHILADELPHIA PA 19131-4403",NA,NA,"Philadelphia County","Philadelphia City","Dec 16,2025","Dec 31,2026",-75.2246041,39.9719153
"621",133776,"SOM61707","Special Occasion Permit (Malt)","Active","NATIONAL PTSD FOUNDATION INC","NATIONAL PTSD FOUNDATION INC","62 GLEN ROY RD, NOTTINGHAM PA 19362","62 GLEN ROY RD, NOTTINGHAM PA 19362",NA,NA,"Philadelphia County","Philadelphia City","Feb 26,2026","Dec 31,2026",-76.044454,39.747196
"622",118517,"DBS54934","Direct Beer Shipper","Active","SOURCE BREWING LLC","SOURCE URBAN BREWERY","1101 FRANKFORD AVE, PHILADELPHIA PA 19125-4117","1101 FRANKFORD AVE, PHILADELPHIA PA 19125-4117",NA,NA,"Philadelphia County","Philadelphia City","Oct 7,2025","Dec 31,2026",-75.1337853,39.9677254
"623",135566,NA,"Brewery","Pending","TRAVELIN MAN BREWERY LLC","3500 SCOTTS LANE OFC206-E, PHILADELPHIA PA 19129","3500 SCOTTS LANE OFC206-E, PHILADELPHIA PA 19129-1836","430 CLOVERLY LANE, HORSHAM PA 19044-1812",NA,NA,"Philadelphia County","Philadelphia City",NA,NA,-75.1832828,40.0081293
"624",134164,"R3203","Restaurant (Liquor)","Pending","CURRANS BUSINESS CORP","CURRANS IRISH INN","6900 STATE RD, PHILADELPHIA PA 19135-1509","6900 STATE RD, PHILADELPHIA PA 19135-1509","CURRANS REAL ESTATE LLC","ANDY O BARRIOS","Philadelphia County","Philadelphia City",NA,"Oct 31,2026",-75.0401007,40.022091
"625",134263,"R6346","Restaurant (Liquor)","Pending","GANBEI INC","GANBEI INC","4800 N BROAD ST, PHILADELPHIA PA 19141-2108","4800 N BROAD ST, PHILADELPHIA PA 19141-2108",NA,NA,"Philadelphia County","Philadelphia City",NA,"Oct 31,2026",-75.1478397,40.0262935
"626",133262,"R8996","Restaurant (Liquor)","Pending","SHOP RITE SUPERMARKETS INC","SHOP RITE","330 W OREGON AVE, PHILADELPHIA PA 19148-4723","5000 RIVERSIDE DR, KEASBEY  NJ 08832",NA,NA,"Philadelphia County","Philadelphia City",NA,"Oct 31,2026",-75.1552677,39.9135449
"627",134385,"E4219","Eating Place Retail Dispenser (Malt)","Pending","KWON & YUN INC","CM CHICKEN","3180 CHESTNUT ST, PHILADELPHIA PA 19104","3180 CHESTNUT ST, PHILADELPHIA PA 19104",NA,NA,"Philadelphia County","Philadelphia City",NA,"Oct 31,2026",-75.1871007,39.9536207
"628",134128,"R16370","Restaurant (Liquor)","Pending","MI CASA PHILLY LLC","MI CASA PHILLY LLC","3151 MARKET ST STE 125, PHILADELPHIA  PA 19104","LOWER LEVEL 3601 POWELTON AVE, PHILADELPHIA PA 19104","ACADEMIC PROPERTIES INC",NA,"Philadelphia County","Philadelphia City",NA,"Oct 31,2026",-75.186537,39.955767
"629",135279,"R4458","Restaurant (Liquor)","Pending","1225 HOSPITALITY LLC","1225 HOSPITALITY LLC","1225 SANSOM ST & 1224 CHESTNUT ST, PHILADELPHIA PA 19107","1225 SANSOM ST & 1224 CHESTNUT ST, PHILADELPHIA PA 19107",NA,NA,"Philadelphia County","Philadelphia City",NA,"Oct 31,2026",-75.1614905,39.9500178
"630",132819,"C3677","Club (Liquor)","Pending","MOC SOCIAL CLUB INC","MOC SOCIAL CLUB","2315 S 22ND ST, PHILADELPHIA PA 19145-3406","2315 S 22ND ST, PHILADELPHIA PA 19145-3406",NA,NA,"Philadelphia County","Philadelphia City",NA,"Oct 31,2025",-75.1832077,39.9231285
"631",108721,"A52032","Distillery","Active","MATELOT LLC","MATELOT","2155 CASTOR AVE, PHILADELPHIA PA 19134","3418 28TH ST #3R, ASTORIA NY 11106","STERLING PAPER LOFTS LLC","TIMOTHY  M SIECK","Philadelphia County","Philadelphia City","Dec 18,2025","Dec 31,2026",-75.0968494,39.9987797
"632",145,"AE281","Alcohol Tax-Exempt","Active","SAINT JOSEPH'S UNIVERSITY CHEMISTRY DEPT.","SAINT JOSEPH'S UNIVERSITY CHEMISTRY DEPT.","5600 CITY AVE, PHILADELPHIA PA 19131-1308","5600 CITY AVE, PHILADELPHIA PA 19131-1308",NA,NA,"Philadelphia County","Philadelphia City","Feb 18,2025","Dec 31,2028",-75.2399328,39.9951217
"633",126,"AE239","Alcohol Tax-Exempt","Active","TEMPLE UNIVERSITY SCHOOL OF MEDICINE C/O TEMPLE UNIVERSITY HOSPITAL PHARMA","TEMPLE UNIVERSITY SCHOOL OF MEDICINE C/O TEMPLE UNIVERSITY HOSPITAL PHARMA","N W COR BROAD & ONTARIO STS, PHILADELPHIA PA 19140","N W COR BROAD & ONTARIO STS, PHILADELPHIA PA 19140",NA,NA,"Philadelphia County","Philadelphia City","Jun 13,2025","Dec 31,2028",NA,NA
"634",101897,"AG45610","Alternating Brewer","Active","CAPE MAY BREWING LLC","CAPE MAY BREWING LLC","500 SPRING GARDEN ST, PHILADELPHIA PA 19123-2833","409 BREAKWATER RD , CAPE MAY NJ 08204-4537","ALLIANCE HSP PHILADELPHIA WAREHOUSE LP","BRANDON A GREENWOOD","Philadelphia County","Philadelphia City","Dec 10,2025","Dec 31,2026",-75.1476062,39.9606101
"635",109750,"AN49205","Alcohol Non-Beverage","Active","BIOLABS PHILADELPHIA LLC","BIOLABS PHILADELPHIA","601 WALNUT ST STE 715, PHILADELPHIA PA 19106","601 WALNUT ST STE 715, PHILADELPHIA PA 19106",NA,NA,"Philadelphia County","Philadelphia City","Feb 3,2025","Dec 31,2028",-75.1519416,39.9482929
"636",63767,"AR128","Airport Restaurant (Liquor)","Active","UNITED AIRLINES INC","UNITED CLUB","PHILADELPHIA INTERNATIONAL AIRPORT  8500 ESSINGTON AVE  SECOND FLOOR  TERMINAL D, PHILADELPHIA PA 19153","PHILADELPHIA INTERNATIONAL AIRPORT  8500 ESSINGTON AVE  SECOND FLOOR  TERMINAL D, PHILADELPHIA PA 19153","CITY OF PHILADELPHIA","KEVIN S GANZ","Philadelphia County","Philadelphia City","Jul 7,2025","Oct 31,2026",-75.2419857,39.8779187
"637",405,"B79","Bonded Warehouse (Liquor)","Active","CHARLES JACQUIN ET CIE, INC.","CHARLES JACQUIN ET CIE, INC.","2633 TRENTON AVE, PHILADELPHIA PA 19125-1837","2633 TRENTON AVE, PHILADELPHIA PA 19125-1837",NA,"JOSEPH SCHICK","Philadelphia County","Philadelphia City","Sep 5,2025","Dec 31,2026",-75.1211733,39.9840204
"638",128170,"B59750","Bonded Warehouse (Liquor)","Active","COMMERCE SERVICES LLC","PHILAPORT DISTRIBUTION CENTER","3350 S 3RD ST, PHILADELPHIA PA 19148-5627","101 S KING ST, GLOUCESTER CITY NJ 08030-1947","PHILADELPHIA REGIONAL PORT AUTHORITY","MATTHEW D MARASCO","Philadelphia County","Philadelphia City","Sep 22,2025","Dec 31,2026",-75.1546621,39.9065094
"639",51359,"C6403","Club (Liquor)","Active","AMERICAN LEGION POST 293, JAMES BOYLE HOME ASSOCIATION","AMERICAN LEGION POST 293, JAMES BOYLE HOME ASSOCIATION","2854 WINTON ST, PHILADELPHIA PA 19145-2433","2854 WINTON ST, PHILADELPHIA PA 19145-2433","RALPH DEPRIETORO","KLITON XHEMAJ","Philadelphia County","Philadelphia City","Oct 7,2025","Oct 31,2026",-75.1942516,39.9265988
"640",827,"C1106","Club (Liquor)","Active","POLISH AMERICAN CITIZENS CLUB OF FRANKFORD","POLISH AMERICAN CITIZENS CLUB OF FRANKFORD","2404 ORTHODOX ST, PHILADELPHIA PA 19137-1118","2404 ORTHODOX ST, PHILADELPHIA PA 19137-1118","POLISH AMERICAN CITIZENS CLUB OF FRANKFORD","JASON DEVLIN","Philadelphia County","Philadelphia City","Oct 7,2025","Oct 31,2026",-75.0778406,40.0044567
"641",556,"C340","Club (Liquor)","Active","PARKWAY MEMORIAL POST NO. 7650 V. F. W. OF THE U. S.","PARKWAY MEMORIAL POST NO. 7650 V. F. W. OF THE U. S.","757 N 24TH ST, PHILADELPHIA PA 19130-2540","757 N 24TH ST, PHILADELPHIA PA 19130-2540","PARKWAY MEMORIAL POST NO. 7650 V. F. W. OF THE U. S.","CHARLES LAWN","Philadelphia County","Philadelphia City","Aug 12,2025","Oct 31,2026",-75.1764802,39.9688856
"642",65649,"CC1139","Catering Club (Liquor)","Active","INTERNATIONAL ASSN OF HEAT & FROST INSULATORS & ALLIED WORKERS LOCAL NO 14","INTERNATIONAL ASSN OF HEAT & FROST INSULATORS & ALLIED WORKERS LOCAL NO 14","2014 HORNIG RD, PHILADELPHIA PA 19116-4202","2014 HORNIG RD, PHILADELPHIA PA 19116-4202","INTERNATIONAL ASSN OF HEAT & FROST INSULATORS & ALLIED WORKERS LOCAL NO 14","ROBERT J CELLUCCI","Philadelphia County","Philadelphia City","Jul 23,2025","Oct 31,2026",-74.9996875,40.111907
"643",1114,"CC1904","Catering Club (Liquor)","Active","RUSSIAN UNITED BENEFICIAL ASSOCIATION","RUSSIAN UNITED BENEFICIAL ASSOCIATION","414-416 GREEN ST, PHILADELPHIA PA 19123-2823","414-416 GREEN ST, PHILADELPHIA PA 19123-2823","G RICH PROPERTIES","RICHARD L GOLDBERG","Philadelphia County","Philadelphia City","Oct 15,2025","Oct 31,2026",-75.1459141,39.9618165
"644",112065,"D2053","Distributor (Malt)","Active","MARK BEER LLC","MARK BEER LLC","11000 E ROOSEVELT BLVD STORE #152 BOX C-9, PHILADELPHIA PA 19115","11000 E ROOSEVELT BLVD STORE #152 BOX C-9, PHILADELPHIA PA 19115",NA,"ANANT G KULKARNI","Philadelphia County","Philadelphia City","Oct 27,2025","Oct 31,2026",-75.0154953,40.0949264
"645",65722,"D2961","Distributor (Malt)","Active","LINCHEN 4315 INC","LINCHEN 4315 INC","4315 MEGARGEE ST, PHILADELPHIA PA 19136-2135","4315 MEGARGEE ST, PHILADELPHIA PA 19136-2135","WEN LIN","WEN LIN","Philadelphia County","Philadelphia City","Jul 16,2025","Oct 31,2026",-75.0114643,40.048722
"646",61186,"D83","Distributor (Malt)","Active","TIOGA 2623 INC","TIOGA 2623 INC","2623 E TIOGA ST, PHILADELPHIA PA 19134-5416","2623 E TIOGA ST, PHILADELPHIA PA 19134-5416",NA,"QIAOYAN LIN","Philadelphia County","Philadelphia City","Sep 9,2025","Oct 31,2026",-75.096002,39.9887553
"647",100476,"D1219","Distributor (Malt)","Active","ENNIE, INC.","ENNIE, INC.","5647-49 WALNUT ST, PHILADELPHIA PA 19139","5647-49 WALNUT ST, PHILADELPHIA PA 19139","VINCENT P PARISI","DANDAN LIN","Philadelphia County","Philadelphia City","Dec 30,2025","Oct 31,2026",-75.2348369,39.9584915
"648",61015,"D1885","Distributor (Malt)","Active","B & B BEER DISTRIBUTOR INC","B & B BEER DISTRIBUTOR INC","3000-02 N FRANKLIN ST , PHILADELPHIA PA 19133-2425","3000-02 N FRANKLIN ST , PHILADELPHIA PA 19133-2425",NA,"ANTONY ZHENG","Philadelphia County","Philadelphia City","Jul 30,2025","Oct 31,2026",-75.1436482,39.9973369
"649",62361,"D1851","Distributor (Malt)","Active","NORRIS BEVERAGES INC","NORRIS BEVERAGES INC","2003-05 N 31ST ST, PHILADELPHIA PA 19121-1720","2003-05 N 31ST ST, PHILADELPHIA PA 19121-1720","AI PING LIU","YAO FU","Philadelphia County","Philadelphia City","Jul 2,2026","Oct 31,2026",-75.1839051,39.9868578
"650",86393,"D1723","Distributor (Malt)","Active","Y & J INVESTMENT INC","Y & J INVESTMENT INC","3001 N 2ND ST, PHILADELPHIA PA 19133-3611","3001 N 2ND ST, PHILADELPHIA PA 19133-3611","4201 FAIRHILL INC","SAM S KIM","Philadelphia County","Philadelphia City","Jul 16,2025","Oct 31,2026",-75.1335949,39.9961648
"651",70521,"D2501","Distributor (Malt)","Active","309 SOUTH INC","BREWER'S OUTLET","309 S 48TH ST, PHILADELPHIA PA 19143-1701","309 S 48TH ST, PHILADELPHIA PA 19143-1701","MING INVESTMENT LLC","CHANSOPHEA TENG","Philadelphia County","Philadelphia City","Aug 27,2026","Oct 31,2026",-75.2179114,39.9530316
"652",69961,"D1891","Distributor (Malt)","Safekeeping","CHHOUR ENTERPRISES INC","CHHOUR ENTERPRISES INC","2522 KENSINGTON AVE, PHILADELPHIA PA 19125-1321","2522 KENSINGTON AVE, PHILADELPHIA PA 19125-1321","CHHOUR ENTERPRISES INC","MENG H CHHOUR","Philadelphia County","Philadelphia City","Oct 17,2025","Oct 31,2026",-75.128833,39.9882402
"653",104739,"D77","Distributor (Malt)","Safekeeping","BEER GALLERY LLC","BEER GALLARY","2043-51 N FRONT ST, PHILADELPHIA PA 19122-","376 AVON RD APT M291 B, DEVON PA 19333","BEER GALLERY LLC","KAVITA R TEHLAN","Philadelphia County","Philadelphia City","Aug 13,2026","Oct 31,2026",-75.132864,39.9807429
"654",70907,"E3772","Eating Place Retail Dispenser (Malt)","Active","C & W INVESTMENTS LLC","C & W INVESTMENTS LLC","1248 S 10TH ST, PHILADELPHIA PA 19147-5040","155 GAITHER DR STE B, MOUNT LAUREL NJ 08054-1701","YONG ZHAO & HAIXIO CHEN","FEI CHEN","Philadelphia County","Philadelphia City","Jul 8,2025","Oct 31,2026",-75.1609021,39.9333784
"655",65811,"E62","Eating Place Retail Dispenser (Malt)","Active","MOUNTNEY AND NIGRO INC","MOUNTNEY AND NIGRO INC","9319 KREWSTOWN RD, PHILADELPHIA PA 19115-3710","9319 KREWSTOWN RD, PHILADELPHIA PA 19115-3710",NA,"WILLIAM MOUNTNEY","Philadelphia County","Philadelphia City","Nov 3,2025","Oct 31,2026",-75.0449835,40.0861268
"656",88030,"E181","Eating Place Retail Dispenser (Malt)","Active","SONG & PHILIP INC","SONG & PHILIP INC","5238 LANCASTER AVE, PHILADELPHIA PA 19131-4007","182 LINCOLN CIR, BROOMALL PA 19008",NA,"PHILLIP KIM","Philadelphia County","Philadelphia City","Aug 27,2025","Oct 31,2026",-75.2280794,39.9774634
"657",102720,"E3061","Eating Place Retail Dispenser (Malt)","Active","BRILLANTE MINI MARKET INC","BRILLANTE MINI MARKET INC","3301 N 6TH ST, PHILADELPHIA PA 19140","3301 N 6TH ST, PHILADELPHIA PA 19140","EDDY DIAZ","MARGARET D BRILLANTE-PEREZ","Philadelphia County","Philadelphia City","Sep 19,2025","Oct 31,2026",-75.139979,40.0016531
"658",56905,"E3677","Eating Place Retail Dispenser (Malt)","Active","TAVARES INC","TAVARES INC","7301 ROCKWELL AVE, PHILADELPHIA PA 19111","7301 ROCKWELL AVE, PHILADELPHIA PA 19111",NA,"HUMBERTO A TAVARES","Philadelphia County","Philadelphia City","Jul 21,2025","Oct 31,2026",-75.086078,40.0632329
"659",103156,"E1710","Eating Place Retail Dispenser (Malt)","Active","1526 RACE INC","1526 RACE INC","1526 RACE ST, PHILADELPHIA PA 19102-1406","1526 RACE ST, PHILADELPHIA PA 19102-1406","PLATANAKI PROPERITES, LLC","DIMITRIOS GREVENITIS","Philadelphia County","Philadelphia City","Oct 7,2025","Oct 31,2026",-75.1654265,39.9564329
"660",106944,"E1535","Eating Place Retail Dispenser (Malt)","Active","PALAPAS FOOD II INC","PALAPAS FOOD II INC","5359 OXFORD AVE, PHILADELPHIA PA 19124-1123","5359 OXFORD AVE, PHILADELPHIA PA 19124-1123","PALAPAS PROPERTIES INC.","PRIMITIVO PALAPA-CLEMENTE","Philadelphia County","Philadelphia City","Aug 27,2025","Oct 31,2026",-75.0847794,40.0298315
"661",71628,"E1462","Eating Place Retail Dispenser (Malt)","Active","OLD NELSON FOOD PA SEVEN LLC","OLD NELSON FOOD COMPANY","3400 LANCASTER AVE  UNIT 2, PHILADELPHIA PA 19104-4947","7053 TERMINAL SQ, UPPER DARBY PA 19082-2217",NA,"BOU W LEE","Philadelphia County","Philadelphia City","Jul 18,2025","Oct 31,2026",-75.1922192,39.9576504
"662",104327,"E1291","Eating Place Retail Dispenser (Malt)","Active","ALAMODAK INC","ALAMODAK RESTAURANT AND HOOKAH LOUNGE HALAL","161-73 CECIL B MOORE AVE, PHILADELPHIA  PA 19122-3242","161-73 CECIL B MOORE AVE, PHILADELPHIA  PA 19122-3242","161-73 CECIL B MOORE, LP","FRANCISCO AYOUB","Philadelphia County","Philadelphia City","Aug 29,2025","Oct 31,2026",-75.1373087,39.9764172
"663",55140,"E519","Eating Place Retail Dispenser (Malt)","Active","4523 WAYNE, INC.","4523 WAYNE, INC.","4523-25 WAYNE AVE, PHILADELPHIA PA 19144-3643","4523-25 WAYNE AVE, PHILADELPHIA PA 19144-3643",NA,"CHANOKDOM SAN","Philadelphia County","Philadelphia City","Jul 22,2025","Oct 31,2026",-75.1619489,40.0225212
"664",133375,"E4590","Eating Place Retail Dispenser (Malt)","Active","JT KERUX INC","CHOICE DELI","1642 SOUTH ST, PHILADELPHIA PA 19146","1642 SOUTH ST, PHILADELPHIA PA 19146","MICHAEL GERRY MAGUIRE & MARY MAGUIRE","TAE IL SUNG","Philadelphia County","Philadelphia City","Jun 29,2026","Oct 31,2026",-75.1702126,39.9441218
"665",114510,"E2691","Eating Place Retail Dispenser (Malt)","Active","JBK REALTY LLC","WENDY'S GROCERY AND DELI","2312-14 S 7TH ST, PHILADELPHIA PA 19148-3810","2312-14 S 7TH ST, PHILADELPHIA PA 19148-3810","SUZANA ESPINOSA ARENAS AND JOAQUIN SALAZAR ESPINOSA","SUZANA M ESPINOSA-ARENAS","Philadelphia County","Philadelphia City","Jun 3,2026","Oct 31,2026",-75.1589911,39.9201072
"666",50894,"E297","Eating Place Retail Dispenser (Malt)","Safekeeping","STAND UP ENTERPRISES INC","STAND UP ENTERPRISES INC","4725 PINE ST, PHILADELPHIA PA 19143-1831","4725 PINE ST, PHILADELPHIA PA 19143-1831",NA,"JOO SONG","Philadelphia County","Philadelphia City","Apr 27,2026","Oct 31,2026",-75.2176938,39.9526651
"667",106419,"G48640","Brewery","Active","HUMBLE PARLOR BREWING COMPANY","HUMBLE PARLOR BREWING COMPANY","3245 AMBER ST UNIT 2-1-NW, PHILADELPHIA PA 19134","2216 GAUL ST, PHILADELPHIA PA 19125","PP LOOM LLC and 1183 FLATBUSH AVENUE LOOM LLC","ALEXANDER JAMES HOWELL","Philadelphia County","Philadelphia City","Nov 10,2025","Dec 31,2026",-75.1076052,39.9932469
"668",81493,"G32007","Brewery","Active","STONE & TRIPP ENTERPRISES LLC","FERMENTERY FORM","161 CECIL B MOORE AVE, PHILADELPHIA PA 19122-3234","258 S 46TH ST, PHILADELPHIA PA 19139","GLCP, LLC","ETHAN TRIPP","Philadelphia County","Philadelphia City","Sep 26,2025","Dec 31,2026",-75.1374339,39.976359
"669",106109,"GS47989","Brewery Storage","Active","BREWERY ARS LLC","BREWERY ARS","2223 FRANKFORD AVE, PHILADELPHIA PA 19125-2007","732 CLYMER ST, PHILADLEPHIA PA 19147-2814","FISHTOWN CAPITAL, LLC","ERICA N ARSENAULT","Philadelphia County","Philadelphia City","Dec 10,2025","Dec 31,2026",-75.1288722,39.9798924
"670",65086,"H6273","Hotel (Liquor)","Active","HERSHA HOSPITALITY MANAGEMENT LP","HERSHA HOSPITALITY MANAGEMENT LP","1301 RACE ST, PHILADELPHIA PA 19107-1517","1301 RACE ST, PHILADELPHIA PA 19107-1517",NA,"RUPERT A HALL III","Philadelphia County","Philadelphia City","Apr 8,2026","Oct 31,2026",-75.1608312,39.9562904
"671",67087,"H473","Hotel (Liquor)","Active","LYCHEE 87 INC","LYCHEE 87 INC","12 N 60TH ST, PHILADELPHIA PA 19139-2348","12 N 60TH ST, PHILADELPHIA PA 19139-2348","SUNLY SEAM","PHY CHEA","Philadelphia County","Philadelphia City","Jul 11,2025","Oct 31,2026",-75.2409046,39.9623722
"672",129284,"H6147","Hotel (Liquor)","Active","KRISHNA AMRUT PHILLY LLC","PANORAMA RISTORANTE","14-18 N FRONT ST, PHILADELPHIA PA 19106-2202","14-18 N FRONT ST, PHILADELPHIA PA 19106-2202","FRONT & MARKET LLC","WILLIAM E ECCLESTON III","Philadelphia County","Philadelphia City","Jul 22,2025","Oct 31,2026",-75.144218,39.948595
"673",86089,"H37563","Hotel (Liquor)","Active","WALNUT STREET HOSPITALITY, LLC","WALNUT STREET CAFE","2929 WALNUT ST, PHILADELPHIA PA 19104-5054","555 E LANCASTER AVE STE 100, RADNOR PA 19087","CIRA WALNUT I, LP","EVAN O'DONNELL","Philadelphia County","Philadelphia City","Oct 14,2025","Oct 31,2026",-75.1836206,39.9519948
"674",119393,"H58771","Hotel (Liquor)","Active","ANNA & BEL LLC","HOTEL ANNA & BEL","1401 E SUSQUEHANNA AVE, PHILADELPHIA PA 19125-2825","1401 E SUSQUEHANNA AVE, PHILADELPHIA PA 19125-2825","ANNA & BEL LLC","DOR BERKOVITZ-BARKAI","Philadelphia County","Philadelphia City","Oct 16,2025","Oct 31,2026",-75.1263919,39.9752678
"675",120846,"H58145","Hotel (Liquor)","Active","HERSHA HOSPITALITY MANAGEMENT LP","COURTYARD BY MARRIOTT PHILADELPHIA ARCH ST","1421 ARCH ST, PHILADELPHIA PA 19102-1507","1421 ARCH ST, PHILADELPHIA PA 19102-1507","ARCH ST PROPERTY OWNER LLC","YOLANDA H CLARK","Philadelphia County","Philadelphia City","Oct 15,2025","Oct 31,2026",-75.1640595,39.9547754
"676",112805,"H52732","Hotel (Liquor)","Active","SHANER HOTEL HOLDINGS LP","RESIDENCE INN PHILADELPHIA AIRPORT","3701 ISLAND AVE, PHILADELPHIA PA 19153-3229","3701 ISLAND AVE, PHILADELPHIA PA 19153-3229","SHANER WARD 40 HOTEL LLC","ELAINE P PAPER","Philadelphia County","Philadelphia City","Oct 23,2025","Oct 31,2026",-75.2363263,39.8958035
"677",127341,"H60042","Hotel (Liquor)","Active","HERSHA HOSPITALITY MANAGEMENT LP","ALOFT PHILADELPHIA DOWNTOWN","101 N BROAD ST, PHILADELPHIA PA 19102","101 N BROAD ST, PHILADELPHIA PA 19102","101 N BROAD STREET LLC","ANDREW FITZGERALD","Philadelphia County","Philadelphia City","Jun 17,2026","Oct 31,2026",-75.1627921,39.9546225
"678",133052,"H61937","Hotel (Liquor)","Active","ENSEMBLE SERVICES LLC","COURTYARD PHILADELPHIA SOUTH","1001 INTREPID AVE, PHILADELPHIA PA 19112-1227","1001 INTREPID AVE, PHILADELPHIA PA 19112-1227","PHLNY HOTEL PARTNERS LLC","DEREK E BECKMAN","Philadelphia County","Philadelphia City","May 12,2026","Oct 31,2026",-75.1719576,39.8953677
"679",56919,"H6062","Hotel (Liquor)","Active","GRANITE PENN SQUARE LLC","RESIDENCE INN PHILADELPHIA CENTER CITY","1 EAST PENN SQ, PHILADELPHIA PA 19107-2724","1 EAST PENN SQ, PHILADELPHIA PA 19107-2724","GRANITE PENN SQUARE LLC","EDWARD M FARRINGTON","Philadelphia County","Philadelphia City","Mar 17,2026","Oct 31,2026",-75.1622497,39.952594
"680",112082,"LK51499","Limited Winery","Active","CATAMOUNT LIQUIDS LLC","CARBON COPY","613 S 7TH ST BASEMENT, PHILADELPHIA PA 19147-2126","701 S 50TH ST, PHILADELPHIA PA 19143-1658","CENTER CITY PROPERTIES LLC","JOHN P BOUDWIN","Philadelphia County","Philadelphia City","Feb 12,2026","Dec 31,2026",-75.1539342,39.9416474
"681",90725,"PV39514","Public Venue Restaurant","Active","ARAMARK EDUCATIONAL SERVICES LLC","TRU MARK FINANCIAL CENTER","1900 W OLNEY AVE, PHILADELPHIA PA 19141","1900 W OLNEY AVE, PHILADELPHIA PA 19141",NA,"LIVIU MIHAILA","Philadelphia County","Philadelphia City","Oct 1,2025","Oct 31,2026",-75.1558184,40.0390398
"682",112083,"PV52255","Public Venue Restaurant","Active","ARAMARK EDUCATIONAL SERVICES LLC","ARAMARK EDUCATIONAL SERVICES LLC","730 S 43RD ST, PHILADELPHIA PA 19104-4495","730 S 43RD ST, PHILADELPHIA PA 19104-4495",NA,"STEPHANIE R BOBY","Philadelphia County","Philadelphia City","Jul 22,2025","Oct 31,2026",-75.2067909,39.9445275
"683",125376,"PV57914","Public Venue Restaurant","Active","OVATIONS FOOD SERVICES LP","KIMMEL CENTER","300 S BROAD ST, PHILADELPHIA PA 19102-4901","300 S BROAD ST, PHILADELPHIA PA 19102-4901",NA,"JOSHUA I JENKINS","Philadelphia County","Philadelphia City","Jan 12,2026","Oct 31,2026",-75.1664754,39.9466709
"684",70650,"PV166","Public Venue Restaurant","Active","INDEPENDENCE SEAPORT MUSEUM","INDEPENDENCE SEAPORT MUSEUM","211 S CHRISTOPHER COLUMBUS BLVD, PHILADELPHIA PA 19106-3101","211 S CHRISTOPHER COLUMBUS BLVD, PHILADELPHIA PA 19106-3101",NA,"JENNIFER L BLASY","Philadelphia County","Philadelphia City","May 7,2026","Oct 31,2026",-75.1405828,39.9457958
"685",63873,"PV127","Public Venue Restaurant","Active","GALAXY RESTAURANTS CATERING GROUP LP","PHILADELPHIA MUSEUM OF ART","2501-21 FAIRMOUNT AVE, PHILADELPHIA PA 19130","PO BOX 7646, PHILADELPHIA PA 19130-7646",NA,"UMER NAIM","Philadelphia County","Philadelphia City","Sep 10,2025","Oct 31,2026",-75.1792981,39.9679168
"686",118114,"R1293","Restaurant (Liquor)","Active","CURRANS FOX CHASE LLC","CURRANS FOX CHASE","7968 VERREE RD, PHILADELPHIA PA 19111-2531","7968 VERREE RD, PHILADELPHIA PA 19111-2531","FRED SCHNECK FAMILY LP","JOEL SCHRIVER","Philadelphia County","Philadelphia City","Jul 8,2025","Oct 31,2026",-75.0766396,40.0725553
"687",81035,"R7546","Restaurant (Liquor)","Active","HOB PUNCH LINE PENN CORP","PUNCHLINE PHILADELPHIA","33-51 E LAUREL ST, PHILADELPHIA PA 19123-1709","5880 CENTRE AVE, PITTSBURGH PA 15206-3710","LIVE NATION WORLDWIDE INC","AMANDA D KYSER","Philadelphia County","Philadelphia City","Sep 2,2025","Oct 31,2026",-75.135431,39.9651489
"688",110796,"R13592","Restaurant (Liquor)","Active","L & P 501 LLC","L & P 501 LLC","501 N 52ND ST, PHILADELPHIA PA 19131-5104","501 N 52ND ST, PHILADELPHIA PA 19131-5104","LAK YOU","SREYPOUV SRENG","Philadelphia County","Philadelphia City","Jul 6,2026","Oct 31,2026",-75.224882,39.9682918
"689",96470,"R3130","Restaurant (Liquor)","Active","BIRRA MANAGEMENT LLC","BIRRA MANAGEMENT LLC","1700 E PASSYUNK AVE, PHILADELPHIA PA 19148-1518","615 CHESTNUT ST, PHILADELPHIA PA 19106","CVNS INVESTMENT GROUP, LLC","CIRO V LUBRANO-LAVADERA","Philadelphia County","Philadelphia City","Jun 10,2026","Oct 31,2026",-75.1651016,39.9286165
"690",13624,"R9153","Restaurant (Liquor)","Active","FELTON GALLON, JR","CAROLINA MARKET","2952-54 RIDGE AVE, PHILADELPHIA PA 19121-1807","2952-54 RIDGE AVE, PHILADELPHIA PA 19121-1807",NA,"XAVIER K GALLON","Philadelphia County","Philadelphia City","Oct 29,2025","Oct 31,2026",-75.182117,39.9875768
"691",68212,"R13770","Restaurant (Liquor)","Active","CINEMARK USA INC","BRIDGE UPENN 6","4012 WALNUT ST, PHILADELPHIA PA 19104-3514","4012 WALNUT ST, PHILADELPHIA PA 19104-3514",NA,"KADIE BANGURA","Philadelphia County","Philadelphia City","Aug 1,2025","Oct 31,2026",-75.2032469,39.9538571
"692",55024,"R1093","Restaurant (Liquor)","Active","SANYE, LLC","SANYE, LLC","1023 RACE ST, PHILADELPHIA PA 19107-1803","1023 RACE ST, PHILADELPHIA PA 19107-1803",NA,"LI WANG","Philadelphia County","Philadelphia City","Aug 18,2025","Oct 31,2026",-75.1567683,39.9557211
"693",119736,"R1094","Restaurant (Liquor)","Active","RFO KEOWN CO LLC","RFO KEOWN CO LLC","2723 E ALLEGHENY AVE, PHILADELPHIA PA 19134-5915","2723 E ALLEGHENY AVE, PHILADELPHIA PA 19134-5915","PORT RICHMOND PARTNERS LLC","MATTHEW C KEOWN","Philadelphia County","Philadelphia City","Sep 8,2025","Oct 31,2026",-75.1016364,39.9836061
"694",106374,"R4442","Restaurant (Liquor)","Active","MUDWATER LLC","MUDWATER LLC","1647 N 2ND ST, PHILADELPHIA PA 19122-3114","153  W JEFFERSON ST APT 3F, PHILADELPHIA PA 19122","CECIL B & 2ND LLC","KRISTIAN E MAESTRI","Philadelphia County","Philadelphia City","Aug 5,2025","Oct 31,2026",-75.1379604,39.9760502
"695",60700,"R7839","Restaurant (Liquor)","Active","CAZADORES INC","CAZADORES INC","6613 FRANKFORD AVE, PHILADELPHIA PA 19135","714 CHESTNUT ST, PHILADELPHIA PA 19106-3201",NA,"AGUSTIN MATA","Philadelphia County","Philadelphia City","Aug 1,2025","Oct 31,2026",-75.0540418,40.0308426
"696",92466,"R12027","Restaurant (Liquor)","Active","SEORABOL INC","SEORABOL INC","1326 SPRUCE ST UNIT C3, PHILADELPHIA PA 19107","156  SHERRILL RD, ELKINS PARK PA 19027","Y & R MANAGEMENT LLC","HYUN KANG","Philadelphia County","Philadelphia City","Mar 11,2026","Oct 31,2026",-75.169689,39.952254
"697",129876,"R4692","Restaurant (Liquor)","Active","JAVELIN PHILLY INC","JAVELIN PHILLY","1811 FAIRMOUNT AVE, PHILADELPHIA PA 19130","1811 FAIRMOUNT AVE, PHILADELPHIA PA 19130","MQZ LLC","ALBERT ZHENG","Philadelphia County","Philadelphia City","Aug 19,2025","Oct 31,2026",-75.1673707,39.9674323
"698",68718,"R764","Restaurant (Liquor)","Active","1338 INC","1338 INC","1338-40S 10TH ST, PHILADELPHIA PA 19147-5619","1338-40S 10TH ST, PHILADELPHIA PA 19147-5619",NA,"GEETA SIMONS","Philadelphia County","Philadelphia City","Jul 8,2025","Oct 31,2026",-75.1569104,39.9507029
"699",14730,"R11087","Restaurant (Liquor)","Active","CONTRERAS BAR INC.","CONTRERAS BAR INC.","2870 N LAWRENCE ST, PHILADELPHIA PA 19133-2727","2870 N LAWRENCE ST, PHILADELPHIA PA 19133-2727",NA,"YVETTE GORDIAN","Philadelphia County","Philadelphia City","Jan 20,2026","Oct 31,2026",-75.1388214,39.9949964
"700",16300,"R13710","Restaurant (Liquor)","Active","R. P. FISHHEADS, INC.","SEAFOODS UNLIMITED","270 S 20TH ST, PHILADELPHIA PA 19103-5601","270 S 20TH ST, PHILADELPHIA PA 19103-5601",NA,"DAVID EINHORN","Philadelphia County","Philadelphia City","Aug 8,2025","Oct 31,2026",-75.1744862,39.9484194
"701",67138,"R11358","Restaurant (Liquor)","Active","CEDAR POINT LLC","CEDAR POINT LLC","2370-72 E NORRIS ST, PHILADELPHIA PA 19125-1929","2370-72 E NORRIS ST, PHILADELPHIA PA 19125-1929",NA,"ELIZABETH PETERSEN","Philadelphia County","Philadelphia City","Aug 13,2025","Oct 31,2026",-75.1277273,39.9768436
"702",67775,"R3820","Restaurant (Liquor)","Active","COMMERCE DU JOUR CORP","COMMERCE DU JOUR CORP","2001 MARKET ST GROUND FL, PHILADELPHIA PA 19103-7048","2001 MARKET ST GROUND FL, PHILADELPHIA PA 19103-7048",NA,"MARIO ARNONE","Philadelphia County","Philadelphia City","Oct 10,2025","Oct 31,2026",-75.1739626,39.9539859
"703",116181,"R2338","Restaurant (Liquor)","Active","BDN SY HOSPITALITY LLC","BDN SY HOSPITALITY LLC","2929 ARCH ST, PHILADELPHIA PA 19104-2857","2929 ARCH ST, PHILADELPHIA PA 19104-2857","BRANDYWINE CIRA LP","BETH E MOUNTAIN","Philadelphia County","Philadelphia City","Jan 22,2026","Oct 31,2026",-75.181684,39.9574604
"704",96216,"R42802","Restaurant (Liquor)","Active","448 RESTAURANT PARTNERS LLC","LA CHINESCA","1036 SPRING GARDEN ST, PHILADELPHIA PA 19123","41 ELLIS ST, HADDONFIELD NJ 08033","SA 1026 SPRING GARDEN LP","LILY HERMAN","Philadelphia County","Philadelphia City","Mar 5,2026","Oct 31,2026",-75.156043,39.9614364
"705",110210,"R261","Restaurant (Liquor)","Active","EDGEMONT GROUP LLC","LAROMA","2620 E ALLEGHENY AVE, PHILADELPHIA PA 19134-5114","2620 E ALLEGHENY AVE, PHILADELPHIA PA 19134-5114","PRZEMYSLAW & DOROTA RESPOND","JOSE J GARCIA HERNANDEZ","Philadelphia County","Philadelphia City","Jul 22,2025","Oct 31,2026",-75.103573,39.9849604
"706",32671,"R6966","Restaurant (Liquor)","Active","LA ISLA BAR, INC. II","LA ISLA BAR, INC. II","717 W LUZERNE ST, PHILADELPHIA PA 19140","717 W LUZERNE ST, PHILADELPHIA PA 19140",NA,"ALEXANDRA PEREZ","Philadelphia County","Philadelphia City","Sep 2,2025","Oct 31,2026",-75.1401876,40.0127484
"707",52555,"R11180","Restaurant (Liquor)","Active","LYRIC 99, INC.","LYRIC 99, INC.","6000-02 HAVERFORD AVE, PHILADELPHIA PA 19151-4348","6000-02 HAVERFORD AVE, PHILADELPHIA PA 19151-4348","HUNG NGO","HUNG NGO","Philadelphia County","Philadelphia City","Aug 12,2025","Oct 31,2026",-75.2394387,39.9696945
"708",65464,"R5157","Restaurant (Liquor)","Active","2031 WALNUT ENTERPRISES LLC","2031 WALNUT ENTERPRISES LLC","2031 WALNUT ST #1F, PHILADELPHIA PA 19103-4493","2031 WALNUT ST #1F, PHILADELPHIA PA 19103-4493",NA,"GREGORY VERNICK","Philadelphia County","Philadelphia City","Aug 29,2025","Oct 31,2026",-75.1748536,39.9509018
"709",101245,"R11206","Restaurant (Liquor)","Active","LCB VENTURES LLC","LIBERTEE GROUNDS","1600-50 W GIRARD AVE, PHILADELPHIA PA 19130","15 BEECH TREE DR, GLEN MILLS PA 19342","MMP HOSPITALITY PARTNERS LLC","SANIL R SHAH","Philadelphia County","Philadelphia City","Aug 13,2026","Oct 31,2026",-75.1635895,39.9717148
"710",33215,"R992","Restaurant (Liquor)","Active","POTAMOULA, INC.","POTAMOULA, INC.","302 OREGON AVE, PHILADELPHIA PA 19148-4710","302 OREGON AVE, PHILADELPHIA PA 19148-4710","POTAMOULA, INC.","ANGELIKI KOLOVOS","Philadelphia County","Philadelphia City","Jul 2,2025","Oct 31,2026",-75.1529419,39.9139879
"711",69513,"R1545","Restaurant (Liquor)","Active","KMCH LLC","KMCH LLC","326 ROXBOROUGH AVE, PHILADELPHIA PA 19128-5010","326 ROXBOROUGH AVE, PHILADELPHIA PA 19128-5010",NA,"C. ROGER HILLANBRAND","Philadelphia County","Philadelphia City","Jul 9,2025","Oct 31,2026",-75.2158431,40.0281933
"712",127170,"R3072","Restaurant (Liquor)","Active","THREE PIGS LLC","LITTLE GAY PUB","102 S 13TH ST, PHILADELPHIA PA 19107-4532","102 S 13TH ST, PHILADELPHIA PA 19107-4532","THE PHILADELPHIA BUILDING ASSOCIATES LLC","BASSEM ZUBI","Philadelphia County","Philadelphia City","Sep 16,2025","Oct 31,2026",-75.162128,39.950181
"713",96953,"R4945","Restaurant (Liquor)","Active","ACME MARKETS INC","THE FROSTED MUG","6640 OXFORD AVE, PHILADELPHIA PA 19111","6640 OXFORD AVE, PHILADELPHIA PA 19111","MASUE LLC","ASHLEY K. REDMORE","Philadelphia County","Philadelphia City","Feb 5,2026","Oct 31,2026",-75.0870124,40.0502975
"714",70493,"R221","Restaurant (Liquor)","Active","CHESTNUT HILL CANTINA COMPANY LLC","EL POQUITO","8201-03 GERMANTOWN AVE, PHILADELPHIA PA 19118-3401","8201-03 GERMANTOWN AVE, PHILADELPHIA PA 19118-3401",NA,"JESSICA S KLEMENTZOS","Philadelphia County","Philadelphia City","Aug 25,2025","Oct 31,2026",-75.202602,40.073739
"715",55381,"R11304","Restaurant (Liquor)","Active","K D E B, LLC","THROWBAXX BAR & GRILLE","6800 RIDGE AVE, PHILADELPHIA PA 19128-2445","6800 RIDGE AVE, PHILADELPHIA PA 19128-2445",NA,"JOSEPH DELMONTE","Philadelphia County","Philadelphia City","Jul 15,2025","Oct 31,2026",-75.2265525,40.042317
"716",48848,"R9584","Restaurant (Liquor)","Active","2900 RIDGE, INC.","2900 RIDGE, INC.","2900-06 RIDGE AVE, PHILADELPHIA PA 19121-1807","2900-06 RIDGE AVE, PHILADELPHIA PA 19121-1807","MICHAEL TANG & YEN TRAN","JASON LOR","Philadelphia County","Philadelphia City","Jul 22,2025","Oct 31,2026",-75.1810428,39.9868013
"717",103534,"R2991","Restaurant (Liquor)","Active","NP LL 20 LLC","NP LL 20 LLC","15 S 3RD ST, PHILADELPHIA PA 19106-2801","419 S 2ND ST UNIT 307, PHILADELPHIA PA 19147","NOVELTY PARTNERS LP","MICHELLE E ZIMMERMAN","Philadelphia County","Philadelphia City","Aug 6,2025","Oct 31,2026",-75.1454769,39.9496537
"718",111456,"R4229","Restaurant (Liquor)","Active","SY CHOI INC","SY CHOI INC","1933-35 SPRUCE ST, PHILADELPHIA PA 19103-5732","1933-35 SPRUCE ST, PHILADELPHIA PA 19103-5732","1933 SPRUCE, LLC","SEUNG-YOUN CHOI","Philadelphia County","Philadelphia City","Aug 12,2025","Oct 31,2026",-75.1741987,39.9482875
"719",34696,"R6600","Restaurant (Liquor)","Active","CAFFE MICHELANGELO, INC.","CAFFE MICHELANGELO, INC.","11901 BUSTLETON AVE, PHILADELPHIA PA 19116-2541","11901 BUSTLETON AVE, PHILADELPHIA PA 19116-2541",NA,"GIULIANO VERRECCHIA","Philadelphia County","Philadelphia City","Aug 27,2025","Oct 31,2026",-75.0160738,40.1214945
"720",33106,"R1934","Restaurant (Liquor)","Active","N & K DELI, INC.","N & K DELI, INC.","6118-20 MARKET ST, PHILADELPHIA PA 19139-3029","6118-20 MARKET ST, PHILADELPHIA PA 19139-3029",NA,"HAO SRENG","Philadelphia County","Philadelphia City","Jul 16,2026","Oct 31,2026",-75.2435569,39.9620808
"721",87801,"R5492","Restaurant (Liquor)","Active","ACME MARKETS INC","THE FROSTED MUG","1400 PASSYUNK AVE, PHILADELPHIA PA 19147-5611",NA,"SUSTEVE LLC & SULYSE LLC","SHAWNA R HEISS","Philadelphia County","Philadelphia City","Feb 18,2026","Oct 31,2026",-75.162608,39.9320465
"722",83480,"R8136","Restaurant (Liquor)","Active","4311 MAIN LICENSE LLC","4311 MAIN","4309-4311 MAIN ST, PHILADELPHIA PA 19127-1538","4309-4311 MAIN ST, PHILADELPHIA PA 19127-1538","MAIN STREET PROPERTIES II LP","JAMES M MORRISSEY","Philadelphia County","Philadelphia City","Nov 13,2025","Oct 31,2026",-75.2221377,40.0250864
"723",59647,"R1598","Restaurant (Liquor)","Active","2349 WILSON INC","2349 WILSON INC","2349 N 22ND ST, PHILADELPHIA PA 19132-4808","2349 N 22ND ST, PHILADELPHIA PA 19132-4808",NA,"KHALID A WILSON","Philadelphia County","Philadelphia City","Nov 18,2025","Oct 31,2026",-75.1683781,39.9909286
"724",51503,"R11364","Restaurant (Liquor)","Active","ROSE CASUAL DINING LP","APPLEBEE'S NEIGHBORHOOD GRILL & BAR","2501 ARAMINGO AVE, PHILADELPHIA PA 19125-3728","2501 ARAMINGO AVE, PHILADELPHIA PA 19125-3728",NA,"STEPHEN P SEAMAN JR","Philadelphia County","Philadelphia City","Aug 14,2025","Oct 31,2026",-75.1188697,39.9768604
"725",63063,"R6759","Restaurant (Liquor)","Active","FANG BAR INC","FANG BAR INC","1415 S 21ST ST, PHILADELPHIA PA 19146-4540","1415 S 21ST ST, PHILADELPHIA PA 19146-4540",NA,"CHANTHA UK","Philadelphia County","Philadelphia City","Mar 3,2026","Oct 31,2026",-75.1792789,39.9338661
"726",18076,"R16604","Restaurant (Liquor)","Active","1201 L N & D INC","1201 L N & D INC","1201 S 28TH ST, PHILADELPHIA PA 19146-3711","1201 S 28TH ST, PHILADELPHIA PA 19146-3711",NA,"HAYES HANNAH","Philadelphia County","Philadelphia City","Mar 27,2026","Oct 31,2026",-75.1898999,39.9389868
"727",60355,"R11398","Restaurant (Liquor)","Active","OMARS 5TH INC","OMARS 5TH INC","5048-50 N 5TH ST, PHILADELPHIA PA 19120-3835","5048-50 N 5TH ST, PHILADELPHIA PA 19120-3835",NA,"OMAR LOYA-LOPEZ","Philadelphia County","Philadelphia City","Aug 29,2025","Oct 31,2026",-75.1326019,40.0284988
"728",96816,"R3092","Restaurant (Liquor)","Active","WF PHILA LL 1 LLC","WF PHILA LL 1 LLC","4001 CRESSON ST, PHILADELPHIA PA 19127-1821","646 ROXBOROUGH AVE, PHILADELPHIA PA 19128","WF 4001 CRESSPM LLC","DANIELLE SALLEY","Philadelphia County","Philadelphia City","Aug 28,2025","Oct 31,2026",-75.2159893,40.021696
"729",59089,"R14347","Restaurant (Liquor)","Active","KUNG FU NECKTIE LLC","KUNG FU NECKTIE","1248-50 N FRONT ST, PHILADELPHIA PA 19122-4602","1248-50 N FRONT ST, PHILADELPHIA PA 19122-4602","KFN HOLDINGS INC","JAMES HERMAN","Philadelphia County","Philadelphia City","Jul 29,2026","Oct 31,2026",-75.136039,39.970295
"730",99293,"R4555","Restaurant (Liquor)","Active","RCSH OPERATIONS LLC","RUTH'S CHRIS STEAK HOUSE","1800 MARKET ST, PHILADELPHIA PA 19103","1800 MARKET ST, PHILADELPHIA PA 19103","HPT IHG-2 PROPERTIES TRUST","MATTHEW I DAGEN","Philadelphia County","Philadelphia City","Sep 29,2025","Oct 31,2026",-75.1704885,39.9529717
"731",83755,"R15690","Restaurant (Liquor)","Active","THE GIANT COMPANY LLC","THE GIANT COMPANY LLC","2550 GRANT AVE, PHILADELPHIA PA 19114-2227","2550 GRANT AVE, PHILADELPHIA PA 19114-2227","ARD GRANT LP","ERICH J CUSH","Philadelphia County","Philadelphia City","Aug 14,2025","Oct 31,2026",-75.0273447,40.0779888
"732",48504,"R5398","Restaurant (Liquor)","Active","FOR PETE'S SAKE, LLC","FOR PETE'S SAKE","900 S FRONT ST, PHILADELPHIA PA 19147-4304","900 S FRONT ST, PHILADELPHIA PA 19147-4304",NA,"NATALIE SHEERAN","Philadelphia County","Philadelphia City","Aug 21,2025","Oct 31,2026",-75.1453943,39.9354887
"733",52886,"R3903","Restaurant (Liquor)","Active","3153 TAING, INC.","3153 TAING, INC.","3153 N 22ND ST, PHILADELPHIA PA 19132-1550","3153 N 22ND ST, PHILADELPHIA PA 19132-1550",NA,"ANTHONY LIM","Philadelphia County","Philadelphia City","May 15,2026","Oct 31,2026",-75.1657294,40.0031148
"734",52068,"R7745","Restaurant (Liquor)","Active","THIRTEENTH STREET RESTAURANT PARTNERS, LP","THIRTEENTH STREET RESTAURANT PARTNERS, LP","121-127 S 13TH ST, PHILADELPHIA PA 19107-4903","121-127 S 13TH ST, PHILADELPHIA PA 19107-4903",NA,"THOMAS J JACKSON","Philadelphia County","Philadelphia City","Jul 23,2026","Oct 31,2026",-75.1617158,39.9497245
"735",82015,"R4794","Restaurant (Liquor)","Active","AMERICAN MULTI-CINEMA INC","AMC NORTH BROAD STREET 7","1600 N BROAD ST, PHILADELPHIA PA 19121-3489","11500 ASH ST, LEAWOOD KS 66211-7804","PHILADELPHIA REDEVELOPMENT AUTHORITY (PREVIOUSLY REDEVELOPMENT AUTHORITY OF THE CITY OF PHILADELPHIA","MICHAEL J QUINN","Philadelphia County","Philadelphia City","Jul 9,2025","Oct 31,2026",-75.1576751,39.978415
"736",72162,"R6531","Restaurant (Liquor)","Active","5601 FOODS LLC","THE FRESH GROCER","5601 CHESTNUT ST, PHILADELPHIA PA 19139-3201","5601 CHESTNUT ST, PHILADELPHIA PA 19139-3201",NA,"JEFF BEAKY","Philadelphia County","Philadelphia City","Aug 21,2025","Oct 31,2026",-75.2342326,39.9607353
"737",71389,"R4192","Restaurant (Liquor)","Active","KRC BEER LLC","BEER LOVE","714 S 4TH ST, PHILADELPHIA PA 19147-3102","714 S 4TH ST, PHILADELPHIA PA 19147-3102",NA,"KRISTEN CEVOLI","Philadelphia County","Philadelphia City","Jan 16,2026","Oct 31,2026",-75.1497367,39.9401936
"738",60611,"R4439","Restaurant (Liquor)","Active","KNP HOLDINGS LLC","CAVANAUGH'S RITTENHOUSE","1921 SANSOM ST, PHILADELPHIA PA 19103","1921 SANSOM ST, PHILADELPHIA PA 19103",NA,"MICHAEL ANDERSON","Philadelphia County","Philadelphia City","Jun 18,2026","Oct 31,2026",-75.1729926,39.9513277
"739",17430,"R15577","Restaurant (Liquor)","Active","CAPOZZOLI BAR CORPORATION","CAPOZZOLI BAR CORPORATION","1200 E PASSYUNK AVE, PHILADELPHIA PA 19147-5013","1200 E PASSYUNK AVE, PHILADELPHIA PA 19147-5013",NA,"LUANN CAPOZZOLI","Philadelphia County","Philadelphia City","Apr 10,2026","Oct 31,2026",-75.1584857,39.9341031
"740",127315,"R279","Restaurant (Liquor)","Active","NWANI ADVANCED CARE LLC","NWANI ADVANCED CARE LLC","1901 CHESTNUT ST 2ND FL, PHILADELPHIA PA 19103-3500","3855 BLAIR MILL RD APT 247P, HORSHAM PA 19044","SEUNG HO  KIM","KIDO NWANI","Philadelphia County","Philadelphia City","Feb 6,2026","Oct 31,2026",-75.1720184,39.9520009
"741",46127,"R15611","Restaurant (Liquor)","Active","LA VIDA LOCA LOUNGE, INC.","LA VIDA LOCA LOUNGE, INC.","1354-56 N FRONT ST 1357 N HOPE ST 106-108-112 W MASTER ST, PHILADELPHIA PA 19122-4604","1354-56 N FRONT ST 1357 N HOPE ST 106-108-112 W MASTER ST, PHILADELPHIA PA 19122-4604",NA,"ROBERT M HENDERSON","Philadelphia County","Philadelphia City","Aug 6,2026","Oct 31,2026",-75.1355836,39.9717989
"742",114048,"R1227","Restaurant (Liquor)","Active","ARTEMIS RESTAURANT INC","ALMYRA","1612-34 CHANCELLOR ST, PHILADELPHIA PA 19103","1405 LOCUST ST, PHILADELPHIA PA 19102-3807","Rittenhouse Hospitality LLC","CHRISTOS SOTIROPOULOS","Philadelphia County","Philadelphia City","Jul 7,2025","Oct 31,2026",-75.168694,39.9492199
"743",83930,"R6731","Restaurant (Liquor)","Active","780 LLC","780 LLC","780-782 S 2ND ST, PHILADELPHIA PA 19147-3428","780-782 S 2ND ST, PHILADELPHIA PA 19147-3428","BRIDE OF FRANKENSIMONS LLC","JESSE S ITO","Philadelphia County","Philadelphia City","Jul 10,2025","Oct 31,2026",-75.146598,39.938037
"744",45472,"R311","Restaurant (Liquor)","Active","R & K STANDARD INC","R & K STANDARD INC","901 N SECOND ST & 173 POPLAR ST, PHILADELPHIA PA 19123-2301","901 N SECOND ST & 173 POPLAR ST, PHILADELPHIA PA 19123-2301",NA,"BRIANNA J PEARSON","Philadelphia County","Philadelphia City","Apr 10,2026","Oct 31,2026",-90.479026,38.7888241
"745",105440,"R1237","Restaurant (Liquor)","Active","5TH STREET LOUNGE PHILADELPHIA LLC","5TH STREET LOUNGE PHILADELPHIA LLC","5929-39 N 5TH ST, PHILADELPHIA PA 19120-1823","5929-39 N 5TH ST, PHILADELPHIA PA 19120-1823","5929 WAYNE CORPORATION","EARL J JOHNSON","Philadelphia County","Philadelphia City","Oct 7,2025","Oct 31,2026",-75.1290478,40.0418046
"746",72760,"R8251","Restaurant (Liquor)","Active","JGH GROUP LLC","JGH GROUP LLC","3939 CHESTNUT ST 2ND FLOOR, PHILADELPHIA PA 19104-3263","1500 MARKET ST STE W-3110, PHILADELPHIA PA 19102-2167",NA,"KEVIN FU","Philadelphia County","Philadelphia City","Aug 15,2025","Oct 31,2026",-75.2017066,39.9558257
"747",95636,"R1250","Restaurant (Liquor)","Active","6029 WAYNE LLC","6029 WAYNE LLC","6029 TORRESDALE AVE, PHILADELPHIA PA 19135-3732","6029 TORRESDALE AVE, PHILADELPHIA PA 19135-3732","701 WAYNE LLC","BRIANNA L GRIER","Philadelphia County","Philadelphia City","Jun 10,2026","Oct 31,2026",-75.0579161,40.0181333
"748",61162,"R1610","Restaurant (Liquor)","Active","PROST LLC","PROST LLC","718 SOUTH ST, PHILADELPHIA PA 19147-2023","718 SOUTH ST, PHILADELPHIA PA 19147-2023","SCHMITZ LIMITED LLC","DOUGLAS K HAGER","Philadelphia County","Philadelphia City","Jul 30,2026","Oct 31,2026",-75.1546065,39.9420706
"749",96322,"R13679","Restaurant (Liquor)","Active","SPIDER VENTURES INC","SPIDER VENTURES INC","1623 E PASSYUNK AVE, PHILADELPHIA PA 19148","1623 E PASSYUNK AVE, PHILADELPHIA PA 19148","1623 E. PASSYUNK LP","TOWNSEND H WENTZ III","Philadelphia County","Philadelphia City","Dec 4,2025","Oct 31,2026",-75.163809,39.9293486
"750",96081,"R15719","Restaurant (Liquor)","Active","ANS 6057 BAR LLC","ANS 6057 BAR LLC","6057 HAVERFORD AVE, PHILADELPHIA PA 19151-4422","6057 HAVERFORD AVE, PHILADELPHIA PA 19151-4422","ANTHONY F TAYLOR SR","ANTHONY A TAYLOR JR","Philadelphia County","Philadelphia City","Dec 4,2025","Oct 31,2026",-75.2403979,39.9708605
"751",68267,"R20","Restaurant (Liquor)","Active","TWO BOYZ INC","TWO BOYZ INC","898 SANGER ST, PHILADELPHIA PA 19124-1015","898 SANGER ST, PHILADELPHIA PA 19124-1015",NA,"SARAVUTH UM","Philadelphia County","Philadelphia City","Aug 6,2025","Oct 31,2026",-75.0908826,40.0333184
"752",117538,"R9054","Restaurant (Liquor)","Active","AMMA'S SOUTH INDIAN CUISINE INC","AMMA'S","1500 WALNUT ST, PHILADELPHIA PA 19102-3523","1500 WALNUT ST, PHILADELPHIA PA 19102-3523","1500 WALNUT ENTERPRISES LLC","ALLWYN F FERNANDES","Philadelphia County","Philadelphia City","Nov 17,2025","Oct 31,2026",-75.1653734,39.9497864
"753",128746,"R1411","Restaurant (Liquor)","Safekeeping","THE 442 LLC","THE 442 LLC","1636-38 S 9TH ST, PHILADELPHIA PA 19148","1636-38 S 9TH ST, PHILADELPHIA PA 19148","GT ASSOCIATES LLC","GINA M PICCARI","Philadelphia County","Philadelphia City","Apr 30,2026","Oct 31,2026",-75.1603834,39.9283259
"754",131221,"R13685","Restaurant (Liquor)","Safekeeping","GLASSEY JUNCTION INC","GLASSEY JUNCTION INC","6734 CASTOR AVE, PHILADELPHIA PA 19149-2105","6734 CASTOR AVE, PHILADELPHIA PA 19149-2105","ANDY WONG","HARMINDER S MANGAT","Philadelphia County","Philadelphia City","Dec 12,2025","Oct 31,2026",-75.0731424,40.0442901
"755",54305,"R262","Restaurant (Liquor)","Safekeeping","RDJD LLC","RDJD LLC","1619 GRANT AVE STORE 37, PHILADELPHIA PA 19115-3167","1619 GRANT AVE STORE 37, PHILADELPHIA PA 19115-3167",NA,"JAMES D'AMICO","Philadelphia County","Philadelphia City","Nov 18,2025","Oct 31,2026",-75.0377166,40.0880687
"756",83819,"R13497","Restaurant (Liquor)","Safekeeping","LIQUOR LICENSE HOLDINGS 2 LLC","LIQUOR LICENSE HOLDINGS 2 LLC","1102 FRANKFORD AVE, PHILADELPHIA PA 19125-4118","1840 WATSON RD, ABINGTON PA 19001-2005",NA,"KATHERINE M SALSBURY","Philadelphia County","Philadelphia City","Aug 6,2025","Oct 31,2026",-75.134637,39.9671208
"757",9700,"R945","Restaurant (Liquor)","Safekeeping","LARISU LTD.","LARISU LTD.","7322 FRANKFORD AVE, PHILADELPHIA PA 19136-3827","7322 FRANKFORD AVE, PHILADELPHIA PA 19136-3827","LARISU LTD.","SUSAN MCKENNA","Philadelphia County","Philadelphia City","Feb 6,2026","Oct 31,2026",-75.0399978,40.0373338
"758",131096,"R2334","Restaurant (Liquor)","Safekeeping","PHO VIET HUONG INC","PHO VIET HUONG INC","2715 S FRONT ST UNIT 7, PHILADELPHIA PA 19148","2715 S FRONT ST UNIT 7, PHILADELPHIA PA 19148","SOUTH PHILLY PLAZA LLC","LIEM T MA","Philadelphia County","Philadelphia City","Oct 16,2025","Oct 31,2026",-75.1496219,39.9130892
"759",49530,"R2780","Restaurant (Liquor)","Safekeeping","HIBACHI OF PENNS LANDING INC","HIBACHI OF PENNS LANDING INC","PHILADELPHIA MARINE TRADE CENTER PIER 19 NORTH 2ND FLOOR EAST, PHILADELPHIA PA 19106-2489","PHILADELPHIA MARINE TRADE CENTER PIER 19 NORTH 2ND FLOOR EAST, PHILADELPHIA PA 19106-2489",NA,"DUNG NGUYEN","Philadelphia County","Philadelphia City","May 11,2026","Oct 31,2026",-75.145782,39.9493801
"760",90203,"R5404","Restaurant (Liquor)","Safekeeping","MIDVALE LIQUOR, LLC","MIDVALE LIQUOR, LLC","3749-51 MIDVALE AVE, PHILADELPHIA PA 19129-1743","3749-51 MIDVALE AVE, PHILADELPHIA PA 19129-1743",NA,"SEAN V CLARKE","Philadelphia County","Philadelphia City","Nov 14,2025","Oct 31,2026",-75.1939011,40.0092513
"761",113065,"R1783","Restaurant (Liquor)","Safekeeping","AKM PROPERTY MANAGEMENT LLC","AKM PROPERTY MANAGEMENT LLC","4027 LANCASTER AVE, PHILADELPHIA PA 19104-1711","4027 LANCASTER AVE, PHILADELPHIA PA 19104-1711","ADAM K MCCALL","ADAM K MCCALL","Philadelphia County","Philadelphia City","Aug 31,2026","Oct 31,2026",-75.2030098,39.9638304
"762",128775,"R1588","Restaurant (Liquor)","Safekeeping","1856 BEV CORP","1856 BEV CORP","258 S 16TH ST & 256 LOWER LEVEL, PHILADELPHIA PA 19102","256 S 16TH ST, PHILADELPHIA PA 19102","DWIGHT D II LLC","VITTORIA SCHUTZ","Philadelphia County","Philadelphia City","Nov 18,2025","Oct 31,2026",-75.1681272,39.9478681
"763",58235,"R11417","Restaurant (Liquor)","Safekeeping","SHOWBAR INC","SHOWBAR INC","1900 S CHRISTOPHER COLUMBUS BLVD, PHILADELPHIA PA 19148-2820","1900 S CHRISTOPHER COLUMBUS BLVD, PHILADELPHIA PA 19148-2820",NA,"RAYMOND MILES","Philadelphia County","Philadelphia City","Apr 16,2026","Oct 31,2026",-75.1435998,39.923283
"764",72057,"R15822","Restaurant (Liquor)","Safekeeping","STATESIDE BRANDS LLC","SWEET GRACE DISTILLING CO LLC","161 CECIL B MOORE AVE UNIT 103, PHILADELPHIA PA 19122-3234","161 CECIL B MOORE AVE UNIT 103, PHILADELPHIA PA 19122-3234",NA,"MATTHEW C QUIGLEY","Philadelphia County","Philadelphia City","Aug 10,2026","Oct 31,2026",-75.1374339,39.976359
"765",72653,"R15499","Restaurant (Liquor)","Safekeeping","RYDER ENTERTAINMENT LLC","SALSA ON THE SQUARE","2126 E LEHIGH AVE, PHILADELPHIA PA 19125-1432","717 S COLUMBUS BLVD APT 908, PHILADELPHIA PA 19147-3511",NA,"BRIAN CUEVAS RIVERA","Philadelphia County","Philadelphia City","Aug 24,2026","Oct 31,2026",-75.1212433,39.9854341
"766",63254,"R11723","Restaurant (Liquor)","Safekeeping","7100 GERMANTOWN AVENUE ASSOCIATES, LLC","7100 GERMANTOWN AVENUE ASSOCIATES, LLC","7161-65 GERMANTOWN AVE, PHILADELPHIA PA 19119-1842","7161-65 GERMANTOWN AVE, PHILADELPHIA PA 19119-1842","BAF ASSOCIATES",NA,"Philadelphia County","Philadelphia City","Aug 6,2025","Oct 31,2026",-75.1907604,40.0600511
"767",133898,"R1897","Restaurant (Liquor)","Safekeeping","SILVER SHAKER LLC","SILVER SHAKER","1520-22 SANSOM ST, PHILADELPHIA PA 19102","1520-22 SANSOM ST, PHILADELPHIA PA 19102","SHERMAN BROS","EVRIDICA V EZZEDINE","Philadelphia County","Philadelphia City","Jul 23,2026","Oct 31,2026",-75.166726,39.950247
"768",130239,"SO60399","Special Occasion Permit","Active","EAST FALLS FORWARD","EAST FALLS FORWARD","3721 MIDVALE AVE, PHILADELPHIA PA 19129-1743","3721 MIDVALE AVE, PHILADELPHIA PA 19129-1743",NA,NA,"Philadelphia County","Philadelphia City","May 21,2026","Dec 31,2026",-75.1935242,40.0097205
"769",130444,"SO60573","Special Occasion Permit","Active","CULTURA HISPANA DE NJ","CULTURA HISPANA DE NJ","1327 LIBERTY ST, HAMILTON NJ 08629-2213","1327 LIBERTY ST, HAMILTON NJ 08629-2213",NA,NA,"Philadelphia County","Philadelphia City","Aug 10,2026","Dec 31,2026",-74.7367419,40.2100302
"770",130695,"SO60683","Special Occasion Permit","Active","UKRAINIAN LEAGUE OF PHILA INC.","UKRAINIAN LEAGUE OF PHILA INC.","800 N 23RD ST, PHILADELPHIA PA 19130-1904","800 N 23RD ST, PHILADELPHIA PA 19130-1904",NA,NA,"Philadelphia County","Philadelphia City","Sep 11,2026","Dec 31,2026",-75.1750081,39.969921
"771",134330,"SO61956","Special Occasion Permit","Active","VINES FOUNDATION","VINES FOUNDATION","1010 WHITBY AVE, LANSDOWNE PA 19050-3512","1010 WHITBY AVE, LANSDOWNE PA 19050-3512",NA,NA,"Philadelphia County","Philadelphia City","May 15,2026","Dec 31,2026",-75.246877,39.935745
"772",130695,"SO60683","Special Occasion Permit","Active","UKRAINIAN LEAGUE OF PHILA INC.","UKRAINIAN LEAGUE OF PHILA INC.","800 N 23RD ST, PHILADELPHIA PA 19130-1904","800 N 23RD ST, PHILADELPHIA PA 19130-1904",NA,NA,"Philadelphia County","Philadelphia City","Mar 25,2026","Dec 31,2026",-75.1750081,39.969921
"773",130444,"SO60573","Special Occasion Permit","Active","CULTURA HISPANA DE NJ","CULTURA HISPANA DE NJ","1327 LIBERTY ST, HAMILTON NJ 08629-2213","1327 LIBERTY ST, HAMILTON NJ 08629-2213",NA,NA,"Philadelphia County","Philadelphia City","May 27,2026","Dec 31,2026",-74.7367419,40.2100302
"774",133371,"SO61548","Special Occasion Permit","Active","UNITED STREET ART","UNITED STREET ART","5131 W GIRARD AVE, PHILADELPHIA PA 19131-4403","5131 W GIRARD AVE, PHILADELPHIA PA 19131-4403",NA,NA,"Philadelphia County","Philadelphia City","Dec 22,2025","Dec 31,2026",-75.2246041,39.9719153
"775",130811,"SO60765","Special Occasion Permit","Active","PHILADELPHIA ZOO","PHILADELPHIA ZOO","3400 W GIRARD AVE, PHILADELPHIA PA 19104-1139","3400 W GIRARD AVE, PHILADELPHIA PA 19104-1139",NA,"PETER PATANE","Philadelphia County","Philadelphia City","Jul 30,2026","Dec 31,2026",-75.1957729,39.9720397
"776",133989,"SO61784","Special Occasion Permit","Active","FRIENDS OF THE JAPANESE HOUSE AND GARDEN","FRIENDS OF THE JAPANESE HOUSE AND GARDEN","100 N HORTICULTURE DR, PHILADELPHIA PA 19131","901  MARKET ST SUITE 3020 OFFICE#66, PHILADELPHIA PA 19107",NA,NA,"Philadelphia County","Philadelphia City","Mar 20,2026","Dec 31,2026",-75.2103386,39.9836494
"777",134634,NA,"Brewery Pub","Pending","BREWING ON FRONT LLC","EVIL GENIUS BEER COMPANY","1727 -31 N FRONT ST, PHILADELPHIA PA 19122-3203","1727 -31 N FRONT ST, PHILADELPHIA PA 19122-3203",NA,NA,"Philadelphia County","Philadelphia City",NA,NA,-75.133948,39.975715
"778",133955,"R15499","Restaurant (Liquor)","Pending","IZLANDS TOO LLC","LA MORENA","2126 E LEHIGH AVE, PHILADELPHIA PA 19125-1432","2126 E LEHIGH AVE, PHILADELPHIA PA 19125-1432",NA,NA,"Philadelphia County","Philadelphia City",NA,"Oct 31,2026",-75.1212433,39.9854341
"779",134768,"R1617","Restaurant (Liquor)","Pending","DSA MASTER LIQUOR LLC","DSA MASTER LIQUOR LLC","1361 N 2ND ST, PHILADELPHIA PA 19122-4503","1361 N 2ND ST, PHILADELPHIA PA 19122-4503",NA,NA,"Philadelphia County","Philadelphia City",NA,"Oct 31,2026",-75.1387184,39.9723279
"780",129310,"R1790","Restaurant (Liquor)","Pending","RAISING SUNSHINE LLC","RAISING SUNSHINE LLC","683 N 52ND ST, PHILADELPHIA PA 19131-5105","683 N 52ND ST, PHILADELPHIA PA 19131-5105",NA,NA,"Philadelphia County","Philadelphia City",NA,"Oct 31,2025",-75.225534,39.971374
"781",39606,"AE799","Alcohol Tax-Exempt","Active","METHODIST HOSPITAL DIVISION, THOMAS JEFFERSON UNIVERSITY HOSP. INC","METHODIST HOSPITAL DIVISION, THOMAS JEFFERSON UNIVERSITY HOSP. INC","2301 S BROAD ST, PHILADELPHIA PA 19148-3594","2301 S BROAD ST, PHILADELPHIA PA 19148-3594",NA,NA,"Philadelphia County","Philadelphia City","Sep 11,2024","Dec 31,2028",-75.1695927,39.9214696
"782",119413,"AL55976","Limited Distillery","Active","SPRUCE STREET BEVERAGES LLC","SPRUCE STREET BEVERAGES LLC","3450 SALMON ST FL 1, PHILADELPHIA PA 19134-6025","3450 SALMON ST FL 1, PHILADELPHIA PA 19134-6025","TIOGA WAREHOUSING LLC","VIKRAM R NAYAR","Philadelphia County","Philadelphia City","Dec 26,2025","Dec 31,2026",-75.0956074,39.9872425
"783",134274,"AL62094","Limited Distillery","Active","DISRUPTIVE INFLUENCE LLC","DISRUPTIVE INFLUENCE","3300 HENRY AVE UNIT 2, PHILADELPHIA PA 19129-1141","3300 HENRY AVE UNIT 2, PHILADELPHIA PA 19129-1141","DISRUPTIVE INFLUENCE LLC","BENJAMIN A SATLOW","Philadelphia County","Philadelphia City","Jul 9,2026","Dec 31,2026",-75.1846058,40.0117697
"784",117962,"AN54275","Alcohol Non-Beverage","Active","GOEPPERT LLC","GOEPPERT LLC","3401 GRAYS FERRY AVE, BLDG 450, PHILADELPHIA PA 19146-2701","3401 GRAYS FERRY AVE, BLDG 450, PHILADELPHIA PA 19146-2701",NA,NA,"Philadelphia County","Philadelphia City","Sep 12,2024","Dec 31,2028",-75.1996656,39.9415397
"785",120206,"AN55749","Alcohol Non-Beverage","Active","MS BEEZ ENTERPRISE","WAZZALAH NATURALS","1953 W SPARKS ST, PHILADELPHIA PA 19141","1953 W SPARKS ST, PHILADELPHIA PA 19141",NA,NA,"Philadelphia County","Philadelphia City","Dec 26,2024","Dec 31,2028",-75.1526385,40.0481119
"786",115852,"AN52884","Alcohol Non-Beverage","Active","VERISMO THERAPEUTICS, INC","VERISMO THERAPEUTICS","3675 MARKET ST STE 101, PHILADELPHIA PA 19104-2897","3675 MARKET ST STE 101, PHILADELPHIA PA 19104-2897",NA,NA,"Philadelphia County","Philadelphia City","Sep 10,2024","Dec 31,2028",-75.1950287,39.9561126
"787",1489,"C3051","Club (Liquor)","Active","FORREST HILL A. C.","FORREST HILL A. C.","4620 RHAWN ST, PHILADELPHIA PA 19136-4436","4620 RHAWN ST, PHILADELPHIA PA 19136-4436","FORREST HILL A. C.","STEVEN HAAS","Philadelphia County","Philadelphia City","Aug 26,2025","Oct 31,2026",-75.02559,40.03553
"788",1104,"C1872","Club (Liquor)","Active","BRIDESBURG LAWTON POST NO 2 VETERANS OF FOREIGN WARS OF THE UNITED STATES","BRIDESBURG LAWTON POST NO 2 VETERANS OF FOREIGN WARS OF THE UNITED STATES","4638-40 RICHMOND ST, PHILADELPHIA PA 19137","4638-40 RICHMOND ST, PHILADELPHIA PA 19137","BRIDESBURG LAWTON POST NO 2 VETERANS OF FOREIGN WARS OF THE UNITED STATES","SEAN P WAYLAND","Philadelphia County","Philadelphia City","Oct 17,2025","Oct 31,2026",-75.068002,40.000354
"789",1573,"C3305","Club (Liquor)","Active","ITALIAN AMERICAN POLITICAL & MORAL BOCCE CLUB OF PARADISE","ITALIAN AMERICAN POLITICAL & MORAL BOCCE CLUB OF PARADISE","3123 N 30TH ST, PHILADELPHIA PA 19132-1110","3123 N 30TH ST, PHILADELPHIA PA 19132-1110","LEROY LONDON","LEROY LONDON","Philadelphia County","Philadelphia City","Oct 8,2025","Oct 31,2026",-75.178511,40.0038435
"790",3110,"CC1211","Catering Club (Liquor)","Active","THE COSMOPOLITAN CLUB OF PHILADELPHIA","THE COSMOPOLITAN CLUB OF PHILADELPHIA","1616 LATIMER ST, PHILADELPHIA PA 19103-6308","1616 LATIMER ST, PHILADELPHIA PA 19103-6308","THE COSMOPOLITAN CLUB OF PHILADELPHIA","AGNETA BACICAN","Philadelphia County","Philadelphia City","Aug 7,2025","Oct 31,2026",-75.1686539,39.9480949
"791",40130,"CC2495","Catering Club (Liquor)","Active","BRICKLAYERS & ALLIED CRAFTSWORKERS LOCAL UNION NO. 1 OF PENNSYLVANIA","BRICKLAYERS & ALLIED CRAFTSWORKERS LOCAL UNION NO. 1 OF PENNSYLVANIA","2706 BLACK LAKE PLACE, PHILADELPHIA PA 19154-1008","2706 BLACK LAKE PLACE, PHILADELPHIA PA 19154-1008","BRICKLAYERS & ALLIED CRAFTSWORKERS LOCAL UNION NO. 1 OF PENNSYLVANIA","JUSTIN SCARINCI","Philadelphia County","Philadelphia City","Jul 11,2025","Oct 31,2026",-74.984207,40.1108805
"792",2881,"CC230","Catering Club (Liquor)","Active","PHILADELPHIA CRICKET CLUB","PHILADELPHIA CRICKET CLUB","415 W WILLOW GROVE AVE, PHILADELPHIA PA 19118-4125","415 W WILLOW GROVE AVE, PHILADELPHIA PA 19118-4125","PHILADELPHIA CRICKET CLUB","LINDA COZZI","Philadelphia County","Philadelphia City","Jul 8,2025","Oct 31,2026",-75.2092527,40.0649746
"793",3437,"CC3351","Catering Club (Liquor)","Active","COLUMBIA SOCIAL CLUB","COLUMBIA SOCIAL CLUB","3521-29 ALMOND ST, PHILADELPHIA PA 19134","3521-29 ALMOND ST, PHILADELPHIA PA 19134","COLUMBIA SOCIAL CLUB","THOMAS  CARPENTER","Philadelphia County","Philadelphia City","Sep 3,2025","Oct 31,2026",-75.0959247,39.989511
"794",29399,"CC400","Catering Club (Liquor)","Active","SOCIETY OF COMMODORE JOHN BARRY U S N","SOCIETY OF COMMODORE JOHN BARRY U S N","6815 EMLEN ST, PHILADELPHIA PA 19119-2642","6815 EMLEN ST, PHILADELPHIA PA 19119-2642","SOCIETY OF COMMODORE JOHN BARRY U S N","JOHN P NOLAN","Philadelphia County","Philadelphia City","Jul 18,2025","Oct 31,2026",-75.190697,40.0501245
"795",97150,"D1445","Distributor (Malt)","Active","SP BEER LLC","SP BEER LLC","6161 RIDGE AVE, PHILADELPHIA PA 19128","6161 RIDGE AVE, PHILADELPHIA PA 19128","6161 RIDGE HOLDINGS LLC","BEAUREGARD Z BRENDT","Philadelphia County","Philadelphia City","Jul 22,2025","Oct 31,2026",-75.216736,40.0353022
"796",63984,"D446","Distributor (Malt)","Active","RAKSMEY ANGKOR CORPORATION","PORTER BEVERAGE","706-708 PORTER ST, PHILADELPHIA PA 19148-3807","706-708 PORTER ST, PHILADELPHIA PA 19148-3807",NA,"VANNA NGUON","Philadelphia County","Philadelphia City","Jun 9,2026","Oct 31,2026",-75.1595656,39.9178751
"797",121029,"D2725","Distributor (Malt)","Active","ISHA BHUMI LLC","ISHA BHUMI LLC","3451 ARAMINGO AVE SPACE NO. 1, PHILADELPHIA PA 19134-4507","3451 ARAMINGO AVE SPACE NO. 1, PHILADELPHIA PA 19134-4507","A & T ENTEPRISES","GRISHMA J PATEL","Philadelphia County","Philadelphia City","Aug 20,2025","Oct 31,2026",-75.0994832,39.9915705
"798",72039,"D3593","Distributor (Malt)","Active","NEW MAC BEVERAGE INC","NEW MAC BEVERAGE INC","6120 VINE ST, PHILADELPHIA PA 19139-1134","6120 VINE ST, PHILADELPHIA PA 19139-1134",NA,"JI QUAN ZHENG","Philadelphia County","Philadelphia City","Oct 14,2025","Oct 31,2026",-75.242611,39.966675
"799",55636,"D2631","Distributor (Malt)","Active","1232 JSL INC","1232 JSL INC","1901 N TAYLOR ST, PHILADELPHIA PA 19121-2020","1901 N TAYLOR ST, PHILADELPHIA PA 19121-2020","HONG MAO","HONG MAO","Philadelphia County","Philadelphia City","Jul 8,2025","Oct 31,2026",-75.1743288,39.9840187
"800",89963,"D3210","Distributor (Malt)","Active","7300 BEER LLC","7300 BEER LLC","3501 COTTMAN AVE, PHILADELPHIA PA 19146","3501 COTTMAN AVE, PHILADELPHIA PA 19146",NA,"IAN A FIELDS","Philadelphia County","Philadelphia City","Apr 27,2026","Oct 31,2026",-75.0422285,40.0377574
"801",67871,"D1961","Distributor (Malt)","Active","119 E ALLEGHENY INC","119 E ALLEGHENY INC","119-121 E ALLEGHENY AVE, PHILADELPHIA PA 19134-2228","119-121 E ALLEGHENY AVE, PHILADELPHIA PA 19134-2228","FANG LAOV","LENG TANG","Philadelphia County","Philadelphia City","Sep 10,2026","Oct 31,2026",-75.1284712,39.998711
"802",107292,"D3211","Distributor (Malt)","Active","SJMAX DISTRIBUTOR INC","SJMAX DISTRIBUTOR INC","2417 WELSH RD STORE NO 9, PHILADELPHIA PA 19114-2213","2417 WELSH RD STORE NO 9, PHILADELPHIA PA 19114-2213","PAYSON HOLDINGS LLC AND JEL BLUEGRASS LLC TENANTS IN COMMON DBA BLUE GRASS PLAZA ASSOCS","SUJUAN CHEN","Philadelphia County","Philadelphia City","Jul 23,2025","Oct 31,2026",-75.0306542,40.0719113
"803",98764,"D2120","Distributor (Malt)","Active","RAMESHWARAM WORLDWIDE BEVERAGE LLC","WORLD WIDE BEVERAGE","508-510 E GREEN LN, PHILADELPHIA PA 19128-2625","508-510 E GREEN LN, PHILADELPHIA PA 19128-2625","SUKI YANG LLC","MUKESHKUMAR KANANI","Philadelphia County","Philadelphia City","Aug 11,2025","Oct 31,2026",-75.215612,40.0345371
"804",64370,"E4692","Eating Place Retail Dispenser (Malt)","Active","OK HOAGIE FACTORY INC","OK HOAGIE FACTORY INC","2119-21 72ND AVE, PHILADELPHIA PA 19138-2105","2119-21 72ND AVE, PHILADELPHIA PA 19138-2105",NA,"MI Y KIM","Philadelphia County","Philadelphia City","Jul 30,2025","Oct 31,2026",-75.1529067,40.0645059
"805",58297,"E4511","Eating Place Retail Dispenser (Malt)","Active","ESIMIO INC","ESIMIO INC","6456 SACKETT ST, PHILADELPHIA PA 19149","6456 SACKETT ST, PHILADELPHIA PA 19149",NA,"CIRO ESIMIO","Philadelphia County","Philadelphia City","Jul 7,2025","Oct 31,2026",-75.0581615,40.0291158
"806",66468,"E211","Eating Place Retail Dispenser (Malt)","Active","POONAM INC","POONAM INC","4346 FRANKFORD AVE, PHILADELPHIA PA 19124-3904","4346 FRANKFORD AVE, PHILADELPHIA PA 19124-3904",NA,"ALEX ACOSTA","Philadelphia County","Philadelphia City","Oct 15,2025","Oct 31,2026",-75.0883573,40.0125292
"807",91378,"E3716","Eating Place Retail Dispenser (Malt)","Active","PALM TREE AT BROAD INC","PALM TREE MARKET","322 N BROAD ST STE B, PHILADELPHIA PA 19102","322 N BROAD ST STE B, PHILADELPHIA PA 19102","NB PROJECT OWNER LLC","SUNG JAE CHUNG","Philadelphia County","Philadelphia City","Aug 5,2025","Oct 31,2026",-75.1623916,39.9590072
"808",47297,"E112","Eating Place Retail Dispenser (Malt)","Safekeeping","MENG' MASTER DELI, INC.","MENG' MASTER DELI, INC.","567 N 63RD ST, PHILADELPHIA PA 19151-4134","567 N 63RD ST, PHILADELPHIA PA 19151-4134",NA,"ROSSY C DELGADO RAMOS","Philadelphia County","Philadelphia City","Aug 12,2026","Oct 31,2026",-75.244676,39.9721265
"809",104831,"GA46273","Grain Alcohol","Active","CATHERINE JACOBS","CATHERINE JACOBS","507 S BROAD ST, PHILADELPHIA PA 19147","507 S BROAD ST, PHILADELPHIA PA 19147",NA,NA,"Philadelphia County","Philadelphia City","Sep 5,2025","Dec 31,2030",-75.1649614,39.944383
"810",121883,"GP59474","Brewery Pub","Active","TRIPLE BOTTOM BREWING COMPANY LLC","TRIPLE BOTTOM BREWING COMPANY","915 SPRING GARDEN ST, PHILADELPHIA PA 19123","915 SPRING GARDEN ST, PHILADELPHIA PA 19123","915 SPRING GARDEN ASSOCIATES LP","TESS H HART","Philadelphia County","Philadelphia City","Mar 5,2026","Dec 31,2026",-75.1533297,39.9622916
"811",120095,"GS55769","Brewery Storage","Active","SENTIENT ANDROIDS LLC","HUMAN ROBOT SUD","1646-48 S 12TH ST, PHILADELPHIA PA 19148","1710 N 5TH ST, PHILADELPHIA PA 19122-2909","33RD STREET GARAGE COMPANY LLC","GREGG A GORDON","Philadelphia County","Philadelphia City","Dec 17,2025","Dec 31,2026",-75.1650874,39.9288972
"812",46740,"H5669","Hotel (Liquor)","Active","MARRIOTT HOTEL SERVICES LLC","PHILADELPHIA AIRPORT MARRIOTT HOTEL","ONE ARRIVALS RD, PHILADELPHIA  PA 19153","ONE ARRIVALS RD, PHILADELPHIA  PA 19153",NA,"ANGELA M MOLA","Philadelphia County","Philadelphia City","Jul 15,2025","Oct 31,2026",-75.2447733,39.8772859
"813",117128,"H56098","Hotel (Liquor)","Active","HIGHGATE HOTELS LP","THE BELLEVUE HOTEL","200 S BROAD ST, PHILADELPHIA PA 19102-3803","200 S BROAD ST, PHILADELPHIA PA 19102-3803","200 S BROAD PROPERTY OWNER LLC","PRINCE A SANDERS","Philadelphia County","Philadelphia City","Nov 13,2025","Oct 31,2026",-75.1648441,39.9491188
"814",81758,"H33075","Hotel (Liquor)","Active","LAMS INVESTMENT GROUP LP","LAMS INVESTMENT GROUP LP","1225 VINE ST, PHILADELPHIA PA 19107","1225 VINE ST, PHILADELPHIA PA 19107","LAMS INVESTMENT GROUP LP","YUNGAM LAM","Philadelphia County","Philadelphia City","Sep 15,2025","Oct 31,2026",-75.1594506,39.9580428
"815",70869,"H6465","Hotel (Liquor)","Active","LVP FPS AIRPORT HOLDING CORP","FOUR POINTS BY SHERATON PHILA AIRPORT","4101 A ISLAND AVE, PHILADELPHIA PA 19153-3226","4101 A ISLAND AVE, PHILADELPHIA PA 19153-3226",NA,"ERIC A JOLIKKO JR","Philadelphia County","Philadelphia City","Aug 12,2025","Oct 31,2026",-75.2326373,39.8916613
"816",128892,"H50104","Hotel (Liquor)","Active","GF HOSPITALITY PHL HGI LLC","HILTON GARDEN INN PHILADELPHIA","1100 ARCH ST, PHILADELPHIA PA 19107-2956","1100 ARCH ST, PHILADELPHIA PA 19107-2956","PHILADELPHIA REDEVELOPMENT AUTHORITY (PREVIOUSLY REDEVELOPMENT AUTHORITY OF THE CITY OF PHILADELPHIA","ALEXANDRA A SPAULDING","Philadelphia County","Philadelphia City","Sep 5,2025","Oct 31,2026",-75.1580853,39.9535723
"817",134206,"I62219","Importer","Active","SUNWINE USA LLC","SUNWINE","10103A VERREE RD, PHILADELPHIA PA 19116-3613","10103A VERREE RD, PHILADELPHIA PA 19116-3613","AMBASSADOR CENTER, INC.",NA,"Philadelphia County","Philadelphia City","Aug 21,2026","Jun 30,2027",-75.0320341,40.1051827
"818",96468,"IA40499","Transporter for Hire Class A","Active","THE UNION SLRK INC","THE CAMBRIDGE","1508 SOUTH ST, PHILADELPHIA PA 19146","1508 SOUTH ST, PHILADELPHIA PA 19146",NA,NA,"Philadelphia County","Philadelphia City","Sep 23,2025","Dec 31,2026",-75.1676599,39.9437631
"819",115217,"LK53179","Limited Winery","Active","THE VERMOUTHERY, LLC","THE VERMOUTHERY","421 N 7TH ST STE 105, PHILADELPHIA PA 19123-3925","421 N 7TH ST STE 105, PHILADELPHIA PA 19123-3925","NE CALLOWHILL CENTER LLC","TIMOTHY S KWEEDER","Philadelphia County","Philadelphia City","Jun 17,2026","Dec 31,2026",-75.1499503,39.958844
"820",110175,"P50311","Public Service (Liquor)","Active","HORNBLOWER CRUISES AND EVENTS LLC","RENDEZVOUS","401 S COLUMBUS BLVD, PHILADELPHIA PA 19106","401 S COLUMBUS BLVD, PHILADELPHIA PA 19106","HORNBLOWER CRUISES AND EVENTS LLC","RYAN C O'CONNOR","Philadelphia County","Philadelphia City","Oct 17,2025","Dec 31,2026",-75.1412498,39.9415983
"821",111604,"PAF54843","Performing Arts Facility","Active","ABERFELDY & HIGHLANDS ANGLING SOCIETY","BLACK SQUIRREL CLUB","1045 SARAH ST, PHILADELPHIA PA 19125-4128","1045 SARAH ST, PHILADELPHIA PA 19125-4128",NA,"GABOR S ANTALICS","Philadelphia County","Philadelphia City","Oct 28,2025","Oct 31,2026",-75.1338169,39.967465
"822",71433,"PGR372","Privately-Owned Public Golf Course Rest (Liquor)","Active","THE UNION LEAGUE GOLF CLUB AT TORRESDALE FRANKFORD LLC","THE UNION LEAGUE GOLF CLUB AT TORRESDALE FRANKFORD LLC","FRANKFORD AND GRANT AVES, PHILADELPHIA PA 19114","FRANKFORD AND GRANT AVES, PHILADELPHIA PA 19114",NA,"SANDRA D CATALDI","Philadelphia County","Philadelphia City","Oct 16,2025","Oct 31,2026",-74.9905021,40.0603812
"823",64181,"R1214","Restaurant (Liquor)","Active","153 BOWEN INC","153 BOWEN INC","153 EAST CHELTEN AVE, PHILADELPHIA PA 19144-2153","153 EAST CHELTEN AVE, PHILADELPHIA PA 19144-2153",NA,"JUDITH C BOWEN","Philadelphia County","Philadelphia City","Oct 21,2025","Oct 31,2026",-75.1725469,40.0383103
"824",65084,"R314","Restaurant (Liquor)","Active","ACT3 LLC","ACT3 LLC","253 S 20TH ST, PHILADELPHIA PA 19103-5633","253 S 20TH ST, PHILADELPHIA PA 19103-5633",NA,"MICHELLE L FLISEK","Philadelphia County","Philadelphia City","Oct 28,2025","Oct 31,2026",-75.1740758,39.9488367
"825",115457,"R1304","Restaurant (Liquor)","Active","MHH F&B, LLC","MORRIS HOUSE","225-235 S 8TH ST, PHILADELPHIA PA 19106-3519","100 S BROAD ST STE 934, PHILADELPHIA PA 19110-1024","4236 CHESTNUT OWNERS LLC","BO HU","Philadelphia County","Philadelphia City","May 29,2026","Oct 31,2026",-75.154082,39.947401
"826",65762,"R5578","Restaurant (Liquor)","Active","STEVEN TAVERN INC","STEVEN TAVERN INC","7447 TORRESDALE AVE, PHILADELPHIA PA 19136-4115","7447 TORRESDALE AVE, PHILADELPHIA PA 19136-4115","LANG S UNG","JAY S LEE","Philadelphia County","Philadelphia City","Sep 3,2025","Oct 31,2026",-75.0309078,40.0320954
"827",96447,"R9360","Restaurant (Liquor)","Active","SOUTHHOUSE CO","SOUTHHOUSE CO","2535-37 S 13TH ST, PHILADELPHIA PA 19148-4342","2535-37 S 13TH ST, PHILADELPHIA PA 19148-4342","2535 SOUTH 13TH STREET LLC","ANTHONY T NOTARFRANCESCO","Philadelphia County","Philadelphia City","Aug 28,2025","Oct 31,2026",-75.168708,39.918048
"828",52732,"R11579","Restaurant (Liquor)","Active","4948 BROAD ST INC.","4948 BROAD ST INC.","4948-50 N BROAD ST, PHILADELPHIA PA 19141-2216","4948-50 N BROAD ST, PHILADELPHIA PA 19141-2216",NA,"CHARLES BOWEN SR","Philadelphia County","Philadelphia City","Sep 16,2025","Oct 31,2026",-75.1472409,40.02907
"829",114566,"R497","Restaurant (Liquor)","Active","17CHEST20 LLC","LUCY'S","1720 CHESTNUT ST, PHILADELPHIA PA 19103","901 N DELAWARE AVE, PHILADELPHIA PA 19123-3110","1720 Chestnut LP","RICARDO CALCANO","Philadelphia County","Philadelphia City","Jun 10,2026","Oct 31,2026",-75.1696564,39.9513021
"830",46903,"R2039","Restaurant (Liquor)","Active","CHESTNUT STREET VENTURE LP","CHESTNUT STREET VENTURE LP","723 CHESTNUT ST, PHILADELPHIA PA 19106-2315","723 CHESTNUT ST, PHILADELPHIA PA 19106-2315",NA,"KYOKO O NOGUCHI","Philadelphia County","Philadelphia City","Dec 18,2025","Oct 31,2026",-75.1532263,39.9498489
"831",45769,"R9344","Restaurant (Liquor)","Active","COSTAR PARTNERS LP","BUDDAKAN","325 CHESTNUT ST, PHILADELPHIA PA 19106-2615","325 CHESTNUT ST, PHILADELPHIA PA 19106-2615","CONSTITUTION PARTNERS LP","WILLIAM P JOHNSON","Philadelphia County","Philadelphia City","Jul 17,2025","Oct 31,2026",-75.1472134,39.9489
"832",50475,"R10383","Restaurant (Liquor)","Active","STEVE'S SPORTS LOUNGE, INC.","STEVE'S SPORTS LOUNGE, INC.","5300-02 MARKET ST, PHILADELPHIA PA 19139-3316","5300-02 MARKET ST, PHILADELPHIA PA 19139-3316",NA,"LESLIE POWELL","Philadelphia County","Philadelphia City","Oct 17,2025","Oct 31,2026",-75.227066,39.9600208
"833",62039,"R11498","Restaurant (Liquor)","Active","76 WEST LLC","76 WEST LLC","114-124 S 13TH ST, PHILADELPHIA PA 19107-4528","114-124 S 13TH ST, PHILADELPHIA PA 19107-4528","THE PHILADELPHIA BUILDING ASSOCIATES LLC","STEVEN M STEIN JR","Philadelphia County","Philadelphia City","Jun 26,2026","Oct 31,2026",-75.1621256,39.9497646
"834",111920,"R15594","Restaurant (Liquor)","Active","7719 ENTERPRISES INC","7719 ENTERPRISES INC","7719 CRITTENDEN ST, PHILADELPHIA PA 19118-4407","7719 CRITTENDEN ST, PHILADELPHIA PA 19118-4407","MARKET SQUARE PLAZA I, LLC","ERMA A DUPRE","Philadelphia County","Philadelphia City","Sep 10,2025","Oct 31,2026",-75.1951307,40.0728222
"835",118959,"R3927","Restaurant (Liquor)","Active","1401 FASIL INC","1401 FASIL INC","1401 RINGGOLD ST, PHILADELPHIA PA 19145-4005","1401 RINGGOLD ST, PHILADELPHIA PA 19145-4005","YILMA ENTERPRISES LLC","DEMELASH G DEMESSIE","Philadelphia County","Philadelphia City","Jun 16,2026","Oct 31,2026",-75.1846237,39.9350052
"836",100961,"R6957","Restaurant (Liquor)","Active","IZLANDS LLC","IZLANDS LLC","2725 N AMERICAN ST, PHILADELPHIA PA 19133-3532","2725 N AMERICAN ST, PHILADELPHIA PA 19133-3532","PLAZA AMERICANA INC","RENE MELENDEZ","Philadelphia County","Philadelphia City","Jul 7,2026","Oct 31,2026",-75.1357895,39.9923055
"837",60390,"R574","Restaurant (Liquor)","Active","CHE NAX INC","CHENAX","6364 STENTON AVE, PHILADELPHIA PA 19138-1128","6364 STENTON AVE, PHILADELPHIA PA 19138-1128",NA,"MARK BROADNAX","Philadelphia County","Philadelphia City","Nov 19,2025","Oct 31,2026",-75.1668307,40.0600865
"838",62315,"R749","Restaurant (Liquor)","Active","5301 TRENDSETTER, INC.","5301 TRENDSETTER, INC.","5301 WOODLAND AVE, PHILADELPHIA PA 19143-5425","5301 WOODLAND AVE, PHILADELPHIA PA 19143-5425",NA,"ANTHONY TAYLOR","Philadelphia County","Philadelphia City","Oct 31,2025","Oct 31,2026",-75.2179355,39.9374046
"839",64771,"R429","Restaurant (Liquor)","Active","ALEX JC 8180 INC","ALEX JC 8180 INC","965 E RUSSELL ST, PHILADELPHIA PA 19134-1312","965 E RUSSELL ST, PHILADELPHIA PA 19134-1312",NA,"TEANG CHIN","Philadelphia County","Philadelphia City","Aug 27,2025","Oct 31,2026",-75.1106868,39.9999905
"840",16636,"R14281","Restaurant (Liquor)","Active","BRANDYWINE INN CORP.","BRANDYWINE INN CORP.","304 W CHELTEN AVE, PHILADELPHIA PA 19144-3805","304 W CHELTEN AVE, PHILADELPHIA PA 19144-3805",NA,"DEBORAH ROSCIOLI","Philadelphia County","Philadelphia City","Jul 21,2025","Oct 31,2026",-75.1801133,40.0299507
"841",103354,"R7922","Restaurant (Liquor)","Active","SHALEEMENTERPRISE3 LLC","SHALEEMENTERPRISE3 LLC","927-939 N DELAWARE AVE, PHILADELPHIA PA 19123-3110","7200 MERION TRACE APRTMENTS  APT D304, UPPER DARBY PA 19082","927 NORTH DELAWARE LP","SHARON PERVEZ-KHAN","Philadelphia County","Philadelphia City","Feb 4,2026","Oct 31,2026",-75.1354161,39.9631339
"842",17626,"R15842","Restaurant (Liquor)","Active","ARAMARK SERVICES INC","TOWER RESTAURANT","2400 MARKET ST 7TH FLOOR, PHILADELPHIA PA 19103","2400 MARKET ST 7TH FLOOR, PHILADELPHIA PA 19103","2400 MARKET VII LP","NICHOLAS D WAGNER","Philadelphia County","Philadelphia City","Jan 26,2026","Oct 31,2026",-75.1794374,39.9535294
"843",56878,"R16151","Restaurant (Liquor)","Active","SHAN CHUAN RESTAURANT INC","SHAN CHUAN RESTAURANT INC","4211 RIDGE AVE, PHILADELPHIA PA 19129-1745","4211 RIDGE AVE, PHILADELPHIA PA 19129-1745",NA,"JIA YU","Philadelphia County","Philadelphia City","Sep 2,2025","Oct 31,2026",-75.1941009,40.0091855
"844",12699,"R7362","Restaurant (Liquor)","Active","1524 SANSOM INC.","1524 SANSOM INC.","1524 SANSOM ST, PHILADELPHIA PA 19102-2804","1524 SANSOM ST, PHILADELPHIA PA 19102-2804",NA,"RICHARD CHODAK","Philadelphia County","Philadelphia City","Jul 16,2025","Oct 31,2026",-75.1668064,39.950253
"845",71919,"R53","Restaurant (Liquor)","Active","HENRY AVE ASSOCIATES LLC","HENRY AVE ASSOCIATES LLC","5824-26 HENRY AVE, PHILADELPHIA PA 19128","5824-26 HENRY AVE, PHILADELPHIA PA 19128",NA,"ETHEL ANUZZI","Philadelphia County","Philadelphia City","Aug 5,2025","Oct 31,2026",-75.2059884,40.0291918
"846",122033,"R1153","Restaurant (Liquor)","Active","PHANTOM FOOD GROUP CORPORATION","SANTUCCI'S ORIGINAL SQUARE PIZZA","655-659 N BROAD ST, PHILADELPHIA PA 19123-2418","655-659 N BROAD ST, PHILADELPHIA PA 19123-2418","NORTH BEND WORLDWIDE LLC","TRACEY M CARDELLA","Philadelphia County","Philadelphia City","Apr 23,2026","Oct 31,2026",-75.1604095,39.965248
"847",44680,"R13644","Restaurant (Liquor)","Active","FOOD TEK, INC.","FOOD TEK","22-24-26 S 2ND ST, PHILADELPHIA PA 19106-2802","22-24-26 S 2ND ST, PHILADELPHIA PA 19106-2802",NA,"NATALYE L COHEN","Philadelphia County","Philadelphia City","Jun 18,2026","Oct 31,2026",-75.1439904,39.949438
"848",69036,"R2311","Restaurant (Liquor)","Active","KT 4669 INC","KT 4669 INC","4669 TORRESDALE AVE, PHILADELPHIA PA 19124-3415","4669 TORRESDALE AVE, PHILADELPHIA PA 19124-3415",NA,"OUDOM ROS","Philadelphia County","Philadelphia City","Jul 22,2025","Oct 31,2026",-75.0774081,40.0110385
"849",71859,"R11836","Restaurant (Liquor)","Active","PLENTY PASSYUNK LLC","PLENTY PASSYUNK LLC","1710 E PASSYUNK AVE, PHILADELPHIA PA 19148-1518","1710 E PASSYUNK AVE, PHILADELPHIA PA 19148-1518",NA,"ANTHONY MASCIERI","Philadelphia County","Philadelphia City","May 7,2026","Oct 31,2026",-75.1653611,39.9284842
"850",105796,"R5407","Restaurant (Liquor)","Active","RUBY TUESDAY OPERATIONS LLC","RUBY TUESDAY #4174","8680 BARTRAM AVE, PHILADELPHIA PA 19153","8680 BARTRAM AVE, PHILADELPHIA PA 19153","RUBY TUESDAY OPERATIONS LLC","LAURA CALLAHAN","Philadelphia County","Philadelphia City","Jul 11,2025","Oct 31,2026",-75.2469971,39.8878063
"851",65640,"R89","Restaurant (Liquor)","Active","5136 TORRESDALE LLC","5136 TORRESDALE LLC","2116 EAST TIOGA ST, PHILADELPHIA PA 19134","2116 EAST TIOGA ST, PHILADELPHIA PA 19134",NA,"ROBERT BAIRD","Philadelphia County","Philadelphia City","Aug 7,2025","Oct 31,2026",-75.1025393,39.9955669
"852",125609,"R257","Restaurant (Liquor)","Active","CAFE DAJTI LLC","CAFE DAJTI","8546 BUSTLETON AVE  A/K/A 8550 BUSTLETON AVE UNIT B, PHILADELPHIA PA 19152","8546 BUSTLETON AVE  A/K/A 8550 BUSTLETON AVE UNIT B, PHILADELPHIA PA 19152","STATION REALTY HOLDINGS LLC","NURDIN MUJA","Philadelphia County","Philadelphia City","Oct 9,2025","Oct 31,2026",-75.0483836,40.072685
"853",63345,"R7302","Restaurant (Liquor)","Active","J & D 5 POINTS, INC.","J & D 5 POINTS, INC.","7301-09 OXFORD AVE & 1001 COTTMAN AVE, PHILADELPHIA PA 19111-3020","7301-09 OXFORD AVE & 1001 COTTMAN AVE, PHILADELPHIA PA 19111-3020",NA,"DENISE GARCIA","Philadelphia County","Philadelphia City","Dec 10,2025","Oct 31,2026",-75.0833223,40.0614093
"854",68799,"R7080","Restaurant (Liquor)","Active","ACME MARKETS INC","ACME MARKETS INC","1901 JOHNSTON ST, PHILADELPHIA PA 19145-4720","1901 JOHNSTON ST, PHILADELPHIA PA 19145-4720",NA,"ANDREA R OLIVA","Philadelphia County","Philadelphia City","Sep 3,2025","Oct 31,2026",-75.1804886,39.9172159
"855",45561,"R9065","Restaurant (Liquor)","Active","1402 SEING, INC.","1402 SEING, INC.","1402-04 S 52ND ST, PHILADELPHIA PA 19143-5041","1402-04 S 52ND ST, PHILADELPHIA PA 19143-5041","1402 SEING, INC.","LINDA SEING","Philadelphia County","Philadelphia City","Aug 6,2025","Oct 31,2026",-75.2188939,39.9402642
"856",45525,"R4255","Restaurant (Liquor)","Active","SANTOS ENT. LTD.","MEDITERRANEAN 2000","8026-34 BUSTLETON AVE, PHILADELPHIA PA 19152","8026-34 BUSTLETON AVE, PHILADELPHIA PA 19152",NA,"MARIA SANTOS","Philadelphia County","Philadelphia City","Aug 21,2025","Oct 31,2026",-75.0521946,40.061104
"857",71806,"R6845","Restaurant (Liquor)","Active","ARGENTO ARGENTINIAN STEAK HOUSE LLC","ARGENTO ARGENTINIAN STEAK HOUSE LLC","400-02 S 2ND ST, PHILADELPHIA PA 19147-1608","400-02 S 2ND ST, PHILADELPHIA PA 19147-1608",NA,"WALTER ARAGONEZ","Philadelphia County","Philadelphia City","Oct 3,2025","Oct 31,2026",-75.1455593,39.943042
"858",35518,"R11468","Restaurant (Liquor)","Active","UISCE BEATHA, INC.","UISCE BEATHA, INC.","116-118-120 S 23RD ST, PHILADELPHIA PA 19103-4334","116-118-120 S 23RD ST, PHILADELPHIA PA 19103-4334",NA,"DANIEL BONNER","Philadelphia County","Philadelphia City","Jul 15,2025","Oct 31,2026",-75.1785016,39.9517307
"859",103863,"R15633","Restaurant (Liquor)","Active","UPTOWN CAFE HOLDINGS LLC","UPTOWN CAFE HOLDINGS LLC","8131 & REAR 8129 STENTON AVE, PHILADELPHIA PA 19150","8131 & REAR 8129 STENTON AVE, PHILADELPHIA PA 19150","PHASE 4, LLC","JAMES H HOLLOWAY JR","Philadelphia County","Philadelphia City","Nov 14,2025","Oct 31,2026",6.1791673,52.4026174
"860",39717,"R1467","Restaurant (Liquor)","Active","IRISH TABLE, INC.","THE PLOUGH AND THE STARS","123-129 CHESTNUT ST, PHILADELPHIA PA 19106-3008","123-129 CHESTNUT ST, PHILADELPHIA PA 19106-3008",NA,"JEROME DONOVAN","Philadelphia County","Philadelphia City","Aug 11,2025","Oct 31,2026",-75.1439024,39.9486235
"861",65977,"R5639","Restaurant (Liquor)","Active","BROADSIDE KITCHEN LLC","BROADSIDE KITCHEN LLC","1520 SOUTH STREET, PHILADELPHIA PA 19145","1520 SOUTH STREET, PHILADELPHIA PA 19145",NA,"BLAIRE M WILLIAMS","Philadelphia County","Philadelphia City","Sep 16,2025","Oct 31,2026",-75.1680254,39.9438199
"862",40075,"R9032","Restaurant (Liquor)","Active","PENROSE RESTAURANT CAFE, INC.","PENROSE RESTAURANT CAFE, INC.","2016 PENROSE AVE, PHILADELPHIA PA 19145-5744","2016 PENROSE AVE, PHILADELPHIA PA 19145-5744","PENROSE RESTAURANT CAFE, INC.","VASILIOS KOLOVOS","Philadelphia County","Philadelphia City","Jul 8,2025","Oct 31,2026",-75.1833258,39.9120097
"863",128842,"R6206","Restaurant (Liquor)","Active","LA BICHOTA ENTERTAINMENT LLC","LA BICHOTA ENTERTAINMENT LLC","812 N BROAD ST  , PHILADELPHIA PA 19130-2235","812 N BROAD ST  , PHILADELPHIA PA 19130-2235","DIANE I GUZMAN","DIANE I GUZMAN","Philadelphia County","Philadelphia City","Sep 15,2025","Oct 31,2026",-75.1605804,39.9684852
"864",115215,"R442","Restaurant (Liquor)","Active","7645 CAPITAL BEER LLC","7645 CAPITAL BEER LLC","7681 FRANKFORD AVE, PHILADELPHIA PA 19136-3634","7681 FRANKFORD AVE, PHILADELPHIA PA 19136-3634","7645 REAL ESTATE LLC","JUAN CANAHUATE-CRUZ","Philadelphia County","Philadelphia City","Oct 28,2025","Oct 31,2026",-75.0334577,40.0392638
"865",130120,"R3193","Restaurant (Liquor)","Active","SONG & DA LLC","SONG & DA LLC","1024 RACE ST, PHILADELPHIA PA 19107","1024 RACE ST, PHILADELPHIA PA 19107","RACE ESTATE, LLC","DAJUAN SONG","Philadelphia County","Philadelphia City","Jul 7,2025","Oct 31,2026",-75.1569322,39.9552126
"866",71403,"R15646","Restaurant (Liquor)","Active","HER LUCKY 777 INC","HER LUCKY 777 INC","9041-43 ASHTON RD, PHILADELPHIA PA 19136-1030","9041-43 ASHTON RD, PHILADELPHIA PA 19136-1030",NA,"JENNIFER M McCLURG","Philadelphia County","Philadelphia City","Nov 7,2025","Oct 31,2026",-75.0221642,40.0623997
"867",72477,"R11243","Restaurant (Liquor)","Active","5818 CASTOR INC","5818 CASTOR INC","5818 CASTOR AVE, PHILADELPHIA PA 19149-3713","5818 CASTOR AVE, PHILADELPHIA PA 19149-3713",NA,"BOBBY LAM","Philadelphia County","Philadelphia City","Dec 11,2025","Oct 31,2026",-75.084316,40.0327213
"868",67980,"R13606","Restaurant (Liquor)","Active","EMPIRE 7312 LLC","EMPIRE 7312 LLC","7312-16 CASTOR AVE, PHILADELPHIA PA 19152-4205","7312-16 CASTOR AVE, PHILADELPHIA PA 19152-4205",NA,"RADAME RIVERA","Philadelphia County","Philadelphia City","Jul 29,2025","Oct 31,2026",-75.0652031,40.0526216
"869",48832,"R8447","Restaurant (Liquor)","Active","2615 P L INC","2615 P L INC","2615 CECIL B MOORE AVE, PHILADELPHIA PA 19121-2827","2615 CECIL B MOORE AVE, PHILADELPHIA PA 19121-2827",NA,"KAYLYN SOU","Philadelphia County","Philadelphia City","Aug 14,2025","Oct 31,2026",-75.1779081,39.9814583
"870",60687,"R7702","Restaurant (Liquor)","Active","FROGSPRING EF LLC","FROGSPRING EF LLC","3521 BOWMAN ST, PHILADELPHIA PA 19129-1510","3521 BOWMAN ST, PHILADELPHIA PA 19129-1510",NA,"JOSEPH D GORDON","Philadelphia County","Philadelphia City","May 6,2026","Oct 31,2026",-75.189347,40.0109267
"871",41362,"R11395","Restaurant (Liquor)","Active","67TH & DICKS AVE., INC.","67TH & DICKS AVE., INC.","6650 DICKS AVE, PHILADELPHIA PA 19142-2601","6650 DICKS AVE, PHILADELPHIA PA 19142-2601",NA,"THERESA KEENAN","Philadelphia County","Philadelphia City","Aug 22,2025","Oct 31,2026",-75.2298089,39.9179822
"872",70846,"R11201","Restaurant (Liquor)","Active","THE CHEESECAKE FACTORY RESTAURANTS INC","THE CHEESECAKE FACTORY","1426-30 WALNUT ST, PHILADELPHIA PA 19102-3804","1426-30 WALNUT ST, PHILADELPHIA PA 19102-3804",NA,"PHILIP MADEY","Philadelphia County","Philadelphia City","Aug 22,2025","Oct 31,2026",-75.165663,39.949393
"873",131275,"R11077","Restaurant (Liquor)","Active","HONEYBEE GOURMET DELI LLC","HOPKINSON HOUSE","604 S WASHINGTON SQ, PHILADELPHIA PA 19106","604 S WASHINGTON SQ, PHILADELPHIA PA 19106","HOPKINSON HOUSE OWNERS ASSOCIATION","HE JIN YIM","Philadelphia County","Philadelphia City","Sep 10,2026","Oct 31,2026",-75.1524412,39.9462043
"874",93176,"R6537","Restaurant (Liquor)","Active","BC PHILLY U INC","BC PHILLY U INC","3816-36 CHESTNUT ST, PHILADELPHIA PA 19104","3816-36 CHESTNUT ST, PHILADELPHIA PA 19104","STRATFORD HAMILTON LP","VENG C TING","Philadelphia County","Philadelphia City","Jan 29,2026","Oct 31,2026",-75.1995594,39.9549271
"875",53609,"R3277","Restaurant (Liquor)","Active","RARE HOSPITALITY INTERNATIONAL INC","LONGHORN STEAKHOUSE","2120 S COLUMBUS BLVD, PHILADELPHIA PA 19148","2120 S COLUMBUS BLVD, PHILADELPHIA PA 19148",NA,"LINA CARANNANTE","Philadelphia County","Philadelphia City","Sep 2,2025","Oct 31,2026",-75.141207,39.9194352
"876",121115,"R184","Restaurant (Liquor)","Active","KIN ON KIMBALL LLC","NEXT OF KIN","1414 FRANKFORD AVE, PHILADELPHIA PA 19125","1414 FRANKFORD AVE, PHILADELPHIA PA 19125","1412-1422 Frankford Owner LLC","KYLE C DARROW","Philadelphia County","Philadelphia City","Oct 15,2025","Oct 31,2026",-75.1345316,39.9721511
"877",90152,"R4531","Restaurant (Liquor)","Active","MARTY, INC","LE BUS BISTRO","3736 MIDVALE AVE AND 4201-03 RIDGE AVE, PHILADELPHIA PA 19129-1730","4024 TIMBER LANE, PHILADELPHIA  PA 19129",NA,"DAVID J BRAVERMAN","Philadelphia County","Philadelphia City","Aug 25,2025","Oct 31,2026",-75.1937141,40.0089137
"878",84145,"R2222","Restaurant (Liquor)","Active","ACME MARKETS INC","ACME MARKETS INC","29 SNYDER AVE, PHILADELPHIA PA 19148-2709",NA,"VANDALIA ASSOCIATES","AMY E PROZAN","Philadelphia County","Philadelphia City","Feb 6,2026","Oct 31,2026",-75.170595,39.924866
"879",12823,"R7601","Restaurant (Liquor)","Active","3234 ACADEMY, INC.","3234 ACADEMY, INC.","3234 RED LION RD STORE 15, PHILADELPHIA PA 19114-1109","3234 RED LION RD STORE 15, PHILADELPHIA PA 19114-1109",NA,"RAYMOND P FLAVILLE III","Philadelphia County","Philadelphia City","Sep 26,2025","Oct 31,2026",-74.9944444,40.0802778
"880",23930,"R9513","Restaurant (Liquor)","Active","GRAVENTI, INC.","ORIGINAL ITAL PIZZERIA & REST","9436 STATE RD, PHILADELPHIA PA 19114-3019","9436 STATE RD, PHILADELPHIA PA 19114-3019","DELAIRE SHOPPING CENTER LLC","JOHN  F GRAFF","Philadelphia County","Philadelphia City","Sep 17,2025","Oct 31,2026",-74.9898058,40.049705
"881",24030,"R11306","Restaurant (Liquor)","Active","SEAFOOD BAY, INC.","SEAFOOD BAY, INC.","8006 FRANKFORD AVE, PHILADELPHIA PA 19136-2630","8006 FRANKFORD AVE, PHILADELPHIA PA 19136-2630",NA,"GURVINDER SINGH","Philadelphia County","Philadelphia City","Sep 2,2025","Oct 31,2026",-75.0280977,40.0416356
"882",66955,"R254","Restaurant (Liquor)","Active","LINA 1071 INC","LINA 1071 INC","4507 FRANKFORD AVE, PHILADELPHIA PA 19124-3601","4507 FRANKFORD AVE, PHILADELPHIA PA 19124-3601",NA,"KAREN PHAN","Philadelphia County","Philadelphia City","Apr 21,2026","Oct 31,2026",-75.0859024,40.0139178
"883",65468,"R6717","Restaurant (Liquor)","Active","JOANNE MEKIS","MERMAID HOTEL","7673 WINSTON RD, PHILADELPHIA PA 19118-3528","7673 WINSTON RD, PHILADELPHIA PA 19118-3528",NA,"JOANNE A MEKIS","Philadelphia County","Philadelphia City","Aug 18,2025","Oct 31,2026",-75.1967399,40.0680408
"884",84006,"R4119","Restaurant (Liquor)","Active","ACME MARKETS INC","FROSTED MUG","180 W GIRARD AVE, PHILADELPHIA PA 19123-1660",NA,"SCHMIDTS RETAIL LP","DAVON D DENNIS","Philadelphia County","Philadelphia City","Sep 3,2025","Oct 31,2026",-75.1390321,39.9684394
"885",62158,"R3180","Restaurant (Liquor)","Active","JET WINE BAR LLC","JET WINE BAR LLC","1525 SOUTH ST, PHILADELPHIA PA 19146-1635","1525 SOUTH ST, PHILADELPHIA PA 19146-1635",NA,"NICKOLAS J BAITZEL","Philadelphia County","Philadelphia City","Apr 23,2026","Oct 31,2026",-75.1680206,39.9440591
"886",71886,"R6571","Restaurant (Liquor)","Active","THE WEEKEND RESTAURANT GROUP LLC","THE WEEKEND RESTAURANT GROUP LLC","261 S 21ST ST, PHILADELPHIA PA 19103-4815","261 S 21ST ST, PHILADELPHIA PA 19103-4815",NA,"JOHANNA WHITAKER","Philadelphia County","Philadelphia City","Aug 21,2026","Oct 31,2026",-75.1759495,39.948937
"887",36748,"R11482","Restaurant (Liquor)","Active","HALF MOON LOUNGE, INC.","HALF MOON LOUNGE","4228-4230 LANCASTER AVE, PHILADELPHIA PA 19104-1469","4228-4230 LANCASTER AVE, PHILADELPHIA PA 19104-1469",NA,"DORETHA A MASON","Philadelphia County","Philadelphia City","Aug 18,2026","Oct 31,2026",-75.2090932,39.9671294
"888",46726,"R4921","Restaurant (Liquor)","Active","PIGGIES, INC.","PIGGIES, INC.","2101 YORK ST, PHILADELPHIA PA 19125-1604","2101 YORK ST, PHILADELPHIA PA 19125-1604",NA,"DENNIS P KIRBY","Philadelphia County","Philadelphia City","Sep 11,2025","Oct 31,2026",-75.1283337,39.9824854
"889",53471,"R3905","Restaurant (Liquor)","Active","1501 LEHIGH, INC.","1501 LEHIGH, INC.","1501 W LEHIGH AVE, PHILADELPHIA PA 19132-2214","1501 W LEHIGH AVE, PHILADELPHIA PA 19132-2214",NA,"SANDY NGOUN","Philadelphia County","Philadelphia City","Feb 26,2026","Oct 31,2026",-75.1563645,39.9943878
"890",52585,"R11097","Restaurant (Liquor)","Active","RARE HOSPITALITY INTERNATIONAL INC","LONGHORN STEAKHOUSE","WHITMAN SQ SHOPPING CENTER 9701 ROOSEVELT BLVD, PHILADELPHIA PA 19114-1010","WHITMAN SQ SHOPPING CENTER 9701 ROOSEVELT BLVD, PHILADELPHIA PA 19114-1010",NA,"IDDEEN A STOKES","Philadelphia County","Philadelphia City","Sep 2,2025","Oct 31,2026",-75.024104,40.0812987
"891",118881,"R4930","Restaurant (Liquor)","Active","SWEENEY'S PHILADELPHIA, LLC","SWEENEY'S PHILADELPHIA, LLC","13639-49 PHILMONT AVE, PHILADELPHIA PA 19116-1111","13639-49 PHILMONT AVE, PHILADELPHIA PA 19116-1111","ADAM & MIN JA KIM","ALEXANDER IVANSKIY","Philadelphia County","Philadelphia City","Oct 22,2025","Oct 31,2026",-75.0113471,40.1314457
"892",61697,"R5440","Restaurant (Liquor)","Active","PHILADELPHIA PORTUGUESE CLUB","PHILADELPHIA PORTUGUESE CLUB","2019-23 RHAWN ST, PHILADELPHIA PA 19152-3206","2019-23 RHAWN ST, PHILADELPHIA PA 19152-3206",NA,"JOSE L CRUZ","Philadelphia County","Philadelphia City","Sep 9,2025","Oct 31,2026",-75.055045,40.0615049
"893",96228,"R7139","Restaurant (Liquor)","Active","FIVE IRON GOLF PHILADELPHIA LLC","FIVE IRON GOLF PHILADELPHIA LLC","2116 CHESTNUT ST, PHILADELPHIA PA 19103-4496","2116 CHESTNUT ST, PHILADELPHIA PA 19103-4496","2116 CHESTNUT PARTNERS, LLC","KEVIN C ALBRIGHT","Philadelphia County","Philadelphia City","Aug 21,2025","Oct 31,2026",-75.1763514,39.9521401
"894",14946,"R11433","Restaurant (Liquor)","Active","MICK-DANIELS, INC.","MICK-DANIELS, INC.","2044-46 SOUTH 2ND ST, PHILADELPHIA PA 19148","2044-46 SOUTH 2ND ST, PHILADELPHIA PA 19148",NA,"MICHAEL ADAMS JR","Philadelphia County","Philadelphia City","Jul 7,2025","Oct 31,2026",-75.1501036,39.922035
"895",72144,"R6379","Restaurant (Liquor)","Active","CESCAPHE BALLROOM LLC","CESCAPHE BALLROOM LLC","917-923 N 2ND ST, PHILADELPHIA PA 19123-2301","917-923 N 2ND ST, PHILADELPHIA PA 19123-2301",NA,"ROBERT JONES","Philadelphia County","Philadelphia City","Jul 20,2026","Oct 31,2026",-75.140661,39.9648517
"896",69611,"R2153","Restaurant (Liquor)","Active","1976 LLC","1976 LLC","4201 MANAYUNK AVE, PHILADELPHIA PA 19128-5031","4201 MANAYUNK AVE, PHILADELPHIA PA 19128-5031",NA,"JOSEPH VITA","Philadelphia County","Philadelphia City","Jul 25,2025","Oct 31,2026",-75.2154076,40.0263803
"897",66452,"R729","Restaurant (Liquor)","Active","THE PHILLY PUMP HOUSE ASSOCIATION","THE PHILLY PUMP HOUSE ASSOCIATION","140 N COLUMBUS BLVD & 2 RACE ST, PHILADELPHIA PA 19106-2001","140 N COLUMBUS BLVD & 2 RACE ST, PHILADELPHIA PA 19106-2001",NA,"ELIZABETH S BOLESLAVSKY","Philadelphia County","Philadelphia City","Aug 25,2025","Oct 31,2026",-75.1404004,39.9533098
"898",110999,"R9004","Restaurant (Liquor)","Active","PIB LLC","BROWNIES PUB","46 S 2ND ST, PHILADELPHIA PA 19106-2810","46 S 2ND ST, PHILADELPHIA PA 19106-2810","DMGLM46 LLC","DANIEL J MCCOY","Philadelphia County","Philadelphia City","Jul 8,2025","Oct 31,2026",-75.1441287,39.9488403
"899",110552,"R15630","Restaurant (Liquor)","Active","NEVO INVESTMENTS LLC","EL LOUNGE","4635-37 FRANKFORD AVE, PHILADELPHIA PA 19124","4635-37 FRANKFORD AVE, PHILADELPHIA PA 19124","4637 FRANKFORD ACQUISITIONS, LLC","DANA M NEVEDOMSKY","Philadelphia County","Philadelphia City","Sep 14,2026","Oct 31,2026",-75.08443,40.0153882
"900",116970,"R775","Restaurant (Liquor)","Active","HSOM LLC","HSOM LLC","834 CHESTNUT ST STE 106, PHILADELPHIA PA 19107-5100","834 CHESTNUT ST STE 106, PHILADELPHIA PA 19107-5100","BFH COMMERCIAL OWNER, LP","ALYSSA M ELLIS","Philadelphia County","Philadelphia City","May 26,2026","Oct 31,2026",-75.1551309,39.9493831
"901",131267,"R2356","Restaurant (Liquor)","Active","PK PHILLY LLC","PIG & KHAO","2113-15 E YORK ST, PHILADELPHIA PA 19125-1604","2113-15 E YORK ST, PHILADELPHIA PA 19125-1604","YORK & MARTHA LLC","STEPHEN J PRESSMAN","Philadelphia County","Philadelphia City","Aug 20,2026","Oct 31,2026",-75.128094,39.982232
"902",60690,"R3391","Restaurant (Liquor)","Active","SALTPEPPERKETCHUP INC","SALTPEPPERKETCHUP INC","4329-33-35 SPRUCE ST, PHILADELPHIA PA 19104-4707","4329-33-35 SPRUCE ST, PHILADELPHIA PA 19104-4707",NA,"BRENDAN L KELLY","Philadelphia County","Philadelphia City","Aug 12,2025","Oct 31,2026",-75.1923637,39.9506455
"903",47866,"R15324","Restaurant (Liquor)","Active","SANSOM STREET PUB, INC.","SANSOM STREET PUB, INC.","116-118 S 12TH ST, PHILADELPHIA PA 19107-4804","116-118 S 12TH ST, PHILADELPHIA PA 19107-4804","116 S 12TH STREET LLC","PANTELIS T SOURIAS","Philadelphia County","Philadelphia City","Aug 31,2026","Oct 31,2026",-75.1605719,39.9498079
"904",67557,"R6912","Restaurant (Liquor)","Active","19 DEGREE CAFE LIMITED","19 DEGREE CAFE LIMITED","1847 CHRISTIAN ST, PHILADELPHIA PA 19146-1833","1847 CHRISTIAN ST, PHILADELPHIA PA 19146-1833",NA,"MAE VONG","Philadelphia County","Philadelphia City","Aug 6,2025","Oct 31,2026",-75.174132,39.941174
"905",95957,"R15387","Restaurant (Liquor)","Active","VICTROLA89 II LLC","VICTROLA89 II LLC","2009-11 SANSOM ST, PHILADELPHIA PA 19103","6828 ANDERSON ST, PHILADELPHIA PA 19119","CHICK CHICK 89 LLC","BRETT R NAYLOR","Philadelphia County","Philadelphia City","Jul 20,2026","Oct 31,2026",-75.1740606,39.951449
"906",123176,"R11233","Restaurant (Liquor)","Active","DB GOURMET MARKETS LLC","DI BRUNO BROS","1730-1732 CHESTNUT ST, PHILADELPHIA PA 19103-5120","1730-1732 CHESTNUT ST, PHILADELPHIA PA 19103-5120","1730 CHESTNUT PARTNERS LP","DEREK D HORNE","Philadelphia County","Philadelphia City","Jan 7,2026","Oct 31,2026",-75.1700453,39.9513471
"907",132887,"R11263","Restaurant (Liquor)","Active","GET2 THE POINT LLC","GET2 THE POINT LLC","6700 MARTINS MILL RD, PHILADELPHIA PA 19111-4625","6700 MARTINS MILL RD, PHILADELPHIA PA 19111-4625","GET2 THE POINT LLC","CATHRYN A DUFFY","Philadelphia County","Philadelphia City","Feb 5,2026","Oct 31,2026",-75.092402,40.053632
"908",67968,"R4170","Restaurant (Liquor)","Active","1355 FRONT ST VENTURE LLC","1355 FRONT ST VENTURE LLC","1353-1355 N FRONT ST, PHILADELPHIA PA 19122-4603","1353-1355 N FRONT ST, PHILADELPHIA PA 19122-4603",NA,"MATTHEW WILLIAMSON","Philadelphia County","Philadelphia City","Sep 16,2025","Oct 31,2026",-75.1351828,39.9716973
"909",31953,"R6341","Restaurant (Liquor)","Safekeeping","6641 TAVERN, INC.","6641 TAVERN, INC.","6641 CASTOR AVE, PHILADELPHIA PA 19149","6641 CASTOR AVE, PHILADELPHIA PA 19149",NA,"JOSEPH VALONES","Philadelphia County","Philadelphia City","Apr 8,2026","Oct 31,2026",-75.0739591,40.0427287
"910",90188,"R4821","Restaurant (Liquor)","Safekeeping","NORCAL LLC","NORCAL LLC","8229 GERMANTOWN AVE, PHILADELPHIA PA 19118-3446","8229 GERMANTOWN AVE, PHILADELPHIA PA 19118-3446",NA,"VANESSA L MULLEN","Philadelphia County","Philadelphia City","Feb 23,2026","Oct 31,2026",-75.2031731,40.0739658
"911",128564,"R1359","Restaurant (Liquor)","Safekeeping","7256 CASTOR INC","7256 CASTOR","7256 CASTOR AVE, PHILADELPHIA PA 19149-1109","7256 CASTOR AVE, PHILADELPHIA PA 19149-1109",NA,"URSINIO S NUNEZ","Philadelphia County","Philadelphia City","Mar 20,2026","Oct 31,2026",-75.0665494,40.0511436
"912",101335,"R9161","Restaurant (Liquor)","Safekeeping","13CHANCELLOR LLC","13CHANCELLOR LLC","208 S 13TH ST, PHILADELPHIA PA 19107-5467","208 S 13TH ST, PHILADELPHIA PA 19107-5467","208 THIRTEENTH HOLDINGS LP","RAM KRISHNAN","Philadelphia County","Philadelphia City","Sep 1,2026","Oct 31,2026",-75.1625121,39.9484895
"913",53685,"R3024","Restaurant (Liquor)","Safekeeping","ROSE CASUAL DINING LP","APPLEBEE'S NEIGHBORHOOD GRILL & BAR","ANDORRA SHOPPING CENTER 8500 HENRY AVE STORE 15, PHILADELPHIA PA 19128","ANDORRA SHOPPING CENTER 8500 HENRY AVE STORE 15, PHILADELPHIA PA 19128",NA,"JEFFREY M SHANNON","Philadelphia County","Philadelphia City","Aug 13,2025","Oct 31,2026",-75.2368817,40.0632024
"914",107902,"R1346","Restaurant (Liquor)","Safekeeping","SOUTHSIDE BAR/GRILL LLC","SOUTHSIDE BAR/GRILL LLC","2500 S 3RD ST, PHILADELPHIA PA 19148","2500 S 3RD ST, PHILADELPHIA PA 19148","2500 S 3RD LLC","PAUL R MONTE","Philadelphia County","Philadelphia City","Feb 10,2026","Oct 31,2026",-75.1528389,39.9170106
"915",69273,"R5089","Restaurant (Liquor)","Safekeeping","1330 WALNUT PARTNERS LLC","1330 WALNUT PARTNERS LLC","1330 WALNUT ST, PHILADELPHIA PA 19107-5311","1330 WALNUT ST, PHILADELPHIA PA 19107-5311",NA,"KENNETH A LOWE JR","Philadelphia County","Philadelphia City","Jun 29,2026","Oct 31,2026",-75.1634168,39.9490891
"916",120640,"R12516","Restaurant (Liquor)","Safekeeping","3901 LANCASTER VENTURES LLC","3901 LANCASTER VENTURES LLC","3901 LANCASTER AVE, PHILADELPHIA PA 19104-4605","3901 LANCASTER AVE, PHILADELPHIA PA 19104-4605","JOI FURMAN","TIMOTHY L DAVIS","Philadelphia County","Philadelphia City","Nov 12,2025","Oct 31,2026",-75.1995611,39.9618368
"917",44123,"R9171","Restaurant (Liquor)","Safekeeping","111 S. 17TH STREET, INC.","DAVIO'S","1628-36 CHESTNUT ST, PHILADELPHIA PA 19103","1628-36 CHESTNUT ST, PHILADELPHIA PA 19103","TRUST BUILDING ASSOC","MICHAEL W DOMBKOSKI","Philadelphia County","Philadelphia City","Jun 11,2026","Oct 31,2026",-75.1686335,39.9512521
"918",95250,"R2651","Restaurant (Liquor)","Safekeeping","69-71 N 2ND ST LIQUOR LICENSE LLC","69-71 N 2ND ST LIQUOR LICENSE LLC","69-71 N 2ND ST, PHILADELPHIA PA 19106","69-71 N 2ND ST, PHILADELPHIA PA 19106","69-71 N 2ND STREET, LLC",NA,"Philadelphia County","Philadelphia City","Oct 27,2025","Oct 31,2026",-75.143097,39.9518238
"919",107947,"R4184","Restaurant (Liquor)","Safekeeping","SF CHESTNUT STREET LLC","SF CHESTNUT STREET LLC","1214 & 1216 CHESTNUT ST, PHILADELPHIA PA 19107","1214 & 1216 CHESTNUT ST, PHILADELPHIA PA 19107","1216 CHESTNUT LLC","JOSEPH  R CANTZ","Philadelphia County","Philadelphia City","Jan 23,2026","Oct 31,2026",NA,NA
"920",131456,"R7024","Restaurant (Liquor)","Safekeeping","1700 PA LLC","ADDA","1700-02 FRANKFORD AVE, PHILADELPHIA PA 19125","1700-02 FRANKFORD AVE, PHILADELPHIA PA 19125","1700 FRANKFORD OWNER LLC",NA,"Philadelphia County","Philadelphia City","May 14,2026","Oct 31,2026",-75.1333933,39.9746893
"921",133516,"R4997","Restaurant (Liquor)","Safekeeping","BIRDIE CLUB PHILLY LLC","BIRDIE CLUB PHILLY LLC","21 WOLF ST, PHILADELPHIA PA 19148","21 WOLF ST, PHILADELPHIA PA 19148","21 WOLF LLC","BRAD M RICCIARDI","Philadelphia County","Philadelphia City","Jul 31,2026","Oct 31,2026",-75.1469677,39.9191399
"922",134527,"SO62056","Special Occasion Permit","Active","MU PSI LAMBDA CHAPTER OF ALPHA PHI ALPHA","MU PSI LAMBDA CHAPTER OF ALPHA PHI ALPHA","914 AVENUE E, BIRMINGHAM PA 35214-6132","307 HARPER DR, MOORESTOWN NJ 08057-3226",NA,NA,"Philadelphia County","Philadelphia City","Jun 22,2026","Dec 31,2026",-77.1945247,41.2033216
"923",130572,"SO60634","Special Occasion Permit","Active","GLEN FOERD CONSERVATION CORPORATION","GLEN FOERD CONSERVATION CORPORATION","5001 GRANT AVE, PHILADELPHIA PA 19114-3154","5001 GRANT AVE, PHILADELPHIA PA 19114-3154",NA,NA,"Philadelphia County","Philadelphia City","Aug 10,2026","Dec 31,2026",-74.9804199,40.0522124
"924",130972,"SO60874","Special Occasion Permit","Active","MEXICAN CULTURAL EXPRESSIONS NATIONAL SOCIETY INC","MEXICAN CULTURAL EXPRESSIONS NATIONAL SOCIETY INC","65 CRYSTAL ST FL 2, NORTH ARLINGTON NJ 07031-5611","65 CRYSTAL ST FL 2, NORTH ARLINGTON NJ 07031-5611",NA,NA,"Philadelphia County","Philadelphia City","Jul 17,2026","Dec 31,2026",-74.1328724,40.7922612
"925",127334,"SO58525","Special Occasion Permit","Active","ELFRETH'S ALLEY ASSOCIATION INC","ELFRETHS ALLEY ASSOCIATION INC","126 ELFRETHS ALLEY, PHILADELPHIA PA 19106-2006","126 ELFRETHS ALLEY, PHILADELPHIA PA 19106-2006",NA,NA,"Philadelphia County","Philadelphia City","May 28,2026","Dec 31,2026",-75.1424391,39.9527178
"926",130239,"SO60399","Special Occasion Permit","Active","EAST FALLS FORWARD","EAST FALLS FORWARD","3721 MIDVALE AVE, PHILADELPHIA PA 19129-1743","3721 MIDVALE AVE, PHILADELPHIA PA 19129-1743",NA,NA,"Philadelphia County","Philadelphia City","Apr 27,2026","Dec 31,2026",-75.1935242,40.0097205
"927",127259,"SO58585","Special Occasion Permit","Active","WEST PHILADELPHIA SOCCER ACADEMY","WEST PHILADELPHIA SOCCER ACADEMY","851 N 65TH ST, PHILADELPHIA PA 19151-3304","851 N 65TH ST, PHILADELPHIA PA 19151-3304",NA,NA,"Philadelphia County","Philadelphia City","Apr 22,2026","Dec 31,2026",-75.2493659,39.9763427
"928",128158,"SO59127","Special Occasion Permit","Active","MCCALL HOME AND SCHOOL ASSOCIATION","MCCALL HOME AND SCHOOL ASSOCIATION","325 S 7TH ST, PHILADELPHIA  PA 19106-4139","325 S 7TH ST, PHILADELPHIA  PA 19106-4139",NA,NA,"Philadelphia County","Philadelphia City","May 29,2026","Dec 31,2026",-75.1528051,39.9445645
"929",122842,"SO57056","Special Occasion Permit","Active","HEAL THE HOOD PROJECT","HEAL THE HOOD PROJECT","504 CECIL B MOORE AVE UNIT A, PHILADELPHIA PA 19122","504 CECIL B MOORE AVE UNIT A, PHILADELPHIA PA 19122",NA,NA,"Philadelphia County","Philadelphia City","May 6,2026","Dec 31,2026",-75.1440145,39.9767655
"930",135551,"SO62226","Special Occasion Permit","Active","EVERY COAST HELICOPTER OPERATIONS","EVERY COAST HELICOPTER OPERATIONS","105 E MCKINLEY ST, MEBANE NC 27302-3139","PO Box 574, MEBANE NC 27302-0574",NA,NA,"Philadelphia County","Philadelphia City","Aug 25,2026","Dec 31,2026",-79.269449,36.091241
"931",133842,"R5042","Restaurant (Liquor)","Pending","CHECKMATE RESTAURANT AND LOUNGE LLC","CHECKMATE RESTAURANT AND LOUNGE LLC","5610 LANCASTER AVE STE 900B-1000, PHILADELPHIA PA 19131","5610 LANCASTER AVE STE 900B-1000, PHILADELPHIA PA 19131",NA,NA,"Philadelphia County","Philadelphia City",NA,"Oct 31,2026",-75.2345972,39.9796259
"932",135597,"R11568","Restaurant (Liquor)","Pending","TIM DREW A BAR LLC","TIM DREW A BAR LLC","1953 S 11TH ST, PHILADELPHIA PA 19148-2334","1953 S 11TH ST, PHILADELPHIA PA 19148-2334",NA,NA,"Philadelphia County","Philadelphia City",NA,"Oct 31,2026",-75.1639736,39.924988
"933",134513,"R11310","Restaurant (Liquor)","Pending","P O 61 INC","P O 61 INC","3275 S 61 ST, PHILADELPHIA PA 19153-3502","3275 S 61 ST, PHILADELPHIA PA 19153-3502",NA,NA,"Philadelphia County","Philadelphia City",NA,"Oct 31,2026",-75.2086561,39.9186553
"934",135567,"C3360","Club (Liquor)","Pending","39 CLUB","39 CLUB","7229 TULIP ST TACONY, PHILADELPHIA PA 19135-1413","7229 TULIP ST TACONY, PHILADELPHIA PA 19135-1413",NA,NA,"Philadelphia County","Philadelphia City",NA,"Oct 31,2026",-75.0338852,40.027501
"935",134318,"R8601","Restaurant (Liquor)","Pending","1313 FRANKFORD ENTERPRISES LLC","1313 FRANKFORD ENTERPRISES LLC","1313 FRANKFORD AVE, PHILADELPHIA PA 19125-3203","1313 FRANKFORD AVE, PHILADELPHIA PA 19125-3203",NA,NA,"Philadelphia County","Philadelphia City",NA,"Oct 31,2026",-75.1342652,39.9707365
"936",131129,"R11447","Restaurant (Liquor)","Pending","KHOLIN FOOD INC","KHOLIN FOOD INC","228-230 ARCH ST  1ST FLOOR, PHILADELPHIA PA 19106","228 ARCH ST 1ST FLOOR, PHILADELPHIA PA 19106",NA,NA,"Philadelphia County","Philadelphia City",NA,"Oct 31,2026",-75.144334,39.9519097
"937",133114,"E297","Eating Place Retail Dispenser (Malt)","Pending","BLACK HEN HOSPITALITY GROUP LLC","BLACK HEN HOSPITALITY LLC","120 CHESTNUT ST, PHILADELPHIA PA 19106-3009","120 CHESTNUT ST, PHILADELPHIA PA 19106-3009",NA,NA,"Philadelphia County","Philadelphia City",NA,"Oct 31,2025",-75.1433548,39.9482182
"938",126882,"AB58625","Alcohol Beverage","Active","GOOD FRIDAY BEVERAGE LLC","GOOD FRIDAY BEVERAGE LLC","3500 SCOTTS A12 LANE, PHILADELPHIA PA 19129","2437 FEDERAL ST UNIT B, PHILADELPHIA PA 19146",NA,NA,"Philadelphia County","Philadelphia City","Jan 3,2025","Dec 31,2028",-75.1832828,40.0081293
"939",29763,"AE755","Alcohol Tax-Exempt","Active","DREXEL UNIVERSITY CHEMISTRY DEPARTMENT","DREXEL UNIVERSITY CHEMISTRY DEPARTMENT","32ND & CHESTNUT ST BLDG 12-314, PHILADELPHIA PA 19104","32ND & CHESTNUT ST BLDG 12-314, PHILADELPHIA PA 19104",NA,NA,"Philadelphia County","Philadelphia City","Sep 11,2024","Dec 31,2028",NA,NA
"940",71296,"AL49","Limited Distillery","Active","ESPANOLA SPIRITS LTD LLC","ESPANOLA SPIRITS LTD LLC","2937-51 N MARSHALL ST, PHILADELPHIA PA 19133","100 S BROAD ST STE 920, PHILADELPHIA PA 19110-1016","IMPORT DPS LLC","ILYA ZAMARIN","Philadelphia County","Philadelphia City","Nov 10,2025","Dec 31,2026",-75.141637,39.9965842
"941",129926,"AN60229","Alcohol Non-Beverage","Active","ONE D NANO INC","B+LABS","ONE-D NANO  B+LABS  2929 ARCH ST  FLOOR 3, PHILADELPHIA PA 19104","ONE-D NANO  B+LABS  2929 ARCH ST  FLOOR 3, PHILADELPHIA PA 19104",NA,NA,"Philadelphia County","Philadelphia City","Feb 11,2025","Dec 31,2028",-75.181684,39.9574604
"942",69361,"AN3141","Alcohol Non-Beverage","Active","NAVAL SURFACE WARFARE CENTER (NAVSEA)","NAVAL SURFACE WARFARE CENTER (NAVSEA)","5001 S BROAD ST, PHILADELPHIA PA 19112-1403","5001 S BROAD ST, PHILADELPHIA PA 19112-1403",NA,NA,"Philadelphia County","Philadelphia City","Oct 9,2024","Dec 31,2028",-75.1755445,39.8894384
"943",96530,"AN40546","Alcohol Non-Beverage","Active","ADAPTIMMUNE LLC","ADAPTIMMUNE LLC","351 ROUSE BLVD, PHILADELPHIA PA 19148","351 ROUSE BLVD, PHILADELPHIA PA 19148",NA,NA,"Philadelphia County","Philadelphia City","Sep 18,2024","Dec 31,2028",-75.1687808,39.8935136
"944",130628,"AN60679","Alcohol Non-Beverage","Active","THE ZESTY HERBALIST","THE ZESTY HERBALIST","535 N BUDD ST, PHILADELPHIA PA 19104-1782","535 N BUDD ST, PHILADELPHIA PA 19104-1782",NA,NA,"Philadelphia County","Philadelphia City","Mar 25,2025","Dec 31,2028",-75.2045406,39.9623317
"945",134388,"AR62289","Airport Restaurant (Liquor)","Safekeeping","LAFAYETTES LLC","LAFAYETTE'S CREOLE KITCHEN & BAR","8000 ESSINGTON AVE SPACE BC-27AB TERMINAL BC CONNECTOR, PHILADELPHIA PA 19153","8000 ESSINGTON AVE SPACE BC-27AB TERMINAL BC CONNECTOR, PHILADELPHIA PA 19153","CITY OF PHILADELPHIA","ISAAC GRIER","Philadelphia County","Philadelphia City","Sep 8,2026","Oct 31,2026",-75.2375143,39.8806969
"946",71747,"AR154","Airport Restaurant (Liquor)","Active","AMERICAN AIRLINES INC","ADMIRALS CLUB","PHILADELPHIA INTERNATIONAL AIRPORT  8500 ESSINGTON AVE, PHILADELPHIA PA 19153","PHILADELPHIA INTERNATIONAL AIRPORT  8500 ESSINGTON AVE, PHILADELPHIA PA 19153","CITY OF PHILADELPHIA","AARON J COLLINS","Philadelphia County","Philadelphia City","Mar 12,2026","Oct 31,2026",-75.2436987,39.8729797
"947",1034,"C1667","Club (Liquor)","Safekeeping","REPUBLICAN LEAGUE OF WEST PHILADELPHIA","REPUBLICAN LEAGUE OF WEST PHILADELPHIA","1213 N 52ND ST, PHILADELPHIA PA 19131-4411","1213 N 52ND ST, PHILADELPHIA PA 19131-4411","JOHNNIE PIGFORD","JOHNNIE PIGFORD","Philadelphia County","Philadelphia City","Sep 9,2026","Oct 31,2026",-75.2256824,39.9718559
"948",1351,"C2679","Club (Liquor)","Active","ITALIAN AMERICAN SOCIAL CLUB OF WEST PHILADELPHIA","ITALIAN AMERICAN SOCIAL CLUB OF WEST PHILADELPHIA","6608 HAVERFORD AVE, PHILADELPHIA PA 19151-3619","6608 HAVERFORD AVE, PHILADELPHIA PA 19151-3619","ITALIAN AMERICAN SOCIAL CLUB OF WEST PHILADELPHIA","FRANK L AMEN JR","Philadelphia County","Philadelphia City","Oct 22,2025","Oct 31,2026",-75.2520822,39.9719955
"949",675,"C686","Club (Liquor)","Active","DOYLE-GERSZEWSKI POST NO 8051 VETERANS OF FOREIGN WARS","DOYLE-GERSZEWSKI POST NO 8051 VETERANS OF FOREIGN WARS","828 S FRONT ST, PHILADELPHIA PA 19147-4343","828 S FRONT ST, PHILADELPHIA PA 19147-4343","DOYLE-GERSZEWSKI POST NO 8051 VETERANS OF FOREIGN WARS","STANLEY J KAZELSKIS","Philadelphia County","Philadelphia City","Oct 14,2025","Oct 31,2026",-75.1452585,39.9364949
"950",66847,"C6455","Club (Liquor)","Active","AMERICAN LEGION POST 0200 BRIGNOLA-CERONE-WARRINER","AMERICAN LEGION POST 0200 BRIGNOLA-CERONE-WARRINER","1838 S BANCROFT ST, PHILADELPHIA PA 19145-2207","1838 S BANCROFT ST, PHILADELPHIA PA 19145-2207","LOUIS CERONE","LOUIS CERONE","Philadelphia County","Philadelphia City","Jul 21,2025","Oct 31,2026",-75.1730151,39.9277146
"951",1053,"C1716","Club (Liquor)","Active","BACHELORS BARGE CLUB","BACHELORS BARGE CLUB","4516 RIDGE AVE, PHILADELPHIA PA 19129-1735","4516 RIDGE AVE, PHILADELPHIA PA 19129-1735","BACHELORS BARGE CLUB","DIANE SOTOLOTTO","Philadelphia County","Philadelphia City","Jul 22,2025","Oct 31,2026",-75.2007045,40.01086
"952",1216,"C2250","Club (Liquor)","Active","AMERICAN LEGION GEORGE T CORNISH POST 292","AMERICAN LEGION GEORGE T CORNISH POST 292","4812 FAIRMOUNT AVE, PHILADELPHIA PA 19139-2823","4812 FAIRMOUNT AVE, PHILADELPHIA PA 19139-2823","AMERICAN LEGION GEORGE T CORNISH POST 292","HUGH BOBO","Philadelphia County","Philadelphia City","Aug 26,2025","Oct 31,2026",-75.2177757,39.9636848
"953",2880,"CC226","Catering Club (Liquor)","Active","ASSOCIATED POLISH HOME OF PHILA","ASSOCIATED POLISH HOME OF PHILA","9150 ACADEMY RD, PHILADELPHIA PA 19114-2841","9150 ACADEMY RD, PHILADELPHIA PA 19114-2841","ASSOCIATED POLISH HOME OF PHILA","ANDREW M WISNIEWSKI","Philadelphia County","Philadelphia City","Jul 22,2025","Oct 31,2026",-75.0081266,40.0557882
"954",68110,"CRR37","Continuing Care Retirement Community (Liquor)","Active","CATHEDRAL VILLAGE","CATHEDRAL VILLAGE","600 E CATHEDRAL RD, PHILADELPHIA PA 19128-1933","600 E CATHEDRAL RD, PHILADELPHIA PA 19128-1933","CATHEDRAL VILLAGE","DOUG RUNYEN","Philadelphia County","Philadelphia City","Jun 23,2026","Oct 31,2026",-75.2417357,40.0645595
"955",101495,"D2368","Distributor (Malt)","Active","WP BEER LLC","WP BEER LLC","3000 GRAYS FERRY AVE UNIT A SUITE 1, PHILADELPHIA PA 19146","3000 GRAYS FERRY AVE UNIT A SUITE 1, PHILADELPHIA PA 19146","3000 GRAYS FERRY PARTNERS LP","GABIRELLE E BLACK","Philadelphia County","Philadelphia City","Jul 22,2025","Oct 31,2026",-75.1945256,39.9383756
"956",132877,"D1873","Distributor (Malt)","Active","BIG SAM 9988 INC","BIG SAM 9988 INC","210-14 W YORK ST 2346-54 N 2ND ST, PHILADELPHIA PA 19133-3433","210-14 W YORK ST 2346-54 N 2ND ST, PHILADELPHIA PA 19133-3433","KENNY SEAK","SAMNANG CHEY","Philadelphia County","Philadelphia City","Feb 2,2026","Oct 31,2026",-75.1363078,39.9867304
"957",68551,"D87","Distributor (Malt)","Active","JUNIATA BEER LLC","JUNIATA BEER DISTRIBUTOR","1062 E LYCOMING ST, PHILADELPHIA PA 19124-5237","1062 E LYCOMING ST, PHILADELPHIA PA 19124-5237",NA,"YATIN DHINGANI","Philadelphia County","Philadelphia City","Aug 28,2025","Oct 31,2026",-75.1066542,40.0094702
"958",63216,"D3352","Distributor (Malt)","Active","D & D PENNYPACK BEER INC","PENNYPACK BEER","8120 ROOSEVELT BLVD, PHILADELPHIA PA 19152-2911","8120 ROOSEVELT BLVD, PHILADELPHIA PA 19152-2911","ALMA HAJDARI","ALMA HAJDARI","Philadelphia County","Philadelphia City","Aug 21,2025","Oct 31,2026",-75.045529,40.0588126
"959",59070,"D3808","Distributor (Malt)","Active","4901 JAVIES INC","4901 JAVIES INC","4901 UMBRIA ST, PHILADELPHIA PA 19128-4543","4901 UMBRIA ST, PHILADELPHIA PA 19128-4543",NA,"HANNAH KIM","Philadelphia County","Philadelphia City","Jul 23,2025","Oct 31,2026",-75.2334919,40.0344922
"960",59888,"E4050","Eating Place Retail Dispenser (Malt)","Active","BAE ENTERPRISES INC","BAE ENTERPRISES INC","100 S 21ST ST, PHILADELPHIA PA 19103-4402","100 S 21ST ST, PHILADELPHIA PA 19103-4402",NA,"CHRISTOPHER I YU","Philadelphia County","Philadelphia City","Aug 5,2025","Oct 31,2026",-75.1756387,39.9520434
"961",25574,"E208","Eating Place Retail Dispenser (Malt)","Active","CHOE FRONT DELI INC","LEE'S DELI & FOOD MARKET","3404-06 N FRONT ST, PHILADELPHIA PA 19140","3404-06 N FRONT ST, PHILADELPHIA PA 19140",NA,"JOSE A GARCIA","Philadelphia County","Philadelphia City","Oct 28,2025","Oct 31,2026",-75.1287621,40.0018428
"962",72763,"E1631","Eating Place Retail Dispenser (Malt)","Active","LUCKY 4705 INC","LUCKY 4705 INC","4705 FRANKFORD AVE, PHILADELPHIA PA 19124-5812","7053 TERMINAL SQ, UPPER DARBY PA 19082-2217",NA,"JAYSON K TANG","Philadelphia County","Philadelphia City","Sep 15,2025","Oct 31,2026",-75.0833465,40.0168634
"963",114424,"E920","Eating Place Retail Dispenser (Malt)","Active","FOODERY PHILA INC","FOODERY PHILA INC","6148 RIDGE AVE, PHILADELPHIA PA 19128-2626","6148 RIDGE AVE, PHILADELPHIA PA 19128-2626","PA MASS PROPERTIES 6148 LLC","HONG Y LIN","Philadelphia County","Philadelphia City","Jul 9,2025","Oct 31,2026",-75.2165424,40.0344637
"964",131098,"E4386","Eating Place Retail Dispenser (Malt)","Active","BIG A AUGUSTA LLC","BIG A AUGUSTA LLC","3020 S BROAD ST, PHILADELPHIA PA 19145","117 LINCOLN PL, WALDWICK NJ 07463","Greyhound Broad Petroleum","ERIC B ROYER","Philadelphia County","Philadelphia City","Feb 10,2026","Oct 31,2026",-75.1729013,39.9126352
"965",58627,"E79","Eating Place Retail Dispenser (Malt)","Active","J AND M 1200 LLC","PAC A DELI","1200-02 WALNUT ST, PHILADELPHIA PA 19107-5449","1200-02 WALNUT ST, PHILADELPHIA PA 19107-5449",NA,"YONG SU CHANG","Philadelphia County","Philadelphia City","Aug 11,2025","Oct 31,2026",-75.1607577,39.9486911
"966",5481,"E1634","Eating Place Retail Dispenser (Malt)","Active","FOODERY, LTD.","FOODERY, LTD.","324 S 10TH ST, PHILADELPHIA PA 19107-6149","324 S 10TH ST, PHILADELPHIA PA 19107-6149",NA,"MONICA K LEE","Philadelphia County","Philadelphia City","Jul 16,2025","Oct 31,2026",-75.1584264,39.94487
"967",126135,"E4384","Eating Place Retail Dispenser (Malt)","Active","HANGRY JOE'S LLC","HANGRY JOE'S HOT CHICKEN","1422 CECIL B. MOORE  AVE, PHILADELPHIA PA 19121","1422 CECIL B. MOORE  AVE, PHILADELPHIA PA 19121",NA,"XIU CHEN","Philadelphia County","Philadelphia City","Oct 28,2025","Oct 31,2026",-75.1590724,39.9786511
"968",70341,"E104","Eating Place Retail Dispenser (Malt)","Active","3509 GERMANTOWN INC","3509 GERMANTOWN INC","6500 PASCHALL AVE, PHILADELPHIA PA 19142-2209","6500 PASCHALL AVE, PHILADELPHIA PA 19142-2209",NA,"CHAO Q SHI","Philadelphia County","Philadelphia City","Oct 17,2025","Oct 31,2026",-75.2330948,39.9243548
"969",131066,"G61296","Brewery","Active","SECRET JOY LLC","SGRAFFITO","3245 AMBER ST STE 5-3-A2, PHILADELPHIA PA 19134","SGRAFFITO  1208 S 16TH ST  APT A, PHILADELPHIA PA 19146","PP LOOM LLC and 1183 FLATBUSH AVENUE LOOM LLC","SCOTT C GRAHAM","Philadelphia County","Philadelphia City","Oct 17,2025","Dec 31,2026",-75.1076052,39.9932469
"970",98360,"GP43440","Brewery Pub","Active","DOCK STREET BREWERY SOUTH LLC","DOCK STREET BREWERY SOUTH","2118 WASHINGTON AVE, PHILADELPHIA PA 19146","701 S 50TH ST, PHILADELPHIA PA 19143-1658","THOMAS DONATUCCI","RENATA E VESEY","Philadelphia County","Philadelphia City","Sep 10,2026","Dec 31,2026",-75.1793326,39.9392081
"971",66310,"H6316","Hotel (Liquor)","Active","LAFAYETTE HOTEL LLC AND KIMPTON HOTEL & RESTAURANT GROUP LLC","HOTEL MONACO PHILADELPHIA","433-441 CHESTNUT ST, PHILADELPHIA PA 19106","433-441 CHESTNUT ST, PHILADELPHIA PA 19106","LAFAYETTE HOTEL LLC AND KIMPTON HOTEL & RESTAURANT GROUP LLC","JAMES ADAMSON","Philadelphia County","Philadelphia City","Aug 5,2025","Oct 31,2026",-75.1488885,39.949148
"972",85179,"H35627","Hotel (Liquor)","Active","BL 219 PARTNERS LP","BL 219 PARTNERS LP","219-225 S BROAD ST, PHILADELPHIA PA 19107","1425 WALNUT ST STE 300, PHILADELPHIA PA 19102-3125","BL 219 PARTNERS LP","MAURICE ALFARO","Philadelphia County","Philadelphia City","Sep 11,2025","Oct 31,2026",-75.164111,39.94856
"973",55820,"I757","Importer","Active","PALATEUR LLC","ASTRAL WINE AND SPIRITS OF PA","1925-27 CHADWICK ST, PHILADELPHIA PA 19145-5121","1925-27 CHADWICK ST, PHILADELPHIA PA 19145-5121",NA,"MARK MONACO","Philadelphia County","Philadelphia City","Jun 2,2026","Jun 30,2027",-75.1734292,39.9267122
"974",112860,"IA51097","Transporter for Hire Class A","Active","CHARLES JACQUIN ET CIE, INC.","CHARLES JACQUIN ET CIE INC","2633 TRENTON AVE, PHILADELPHIA PA 19125-1837","2633 TRENTON AVE, PHILADELPHIA PA 19125-1837",NA,NA,"Philadelphia County","Philadelphia City","Sep 5,2025","Dec 31,2026",-75.1211733,39.9840204
"975",70425,"IA4348","Transporter for Hire Class A","Active","GRANO FOODS DISTRIBUTORS LLC","GRANO FOODS DISTRIBUTORS","1132 JOHNSTON ST, PHILADELPHIA PA 19148-4954","1132 JOHNSTON ST, PHILADELPHIA PA 19148-4954",NA,NA,"Philadelphia County","Philadelphia City","Sep 16,2025","Dec 31,2026",-75.1677253,39.9148578
"976",83584,"IB32253","Transporter for Hire Class B","Active","PAT'S PIZZERIA & SPAGHETTERIA, INC.","PAT'S PIZZERIA & SPAGHETTERIA, INC.","12315-17 ACADEMY RD, PHILADELPHIA PA 19154-1927","12315-17 ACADEMY RD, PHILADELPHIA PA 19154-1927",NA,"MARIA CALLAGHAN","Philadelphia County","Philadelphia City","Sep 15,2025","Dec 31,2026",-74.9762778,40.0961527
"977",113337,"IZ51712","Importer's Warehouse","Active","SADA STORE LLC","SADA STORE LLC","3101 RED LION RD SPACE #121, PHILADELPHIA PA 19114","3101 RED LION RD SPACE #121, PHILADELPHIA PA 19114","TPA-EASTLAND LP",NA,"Philadelphia County","Philadelphia City","Apr 27,2026","Jun 30,2027",-74.9975278,40.0811115
"978",96986,"LK43395","Limited Winery","Active","CITY WINERY PHILADELPHIA LLC","CITY WINERY","907-37 MARKET ST  SPACE C085, PHILADELPHIA PA 19107","155 VARICK  ST, NEW YORK NY 10013","PR 907 MARKET LP","SEAN K RINKO","Philadelphia County","Philadelphia City","Jan 23,2026","Dec 31,2026",-75.1560485,39.9519679
"979",69721,"LK426","Limited Winery","Active","MITCHELL & MITCHELL WINES LLC","MITCHELL & MITCHELL WINES LLC","7561 MALVERN AVE, PHILADELPHIA PA 19151","7561 MALVERN AVE, PHILADELPHIA PA 19151","FRANK & KENYA MITCHELL","FRANK MITCHELL","Philadelphia County","Philadelphia City","Nov 12,2025","Dec 31,2026",-75.2657777,39.9735145
"980",110161,"P51814","Public Service (Liquor)","Active","COMMUTEAIR, LLC","COMMUTEAIR, LLC","PHILADELPHIA INTERNATIONAL AIRPORT 8000 ESSINGTON AVE, PHILADELPHIA PA 19153","24590 COUNTRY CLUB BLVD STE 200, NORTH OLMSTED OH 44070",NA,NA,"Philadelphia County","Philadelphia City","Dec 22,2025","Dec 31,2026",-75.2436987,39.8729797
"981",87635,"PV37094","Public Venue Restaurant","Active","ARAMARK EDUCATIONAL SERVICES LLC","HAGAN ARENA","ST. JOSEPH'S UNIVERSITY 2450 N 54TH ST, PHILADELPHIA PA 19131","ST. JOSEPH'S UNIVERSITY 2450 N 54TH ST, PHILADELPHIA PA 19131",NA,"KELLI M JOHNSON","Philadelphia County","Philadelphia City","Aug 13,2026","Oct 31,2026",-75.2343558,39.9951578
"982",97613,"R794","Restaurant (Liquor)","Active","LENGLY PASSYUNK LLC","LENGLY PASSYUNK LLC","1940 W PASSYUNK AVE, PHILADELPHIA PA 19145-3631","1940 W PASSYUNK AVE, PHILADELPHIA PA 19145-3631","JST PROPERTY MANAGEMENT LLC","JOHN TRIPODI","Philadelphia County","Philadelphia City","Oct 29,2025","Oct 31,2026",-75.1794805,39.9235422
"983",59460,"R80","Restaurant (Liquor)","Active","SIDEKICKS SPORTS BAR INC","SIDEKICKS SPORTS BAR INC","2207 N 2ND ST, PHILADELPHIA PA 19133-3302","2207 N 2ND ST, PHILADELPHIA PA 19133-3302","BENITO ORTIZ","BENITO ORTIZ","Philadelphia County","Philadelphia City","Sep 22,2025","Oct 31,2026",-75.1363611,39.9839663
"984",129419,"R11272","Restaurant (Liquor)","Active","RACEWAY PHILADELPHIA LLC","F1 ARCADE","1330 CHESTNUT ST, PHILADELPHIA PA 19107","1330 CHESTNUT ST, PHILADELPHIA PA 19107","TREECO/MANOR LIMITED PARTNERSHIP","SCOTT EVANGELISTA","Philadelphia County","Philadelphia City","Jul 22,2025","Oct 31,2026",-75.1631302,39.9506036
"985",66115,"R709","Restaurant (Liquor)","Active","WEDNESDAY ENTERPRISES LLC","WEDNESDAY ENTERPRISES LLC","927-929 WALNUT ST, PHILADELPHIA PA 19107-5211","927-929 WALNUT ST, PHILADELPHIA PA 19107-5211",NA,"DANIEL MORRIS","Philadelphia County","Philadelphia City","Nov 26,2025","Oct 31,2026",-75.1571674,39.9486238
"986",54030,"R365","Restaurant (Liquor)","Active","DAVE & BUSTERS OF PENNSYLVANIA INC","DAVE & BUSTER'S GRAND SPORTS CAFE","1995 FRANKLIN MILLS CIR ANCHOR B, PHILADELPHIA PA 19154-3136","1995 FRANKLIN MILLS CIR ANCHOR B, PHILADELPHIA PA 19154-3136",NA,"MAURICE J VISSER","Philadelphia County","Philadelphia City","Jan 7,2026","Oct 31,2026",-74.9608792,40.0917644
"987",64689,"R408","Restaurant (Liquor)","Active","2401 E NORRIS STREET INC","2401 E NORRIS STREET INC","2401 E NORRIS ST, PHILADELPHIA PA 19125-2922","2401 E NORRIS ST, PHILADELPHIA PA 19125-2922",NA,"JESUS RUIZ","Philadelphia County","Philadelphia City","Nov 26,2025","Oct 31,2026",-75.1271174,39.9768774
"988",13163,"R8271","Restaurant (Liquor)","Active","PETER'S STEAK HOUSE, INC.","PETER'S STEAK","8016 OGONTZ AVE, PHILADELPHIA PA 19150-1412","8016 OGONTZ AVE, PHILADELPHIA PA 19150-1412","8016 Ogontz Realty, LLC","JAGNOOR SINGH","Philadelphia County","Philadelphia City","Dec 17,2025","Oct 31,2026",-75.1586136,40.0737495
"989",96306,"R15595","Restaurant (Liquor)","Active","CICALA RESTAURANT GROUP LLC","CICALA AT THE DIVINE LORRAINE","699 N BROAD ST SUITE 1, PHILADELPHIA PA 19123","699 N BROAD ST SUITE 1, PHILADELPHIA PA 19123","DIVINE INTERVENTION HOTEL LP","THOMAS J CICALA","Philadelphia County","Philadelphia City","Nov 19,2025","Oct 31,2026",-75.160017,39.966684
"990",61788,"R6004","Restaurant (Liquor)","Active","ZAMA LIMITED","ZAMA LIMITED","128 S 19TH ST, PHILADELPHIA PA 19103-4630","128 S 19TH ST, PHILADELPHIA PA 19103-4630",NA,"CRAIG C WEILER","Philadelphia County","Philadelphia City","Sep 3,2025","Oct 31,2026",-75.1723927,39.9508965
"991",43784,"R6425","Restaurant (Liquor)","Active","SWAN WATERFALL CATERERS, INC.","WATERFALL ROOM","2015 S WATER ST, PHILADELPHIA PA 19148-2707","2015 S WATER ST, PHILADELPHIA PA 19148-2707",NA,"CARMINE D'AQUILANTE","Philadelphia County","Philadelphia City","Oct 29,2025","Oct 31,2026",-75.1467941,39.9221116
"992",24023,"R11156","Restaurant (Liquor)","Active","D'ANGELO RESTAURANT CORP.","D'ANGELO RESTAURANT CORP.","256-258 S 20TH ST, PHILADELPHIA PA 19103-5601","256-258 S 20TH ST, PHILADELPHIA PA 19103-5601",NA,"MICHELLE DIMATTEO","Philadelphia County","Philadelphia City","Jul 18,2025","Oct 31,2026",-75.1744193,39.9487361
"993",116259,"R4246","Restaurant (Liquor)","Active","PHILLY GROUNDS INC","SIPZ ON 5TH","5559 N 5TH ST, PHILADELPHIA PA 19120-2805","5559 N 5TH ST, PHILADELPHIA PA 19120-2805","SIPZ ON 5TH LLC","CARSHENIAH KING","Philadelphia County","Philadelphia City","Aug 21,2025","Oct 31,2026",-75.1303308,40.0363067
"994",26491,"R15386","Restaurant (Liquor)","Active","JOHN'S SEAFOOD, INC.","JOHN'S SEAFOOD, INC.","2624 RIDGE AVE, PHILADELPHIA PA 19121-2610","2624 RIDGE AVE, PHILADELPHIA PA 19121-2610",NA,"SUNG K PARK","Philadelphia County","Philadelphia City","Aug 27,2025","Oct 31,2026",-75.1774179,39.9840335
"995",72755,"R4305","Restaurant (Liquor)","Active","2637BREW INC","2637BREW INC","2637 GIRARD AVE, PHILADELPHIA PA 19130-1333","2637 GIRARD AVE, PHILADELPHIA PA 19130-1333",NA,"ANTONIO CRUZ","Philadelphia County","Philadelphia City","Sep 17,2025","Oct 31,2026",-75.1801166,39.9743429
"996",105633,"R1130","Restaurant (Liquor)","Active","CNS EVENT PARTNERS LLC","CNS EVENT PARTNERS LLC","1601 N FRONT ST, PHILADELPHIA PA 19122","1601 N FRONT ST, PHILADELPHIA PA 19122","16 FRONT PARTNERS LP","CASTIANEIRA JACKSON","Philadelphia County","Philadelphia City","Mar 27,2026","Oct 31,2026",-75.1341907,39.9746559
"997",57659,"R8107","Restaurant (Liquor)","Active","LOR INC","LOR INC","5222-24 N 5TH ST, PHILADELPHIA PA 19120-3302","5222-24 N 5TH ST, PHILADELPHIA PA 19120-3302","CHARLIE C CHOE & SOOKIE CHOE","THONG LA","Philadelphia County","Philadelphia City","Jan 7,2026","Oct 31,2026",-75.132085,40.030907
"998",63442,"R577","Restaurant (Liquor)","Active","TENDENZA LLC","TENDENZA LLC","969 N 2ND ST, PHILADELPHIA PA 19123-2312","969 N 2ND ST, PHILADELPHIA PA 19123-2312",NA,"MICHAEL B PARKS","Philadelphia County","Philadelphia City","Sep 3,2025","Oct 31,2026",-75.1398988,39.9658869
"999",25363,"R12898","Restaurant (Liquor)","Active","MANHATTAN RESTAURANT, INC.","MANHATTAN RESTAURANT, INC.","13-15 W GIRARD AVE, PHILADELPHIA PA 19123-1019","13-15 W GIRARD AVE, PHILADELPHIA PA 19123-1019",NA,"STAVROS VRONTIS","Philadelphia County","Philadelphia City","Aug 6,2025","Oct 31,2026",-75.1349835,39.9689362
"1000",69600,"R13755","Restaurant (Liquor)","Active","S P V INC","S P V INC","5801 CATHARINE ST, PHILADELPHIA PA 19143-2417","5801 CATHARINE ST, PHILADELPHIA PA 19143-2417",NA,"SOKMEAN HENG","Philadelphia County","Philadelphia City","Sep 11,2025","Oct 31,2026",-75.2391952,39.9506445
"1001",40123,"R6875","Restaurant (Liquor)","Active","FISHMOUTH, INC.","FISHMOUTH, INC.","54-56 S SECOND ST, PHILADELPHIA PA 19106-2810","54-56 S SECOND ST, PHILADELPHIA PA 19106-2810",NA,"STEPHEN L SIMONS","Philadelphia County","Philadelphia City","Jul 8,2025","Oct 31,2026",-75.14422,39.948685
"1002",105174,"R8483","Restaurant (Liquor)","Active","CASTOR AVENUE HOLDINGS LLC","CASTOR AVENUE HOLDINGS LLC","8002-04 CASTOR AVE, PHILADELPHIA PA 19152-2702","8002-04 CASTOR AVE, PHILADELPHIA PA 19152-2702","LIBERTY INVESTMENT GROUP INC.","KATHERINE M SALSBURY","Philadelphia County","Philadelphia City","Jul 9,2025","Oct 31,2026",-75.05625,40.062134
"1003",13546,"R9017","Restaurant (Liquor)","Active","ULANA LTD.","ULANA LTD.","205 BAINBRIDGE ST, PHILADELPHIA PA 19027","205 BAINBRIDGE ST, PHILADELPHIA PA 19027",NA,"ULANA MAZURKEVICH","Philadelphia County","Philadelphia City","Jul 11,2025","Oct 31,2026",-75.1462156,39.9404979
"1004",43205,"R11157","Restaurant (Liquor)","Active","FASONE, INC.","CHRIS'S BAR AND GRILL","2656 E ANN ST, PHILADELPHIA PA 19134-4930","2656 E ANN ST, PHILADELPHIA PA 19134-4930",NA,"CHRISTOPHER FASONE","Philadelphia County","Philadelphia City","Jul 25,2025","Oct 31,2026",-75.108642,39.9811611
"1005",15323,"R12087","Restaurant (Liquor)","Active","CAPPIE'S INC","CAPPIE'S INC","1503 S 13TH ST, PHILADELPHIA PA 19147-6204","1503 S 13TH ST, PHILADELPHIA PA 19147-6204",NA,"CHARLES LEONE","Philadelphia County","Philadelphia City","Jul 7,2025","Oct 31,2026",-75.1657472,39.9312656
"1006",15340,"R12129","Restaurant (Liquor)","Active","EAST PHILLY CAFE, INC","BRIDGET FOY'S","200 SOUTH ST, PHILADELPHIA PA 19147-2306","200 SOUTH ST, PHILADELPHIA PA 19147-2306",NA,"BRIDGET FOY","Philadelphia County","Philadelphia City","Feb 25,2026","Oct 31,2026",-75.1459243,39.941128
"1007",94444,"R1663","Restaurant (Liquor)","Active","ELWOLF LLC","ELWOLF LLC","1301 HOWARD ST, PHILADELPHIA PA 19122","1301 HOWARD ST, PHILADELPHIA PA 19122","1301 HOWARD ST ACQUISITION LLC","ABIGAIL R BROMLEY","Philadelphia County","Philadelphia City","Jul 29,2025","Oct 31,2026",-75.1365326,39.9706207
"1008",97502,"R7930","Restaurant (Liquor)","Active","124-34 S 15TH ST MANAGEMENT LLC","MIDNIGHT & THE WICKED","124-34 S 15TH ST BASEMENT, PHILADELPHIA PA 19103-3002","124-34 S 15TH ST BASEMENT, PHILADELPHIA PA 19103-3002","GOODSAM 1500 LP & SANPSON AND SONS LLC","ARTEM USTAYEV","Philadelphia County","Philadelphia City","Jun 12,2026","Oct 31,2026",-75.166091,39.95017
"1009",128423,"R3071","Restaurant (Liquor)","Active","JUNTO FOODS, INC.","JUNTO FOODS","8001 GERMANTOWN AVE, PHILADELPHIA PA 19118","8001 GERMANTOWN AVE, PHILADELPHIA PA 19118","BOWMAN PROPERTIES LTD","FREDERICK C MOGUL","Philadelphia County","Philadelphia City","Jul 6,2026","Oct 31,2026",-75.2006456,40.0710672
"1010",69474,"R16578","Restaurant (Liquor)","Active","5424 LEE INC","5424 LEE INC","5424-26 WOODLAND AVE, PHILADELPHIA PA 19143-5437","5424-26 WOODLAND AVE, PHILADELPHIA PA 19143-5437",NA,"PETER K LEE","Philadelphia County","Philadelphia City","Aug 27,2026","Oct 31,2026",-75.219542,39.935668
"1011",82296,"R7045","Restaurant (Liquor)","Active","CHEN SIX PACK INC","CHEN SIX PACK INC","7015 ROOSEVELT BLVD UNIT B, PHILADELPHIA PA 19149-1430","7015 ROOSEVELT BLVD UNIT B, PHILADELPHIA PA 19149-1430","7015 ROOSEVELT LLC","XIU MEI CHEN","Philadelphia County","Philadelphia City","Aug 20,2025","Oct 31,2026",-75.057282,40.040898
"1012",81135,"R15516","Restaurant (Liquor)","Active","5139 KAO INC","5139 KAO INC","5139 GERMANTOWN AVE, PHILADELPHIA PA 19144-2326","5139 GERMANTOWN AVE, PHILADELPHIA PA 19144-2326","JADE KAO-HANG","THAI SENG VA","Philadelphia County","Philadelphia City","Dec 1,2025","Oct 31,2026",-75.1659277,40.0306607
"1013",47624,"R5458","Restaurant (Liquor)","Active","JIN MIN, INC.","JIN MIN, INC.","7335-37 ELMWOOD AVE, PHILADELPHIA PA 19142-1515","7335-37 ELMWOOD AVE, PHILADELPHIA PA 19142-1515",NA,"HYUN LEE","Philadelphia County","Philadelphia City","Jul 22,2025","Oct 31,2026",-75.2428514,39.9136754
"1014",108978,"R953","Restaurant (Liquor)","Active","MISH MISH PHILLY INC","MISH MISH PHILLY","1046 TASKER ST, PHILADELPHIA PA 19148","1046 TASKER ST, PHILADELPHIA PA 19148","PASSYUNK AVENUE REVITALIZATION CORPORATION","ALEXANDER M TEWFIK","Philadelphia County","Philadelphia City","Jan 13,2026","Oct 31,2026",-75.1630028,39.9296521
"1015",105005,"R3708","Restaurant (Liquor)","Active","QUE CHULA ES PUEBLA RESTAURANT INC","QUE CHULA ES PUEBLA RESTAURANT INC","1356 N 2ND ST, PHILADELPHIA PA 19122","1356 N 2ND ST, PHILADELPHIA PA 19122","MARIBEL BERRIOS","DELFINA PACIO","Philadelphia County","Philadelphia City","Aug 29,2025","Oct 31,2026",-75.1392064,39.9723786
"1016",102787,"R6508","Restaurant (Liquor)","Active","SAMURAI JAPANESE RESTAURANT LLC","SAMURAI JAPANESE RESTAURANT LLC","1420 LOCUST ST, ACADEMY HOUSE STES R1-B & R1-3, PHILADELPHIA PA 19102-4201","13009 BLAKESLEE CRT, PHILADELPHIA PA 19116","3S GROUP LLC","SHIRLEY P KONG","Philadelphia County","Philadelphia City","Nov 3,2025","Oct 31,2026",NA,NA
"1017",133410,"R13759","Restaurant (Liquor)","Active","COLD CARRY INC","COLD CARRY INC","5606 N BROAD ST, PHILADELPHIA PA 19141-2306","5606 N BROAD ST, PHILADELPHIA PA 19141-2306",NA,"JAE Y KU","Philadelphia County","Philadelphia City","Mar 5,2026","Oct 31,2026",-75.1450249,40.0394994
"1018",116309,"R6846","Restaurant (Liquor)","Active","LAUREL RESTAURANT GROUP LLC","DEAR DAPHNE","1930 SANSOM ST, PHILADELPHIA PA 19103","1525 SANSOM ST 2ND FL, PHILADELPHIA PA 19102-2803","1911 WALNUT STREET LLC","LUKE A KINGSLEY","Philadelphia County","Philadelphia City","Oct 1,2025","Oct 31,2026",-75.1733807,39.9511133
"1019",107743,"R36207","Restaurant (Liquor)","Active","KURA SUSHI USA INC","KURA SUSHI USA INC","1721 CHESTNUT ST, PHILADELPHIA PA 19103-4115","17461 DERIAN AVE STE 200, IRVINE CA 92614","1721 CHESTNUT REALTY ASSOCIATES LP","TAYLER L HOPKINS","Philadelphia County","Philadelphia City","Sep 5,2025","Oct 31,2026",-75.1696093,39.9518012
"1020",70673,"R4865","Restaurant (Liquor)","Active","COMLY ROAD HOLDINGS LLC","COMLY ROAD HOLDINGS LLC","2711 COMLY RD, PHILADELPHIA PA 19154-2101","2711 COMLY RD, PHILADELPHIA PA 19154-2101",NA,"ROMAN JAREMA","Philadelphia County","Philadelphia City","Nov 3,2025","Oct 31,2026",-75.0005746,40.1043516
"1021",111945,"R8166","Restaurant (Liquor)","Active","POISON HEART, LLC","POISON HEART","931 SPRING GARDEN ST, PHILADELPHIA PA 19123-2611","931 SPRING GARDEN ST, PHILADELPHIA PA 19123-2611","931SG LLC","ANDREA H JENKINS","Philadelphia County","Philadelphia City","Mar 25,2026","Oct 31,2026",-75.1540761,39.9619029
"1022",114742,"R8612","Restaurant (Liquor)","Active","A & J OWNERSHIP LLC","LA WAVE RESTAURANT AND LOUNGE","4314-4318 MEGARGEE ST, PHILADELPHIA PA 19136","4314-4318 MEGARGEE ST, PHILADELPHIA PA 19136","ANDY GALARZA","ANDY GALARZA","Philadelphia County","Philadelphia City","Apr 22,2026","Oct 31,2026",-75.0120797,40.0483355
"1023",94625,"R931","Restaurant (Liquor)","Active","SH BEVERAGE INC","SH BEVERAGE INC","5346-5348 WOODLAND AVE, PHILADELPHIA PA 19143-5451","5346-5348 WOODLAND AVE, PHILADELPHIA PA 19143-5451","KYOUNG PARK","SUNG H PARK","Philadelphia County","Philadelphia City","Aug 14,2025","Oct 31,2026",-75.2184367,39.9364878
"1024",73152,"R7650","Restaurant (Liquor)","Active","CULLOO ENTERTAINMENT LLC","CULLOO ENTERTAINMENT LLC","1209 VINE ST, PHILADELPHIA PA 19107-1111","325 CHESTNUT ST STE 713, PHILADELPHIA PA 19106-2607",NA,"JAMES DeBERARDINE","Philadelphia County","Philadelphia City","May 8,2026","Oct 31,2026",-75.1589798,39.9578298
"1025",127333,"R11616","Restaurant (Liquor)","Active","KISSHO HOUSE INC","KISSHO HOUSE","1522 LOCUST ST, PHILADELPHIA PA 19102","1522 LOCUST ST, PHILADELPHIA PA 19102","ANDAS REAL ESTATE LLC and RAINIE FORTUNE REALTY LLC","ZHENG MAO CHEN","Philadelphia County","Philadelphia City","Aug 21,2025","Oct 31,2026",-75.1672796,39.9483225
"1026",110752,"R11291","Restaurant (Liquor)","Active","LICENSE HOLDINGS 17A LLC","CAFE CLICK","COMCAST CENTER 1701 JOHN F KENNEDY BLVD, PHILADELPHIA PA 19103-2838","1701 JFK BLVD STE 300, PHILADELPHIA PA 19103-2854","LIBERTY/COMCAST 1701 JFK BOULEVARD LP","KATELYN H BONANNI","Philadelphia County","Philadelphia City","Jun 1,2026","Oct 31,2026",-75.1684962,39.954703
"1027",70199,"R15501","Restaurant (Liquor)","Active","RED LOBSTER RESTAURANTS LLC","RED LOBSTER #241","9140 ROOSEVELT BLVD, PHILADELPHIA PA 19115-4714","9140 ROOSEVELT BLVD, PHILADELPHIA PA 19115-4714",NA,"DANIELLE JONES","Philadelphia County","Philadelphia City","Aug 21,2025","Oct 31,2026",-75.034385,40.0760398
"1028",130689,"R4374","Restaurant (Liquor)","Active","BALLERS PHILADELPHIA LLC","BALLERS","1325 N BEACH ST, PHILADELPHIA PA 19125","1325 N BEACH ST, PHILADELPHIA PA 19125","L-A BATTERY QOZ LLC","DANIEL BRIONES","Philadelphia County","Philadelphia City","Jun 10,2026","Oct 31,2026",-75.1266614,39.9674113
"1029",116005,"R11219","Restaurant (Liquor)","Active","BAR JAWN, LLC","THE BAR JAWN","4247 MAIN ST, PHILADELPHIA PA 19127-1602","4247 MAIN ST, PHILADELPHIA PA 19127-1602","4247 MAIN STREET LLC","DAVID E LEE","Philadelphia County","Philadelphia City","Oct 7,2025","Oct 31,2026",-75.2210786,40.0246442
"1030",91989,"R13490","Restaurant (Liquor)","Active","ARRAMAMA INC","ARRAMAMA INC","951-955 FRANKFORD AVE, PHILADELPHIA PA 19125-4141","1329 LOMBARD ST APT 209, PHILADELPHIA PA 19147","COBAFEBA, LLC","RAVI D BAYANKER","Philadelphia County","Philadelphia City","Jun 11,2026","Oct 31,2026",-75.1342204,39.965554
"1031",130105,"R4266","Restaurant (Liquor)","Active","430 SOUTH STREET LLC","MARSHA'S","430 SOUTH ST, PHILADELPHIA PA 19147-1535","430 SOUTH ST, PHILADELPHIA PA 19147-1535","MOTHER NATURE AND ANDERSON LLC","CHIVONN N ANDERSON","Philadelphia County","Philadelphia City","Oct 30,2025","Oct 31,2026",-75.1503319,39.9416306
"1032",91838,"R14543","Restaurant (Liquor)","Active","JMDD LLC","DEKE'S BAR-B-QUE","137 BERKLEY ST, PHILADELPHIA PA 19144","4213 PECHIN ST, PHILADELPHIA PA 19128","WAYNE JUNCTION PROPERTIES LLC","DEREK R DENMEAD","Philadelphia County","Philadelphia City","Aug 12,2025","Oct 31,2026",-75.1617987,40.0230473
"1033",81474,"R356","Restaurant (Liquor)","Active","THE BUNKER LLC","THE BUNKER LLC","130 S 18TH ST, PHILADELPHIA PA 19103-4923","130 S 18TH ST, PHILADELPHIA PA 19103-4923","PHILADELPHIA RITTENHOUSE DEVELOPER LP","JENNIFER K MCKENNA","Philadelphia County","Philadelphia City","Jul 16,2025","Oct 31,2026",-75.1708105,39.9507227
"1034",121663,"R7467","Restaurant (Liquor)","Active","STATION BRAKE LLC","STATION BRAKE LOUNGE","ONE PENN CENTER  1617 JOHN F KENNEDY BLVD  17TH FLOOR, PHILADELPHIA PA 19103","ONE PENN CENTER  1617 JOHN F KENNEDY BLVD  17TH FLOOR, PHILADELPHIA PA 19103","ONE PENN ASSOCIATES LP","AIHUA ZHOU","Philadelphia County","Philadelphia City","Nov 12,2025","Oct 31,2026",-75.1674188,39.9540447
"1035",60299,"R15466","Restaurant (Liquor)","Active","SANTUCCIS SQUARE PIZZA IV INC","SANTUCCIS SQUARE PIZZA IV INC","4050 WOODHAVEN RD, PHILADELPHIA PA 19154-2810","4050 WOODHAVEN RD, PHILADELPHIA PA 19154-2810",NA,"JOSEPH SANTUCCI","Philadelphia County","Philadelphia City","Aug 13,2025","Oct 31,2026",-74.971202,40.0859607
"1036",95055,"R4565","Restaurant (Liquor)","Active","FILOSADELFIA LLC","FILOSADELFIA LLC","6130 W PASSYUNK AVE, PHILADELPHIA PA 19153-3508","6130 W PASSYUNK AVE, PHILADELPHIA PA 19153-3508","PASSYUNK AVENUE REALTY ENTERPRISES LLC","FRANK ALEMAN","Philadelphia County","Philadelphia City","Jun 10,2026","Oct 31,2026",-75.2120097,39.9170183
"1037",14543,"R10739","Restaurant (Liquor)","Active","BIG WAY, INC.","VALLEY GREEN INN","SPRINGFIELD AVE WISSAHICKON CREEK, PHILADELPHIA PA 19128","SPRINGFIELD AVE WISSAHICKON CREEK, PHILADELPHIA PA 19128",NA,"JOHN OTT","Philadelphia County","Philadelphia City","Aug 27,2025","Oct 31,2026",-75.1982232,40.0712104
"1038",63815,"R739","Restaurant (Liquor)","Active","400 BRYON INC","400 BRYON INC","400 N 59TH ST, PHILADELPHIA PA 19151-4301","400 N 59TH ST, PHILADELPHIA PA 19151-4301","LIGENG ZHAO","LIGENG ZHAO","Philadelphia County","Philadelphia City","Jul 11,2025","Oct 31,2026",-75.2377296,39.9680039
"1039",126082,"R11193","Restaurant (Liquor)","Active","ROSE HOSPITALITY GROUP GERMANTOWN LLC","ROSE HOSPITALITY GROUP GERMANTOWN LLC","1102 GERMANTOWN  AVE, PHILADELPHIA PA 19123","1102 GERMANTOWN  AVE, PHILADELPHIA PA 19123","SDG 1102 GERMANTOWN AVE LLC","JOSEPH F LAFOREST","Philadelphia County","Philadelphia City","Jul 29,2026","Oct 31,2026",-75.1400319,39.967993
"1040",103758,"R14117","Restaurant (Liquor)","Active","9991 BUSTLETON LLC","BENNY THE BUMS","9991-93 BUSTLETON AVE, PHILADELPHIA PA 19115","9991-93 BUSTLETON AVE, PHILADELPHIA PA 19115","POSEL ENTERPRISES","BRET LEVY","Philadelphia County","Philadelphia City","Sep 19,2025","Oct 31,2026",-75.0283286,40.101805
"1041",83630,"R868","Restaurant (Liquor)","Active","PARC HOLDINGS LLC","PARC HOLDINGS LLC","1934-36 E PASSYUNK AVE, PHILADELPHIA PA 19148-2221","1934-36 E PASSYUNK AVE, PHILADELPHIA PA 19148-2221","PASSYUNK AVENUE REVITALIZATION CORPORATION","ADAM ANDERSON","Philadelphia County","Philadelphia City","Feb 27,2026","Oct 31,2026",-75.168364,39.925899
"1042",130587,"R7915","Restaurant (Liquor)","Active","BPSD ENTERPRISES LLC","BPSD ENTERPRISES LLC","1600-02 SOUTH ST, PHILADELPHIA PA 19146","1600-02 SOUTH ST, PHILADELPHIA PA 19146","CENTER CITY PROPERTIES LLC","KYLE T DONOVAN","Philadelphia County","Philadelphia City","Dec 1,2025","Oct 31,2026",-75.1689709,39.9439438
"1043",58745,"R6475","Restaurant (Liquor)","Active","FAIRMOUNT NEIGHBOR CORPORATION","FAIRMOUNT AVENUE CLUB","2120 FAIRMOUNT AVE, PHILADELPHIA PA 19130-2603","2120 FAIRMOUNT AVE, PHILADELPHIA PA 19130-2603",NA,"DANIEL NELSON","Philadelphia County","Philadelphia City","Jul 8,2025","Oct 31,2026",-75.172853,39.967151
"1044",64130,"R1867","Restaurant (Liquor)","Active","BARCADE PHILADELPHIA LLC","BARCADE PHILADELPHIA LLC","1114 FRANKFORD AVE, PHILADELPHIA PA 19125-4118","1114 FRANKFORD AVE, PHILADELPHIA PA 19125-4118",NA,"DYLAN SMITH","Philadelphia County","Philadelphia City","Jul 8,2025","Oct 31,2026",-75.134805,39.9674387
"1045",120970,"R7351","Restaurant (Liquor)","Active","LITTLE WATER LLC","LITTLE WATER LLC","259-261 S 20TH ST, PHILADELPHIA PA 19103-5633","259-261 S 20TH ST, PHILADELPHIA PA 19103-5633","TM REALTY PARTNERS LP","AMANDA R RUCKER","Philadelphia County","Philadelphia City","Aug 7,2025","Oct 31,2026",-75.1741271,39.9486866
"1046",12371,"R6729","Restaurant (Liquor)","Active","NEW SOUTH CAFE, INC.","NEW SOUTH CAFE, INC.","2200 SOUTH ST, PHILADELPHIA PA 19146-1145","2200 SOUTH ST, PHILADELPHIA PA 19146-1145",NA,"TANASIT SIRILUCK","Philadelphia County","Philadelphia City","Sep 3,2025","Oct 31,2026",-75.178744,39.9451319
"1047",107488,"R631","Restaurant (Liquor)","Active","ALEKSANDAR LLC","ALEKSANDAR LLC","124-126 S 19TH ST, PHILADELPHIA PA 19103-4648","124-126 S 19TH ST, PHILADELPHIA PA 19103-4648","124 S 19TH STREET LLC","ALEKSANDAR STOJNIC","Philadelphia County","Philadelphia City","Sep 18,2025","Oct 31,2026",-75.1722177,39.9509484
"1048",118240,"R1518","Restaurant (Liquor)","Active","MMJ PHILLY LLC","MMJ PHILLY","1000 FRANKFORD AVE, PHILADELPHIA PA 19125-4116","1000 FRANKFORD AVE, PHILADELPHIA PA 19125-4116","CORE EQUITY II, LP","FRANKLIN S BLOISE","Philadelphia County","Philadelphia City","Jul 2,2026","Oct 31,2026",-75.1346806,39.9649452
"1049",72403,"R444","Restaurant (Liquor)","Active","941 SOUTH 8TH ST CORP","941 SOUTH 8TH ST CORP","941 S 8TH ST, PHILADELPHIA PA 19147-3940","941 S 8TH ST, PHILADELPHIA PA 19147-3940",NA,"EILEEN HEASLEY","Philadelphia County","Philadelphia City","Jul 17,2025","Oct 31,2026",-75.1564626,39.937254
"1050",54430,"R570","Restaurant (Liquor)","Active","3000 RORER, INC.","3000 RORER, INC.","3000 RORER ST, PHILADELPHIA PA 19134-3023","3000 RORER ST, PHILADELPHIA PA 19134-3023",NA,"MARISOL TORRES","Philadelphia County","Philadelphia City","Oct 16,2025","Oct 31,2026",-75.1211562,39.9944288
"1051",66672,"R11256","Restaurant (Liquor)","Active","LIU'S TORRESDALE INC","LIU'S TORRESDALE INC","5500 TORRESDALE AVE, PHILADELPHIA PA 19124-1625","5500 TORRESDALE AVE, PHILADELPHIA PA 19124-1625","BINGQIN ZHENG","SOK SOKCHEA","Philadelphia County","Philadelphia City","Aug 24,2026","Oct 31,2026",-75.0650665,40.0148992
"1052",63358,"R3981","Restaurant (Liquor)","Active","MILKBOY CENTER CITY LLC","MILKBOY CENTER CITY LLC","1100 CHESTNUT ST, PHILADELPHIA PA 19107-4802","1100 CHESTNUT ST, PHILADELPHIA PA 19107-4802",NA,"ANNA J REED","Philadelphia County","Philadelphia City","Mar 23,2026","Oct 31,2026",-75.1587905,39.9500483
"1053",72600,"R11365","Restaurant (Liquor)","Active","AMICI HOSPITALITY OSTERIA LLC","OSTERIA","630-640 N BROAD ST, PHILADELPHIA PA 19130-3420","630-640 N BROAD ST, PHILADELPHIA PA 19130-3420",NA,"JEFFREY MICHAUD","Philadelphia County","Philadelphia City","Sep 22,2025","Oct 31,2026",-75.1619012,39.9649903
"1054",16646,"R14299","Restaurant (Liquor)","Active","HEPP'S ENTERPRISES, INC.","HEPP'S ENTERPRISES, INC.","2701 BROWN ST, PHILADELPHIA PA 19130-1703","2701 BROWN ST, PHILADELPHIA PA 19130-1703",NA,"ELAINE HEPP","Philadelphia County","Philadelphia City","Aug 6,2025","Oct 31,2026",-75.1813538,39.9706724
"1055",70990,"R10394","Restaurant (Liquor)","Active","TJ 5892 INC","TJ 5892 INC","5892 HENRY AVE, PHILADELPHIA PA 19128-1704","5892 HENRY AVE, PHILADELPHIA PA 19128-1704",NA,"TERRANCE MURPHY","Philadelphia County","Philadelphia City","Aug 6,2025","Oct 31,2026",-75.2079268,40.0313496
"1056",132991,"R7589","Restaurant (Liquor)","Active","SBI BEVERAGE LLC","SBI BEVERAGE LLC","2033 PENROSE AVE, PHILADELPHIA PA 19145","2033 PENROSE AVE, PHILADELPHIA PA 19145","VRAJ BRIG PA LLC","ROHITKUMAR I SHETH","Philadelphia County","Philadelphia City","Feb 13,2026","Oct 31,2026",-75.1840018,39.9124434
"1057",128470,"R6253","Restaurant (Liquor)","Active","2406 FRANKFORD RESTAURANT LLC","2406 FRANKFORD RESTAURANT LLC","2406 FRANKFORD AVE, PHILADELPHIA PA 19125-1669","2929 WALNUT ST, PHILADELPHIA PA 19104-5054","2406 FRANKFORD LLC","SHAWN M MILLER","Philadelphia County","Philadelphia City","Jan 22,2026","Oct 31,2026",-75.1275955,39.9818077
"1058",71476,"R15586","Restaurant (Liquor)","Active","1801 JFK RESTAURANT ASSOCIATES LLC","1801 JFK RESTAURANT ASSOCIATES LLC","1801 JOHN F KENNEDY BLVD, PHILADELPHIA PA 19103-1731","1801 JOHN F KENNEDY BLVD, PHILADELPHIA PA 19103-1731","KENNEDY BLVD ASSOCIATES I LP","NICHOLAS P MEZZINA","Philadelphia County","Philadelphia City","Jul 8,2025","Oct 31,2026",-75.1701815,39.9544821
"1059",60211,"R1136","Restaurant (Liquor)","Active","JAKES BAR & GRILL L P","JAKES BAR & GRILL-COOPERS WINE BAR","4365-67 MAIN ST, PHILADELPHIA PA 19127-1415","4365-67 MAIN ST, PHILADELPHIA PA 19127-1415",NA,"BRUCE COOPER","Philadelphia County","Philadelphia City","Sep 11,2025","Oct 31,2026",-75.2241818,40.025925
"1060",72426,"R2064","Restaurant (Liquor)","Active","21 E CHELTEN INC","21 E CHELTEN INC","19-21 E CHELTEN AVE, PHILADELPHIA PA 19144-2130","19-21 E CHELTEN AVE, PHILADELPHIA PA 19144-2130",NA,"WILLIAM BLACKWELL","Philadelphia County","Philadelphia City","Dec 31,2025","Oct 31,2026",-75.1745047,40.0364101
"1061",59981,"R7667","Restaurant (Liquor)","Safekeeping","MILLERS ALE HOUSE INC","MILLERS PHILLY ALE HOUSE","9475 E ROOSEVELT BLVD, PHILADELPHIA PA 19114","9475 E ROOSEVELT BLVD, PHILADELPHIA PA 19114",NA,"EDWARD R HANDLON","Philadelphia County","Philadelphia City","Apr 24,2026","Oct 31,2026",-75.0151781,40.0952587
"1062",90992,"R422","Restaurant (Liquor)","Safekeeping","DAROSS INC","EL MESON RESTAURANT","6625-27 CASTOR AVE, PHILADELPHIA PA 19149-2121","6625-27 CASTOR AVE, PHILADELPHIA PA 19149-2121","GOLDEN LAND LLC","MARTIN O POLANCO-DELGADO","Philadelphia County","Philadelphia City","Apr 14,2026","Oct 31,2026",-75.0741895,40.0423601
"1063",128831,"R1408","Restaurant (Liquor)","Safekeeping","2300-20 RIDGE AVENUE LLC","2300-20 RIDGE AVENUE LLC","2300-20 RIDGE AVE, PHILADELPHIA PA 19121-2931","2300-20 RIDGE AVE, PHILADELPHIA PA 19121-2931","BUTA SINGH HANS","INDER P SINGH","Philadelphia County","Philadelphia City","Jun 16,2026","Oct 31,2026",-75.173284,39.9808975
"1064",117753,"R2698","Restaurant (Liquor)","Safekeeping","1714 CHERRY OPERATOR LLC","1714 CHERRY OPERATOR LLC","1714 CHERRY ST, PHILADELPHIA PA 19103-2709","1714 CHERRY ST, PHILADELPHIA PA 19103-2709","1714 CHERRY OWNER LLC","KENNETH R HUTCHINGS","Philadelphia County","Philadelphia City","Mar 9,2026","Oct 31,2026",-75.1683168,39.9559201
"1065",111444,"R4458","Restaurant (Liquor)","Safekeeping","FLAMBO INC","FLAMBO INC","205 S 13TH ST, PHILADELPHIA PA 19107-5407","820 N BROAD ST, PHILADELPHIA PA 19130-2235","EDWARD M PAUL CO","ANTHONY LOGAN","Philadelphia County","Philadelphia City","Mar 3,2026","Oct 31,2026",-75.1620273,39.9485424
"1066",39390,"R12761","Restaurant (Liquor)","Safekeeping","KNOCK-OUT SPORTS BAR, INC.","KNOCK-OUT SPORTS BAR, INC.","447 E ALLEGHENY AVE, PHILADELPHIA PA 19134-2326","447 E ALLEGHENY AVE, PHILADELPHIA PA 19134-2326",NA,"JOSE FIGUEROA","Philadelphia County","Philadelphia City","Jun 4,2026","Oct 31,2026",-75.1213408,39.9977778
"1067",50845,"R617","Restaurant (Liquor)","Safekeeping","OLD CITY PRETZEL COMPANY, LLC","OLD CITY PRETZEL COMPANY, LLC","33 S 2ND ST, PHILADELPHIA PA 19106","33 S 2ND ST, PHILADELPHIA PA 19106",NA,"HSIANG Y HO","Philadelphia County","Philadelphia City","Sep 3,2026","Oct 31,2026",-75.1438403,39.9489959
"1068",135634,"SO62256","Special Occasion Permit","Active","THE NEIGHBORHUB","THE NEIGHBORHUB","401 LOMBARD ST, PHILADELPHIA PA 19147-1516","401 LOMBARD ST, PHILADELPHIA PA 19147-1516",NA,NA,"Philadelphia County","Philadelphia City","Aug 28,2026","Dec 31,2026",-75.1495234,39.9430397
"1069",128355,"SO59219","Special Occasion Permit","Active","EVANGELISMOS OF THEOTOKOS","EVANGELISMOS OF THEOTOKOS","6501-5 BUSTLETON AVE, PHILADELPHIA PA 19149","6501-5 BUSTLETON AVE, PHILADELPHIA PA 19149",NA,NA,"Philadelphia County","Philadelphia City","May 28,2026","Dec 31,2026",-75.0689145,40.0368945
"1070",131249,"SO61038","Special Occasion Permit","Active","LIBERTY CITY ARTS","LIBERTY CITY ARTS","827 N 5TH ST, PHILADELPHIA PA 19123-2101","827 N 5TH ST, PHILADELPHIA PA 19123-2101",NA,NA,"Philadelphia County","Philadelphia City","May 13,2026","Dec 31,2026",-75.1461137,39.9649154
"1071",134188,"SO61881","Special Occasion Permit","Active","YELLOW BICYCLE COLLECTIVE","YELLOW BICYCLE COLLECTIVE","1435 ARCH ST FL 2, PHILADELPHIA PA 19102","1435 ARCH ST FL 2, PHILADELPHIA PA 19102",NA,NA,"Philadelphia County","Philadelphia City","Apr 22,2026","Dec 31,2026",-75.1647093,39.9548276
"1072",129687,"WAP60086","Wine and Spirits Auction Permit","Active","BREAKTHROUGHT1D - KING OF PRUSSIA","BREAKTHROUGHT1D - KING OF PRUSSIA","555 CROTON RD STE 111, KING OF PRUSSIA PA 19406-3176","555 CROTON RD STE 111, KING OF PRUSSIA PA 19406-3176",NA,NA,"Philadelphia County","Philadelphia City","Mar 18,2026","Dec 31,2026",-75.3731828,40.0791456
"1073",135260,"R16606","Restaurant (Liquor)","Pending","NOM NOM GROUP LLC","NOM NOM GROUP LLC","3432-36 SANSOM ST, PHILADELPHIA PA 19104-3404","3432-36 SANSOM ST, PHILADELPHIA PA 19104-3404",NA,NA,"Philadelphia County","Philadelphia City",NA,"Oct 31,2026",-75.1932625,39.9535893
"1074",134579,"R6964","Restaurant (Liquor)","Pending","WASHOKU OGAWA LLC","WASHOKU OGAWA LLC","808 CHESTNUT ST, PHILADELPHIA PA 19107","808 CHESTNUT ST, PHILADELPHIA PA 19107",NA,NA,"Philadelphia County","Philadelphia City",NA,"Oct 31,2026",-75.1542817,39.9495159
"1075",134370,"R4972","Restaurant (Liquor)","Pending","1300 RUTH'S CAFE INC","RUTH'S CAFE","1300 WARFIELD ST, PHILADELPHIA PA 19146","1300 WARFIELD ST, PHILADELPHIA PA 19146",NA,NA,"Philadelphia County","Philadelphia City",NA,"Oct 31,2026",-75.1994173,39.9382117
"1076",134313,"R923","Restaurant (Liquor)","Pending","YELZ INC","ANDORRA KITCHEN AND TAP","701 E CATHEDRAL RD STE #15, PHILADELPHIA PA 19128","701 E CATHEDRAL RD STE #15, PHILADELPHIA PA 19128",NA,NA,"Philadelphia County","Philadelphia City",NA,"Oct 31,2026",-75.238198,40.0633658
"1077",132744,"AL58623","Limited Distillery","Active","GOOD FRIDAY BEV INC","GOOD FRIDAY","3500 SCOTTS A12 LANE, PHILADELPHIA PA 19129","3500 SCOTTS A12 LANE, PHILADELPHIA PA 19129","SCOTTS LANE HOLDINGS LLC","BRIANA L TYSON","Philadelphia County","Philadelphia City","Jan 5,2026","Dec 31,2026",-75.1832828,40.0081293
"1078",93579,"AR39750","Airport Restaurant (Liquor)","Active","CPC AIRPORT PHL LLC","CPC AIRPORT PHL LLC","PHILADELPHIA INTERNATIONAL AIRPORT 8000 ESSINGTON AVE, PHILADELPHIA PA 19153","489  BRISTOL PIKE, BENSALEM PA 19020","MARKETPLACE PHL LLC","PAUL W PORTER JR","Philadelphia County","Philadelphia City","Jul 1,2026","Oct 31,2026",-75.2436987,39.8729797
"1079",1529,"C3163","Club (Liquor)","Active","WHITE DIAMOND ATHLETIC ASSN.","WHITE DIAMOND ATHLETIC ASSN.","2312-20 DUNCAN ST, PHILADELPHIA PA 19124","2312-20 DUNCAN ST, PHILADELPHIA PA 19124","WHITE DIAMOND ATHLETIC ASSN.","DIANE NAST","Philadelphia County","Philadelphia City","Oct 27,2025","Oct 31,2026",-75.0809646,40.0065565
"1080",1446,"C2943","Club (Liquor)","Active","BROADWAY THEATRICAL CLUB","BROADWAY THEATRICAL CLUB","2529 S 13TH ST, PHILADELPHIA PA 19148-4305","2529 S 13TH ST, PHILADELPHIA PA 19148-4305","NICOLE DELLAVECCHIA","LUCIO G RODRIGUEZ","Philadelphia County","Philadelphia City","Sep 25,2025","Oct 31,2026",-75.168684,39.9181774
"1081",35782,"C6275","Club (Liquor)","Active","ANCIENT ORDER OF HIBERNIANS DIV 87 PORT RICHMOND","ANCIENT ORDER OF HIBERNIANS DIV 87 PORT RICHMOND","3524 E THOMPSON ST, PHILADELPHIA PA 19134","3524 E THOMPSON ST, PHILADELPHIA PA 19134","ANCIENT ORDER OF HIBERNIANS DIV 87 PORT RICHMOND","THOMAS WENGER","Philadelphia County","Philadelphia City","Oct 15,2025","Oct 31,2026",-75.0953027,39.9889502
"1082",3364,"CC2886","Catering Club (Liquor)","Active","PHILADELPHIA POLICE HOME ASSN.","PHILADELPHIA POLICE HOME ASSN.","11630 CAROLINE RD, PHILADELPHIA PA 19154-2110","11630 CAROLINE RD, PHILADELPHIA PA 19154-2110","PHILADELPHIA POLICE HOME ASSN.","NICHOLAS DENOFA","Philadelphia County","Philadelphia City","Jul 18,2025","Oct 31,2026",-75.0032944,40.0989225
"1083",574,"CC395","Catering Club (Liquor)","Active","VENETIAN SOCIAL CLUB","VENETIAN SOCIAL CLUB","8030 GERMANTOWN AVE, PHILADELPHIA PA 19118-3421","8030 GERMANTOWN AVE, PHILADELPHIA PA 19118-3421","VENETIAN SOCIAL CLUB","WILLIAM J REDFERN","Philadelphia County","Philadelphia City","Sep 8,2025","Oct 31,2026",-75.201574,40.0714095
"1084",97677,"CRR42649","Continuing Care Retirement Community (Liquor)","Active","THE PHILADELPHIA PROTESTANT HOME","THE PHILADELPHIA PROTESTANT HOME","6500 TABOR RD, PHILADELPHIA PA 19111","6500 TABOR RD, PHILADELPHIA PA 19111","THE PHILADELPHIA PROTESTANT HOME","LISA BURKE","Philadelphia County","Philadelphia City","Jul 30,2025","Oct 31,2026",-75.0900413,40.0483825
"1085",102692,"D576","Distributor (Malt)","Active","MAA AMBAA PHILA INC","MAA AMBAA PHILA INC","399 FRANKLIN MILLS CIR, PHILADELPHIA PA 19154-3118","399 FRANKLIN MILLS CIR, PHILADELPHIA PA 19154-3118","AMBE MAA LLC","MANAV PATEL","Philadelphia County","Philadelphia City","Jul 16,2025","Oct 31,2026",-74.9649428,40.0844332
"1086",131554,"D451","Distributor (Malt)","Active","4024 JAY AMBE LLC","EAST FALLS BEVERAGE","4024 RIDGE AVE, PHILADELPHIA PA 19129-1504","4024 RIDGE AVE, PHILADELPHIA PA 19129-1504","4024 RIDGE LLC","JOHN B KENNEY JR","Philadelphia County","Philadelphia City","Feb 23,2026","Oct 31,2026",-75.1899239,40.0072649
"1087",103161,"D3525","Distributor (Malt)","Active","KANG'S SOMERTON BEVERAGE CENTER LLC","KANG'S SOMERTON BEVERAGE CENTER LLC","13500 BUSTLETON AVE, PHILADELPHIA PA 19116-1606","13500 BUSTLETON AVE, PHILADELPHIA PA 19116-1606","KANG REAL ESTATE LLC","ANDY KANG","Philadelphia County","Philadelphia City","Sep 24,2025","Oct 31,2026",-75.014187,40.1287911
"1088",134472,"D2333","Distributor (Malt)","Safekeeping","BEERS & MORE LLC","BEERS & MORE","2233 N 7TH ST UNIT C, PHILADELPHIA PA 19133","1717 SAINT JOHNS CRT, BENSALEM PA 19020","GERMANTOWN OWNER LLC","VIKAS BRAHMBHATT","Philadelphia County","Philadelphia City","Aug 21,2026","Oct 31,2026",-75.1450239,39.9860449
"1089",129032,"E117","Eating Place Retail Dispenser (Malt)","Active","FOUR SEASONS SPA LLC","FOUR SEASONS SPA & RESORT","250 BYBERRY RD, PHILADELPHIA PA 19116-1904","62 SILO HILL DR, RICHBORO PA 18954-1147","STRATEGIC VANTAGE LP","FURKAT KHUSENOV","Philadelphia County","Philadelphia City","Dec 10,2025","Oct 31,2026",-75.0226963,40.1276343
"1090",100524,"E4577","Eating Place Retail Dispenser (Malt)","Active","SUES MARKET INC","SUES MARKET INC","275 ST JAMES PL, PHILADEDLPHIA PA 19106","275 ST JAMES PL, PHILADEDLPHIA PA 19106","SOCIETY HILL TOWERS OWNERS ASSOCIATION","JAMES J SHIN","Philadelphia County","Philadelphia City","Sep 5,2025","Oct 31,2026",-75.1455032,39.9461845
"1091",70607,"E1774","Eating Place Retail Dispenser (Malt)","Active","BSC INC","BSC INC","5147 BALTIMORE AVE, PHILADELPHIA PA 19143-2613","5147 BALTIMORE AVE, PHILADELPHIA PA 19143-2613","BSC INC","VIMALKUMAR P PATEL","Philadelphia County","Philadelphia City","Aug 3,2026","Oct 31,2026",-75.2272359,39.9480668
"1092",132689,"E3632","Eating Place Retail Dispenser (Malt)","Active","SP UPLAND 6001 INC","SP UPLAND 6001 INC","6001 UPLAND ST, PHILADELPHIA PA 19142-2415","6001 UPLAND ST, PHILADELPHIA PA 19142-2415","MIHWA S HAN","MIHWA S HAN","Philadelphia County","Philadelphia City","Jun 3,2026","Oct 31,2026",-75.2296276,39.9318849
"1093",66519,"E340","Eating Place Retail Dispenser (Malt)","Active","BTL DELI INC","BTL DELI","5500 GREENWAY AVE, PHILADELPHIA PA 19143-5620","5500 GREENWAY AVE, PHILADELPHIA PA 19143-5620",NA,"JAMES SHU LIM","Philadelphia County","Philadelphia City","Jul 9,2025","Oct 31,2026",-75.2215607,39.9362751
"1094",73217,"E1194","Eating Place Retail Dispenser (Malt)","Active","D & J SUSQUEHANNA INC","D & J SUSQUEHANNA INC","1639-43 W SUSQUEHANNA AVE, PHILADELPHIA PA 19121-1636","7053 TERMINAL SQ, UPPER DARBY PA 19082-2217",NA,"RUILAN LIN","Philadelphia County","Philadelphia City","Aug 26,2025","Oct 31,2026",-75.160888,39.987067
"1095",42174,"E3345","Eating Place Retail Dispenser (Malt)","Active","5087 CHO'S MARKET, INC.","5087 CHO'S MARKET, INC.","5087 F ST, PHILADELPHIA PA 19124-3520","5087 F ST, PHILADELPHIA PA 19124-3520",NA,"JHANDEL F RUBIO","Philadelphia County","Philadelphia City","Jul 23,2026","Oct 31,2026",-75.1096848,40.0272531
"1096",59713,"E3299","Eating Place Retail Dispenser (Malt)","Active","3 KYU LLC","CHEW DELI","6302-04 CHEW AVE, PHILADELPHIA PA 19138","6302-04 CHEW AVE, PHILADELPHIA PA 19138",NA,"AE PAK","Philadelphia County","Philadelphia City","Aug 4,2025","Oct 31,2026",-75.1737359,40.0506683
"1097",115555,"G53083","Brewery","Active","LOST TIME BREWING COMPANY","LOST TIME BREWERY","2825 ORMES ST, UNIT 4J, PHILADELPHIA PA 19134-3332","2825 ORMES ST, UNIT 4J, PHILADELPHIA PA 19134-3332","PAPERMILL ART STUDIOS LLC","MATTHEW IANNELLI","Philadelphia County","Philadelphia City","Oct 28,2025","Dec 31,2026",-75.1255749,39.9927804
"1098",114993,"GS52516","Brewery Storage","Active","SENTIENT ANDROIDS LLC","HUMAN ROBOT THE WAREHOUSE","1817 N 5TH ST, PHILADELPHIA PA 19122","1710 N 5TH ST, PHILADELPHIA PA 19122-2909","Snow Show LLC","JAMES F ATKINSON","Philadelphia County","Philadelphia City","Dec 17,2025","Dec 31,2026",-75.1428176,39.978941
"1099",122180,"GS57129","Brewery Storage","Active","CATAMOUNT LIQUIDS LLC","CARBON COPY","3124 RICHMOND ST, PHILADELPHIA PA 19134-5840","701 S 50TH ST, PHILADELPHIA PA 19143-1658","RICHMOND STREET PARTNERS","BRENDON BOUDWIN","Philadelphia County","Philadelphia City","Oct 24,2025","Dec 31,2026",-75.1031608,39.9823026
"1100",112384,"GS51699","Brewery Storage","Active","DOCK STREET BREWERY SOUTH LLC","DOCK STREET FISHTOWN","1229 N FRONT ST, PHILADELPHIA PA 19122-4645","1229 N FRONT ST, PHILADELPHIA PA 19122-4645","NITO CALLAHAN V LLC","DANIEL HELSEN","Philadelphia County","Philadelphia City","Sep 10,2026","Dec 31,2026",-75.1357711,39.9696421
"1101",63281,"H5270","Hotel (Liquor)","Active","LOBRO ASSOCIATES","LOBRO ASSOCIATES","233-247 S BROAD ST, PHILADELPHIA PA 19107-5659","233-247 S BROAD ST, PHILADELPHIA PA 19107-5659",NA,"JEFFREY B PLATT","Philadelphia County","Philadelphia City","Jul 14,2025","Oct 31,2026",-75.1641683,39.9478647
"1102",67689,"H6359","Hotel (Liquor)","Active","HPT CY TRS INC","HPT CY TRS INC","8900 BARTRAM AVE, PHILADELPHIA PA 19153-3112","8900 BARTRAM AVE, PHILADELPHIA PA 19153-3112",NA,"SEAN T MCHUGH","Philadelphia County","Philadelphia City","Jul 25,2025","Oct 31,2026",-75.2488008,39.8851392
"1103",109610,"H6060","Hotel (Liquor)","Active","TOUCH DOWN LLC","FOUR POINTS BY SHERATON","1201 RACE ST, PHILADELPHIA PA 19107-1601","1201 RACE ST, PHILADELPHIA PA 19107-1601","LAMS REALTY CORP","BARIS TURPCU","Philadelphia County","Philadelphia City","Oct 16,2025","Oct 31,2026",-75.1591784,39.9560366
"1104",98984,"H45210","Hotel (Liquor)","Active","DAVIDSON HOTEL COMPANY LLC","DAVIDSON HOTEL COMPANY LLC","21 S 12TH ST, PHILADELPHIA PA 19107","ONE RAVINIA DR SUITE 1600, ATLANTA GA 30346","SGB MASTER TENANT LLC","TOBIAS S MOSER","Philadelphia County","Philadelphia City","Sep 16,2025","Oct 31,2026",-75.159858,39.9510693
"1105",90020,"IA35926","Transporter for Hire Class A","Active","GB LOGISTICS LLC","GB LOGISTICS LLC","6161 RIDGE AVE, PHILADELPHIA PA 19128","6161 RIDGE AVE, PHILADELPHIA PA 19128",NA,NA,"Philadelphia County","Philadelphia City","Nov 4,2025","Dec 31,2026",-75.216736,40.0353022
"1106",84175,"ID34532","Importing Distributor (Malt)","Active","RICHMOND BEVERAGE LLC","RICHMOND BEVERAGE LLC","3421-3435 RICHMOND ST  UNITS 104-106, PHILADELPHIA PA 19134","3421-3435 RICHMOND ST  UNITS 104-106, PHILADELPHIA PA 19134","RICHMOND BEVERAGE LLC","MICHAEL E KELLETT","Philadelphia County","Philadelphia City","Aug 7,2025","Oct 31,2026",-75.0959389,39.9856833
"1107",133309,"LK62137","Limited Winery","Active","VONS CHICKEN PHILLY LLC","VONS CHICKEN PHILLY","1714 WASHINGTON AVE UNIT A, PHILADELPHIA PA 19146-3020","1714 WASHINGTON AVE UNIT A, PHILADELPHIA PA 19146-3020","1714 WASHINGTON AVE, LP","TAM M BUI","Philadelphia County","Philadelphia City","Aug 4,2026","Dec 31,2026",-75.1723086,39.9382246
"1108",126205,"LK59171","Limited Winery","Active","LEOFIGS LLC","LEOFIGS","2201 FRANKFORD AVE, PHILADELPHIA PA 19125-2079","2201 FRANKFORD AVE, PHILADELPHIA PA 19125-2079","2X2 FRANKFORD 2201 LLC","JUSTICE AARON LAUCIUS FIGUERAS","Philadelphia County","Philadelphia City","Jan 12,2026","Dec 31,2026",-75.1292218,39.9795058
"1109",128372,"LK60096","Limited Winery","Active","PMW LLC","HEAVY METAL SAUSAGE CO","1316 S WARFIELD ST, PHILADELPHIA PA 19146-3324","923 S 10TH ST, PHILADELPHIA PA 19147-3738","WARFIELD PROPERETIES LLC","MELISSA D PELLEGRINO","Philadelphia County","Philadelphia City","Nov 20,2025","Dec 31,2026",-75.1995308,39.9379578
"1110",72986,"PAF106","Performing Arts Facility","Active","THE WILMA THEATER INC","THE WILMA THEATER","265 S BROAD ST, PHILADELPHIA PA 19107-5659","2000 MARKET ST STE 1300, PHILADELPHIA PA 19103-3204",NA,"JAMES HASKINS","Philadelphia County","Philadelphia City","Nov 19,2025","Oct 31,2026",-75.164315,39.9471761
"1111",102607,"PV47718","Public Venue Restaurant","Active","LEGENDS HOSPITALITY LLC","THE MANN CENTER FOR PERFORMING ARTS","5201 PARKSIDE AVE, PHILADELPHIA PA 19131","61 BROADWAY, STE 2400, NEW YORK NY 10006",NA,"KYLE D GOGO","Philadelphia County","Philadelphia City","Jun 2,2026","Oct 31,2026",-75.2228796,39.9823997
"1112",52336,"PV65","Public Venue Restaurant","Active","ARAMARK SPORTS AND ENTERTAINMENT SERVICES LLC","CITIZENS BANK PARK","1 CITIZENS BANK WAY, PHILADELPHIA PA 19148-5205","1 CITIZENS BANK WAY, PHILADELPHIA PA 19148-5205",NA,"KEVIN TEDESCO","Philadelphia County","Philadelphia City","Jun 23,2026","Oct 31,2026",-75.1669417,39.9062666
"1113",60604,"R4314","Restaurant (Liquor)","Active","PROHIBITION TAPROOM INC","PROHIBITION TAPROOM INC","501 N 13TH ST, PHILADELPHIA PA 19123-3632","501 N 13TH ST, PHILADELPHIA PA 19123-3632",NA,"COLIN S OBRIEN","Philadelphia County","Philadelphia City","Oct 10,2025","Oct 31,2026",-75.1593227,39.9613278
"1114",106930,"R7837","Restaurant (Liquor)","Active","OHB PA LLC","OTHER HALF BREWERY","1000-1002 CANAL ST, PHILADELPHIA PA 19123","1000-1002 CANAL ST, PHILADELPHIA PA 19123","AP 33-51 LAUREL ST LLC","TRAVIS R GRETH","Philadelphia County","Philadelphia City","Jul 16,2025","Oct 31,2026",-75.1352702,39.9645623
"1115",66524,"R1501","Restaurant (Liquor)","Active","1825 ENTERPRISES INC","1825 ENTERPRISES INC","1825 E MOYAMENSING AVE, PHILADELPHIA PA 19148-1944","1825 E MOYAMENSING AVE, PHILADELPHIA PA 19148-1944","1825 REAL PROPERTY LLC","RICHARD FATTORI","Philadelphia County","Philadelphia City","Jan 6,2026","Oct 31,2026",-75.1516028,39.9250082
"1116",106136,"R11488","Restaurant (Liquor)","Active","WYNCOTE DELI LLC","WYNCOTE DELI LLC","2139 65TH AVE, PHILADELPHIA PA 19138-2501","2139 65TH AVE, PHILADELPHIA PA 19138-2501","NOP & TANG, LLC","PHANITH NOP","Philadelphia County","Philadelphia City","Jul 9,2025","Oct 31,2026",-75.1567417,40.0533388
"1117",122302,"R255","Restaurant (Liquor)","Active","SAM 168 INC","SAM 168 INC","5944 TORRESDALE AVE, PHILADELPHIA PA 19135-4127","5944 TORRESDALE AVE, PHILADELPHIA PA 19135-4127","SAMKHAN TOUCH & MOUY HENG KIEM","MOUY HENG KIEM","Philadelphia County","Philadelphia City","Jul 22,2025","Oct 31,2026",-75.0595885,40.0177653
"1118",62097,"R8500","Restaurant (Liquor)","Active","HIGHNOTE, INC","HIGH NOTE CAFE","1547-49 S 13TH ST, PHILADELPHIA PA 19147-6204","1547-49 S 13TH ST, PHILADELPHIA PA 19147-6204",NA,"FRANK BORDA","Philadelphia County","Philadelphia City","Oct 29,2025","Oct 31,2026",-75.165946,39.930294
"1119",16321,"R13741","Restaurant (Liquor)","Active","7170, INC","MCMENAMIN'S TAVERN","7170 GERMANTOWN AVE, PHILADELPHIA PA 19119-1843","7170 GERMANTOWN AVE, PHILADELPHIA PA 19119-1843",NA,"PATRICK MCMENAMIN","Philadelphia County","Philadelphia City","Aug 14,2025","Oct 31,2026",-75.1909144,40.0597308
"1120",73125,"R15411","Restaurant (Liquor)","Active","L & S SPORTS BAR LLC","L & S SPORTS BAR LLC","801 W LEHIGH ST, PHILADELPHIA PA 19133-1927","4619 N FRONT ST, PHILADELPHIA PA 19140-1616",NA,"SANDRA HERNANDEZ","Philadelphia County","Philadelphia City","Aug 25,2025","Oct 31,2026",-75.1451407,39.9929764
"1121",101206,"R674","Restaurant (Liquor)","Active","KGT HOSPITALITY LLC","KGT HOSPITALITY LLC","4161 MAIN ST, PHILADELPHIA PA 19127-2115","4161 MAIN ST, PHILADELPHIA PA 19127-2115","MAIN STREET PROPERTIES LP","DANIEL GALEANO","Philadelphia County","Philadelphia City","Nov 12,2025","Oct 31,2026",-75.2197593,40.0235487
"1122",120359,"R8502","Restaurant (Liquor)","Active","AKI NOM NOM LLC","AKI NOM NOM LLC","1210 WALNUT ST, PHILADELPHIA PA 19107-5401","1210 WALNUT ST, PHILADELPHIA PA 19107-5401","THE TREA FAMILY IRREVOCABLE TRUST","XU S LIU","Philadelphia County","Philadelphia City","Aug 25,2025","Oct 31,2026",-75.1611732,39.948699
"1123",122226,"R11165","Restaurant (Liquor)","Active","NIKKI LOPEZ LLC","NIKKI LOPEZ LLC","304 SOUTH ST, PHILADELPHIA PA 19147-1519","172 FORSYTH ST, NEW YORK NY 10002","USNOR REALTY LLC","MATTHEW PANETH","Philadelphia County","Philadelphia City","Aug 26,2025","Oct 31,2026",-75.1478724,39.941327
"1124",91569,"R15692","Restaurant (Liquor)","Active","KRICK WUDER, INC","KRICK WUDER, INC","2670-76 BRIDGE ST, PHILADELPHIA PA 19137-1816","2670-76 BRIDGE ST, PHILADELPHIA PA 19137-1816",NA,"ROBERT J HOFFNER","Philadelphia County","Philadelphia City","Sep 9,2025","Oct 31,2026",-75.0666895,40.0035178
"1125",35704,"R3874","Restaurant (Liquor)","Active","44 BAR, INC.","44 BAR, INC.","1507-1509 SOUTH ST, PHILADELPHIA PA 19146-1635","1507-1509 SOUTH ST, PHILADELPHIA PA 19146-1635",NA,"JACK PRINCE","Philadelphia County","Philadelphia City","Feb 6,2026","Oct 31,2026",-75.1675003,39.9440564
"1126",62098,"R796","Restaurant (Liquor)","Active","SELECT RESTAURANT PARTNERS LP","SELECT RESTAURANT PARTNERS LP","215 LOMBARD ST, PHILADELPHIA PA 19147-1600","215 LOMBARD ST, PHILADELPHIA PA 19147-1600",NA,"MARK J CROOKSTON","Philadelphia County","Philadelphia City","Dec 18,2025","Oct 31,2026",-75.1460854,39.942489
"1127",13026,"R7989","Restaurant (Liquor)","Active","NEW OLYMPIA HOUSE, INC.","NEW OLYMPIA HOUSE, INC.","7240-42 CASTOR AVE, PHILADELPHIA PA 19149","7240-42 CASTOR AVE, PHILADELPHIA PA 19149",NA,"GEORGE KARAZOURNIAS","Philadelphia County","Philadelphia City","Jul 8,2025","Oct 31,2026",-75.066905,40.050829
"1128",70393,"R3970","Restaurant (Liquor)","Active","GOLDEN HEN INC","GOLDEN HEN INC","468 W CHELTENHAM AVE, PHILADELPHIA PA 19126-3043","468 W CHELTENHAM AVE, PHILADELPHIA PA 19126-3043",NA,"HYE KIM","Philadelphia County","Philadelphia City","Aug 29,2025","Oct 31,2026",-75.1260216,40.0550441
"1129",93512,"R2227","Restaurant (Liquor)","Active","VICTOR'S II SPORTS BAR","VICTOR'S II SPORTS BAR","5207-09-11 FRANKFORD AVE, PHILADELPHIA PA 19124-1910","5207-09-11 FRANKFORD AVE, PHILADELPHIA PA 19124-1910","BRIDGE J J LLC","JASON LIN","Philadelphia County","Philadelphia City","Aug 18,2025","Oct 31,2026",-75.077746,40.0223723
"1130",60376,"R6763","Restaurant (Liquor)","Active","931-933 INC","931-933 INC","931-933 N 2ND ST, PHILADELPHIA PA 19123-2326","931-933 N 2ND ST, PHILADELPHIA PA 19123-2326",NA,"AMY A CHALMERS","Philadelphia County","Philadelphia City","Jul 8,2025","Oct 31,2026",-75.1402274,39.964821
"1131",48666,"R1562","Restaurant (Liquor)","Active","6547, INC.","6547, INC.","6547 ELMWOOD AVE, PHILADELPHIA PA 19142-2816","6547 ELMWOOD AVE, PHILADELPHIA PA 19142-2816",NA,"ASTER BELETE","Philadelphia County","Philadelphia City","Jul 16,2025","Oct 31,2026",-75.2316189,39.9215578
"1132",71150,"R384","Restaurant (Liquor)","Active","BISTRO 52 INC","BISTRO 52 INC","52 S 2ND ST, PHILADELPHIA PA 19106-2810","52 S 2ND ST, PHILADELPHIA PA 19106-2810",NA,"SUZANNE O'BRIEN","Philadelphia County","Philadelphia City","Aug 12,2025","Oct 31,2026",-75.1441792,39.9487217
"1133",128724,"R9078","Restaurant (Liquor)","Active","GRAPE R & R LLC","THE GRAPE","105-107 GRAPE ST, PHILADELPHIA PA 19127-1401","105-107 GRAPE ST, PHILADELPHIA PA 19127-1401","105 GRAPE STREET LLC","ALEC W MORTARULO","Philadelphia County","Philadelphia City","Nov 19,2025","Oct 31,2026",-75.2234981,40.0256009
"1134",121425,"R1163","Restaurant (Liquor)","Active","CARTERS PIZZA & BEER LLC","CARTERS PIZZA & BEER LLC","3816 CHESTNUT ST 1ST FL, PHILADELPHIA PA 19104","1100 VINE ST APT 619, PHILADELPHIA PA 19107","CRSH PHILADELPHIA LLC","JUNG C AHN","Philadelphia County","Philadelphia City","Jul 30,2025","Oct 31,2026",-75.1998158,39.9551256
"1135",109943,"R3383","Restaurant (Liquor)","Active","TD 7016 FRANKFORD INC","TD 7016 FRANKFORD INC","7016-7018 FRANKFORD AVE, PHILADELPHIA PA 19135-1606","7016-7018 FRANKFORD AVE, PHILADELPHIA PA 19135-1606","Luan Gjeli","TAUSHA D MCDANIEL","Philadelphia County","Philadelphia City","Sep 2,2025","Oct 31,2026",-75.0463939,40.0341082
"1136",117339,"R199","Restaurant (Liquor)","Active","81 MONTGOMERY PARTNERS LLC","81 MONTGOMERY PARTNERS LLC","1625-27 N HOWARD ST, PHILADELPHIA PA 19122-3207","1625-27 N HOWARD ST, PHILADELPHIA PA 19122-3207","1625H PARTNERS LLC","ANDREW C HENSHAW","Philadelphia County","Philadelphia City","Aug 11,2025","Oct 31,2026",-75.135118,39.975229
"1137",89647,"R363","Restaurant (Liquor)","Active","100 DAWSON INC","DAWSON STREET PUB","100 DAWSON ST, PHILADELPHIA PA 19127-1804","100 DAWSON ST, PHILADELPHIA PA 19127-1804","EDWARD W WILBY, JR","DAVID J WILBY","Philadelphia County","Philadelphia City","Sep 11,2025","Oct 31,2026",-75.2127896,40.0185657
"1138",62050,"R2506","Restaurant (Liquor)","Active","BANANA KNUCKLES INC","BANANA KNUCKLES INC","1309 SANSOM ST, PHILADELPHIA PA 19107-4523","1309 SANSOM ST, PHILADELPHIA PA 19107-4523",NA,"DANIEL P KELLER","Philadelphia County","Philadelphia City","Jul 24,2025","Oct 31,2026",-75.1623469,39.9500126
"1139",11973,"R5727","Restaurant (Liquor)","Active","NEW DECK TAVERN CORPORATION","NEW DECK TAVERN CORPORATION","3408-12 SANSOM ST, PHILADELPHIA PA 19104","3408-12 SANSOM ST, PHILADELPHIA PA 19104",NA,"STEPHEN FINNEGAN","Philadelphia County","Philadelphia City","Apr 10,2026","Oct 31,2026",-75.19255,39.953557
"1140",70892,"R6939","Restaurant (Liquor)","Active","BEER HARBOR II INC","BEER HARBOR II INC","5450 LARGE ST, PHILADELPHIA PA 19124-1122","5450 LARGE ST, PHILADELPHIA PA 19124-1122",NA,"HOUR CHIN","Philadelphia County","Philadelphia City","Jul 25,2025","Oct 31,2026",-75.0829312,40.0305899
"1141",57781,"R162","Restaurant (Liquor)","Active","INGOMAR LIQUIDS LLC","INGOMAR LIQUIDS LLC","22 S THIRD ST, PHILADELPHIA PA 19106","22 S THIRD ST, PHILADELPHIA PA 19106",NA,"PAUL BROWN","Philadelphia County","Philadelphia City","Jan 28,2026","Oct 31,2026",-75.1460133,39.9495544
"1142",70262,"R7327","Restaurant (Liquor)","Active","4628 BOU INC","4628 BOU INC","4628 N MASCHER ST, PHILADELPHIA PA 19140-1614","4628 N MASCHER ST, PHILADELPHIA PA 19140-1614",NA,"BOU TRAN","Philadelphia County","Philadelphia City","Jul 30,2025","Oct 31,2026",-75.1263354,40.0213544
"1143",114218,"R3453","Restaurant (Liquor)","Active","TONG THAI LLC","KALAYA","4-6 W PALMER ST, PHILADELPHIA PA 19125","2929 WALNUT ST  STE 3611, PHILADELPHIA  PA 19104","PALMER AND BLAIR, LLC","PHOEBE B O'LEARY","Philadelphia County","Philadelphia City","Aug 19,2025","Oct 31,2026",-75.133089,39.975649
"1144",65348,"R1032","Restaurant (Liquor)","Active","S & C STORE INC","S & C STORE INC","2101-03 S 20TH ST, PHILADELPHIA PA 19145-3602","2101-03 S 20TH ST, PHILADELPHIA PA 19145-3602",NA,"CHOU OR","Philadelphia County","Philadelphia City","Aug 27,2025","Oct 31,2026",-75.17907,39.9254279
"1145",67797,"R6842","Restaurant (Liquor)","Active","15DOLPHIN39 LLC","15DOLPHIN39 LLC","1539 S BROAD ST, PHILADELPHIA PA 19147-6206","1539 S BROAD ST, PHILADELPHIA PA 19147-6206",NA,"ALISON B GUTSCHE","Philadelphia County","Philadelphia City","Jun 10,2026","Oct 31,2026",-75.1679911,39.9305813
"1146",50453,"R692","Restaurant (Liquor)","Active","ENJOY RESTAURANT, INC.","ENJOY RESTAURANT, INC.","6201 OGONTZ AVE, PHILADELPHIA PA 19141-1412","6201 OGONTZ AVE, PHILADELPHIA PA 19141-1412","ENJOY RESTAURANT, INC.","RY KE","Philadelphia County","Philadelphia City","Jul 22,2025","Oct 31,2026",-75.1504868,40.0486153
"1147",132665,"R3779","Restaurant (Liquor)","Active","43 J & L INC","J. OC AND LAU","SNYDER PLAZA STORE NO 20 43 SNYDER AVE, PHILADELPHIA PA 19148-2709","SNYDER PLAZA STORE NO 20 43 SNYDER AVE, PHILADELPHIA PA 19148-2709","GOLDENBERG ASSOCIATES LP","QUACH L PHAN","Philadelphia County","Philadelphia City","Feb 3,2026","Oct 31,2026",-75.1451064,39.9215862
"1148",109460,"R13491","Restaurant (Liquor)","Active","STREETSIDE LLC","STREETSIDE","165 W GIRARD AVE, PHILADELPHIA PA 19123-1620","165 W GIRARD AVE, PHILADELPHIA PA 19123-1620","ELEPHANT INVESTMENTS LLC","MY B HUYNH","Philadelphia County","Philadelphia City","Aug 19,2025","Oct 31,2026",-75.1386188,39.9695568
"1149",120133,"R8155","Restaurant (Liquor)","Active","DICE ON DAUPHIN LLC","DICE ON DAUPHIN LLC","2118-2120 E DAUPHIN ST, PHILADELPHIA PA 19125-2033","2118-2120 E DAUPHIN ST, PHILADELPHIA PA 19125-2033","ACG 2118 DAUPHIN LLC","KELLIE R KOVAC","Philadelphia County","Philadelphia City","Aug 31,2026","Oct 31,2026",-75.1294314,39.9812978
"1150",132714,"R4149","Restaurant (Liquor)","Active","LIBERTY COLLECTIVE LLC","TEMPLE/PEABODY","1431 CECIL B MOORE AVE, PHILADELPHIA PA 19121-3409","1431 CECIL B MOORE AVE, PHILADELPHIA PA 19121-3409","TEMPLE UNIVERSITY OF THE COMMONWEALTH SYSTEM OF HIGHER EDUCATION","GARIS P EDDINGTON","Philadelphia County","Philadelphia City","Apr 28,2026","Oct 31,2026",-75.1590792,39.9791574
"1151",48693,"R15614","Restaurant (Liquor)","Active","801 LAST RESORT, INC.","801 LAST RESORT, INC.","801-805 N 3RD ST, PHILADELPHIA PA 19123-2203","801-805 N 3RD ST, PHILADELPHIA PA 19123-2203",NA,"STEVEN CURTIS","Philadelphia County","Philadelphia City","Jul 11,2025","Oct 31,2026",-75.1426951,39.9634636
"1152",96092,"R4081","Restaurant (Liquor)","Active","CHATEAU OPERATIONS INC","CHATEAU OPERATIONS INC","5121 TULIP ST, PHILADELPHIA PA 19124-2246","1650  MEETINGHOUSE RD, WARMINSTER PA 18974","Triumph Property Management LLC","DEBORAH A MARCHAK","Philadelphia County","Philadelphia City","Sep 19,2025","Oct 31,2026",-75.070305,40.0116583
"1153",103705,"R7089","Restaurant (Liquor)","Active","APC POWER LLC","APC POWER LLC","5251-53 MARKET ST, PHILADELPHIA PA 19139-3419","5251-53 MARKET ST, PHILADELPHIA PA 19139-3419","1121 SC LLC","QUANG T LUU","Philadelphia County","Philadelphia City","Jul 9,2025","Oct 31,2026",-75.2266207,39.9604651
"1154",61689,"R5170","Restaurant (Liquor)","Active","JEMAL AND ZEIDA INC","JEMAL AND ZEIDA INC","5500 WEST GIRARD AVE, PHILADELPHIA PA 19131-4230","5500 WEST GIRARD AVE, PHILADELPHIA PA 19131-4230",NA,"ZEIDA MUKTAR","Philadelphia County","Philadelphia City","Aug 21,2025","Oct 31,2026",-75.2308205,39.970755
"1155",31883,"R6022","Restaurant (Liquor)","Active","1852 CORP.","1852 CORP.","527-529 N 20TH ST, PHILADELPHIA PA 19130","527-529 N 20TH ST, PHILADELPHIA PA 19130",NA,"JAMES J BRENNAN IV","Philadelphia County","Philadelphia City","Oct 7,2025","Oct 31,2026",-75.1709128,39.9630576
"1156",58321,"R609","Restaurant (Liquor)","Active","SWAMPOODLE INC","SWAMPOODLE INC","225 S 12TH ST, PHILADELPHIA PA 19107-5503","225 S 12TH ST, PHILADELPHIA PA 19107-5503",NA,"WILLIAM  S WOOD","Philadelphia County","Philadelphia City","Oct 29,2025","Oct 31,2026",-75.160542,39.9478303
"1157",98474,"R12228","Restaurant (Liquor)","Active","PHILLY PUB LLC","PHILLY PUB LLC","1600 ARCH ST, PHILADELPHIA PA 19103-2028","1600 ARCH ST, PHILADELPHIA PA 19103-2028","1600 ARCH RETAIL LLC, HP 1600 ARCH LLC","MILES A SHAW-COLEMAN","Philadelphia County","Philadelphia City","Aug 12,2025","Oct 31,2026",-75.1670329,39.9545866
"1158",46124,"R11196","Restaurant (Liquor)","Active","ANNI ENTERPRISES, INC.","CAFE TWELVE 29","1229-31 SPRUCE ST, PHILADELPHIA PA 19107-5607","1229-31 SPRUCE ST, PHILADELPHIA PA 19107-5607",NA,"LAUREN K MARGARETTA","Philadelphia County","Philadelphia City","Oct 16,2025","Oct 31,2026",-75.1622136,39.9468576
"1159",131512,"R15585","Restaurant (Liquor)","Active","UCHI PHILADELPHIA LLC","UCHI PHILADELPHIA","1620 SANSOM ST STE C1, PHILADELPHIA PA 19103","1620 SANSOM ST STE C1, PHILADELPHIA PA 19103","1620 SANSOM PA LLC","JOSHUA R PREWITT","Philadelphia County","Philadelphia City","Jun 22,2026","Oct 31,2026",-75.1679448,39.9504446
"1160",52487,"R256","Restaurant (Liquor)","Active","MY BLUE EYED DOG, LLC","TAVERN ON CAMAC","243-245 S CAMAC ST, PHILADELPHIA PA 19107-5609","243-245 S CAMAC ST, PHILADELPHIA PA 19107-5609",NA,"THOMAS H ROBINSON","Philadelphia County","Philadelphia City","Jun 5,2026","Oct 31,2026",-75.1615613,39.9472449
"1161",119358,"R5993","Restaurant (Liquor)","Active","VINX INC","VINX INC","1025 ARCH ST 1ST FLOOR, PHILADELPHIA PA 19107-2307","1025 ARCH ST 1ST FLOOR, PHILADELPHIA PA 19107-2307","800 STREET LLC","JOY CHEN","Philadelphia County","Philadelphia City","Nov 14,2025","Oct 31,2026",-75.1574047,39.9540269
"1162",123333,"R8571","Restaurant (Liquor)","Active","HOOPER'S LOUNGE INC","HOOPER'S LOUNGE INC","3709 SCHUYLER ST, PHILADELPHIA PA 19140-2821","3709 SCHUYLER ST, PHILADELPHIA PA 19140-2821","HOOPER'S LOUNGE INC","MICHAEL ANDERSON","Philadelphia County","Philadelphia City","Nov 7,2025","Oct 31,2026",-75.1644684,40.0116882
"1163",98506,"R1979","Restaurant (Liquor)","Active","ACME MARKETS INC","THE FROSTED MUG","7010 GERMANTOWN AVE, PHILADELPHIA PA 19119","7010 GERMANTOWN AVE, PHILADELPHIA PA 19119","1898 REALTY LLC","NICOLE LEONARD","Philadelphia County","Philadelphia City","Sep 3,2025","Oct 31,2026",-75.189493,40.0566172
"1164",94802,"R7270","Restaurant (Liquor)","Active","THE GIANT COMPANY LLC","THE GIANT COMPANY LLC","2303 BAINBRIDGE ST, PHILADELPHIA PA 19146","2303 BAINBRIDGE ST, PHILADELPHIA PA 19146","BAINBRIDGE RETAIL UNIT OWNER, LLC","BRIANNA OHARA","Philadelphia County","Philadelphia City","Aug 14,2025","Oct 31,2026",-75.1806684,39.9444943
"1165",81990,"R15653","Restaurant (Liquor)","Active","ENDLESS ROAD LLC","ENDLESS ROAD LLC","1624 N FRONT ST, PHILADELPHIA PA 19122-3202","1624 N FRONT ST, PHILADELPHIA PA 19122-3202",NA,"ROWYNN M DUMONT","Philadelphia County","Philadelphia City","Aug 18,2026","Oct 31,2026",-75.1345047,39.9749606
"1166",42937,"R3911","Restaurant (Liquor)","Active","4100 H & T ENTERPRISES, INC.","4100 H & T ENTERPRISES, INC.","4100 LANCASTER AVE, PHILADELPHIA PA 19104-1727","4100 LANCASTER AVE, PHILADELPHIA PA 19104-1727",NA,"KENT HENG","Philadelphia County","Philadelphia City","May 15,2026","Oct 31,2026",-75.2057405,39.9649869
"1167",65261,"R5691","Restaurant (Liquor)","Active","WP LLC","WP LLC","129 W LAUREL ST, PHILADELPHIA PA 19123-2325","129 W LAUREL ST, PHILADELPHIA PA 19123-2325",NA,"WILLIAM PROUD","Philadelphia County","Philadelphia City","Mar 25,2026","Oct 31,2026",-75.1389014,39.9651186
"1168",43759,"R965","Restaurant (Liquor)","Active","CONCHETTA, INC.","CONCHETTA, INC.","1700 S CHRISTOPHER COLUMBUS BLVD, PHILADELPHIA PA 19148","1700 S CHRISTOPHER COLUMBUS BLVD, PHILADELPHIA PA 19148","1700 COLUMBUS ASSOCIATES LLC","DEAN M PAGANO","Philadelphia County","Philadelphia City","Jun 10,2026","Oct 31,2026",-75.1447786,39.9252957
"1169",72351,"R11405","Restaurant (Liquor)","Active","POON TAING INC","POON TAING INC","1016-18 RACE ST, PHILADELPHIA PA 19107-2306","1016-18 RACE ST, PHILADELPHIA PA 19107-2306",NA,"KAYLA I RANKINE","Philadelphia County","Philadelphia City","Oct 1,2025","Oct 31,2026",-75.1566318,39.9553668
"1170",64095,"R6978","Restaurant (Liquor)","Active","CASMOS CAFE INC","THE COUCH TOMATO CAFE & TOMATO BISTRO","100-102 RECTOR ST, PHILADELPHIA PA 19127-1507","100-102 RECTOR ST, PHILADELPHIA PA 19127-1507",NA,"MICHAEL CASSANO","Philadelphia County","Philadelphia City","Jul 22,2025","Oct 31,2026",-75.2212759,40.0247533
"1171",27366,"R4624","Restaurant (Liquor)","Active","WALNUT HILL COLLEGE, INC","THE RESTAURANT SCHOOL","4207-09 WALNUT ST, PHILADELPHIA PA 19104","4207-09 WALNUT ST, PHILADELPHIA PA 19104",NA,"MARGARET LIBERATOSCIOLI","Philadelphia County","Philadelphia City","Sep 19,2025","Oct 31,2026",-75.2074747,39.9551006
"1172",70935,"R751","Restaurant (Liquor)","Active","HAO FENG RESTAURANT INC","HAO FENG RESTAURANT INC","2558 N 5TH ST, PHILADELPHIA PA 19133-2601","2558 N 5TH ST, PHILADELPHIA PA 19133-2601",NA,"XIANNUO WANG","Philadelphia County","Philadelphia City","Jul 23,2025","Oct 31,2026",-75.1407992,39.990457
"1173",61639,"R7294","Restaurant (Liquor)","Active","DAS 2028 INC","DAS 2028 INC","2028-30 FAIRMOUNT AVE, PHILADELPHIA PA 19130-2609","2028-30 FAIRMOUNT AVE, PHILADELPHIA PA 19130-2609",NA,"VERNON SWEET","Philadelphia County","Philadelphia City","Aug 8,2025","Oct 31,2026",-75.1712765,39.9670346
"1174",72347,"R1364","Restaurant (Liquor)","Active","SJP II INC","SJP II INC","1835 ARCH ST GROUND LEVEL, PHILADELPHIA PA 19103-2712","1835 ARCH ST GROUND LEVEL, PHILADELPHIA PA 19103-2712","FC BELL ASSOCIATES L.P.","KENNETH J MERRIMAN","Philadelphia County","Philadelphia City","Jul 15,2025","Oct 31,2026",-75.1709086,39.9556529
"1175",53367,"R96","Restaurant (Liquor)","Active","SMOKEY JOE'S, INC.","SMOKEY JOE'S","208 S 40TH ST, PHILADELPHIA PA 19104-3512","208 S 40TH ST, PHILADELPHIA PA 19104-3512","UNIVERSITY CITY ASSOCIATES","PAUL RYAN","Philadelphia County","Philadelphia City","Aug 7,2025","Oct 31,2026",-75.202896,39.9536781
"1176",67954,"R1360","Restaurant (Liquor)","Active","LOCUST 13 INC","LOCUST 13 INC","1234 LOCUST ST, PHILADELPHIA PA 19107-5612","1234 LOCUST ST, PHILADELPHIA PA 19107-5612",NA,"TERENCE P LEWIS","Philadelphia County","Philadelphia City","Jul 7,2025","Oct 31,2026",-75.1621843,39.947808
"1177",133084,"R1667","Restaurant (Liquor)","Active","MICHAEL'S FAMILY RESTAURANT VII, INC.","COUNTRY CLUB RESTAURANT","1717 COTTMAN AVE, PHILADELPHIA PA 19111-3802","1717 COTTMAN AVE, PHILADELPHIA PA 19111-3802","Petrogiannis Real Estate Partnership LP","GUS C PETROGIANNIS","Philadelphia County","Philadelphia City","Feb 11,2026","Oct 31,2026",-75.0704686,40.0540854
"1178",110642,"R3221","Restaurant (Liquor)","Active","SOLAR MYTH LLC","SOLAR MYTH LLC","1131 S BROAD ST, PHILADELPHIA PA 19147-4434","1131 S BROAD ST, PHILADELPHIA PA 19147-4434","FRANK DEL BORELLO","LAUREN M DEMERS","Philadelphia County","Philadelphia City","Mar 3,2026","Oct 31,2026",-75.1665541,39.9368353
"1179",12092,"R6048","Restaurant (Liquor)","Active","CHEERS CAFE, INC","CHEERS CAFE, INC","2601 E WESTMORELAND ST, PHILADELPHIA PA 19134-5217","2601 E WESTMORELAND ST, PHILADELPHIA PA 19134-5217",NA,"MARK CICHONSKI","Philadelphia County","Philadelphia City","Jul 8,2025","Oct 31,2026",-75.1010276,39.9868555
"1180",104830,"R1898","Restaurant (Liquor)","Active","2SEAPORT11 LLC","2SEAPORT11 LLC","211 S CHRISTOPHER COLUMBUS BLVD, PHILADELPHIA PA 19106-3101","901 N DELAWARE AVE, PHILADELPHIA PA 19123-3110","CITY OF PHILADELPHIA","ASHLEY L HUTTICK","Philadelphia County","Philadelphia City","Jun 11,2026","Oct 31,2026",-75.1405828,39.9457958
"1181",60290,"R1377","Restaurant (Liquor)","Active","1803 TAVERN LLC","STOGIE JOE'S TAVERN","1801-1803 EAST PASSYUNK AVE, PHILADELPHIA PA 19148-2127","1801-1803 EAST PASSYUNK AVE, PHILADELPHIA PA 19148-2127",NA,"DOMINICK LEUZZI","Philadelphia County","Philadelphia City","Sep 4,2025","Oct 31,2026",-75.1660069,39.9275347
"1182",67790,"R113","Restaurant (Liquor)","Active","LA PANTERA ROSA INC","LA PANTERA ROSA INC","301 E ALLEGHENY AVE, PHILADELPHIA PA 19134-2320","1806 CALLOWHILL ST, PHILADELPHIA PA 19130-4110",NA,"WILSON A VARGAS","Philadelphia County","Philadelphia City","Jun 10,2026","Oct 31,2026",-75.1252155,39.9982468
"1183",133091,"R15406","Restaurant (Liquor)","Active","2014 FOODS LLC","2014 FOODS LLC","2014 S BROAD ST, PHILADELPHIA PA 19145-2305","2014 S BROAD ST, PHILADELPHIA PA 19145-2305","BP PHILLY LLC","OMAR A HAMDAN","Philadelphia County","Philadelphia City","Aug 14,2026","Oct 31,2026",-75.1701793,39.9247988
"1184",67601,"R11382","Restaurant (Liquor)","Active","T D BEER INC","T D BEER INC","2262 E ALLEGHENY AVE, PHILADELPHIA PA 19134-3831","2262 E ALLEGHENY AVE, PHILADELPHIA PA 19134-3831",NA,"CHANG ZENG","Philadelphia County","Philadelphia City","Mar 12,2026","Oct 31,2026",-75.1076716,39.9895702
"1185",130286,"R7882","Restaurant (Liquor)","Active","1705 GARDEN LLC","1705 GARDEN LLC","1705 N AMERICAN ST, PHILADELPHIA PA 19122","502 WALNUT ST, PHILADELPHIA PA 19106","1705-63 N AMERICAN ALPHA LLC","SARAH L VARISANO","Philadelphia County","Philadelphia City","Jul 14,2026","Oct 31,2026",-75.1387701,39.9770382
"1186",71529,"R11379","Restaurant (Liquor)","Active","M & M LIQUOR INC","M & M LIQUOR INC","1 S 43RD ST, PHILADELPHIA PA 19104-2901","1 S 43RD ST, PHILADELPHIA PA 19104-2901",NA,"MIAO Z YU-NGO","Philadelphia County","Philadelphia City","May 18,2026","Oct 31,2026",-75.20799,39.957731
"1187",73034,"R7760","Restaurant (Liquor)","Active","SINAS WAYNE INC","SINAS WAYNE INC","4851-53 WAYNE AVE, PHILADELPHIA PA 19144-3627","7053 TERMINAL SQ, UPPER DARBY PA 19082-2217",NA,"Sina Kim","Philadelphia County","Philadelphia City","Jul 7,2025","Oct 31,2026",-75.1658747,40.0246463
"1188",28109,"R381","Restaurant (Liquor)","Active","1931 W. HUNTING PARK INC.","1931 W. HUNTING PARK INC.","1931 W HUNTING PARK AVE, PHILADELPHIA PA 19140-2826","1931 W HUNTING PARK AVE, PHILADELPHIA PA 19140-2826",NA,"LEEROY WATSON","Philadelphia County","Philadelphia City","Aug 13,2025","Oct 31,2026",-75.1591213,40.0137582
"1189",62009,"R5056","Restaurant (Liquor)","Active","RISTORANTE PESTO, INC","RISTORANTE PESTO","1915 S BROAD ST 1ST FL, PHILADELPHIA PA 19148-2216","1915 S BROAD ST 1ST FL, PHILADELPHIA PA 19148-2216",NA,"JOHN VARALLO","Philadelphia County","Philadelphia City","Jul 14,2025","Oct 31,2026",-75.1688992,39.9263524
"1190",87738,"R13488","Restaurant (Liquor)","Active","HAN DYNASTY OF UNIVERSITY CITY INC","HAN DYNASTY","3711 MARKET ST UNIT R-10, PHILADELPHIA PA 19104-5533","3711 MARKET ST UNIT R-10, PHILADELPHIA PA 19104-5533","WEXFORD - UCSC II LP","HAN M CHIANG","Philadelphia County","Philadelphia City","Oct 15,2025","Oct 31,2026",-75.1967669,39.9567561
"1191",69661,"R8698","Restaurant (Liquor)","Active","E J K INVESTMENTS LLC","E J K INVESTMENTS LLC","4149 E ROOSEVELT BLVD, PHILADELPHIA PA 19124-3003","4149 E ROOSEVELT BLVD, PHILADELPHIA PA 19124-3003",NA,"MONIRATH SOK","Philadelphia County","Philadelphia City","Oct 15,2025","Oct 31,2026",-75.1061106,40.0286691
"1192",67778,"R1722","Restaurant (Liquor)","Active","JET GREEN LLC","JET GREEN LLC","4943 N BROAD ST, PHILADELPHIA PA 19141","4943 N BROAD ST, PHILADELPHIA PA 19141",NA,"DEREK MENG","Philadelphia County","Philadelphia City","Jul 8,2025","Oct 31,2026",-75.1464877,40.0287724
"1193",109483,"R768","Restaurant (Liquor)","Active","HER PLACE LLC","HER PLACE SUPPER CLUB","1740 SANSOM ST, PHILADELPHIA PA 19103-5207","1740 SANSOM ST, PHILADELPHIA PA 19103-5207","ADR 18TH & SANSOM LLC","AMANDA L SHULMAN","Philadelphia County","Philadelphia City","Nov 19,2025","Oct 31,2026",-75.1701684,39.9507496
"1194",98643,"R8570","Restaurant (Liquor)","Active","DEC70 LLC","DEC70 LLC","700 N 2ND ST, PHILADELPHIA PA 19123-3008","700 N 2ND ST, PHILADELPHIA PA 19123-3008","SECOND AND FAIRMONT LLC","SEAN BUTLER-GALLIERA","Philadelphia County","Philadelphia City","Nov 25,2025","Oct 31,2026",-75.1413825,39.9620495
"1195",83232,"R3775","Restaurant (Liquor)","Active","PERUVIANS SB INC","PERUVIANS SB INC","20 S 2ND ST, PHILADELPHIA PA 19106-2802","20 S 2ND ST, PHILADELPHIA PA 19106-2802",NA,"MONSERRATH DE LOS ANGELES ARAYA CASTRO","Philadelphia County","Philadelphia City","May 20,2026","Oct 31,2026",-75.1440298,39.9494429
"1196",50570,"R3735","Restaurant (Liquor)","Active","MANPANTS, LLC","MANPANTS, LLC","1201-05 FRANKFORD AVE 109 EAST GIRARD AVE, PHILADELPHIA PA 19125-3905","1201-05 FRANKFORD AVE 109 EAST GIRARD AVE, PHILADELPHIA PA 19125-3905",NA,"PAUL R KIMPORT","Philadelphia County","Philadelphia City","Aug 8,2025","Oct 31,2026",-75.134266,39.9690922
"1197",101711,"R13580","Restaurant (Liquor)","Active","YM ART FOODS LLC","YM ART FOODS LLC","3940 BALTIMORE AVE, PHILADELPHIA PA 19104","3940 BALTIMORE AVE, PHILADELPHIA PA 19104","CITY OF PHILADELPHIA","CATHERINE S STEENSTRA","Philadelphia County","Philadelphia City","Aug 8,2025","Oct 31,2026",-75.2029892,39.9497457
"1198",73328,"R651","Restaurant (Liquor)","Active","BIG RYAN'S RESTAURANT INC","BIG RYAN'S RESTAURANT INC","4173-4175 GERMANTOWN AVE, PHILADELPHIA PA 19140-2947","1806 CALLOWHILL ST, PHILADELPHIA PA 19130-4110","MERDINA EDWARDS","VUTTHA KUCH","Philadelphia County","Philadelphia City","Jul 23,2025","Oct 31,2026",-75.1547019,40.0179552
"1199",63100,"R7787","Restaurant (Liquor)","Active","LE VIET, LLC","LE VIET, LLC","1019-21 S 11TH ST, PHILADELPHIA PA 19147-3829","1019-21 S 11TH ST, PHILADELPHIA PA 19147-3829",NA,"BRUCE CAO","Philadelphia County","Philadelphia City","Aug 21,2025","Oct 31,2026",-75.161038,39.937707
"1200",64739,"R1966","Restaurant (Liquor)","Active","BIERFISH RESTAURANT PARTNERS LP","BIERFISH RESTAURANT PARTNERS LP","1210-22 FRANKFORD AVE, PHILADELPHIA PA 19125-3906","1210-22 FRANKFORD AVE, PHILADELPHIA PA 19125-3906","RIVER CITY FLATS LP","FERDINAND R VLUG","Philadelphia County","Philadelphia City","Dec 19,2025","Oct 31,2026",-75.1346925,39.9694569
"1201",83701,"R4036","Restaurant (Liquor)","Active","KL 96 INC","KL 96 INC","900 N 66TH ST, PHILADELPHIA PA 19151-3101","900 N 66TH ST, PHILADELPHIA PA 19151-3101",NA,"KUNVATHA THETH","Philadelphia County","Philadelphia City","Jul 21,2025","Oct 31,2026",-75.2526041,39.976814
"1202",73418,"R11341","Restaurant (Liquor)","Active","SAND PHP LLC","SAND PHP LLC","10 AVE OF THE ARTS, PHILADELPHIA PA 19102-2500","5880 CENTRE AVE, PITTSBURGH PA 15206-3710",NA,"JOHN W CHRISTINZIO JR","Philadelphia County","Philadelphia City","Jul 24,2025","Oct 31,2026",-75.1643429,39.9512132
"1203",67970,"R4370","Restaurant (Liquor)","Active","2661 CAPITAL BEER INC","2661 CAPITAL BEER INC","2661-2663 E CUMBERLAND ST, PHILADELPHIA PA 19125-3722","2661-2663 E CUMBERLAND ST, PHILADELPHIA PA 19125-3722",NA,"BAO CAI CHEN","Philadelphia County","Philadelphia City","Sep 5,2025","Oct 31,2026",-75.1192578,39.9761271
"1204",128911,"R9105","Restaurant (Liquor)","Active","CIGARS ON SOUTHAMPTON LLC","HOLT'S HUMIDOR, BAR & LOUNGE","2990 SOUTHAMPTON RD, PHILADELPHIA PA 19154","12270 TOWNSEND RD, PHILADELPHIA PA 19154","CIGARS ON SOUTHAMPTON LLC","COLIN M CONNOR","Philadelphia County","Philadelphia City","Mar 13,2026","Oct 31,2026",-74.9833064,40.1029396
"1205",37666,"R5334","Restaurant (Liquor)","Active","WOOD BROTHERS BAR INC","WOOD BROTHERS BAR INC","200-202 S 13TH ST, PHILADELPHIA PA 19107","200-202 S 13TH ST, PHILADELPHIA PA 19107",NA,"MICHAEL WEISS","Philadelphia County","Philadelphia City","Jun 10,2026","Oct 31,2026",-75.162254,39.9490248
"1206",120687,"R298","Restaurant (Liquor)","Active","HOMECOOKED ON WALNUT LLC","HOMECOOKED ON WALNUT LLC","1222-24 WALNUT ST, PHILADELPHIA PA 19107","1222-24 WALNUT ST, PHILADELPHIA PA 19107","BEST FRIENDS PHILLY LLC","JUSTIN W JORDAN","Philadelphia County","Philadelphia City","Jun 11,2026","Oct 31,2026",-75.1617289,39.9488119
"1207",40777,"R9082","Restaurant (Liquor)","Active","YIN & GANG LLC","FORK","306 MARKET ST, PHILADELPHIA PA 19106-2704","306 MARKET ST, PHILADELPHIA PA 19106-2704",NA,"ELLEN YIN","Philadelphia County","Philadelphia City","Jul 22,2025","Oct 31,2026",-75.1456452,39.9480666
"1208",68137,"R11318","Restaurant (Liquor)","Active","CAMERON MITCHELL RESTAURANTS LLC","OCEAN PRIME","124-34 S 15TH ST 1500 SANSOM ST, PHILADELPHIA PA 19102-3002","124-34 S 15TH ST 1500 SANSOM ST, PHILADELPHIA PA 19102-3002",NA,"MARC OPPEN","Philadelphia County","Philadelphia City","Dec 4,2025","Oct 31,2026",-75.166091,39.95017
"1209",72122,"R6378","Restaurant (Liquor)","Active","PLENTY QUEEN VILLAGE LLC","PLENTY QUEEN VILLAGE LLC","705-707 S 5TH ST, PHILADELPHIA PA 19147-3005","705-707 S 5TH ST, PHILADELPHIA PA 19147-3005",NA,"CHRISTY-JAE G CHEYNE","Philadelphia County","Philadelphia City","Dec 30,2025","Oct 31,2026",-75.1509519,39.9400552
"1210",61531,"R6738","Restaurant (Liquor)","Active","DAVID ON INC","DAVID ON INC","6600-02 CASTOR AVE, PHILADELPHIA PA 19149-2120","6600-02 CASTOR AVE, PHILADELPHIA PA 19149-2120",NA,"DAVID ON","Philadelphia County","Philadelphia City","Aug 29,2025","Oct 31,2026",-75.075227,40.042223
"1211",71688,"R6399","Restaurant (Liquor)","Safekeeping","NGEJMC LLC","LAUREL EPX","1615-1617 E PASSYUNK AVE, PHILADELPHIA PA 19148-1121","1615-1617 E PASSYUNK AVE, PHILADELPHIA PA 19148-1121",NA,"NICHOLAS ELMI","Philadelphia County","Philadelphia City","Jan 16,2026","Oct 31,2026",-75.1636617,39.9294742
"1212",132570,"R8302","Restaurant (Liquor)","Safekeeping","DIDI 3748 LLC","DIDI 3748 LLC","3748 LANCASTER AVE RETAIL STE #2, PHILADELPHIA PA 19104","3748 LANCASTER AVE RETAIL STE #2, PHILADELPHIA PA 19104","LANCASTER CORRIDOR PARTNERS, LLC","BRANDON HUANG","Philadelphia County","Philadelphia City","Apr 23,2026","Oct 31,2026",-75.1967251,39.959727
"1213",68770,"R9091","Restaurant (Liquor)","Safekeeping","RAPHAELSGARDEN INC","RAPHAELSGARDEN INC","914-922 N 2ND ST, PHILADELPHIA PA 19123-2302","914-922 N 2ND ST, PHILADELPHIA PA 19123-2302",NA,"MATTHEW L CASSARO","Philadelphia County","Philadelphia City","Aug 31,2026","Oct 31,2026",-75.1408332,39.9646037
"1214",105719,"R16606","Restaurant (Liquor)","Safekeeping","BABY BLUES PHILLY LLC","BABY BLUES PHILLY","3432-36 SANSOM ST, PHILADELPHIA PA 19104-3404","3432-36 SANSOM ST, PHILADELPHIA PA 19104-3404","THE TRUSTEES OF THE UNIVERSITY OF PENNSYLVANIA","JOHN I FISCHER","Philadelphia County","Philadelphia City","Sep 1,2026","Oct 31,2026",-75.1932625,39.9535893
"1215",31479,"R7866","Restaurant (Liquor)","Safekeeping","RAUCHUT, INC.","RAUCHUT, INC.","6501 FRANKFORD AVE, PHILADELPHIA PA 19135-2506","6501 FRANKFORD AVE, PHILADELPHIA PA 19135-2506",NA,"KATHLEEN RAUCHUT","Philadelphia County","Philadelphia City","Sep 2,2026","Oct 31,2026",-75.0558661,40.0293271
"1216",69351,"R1707","Restaurant (Liquor)","Safekeeping","CKR2 LLC","CKR2 LLC","1706-08 LOMBARD ST, PHILADELPHIA PA 19146-1519","1706-08 LOMBARD ST, PHILADELPHIA PA 19146-1519",NA,"CAITLIN RORER","Philadelphia County","Philadelphia City","Sep 9,2025","Oct 31,2026",-75.1704811,39.9451938
"1217",59256,"R744","Restaurant (Liquor)","Safekeeping","LA CUIDAD LLC","LA CUIDAD LLC","3945 CHESTNUT ST, PHILADELPHIA PA 19104-3621","3945 CHESTNUT ST, PHILADELPHIA PA 19104-3621",NA,"DAVID RODRIGUEZ","Philadelphia County","Philadelphia City","May 22,2026","Oct 31,2026",-75.2019266,39.9559214
"1218",130778,"SO60775","Special Occasion Permit","Active","SCHUYLKILL CENTER FOR ENVIRONMENTAL EDUCATION","SCHUYLKILL CENTER FOR ENVIRONMENTAL EDUCATION","8480 HAGYS MILL RD, PHILADELPHIA PA 19128-1938","8480 HAGYS MILL RD, PHILADELPHIA PA 19128-1938",NA,NA,"Philadelphia County","Philadelphia City","May 4,2026","Dec 31,2026",-75.244621,40.060262
"1219",130239,"SO60399","Special Occasion Permit","Active","EAST FALLS FORWARD","EAST FALLS FORWARD","3721 MIDVALE AVE, PHILADELPHIA PA 19129-1743","3721 MIDVALE AVE, PHILADELPHIA PA 19129-1743",NA,NA,"Philadelphia County","Philadelphia City","Aug 17,2026","Dec 31,2026",-75.1935242,40.0097205
"1220",129327,"SO59810","Special Occasion Permit","Active","VOX POPULI","VOX POPULI","319 N 11TH ST 3RD FL, PHILADELPHIA PA 19107-1300","319 N 11TH ST 3RD FL, PHILADELPHIA PA 19107-1300",NA,NA,"Philadelphia County","Philadelphia City","Jan 8,2026","Dec 31,2026",-75.1565902,39.9582889
"1221",130956,"SO60910","Special Occasion Permit","Active","THE MEXICAN FOLKLORIC DANCE SOCIETY OF NEW YORK","THE MEXICAN FOLKLORIC DANCE SOCIETY OF NEW YORK","111 CATSKILL AVE, YONKERS NY 10704-1972","111 CATSKILL AVE, YONKERS NY 10704-1972",NA,NA,"Philadelphia County","Philadelphia City","Jun 15,2026","Dec 31,2026",-73.8633652,40.9282215
"1222",134330,"SO61956","Special Occasion Permit","Active","VINES FOUNDATION","VINES FOUNDATION","1010 WHITBY AVE, LANSDOWNE PA 19050-3512","1010 WHITBY AVE, LANSDOWNE PA 19050-3512",NA,NA,"Philadelphia County","Philadelphia City","Sep 8,2026","Dec 31,2026",-75.246877,39.935745
"1223",135709,NA,"Special Occasion Permit (Malt)","Pending","ACHIEVEABILITY","ACHIEVEABILITY","5901 MARKET ST, PHILADELPHIA PA 19139-3117","5901 MARKET ST, PHILADELPHIA PA 19139-3117",NA,NA,"Philadelphia County","Philadelphia City",NA,"Dec 31,2026",-75.239132,39.9620586
"1224",134623,NA,"Airport Restaurant (Liquor)","Pending","GIDEON TOAL MANAGEMENT SERVICES LLC","ESCAPE LOUNGE","8500 ESSINGTON AVE TERMINAL D SPACE D6-D8, PHILADELPHIA PA 19153-7070","2401 SCOTT AVE STE 106, FORT WORTH TX 76103-2228","CITY OF PHILADELPHIA","ALVIN H BROWN","Philadelphia County","Philadelphia City",NA,NA,-75.2418899,39.8787479
"1225",118837,NA,"Special Occasion Permit","Pending","LEGACY YOUTH TENNIS AND EDUCATION","LEGACY YOUTH TENNIS AND EDUCATION","4842 RIDGE AVE, PHILADELPHIA PA 19129-1737","4842 RIDGE AVE, PHILADELPHIA PA 19129-1737",NA,NA,"Philadelphia County","Philadelphia City",NA,"Dec 31,2026",-75.2030383,40.0130272
"1226",134680,"R1622","Restaurant (Liquor)","Pending","2004 NORTH FRONT STREET BAR & PIZZA COMPANY","2004 NORTH FRONT STREET BAR & PIZZA COMPANY","2004 N FRONT ST, PHILADELPHIA PA 19122-1700","2004 N FRONT ST, PHILADELPHIA PA 19122-1700",NA,NA,"Philadelphia County","Philadelphia City",NA,"Oct 31,2026",-75.1333892,39.980377
"1227",135703,"D3324","Distributor (Malt)","Pending","SIP & THANKS INC","SOCIETY HILL BEVERAGE","129-143 WASHINGTON AVE, PHILADELPHIA PA 19147-4234","129-143 WASHINGTON AVE, PHILADELPHIA PA 19147-4234",NA,NA,"Philadelphia County","Philadelphia City",NA,"Oct 31,2027",-75.1468515,39.9340208
"1228",133632,"R14299","Restaurant (Liquor)","Pending","EQLI ENTERPRISES INC","KRUPAS NEIGHBORHOOD TAVERN","2701 BROWN ST, PHILADELPHIA PA 19130-1703","2701 BROWN ST, PHILADELPHIA PA 19130-1703","IMW HOLDINGS LLC","DANIEL H TYRELL","Philadelphia County","Philadelphia City",NA,"Oct 31,2026",-75.1813538,39.9706724
"1229",135317,"R2651","Restaurant (Liquor)","Pending","JADARY LLC","JADARY LLC","1175 LUDLOW ST, PHILADELPHIA PA 19107","1175 LUDLOW ST, PHILADELPHIA PA 19107",NA,NA,"Philadelphia County","Philadelphia City",NA,"Oct 31,2026",-75.1587444,39.9510964
"1230",135652,"R945","Restaurant (Liquor)","Pending","PROOF OF THE PUDDING BY MGR LLC","CITIZENS BANK PARK","1 CITIZENS BANK WAY, PHILADELPHIA PA 19148-5205","1 CITIZENS BANK WAY, PHILADELPHIA PA 19148-5205",NA,NA,"Philadelphia County","Philadelphia City",NA,"Oct 31,2026",-75.1669417,39.9062666
"1231",121001,"AB56522","Alcohol Beverage","Active","STATESIDE BRANDS LLC","FEDERAL DISTILLING","161 CECIL B MOORE AVE UNIT 103, PHILADELPHIA PA 19122-3234","161 CECIL B MOORE AVE UNIT 103, PHILADELPHIA PA 19122-3234",NA,NA,"Philadelphia County","Philadelphia City","Jan 2,2025","Dec 31,2028",-75.1374339,39.976359
"1232",111,"AE211","Alcohol Tax-Exempt","Active","THE CHILDREN'S HOSPITAL OF PHILADELPHIA","THE CHILDREN'S HOSPITAL OF PHILADELPHIA","3401 CIVIC CENTER BLVD  PHARMACY DEPT A LEVEL, PHILADELPHIA PA 19104","3401 CIVIC CENTER BLVD  PHARMACY DEPT A LEVEL, PHILADELPHIA PA 19104",NA,NA,"Philadelphia County","Philadelphia City","Dec 23,2024","Dec 31,2028",-75.19474,39.9474559
"1233",133306,"AL61830","Limited Distillery","Active","CULTIVATIONS LLC","CULTIVATIONS","3500 SCOTTS LN UNIT D03, PHILADELPHIA PA 19129-1906","3500 SCOTTS LN UNIT D03, PHILADELPHIA PA 19129-1906","SCOTTS LANE HOLDINGS LLC","SCOTT H GRISWOLD","Philadelphia County","Philadelphia City","Apr 1,2026","Dec 31,2026",-75.1832828,40.0081293
"1234",117217,"AN53770","Alcohol Non-Beverage","Active","BIOANALYSIS LLC","MAKEN SOUTH","3401 I ST STE 206, PHILADELPHIA PA 19134-1442","3401 I ST STE 206, PHILADELPHIA PA 19134-1442",NA,NA,"Philadelphia County","Philadelphia City","Sep 12,2024","Dec 31,2028",-75.110158,39.9993932
"1235",110346,"AN49521","Alcohol Non-Beverage","Active","LEAL THERAPEUTICS INC","BDN CIRA LABS LLC","2929 ARCH ST, STE 1800, PHILADELPHIA PA 19104-2857","2929 ARCH ST, STE 1800, PHILADELPHIA PA 19104-2857",NA,NA,"Philadelphia County","Philadelphia City","Sep 12,2024","Dec 31,2028",-75.18189,39.9576873
"1236",83314,"AR32588","Airport Restaurant (Liquor)","Active","OTG MANAGEMENT PHL B, LLC","CIBO BISTRO AND WINE BAR","PHILADELPHIA INTERNATIONAL AIRPORT  8500 ESSINGTON AVE  TERMINAL B  SECOND FLOOR, PHILADELPHIA PA 19153-3701","PHILADELPHIA INTERNATIONAL AIRPORT  8500 ESSINGTON AVE  TERMINAL B  SECOND FLOOR, PHILADELPHIA PA 19153-3701","CITY OF PHILADELPHIA","MARIA S SCHMIDT","Philadelphia County","Philadelphia City","Jul 8,2025","Oct 31,2026",-75.2419857,39.8779187
"1237",64047,"B97","Bonded Warehouse (Liquor)","Active","DELAWARE AVENUE ENTERPRISES INC","DELAWARE AVENUE ENTERPRISES INC","3301 S COLUMBUS BLVD, PHILADELPHIA PA 19148-5118","3301 S COLUMBUS BLVD, PHILADELPHIA PA 19148-5118","PHILADELPHIA REGIONAL PORT AUTHORITY","MICHAEL HOLT","Philadelphia County","Philadelphia City","Sep 22,2025","Dec 31,2026",-75.1378878,39.906899
"1238",65963,"C3677","Club (Liquor)","Safekeeping","DIVISION IV OF THE ANCIENT ORDER OF HIBERNIANS INC","DIVISION IV OF THE ANCIENT ORDER OF HIBERNIANS INC","7163 HEGERMAN ST, PHILADELPHIA PA 19135-1329","7163 HEGERMAN ST, PHILADELPHIA PA 19135-1329","THE HEGERMAN GROUP","JAMES BOCK","Philadelphia County","Philadelphia City","Jul 20,2026","Oct 31,2026",-75.0359361,40.0280773
"1239",2920,"C338","Club (Liquor)","Active","ADAM KOWALSKI POST NO. 1 POLISH LEGION OF AMERICAN VETERANS","ADAM KOWALSKI POST NO. 1 POLISH LEGION OF AMERICAN VETERANS","504-508 HERMIT ST, PHILADELPHIA PA 19127-1710","504-508 HERMIT ST, PHILADELPHIA PA 19128-2722","ADAM KOWALSKI POST NO. 1 POLISH LEGION OF AMERICAN VETERANS","STANLEY A MELUSKY","Philadelphia County","Philadelphia City","Nov 17,2025","Oct 31,2026",-75.2072305,40.0245458
"1240",1073,"C1784","Club (Liquor)","Active","THE RABBIT","THE RABBIT","2200-B BELMONT AVE, PHILADELPHIA PA 19131","2200-B BELMONT AVE, PHILADELPHIA PA 19131","THE RABBIT","DONNA M HASSON","Philadelphia County","Philadelphia City","Aug 28,2025","Oct 31,2026",-75.2240538,39.9975969
"1241",124407,"C2397","Club (Liquor)","Active","ARTS ACROSS GENRES","VELVET WHIP ARTS & SOCIAL","319 N 11TH ST (BASEMENT), PHILADELPHIA PA 19107","319 N 11TH ST (BASEMENT), PHILADELPHIA PA 19107","ROBERT B WEINSTEIN","COLIN KENNEY","Philadelphia County","Philadelphia City","Nov 6,2025","Oct 31,2026",-75.1565902,39.9582889
"1242",534,"C263","Club (Liquor)","Active","CHARLES P MCMENAMY POST NO 178 AMERICAN LEGION","CHARLES P MCMENAMY POST NO 178 AMERICAN LEGION","8041-43 FRANKFORD AVE, PHILADELPHIA PA 19136","8041-43 FRANKFORD AVE, PHILADELPHIA PA 19136","CHARLES P MCMENAMY POST NO 178 AMERICAN LEGION","TERESA LANGE","Philadelphia County","Philadelphia City","Oct 21,2025","Oct 31,2026",-75.0263767,40.0418347
"1243",1720,"C3702","Club (Liquor)","Active","COLONEL CHARLES YOUNG POST #16 UNITED AMERICAN WAR VETERANS","COLONEL CHARLES YOUNG POST #16 UNITED AMERICAN WAR VETERANS","155-159 E SHARPNACK ST, PHILADELPHIA PA 19119-2239","155-159 E SHARPNACK ST, PHILADELPHIA PA 19119-2239","COLONEL CHARLES YOUNG POST #16 UNITED AMERICAN WAR VETERANS","PHILLIP LAWS","Philadelphia County","Philadelphia City","May 19,2026","Oct 31,2026",-75.1812067,40.0523604
"1244",756,"C913","Club (Liquor)","Active","AMERICAN DEFENDERS CIVIC ASSN. INC.","AMERICAN DEFENDERS CIVIC ASSN. INC.","2111 W TIOGA ST, PHILADELPHIA PA 19140-3922","2111 W TIOGA ST, PHILADELPHIA PA 19140-3922","AMERICAN DEFENDERS CIVIC ASSN. INC.","JOHNNIE WILLIAMS","Philadelphia County","Philadelphia City","Aug 13,2025","Oct 31,2026",-75.1639758,40.007986
"1245",1468,"C2998","Club (Liquor)","Active","PLAYS & PLAYERS CLUB","PLAYS & PLAYERS CLUB","1714-16 DELANCEY ST, PHILADELPHIA PA 19103","1714-16 DELANCEY ST, PHILADELPHIA PA 19103","PLAYS & PLAYERS CLUB","LINDA J GRYN","Philadelphia County","Philadelphia City","Aug 25,2025","Oct 31,2026",-75.170383,39.9468114
"1246",898,"C1319","Club (Liquor)","Active","AMERICAN LEGION INC. WM. P. ROCHE POST NO. 21","AMERICAN LEGION INC. WM. P. ROCHE POST NO. 21","6400 PASCHALL AVE, PHILADELPHIA PA 19142-2317","6400 PASCHALL AVE, PHILADELPHIA PA 19142-2317","ALBERT F WILLIS","MICHAEL HARRIS","Philadelphia County","Philadelphia City","Sep 5,2025","Oct 31,2026",-75.2318219,39.9249633
"1247",1377,"CC53342","Catering Club (Liquor)","Active","GARDENDALE ATHLETIC & SOCIAL CLUB","GARDENDALE ATHLETIC & SOCIAL CLUB","421 N 9TH ST, PHILADELPHIA PA 19123","421 N 9TH ST, PHILADELPHIA PA 19123",NA,"CARL W PEARSON","Philadelphia County","Philadelphia City","Nov 13,2025","Oct 31,2026",-75.1529044,39.9609895
"1248",37196,"CC1951","Catering Club (Liquor)","Active","SPRINKLER FITTERS & APPRENTICES LOC UN 692 OF THE UNITED ASSN OF JOURNEYMAN & APPRENTICES","SPRINKLER FITTERS & APPRENTICES LOC UN 692 OF THE UNITED ASSN OF JOURNEYMAN & APPRENTICES","14002 MCNULTY RD, PHILADELPHIA PA 19154","14002 MCNULTY RD, PHILADELPHIA PA 19154","SPRINKLER FITTERS & APPRENTICES LOC UN 692 OF THE UNITED ASSN OF JOURNEYMAN & APPRENTICES","CHARLES M WALKER","Philadelphia County","Philadelphia City","Aug 19,2025","Oct 31,2026",-74.9747249,40.1073895
"1249",106934,"D46950","Distributor (Malt)","Active","PITT BEER LLC","PITT BEER LLC","400 N 6TH ST, PHILADELPHIA PA 19123","400 N 6TH ST, PHILADELPHIA PA 19123","PHWSJ DOB CORPORATION","KELLY ANN R CODY","Philadelphia County","Philadelphia City","Jul 29,2025","Oct 31,2026",-75.1491536,39.9583798
"1250",128893,"D2838","Distributor (Malt)","Active","CRITTENDEN BEVERAGES INC","CRITTENDEN BEVERAGES INC","7721 CRITTENDEN ST, PHILADELPHIA PA 19118","7721 CRITTENDEN ST, PHILADELPHIA PA 19118","MARKET SQUARE PLAZA I, LLC","GABRIEL D PUGMAN","Philadelphia County","Philadelphia City","May 12,2026","Oct 31,2026",-75.1949147,40.0726514
"1251",54029,"D603","Distributor (Malt)","Active","BELL BEVERAGE, INC","BELL BEVERAGE, INC","2809 S FRONT ST, PHILADELPHIA PA 19148-4837","2809 S FRONT ST, PHILADELPHIA PA 19148-4837",NA,"FRANK PALLADINETTI","Philadelphia County","Philadelphia City","Aug 18,2025","Oct 31,2026",-75.1499777,39.9117548
"1252",97706,"D67","Distributor (Malt)","Active","ONE BEER STOP DISTRIBUTOR INC","ONE BEER STOP","4274 ADAMS AVE, PHILADELPHIA PA 19124","4274 ADAMS AVE, PHILADELPHIA PA 19124","FANG LAOV","PHUONG H UNG","Philadelphia County","Philadelphia City","Nov 10,2025","Oct 31,2026",-75.0927389,40.0129655
"1253",66250,"D1825","Distributor (Malt)","Active","SHREE KHODAL INC","SHREE KHODAL INC","7631 RIDGE AVE, PHILADELPHIA PA 19128-3139","7631 RIDGE AVE, PHILADELPHIA PA 19128-3139","RAKESHKUMAR R PATEL","RAKESHKUMAR R PATEL","Philadelphia County","Philadelphia City","Jul 8,2025","Oct 31,2026",-75.2351898,40.0517639
"1254",50302,"D744","Distributor (Malt)","Active","LUCKY BEER DISTRIBUTOR,INC.","LUCKY BEER DISTRIBUTOR,INC.","2715 S FRONT ST, STE 7, PHILADELPHIA PA 19148","2715 S FRONT ST, STE 7, PHILADELPHIA PA 19148","SOUTH PHILLY PLAZA LLC","ADRIAN Y JOHNSON","Philadelphia County","Philadelphia City","Jul 17,2025","Oct 31,2026",-75.1496219,39.9130892
"1255",57481,"D3142","Distributor (Malt)","Active","3654 INC","PERALTA BEER DISTRIBUTOR","3654-56 N 7TH ST, PHILADELPHIA PA 19140-4413","3654-56 N 7TH ST, PHILADELPHIA PA 19140-4413","JOSE O ESTEVEZ REYES","JOSE O ESTEVEZ REYES","Philadelphia County","Philadelphia City","Jan 5,2026","Oct 31,2026",-75.1407424,40.0076031
"1256",131282,"DWS61094","Direct Wine Shipper","Active","MERMEAD LLC","MERMEAD LLC","845 S 55TH ST UNIT 310, PHILADELPHIA PA 19143-3142","220 CENTRAL AVE, GLENSIDE PA 19038-1206",NA,NA,"Philadelphia County","Philadelphia City","Sep 4,2025","Dec 31,2026",-75.2330427,39.9459328
"1257",129052,"E193","Eating Place Retail Dispenser (Malt)","Active","YOUNG AND SAE INC","MARTIN'S DELI","2764-72 KENSINGTON AVE, PHILADELPHIA PA 19134-3441","2764-72 KENSINGTON AVE, PHILADELPHIA PA 19134-3441","SONG KI SOO SONG KEUM RYE","SEJEEN YANG","Philadelphia County","Philadelphia City","Jul 14,2026","Oct 31,2026",-75.123243,39.991283
"1258",120464,"E2308","Eating Place Retail Dispenser (Malt)","Active","DANNY DS ONE LLC","MIKE'S BBQ","1703 S 11TH ST, PHILADELPHIA PA 19148","1703 S 11TH ST, PHILADELPHIA PA 19148","JOHN CAMMARATA & DONNA CAMMARATA","DANIEL S GROBMAN","Philadelphia County","Philadelphia City","Apr 16,2026","Oct 31,2026",-75.1631975,39.9284133
"1259",59254,"E2658","Eating Place Retail Dispenser (Malt)","Active","S & B SPRUCE MARKET INC","S & B SPRUCE MARKET INC","1523-25 SPRUCE ST, PHILADELPHIA PA 19102-4501","1523-25 SPRUCE ST, PHILADELPHIA PA 19102-4501",NA,"SEUNG BOG LEE","Philadelphia County","Philadelphia City","Jan 17,2026","Oct 31,2026",-75.1673969,39.947723
"1260",104698,"E4299","Eating Place Retail Dispenser (Malt)","Active","TAYLORSYD LLC","TAYLORSYD LLC","242 WHARTON ST(FRONT), PHILADELPHIA PA 19147","242 WHARTON ST(FRONT), PHILADELPHIA PA 19147","NEOGENESIS 1 LLC","JOSEPH R ARBITMAN","Philadelphia County","Philadelphia City","Oct 21,2025","Oct 31,2026",-75.1496775,39.9314497
"1261",119582,"E84","Eating Place Retail Dispenser (Malt)","Active","UNCLE OOGIES STADIUM GRILL LLC","UNCLE OOGIES STADIUM GRILL","700 PATTISON AVE UNIT #3, PHILADELPHIA PA 19148","700 PATTISON AVE UNIT #3, PHILADELPHIA PA 19148","JMDH Real Estate of Philadelphia, LLC","THOMAS DEENEY","Philadelphia County","Philadelphia City","Jul 16,2025","Oct 31,2026",-75.1637853,39.9011321
"1262",5739,"E4193","Eating Place Retail Dispenser (Malt)","Active","400 SOUTH CORP","JIM'S STEAKS","400 AND 402 SOUTH ST, PHILADELPHIA PA 19147-1521","400 AND 402 SOUTH ST, PHILADELPHIA PA 19147-1521","MCKL PROPERTIES, LP","KENNETH B SILVER","Philadelphia County","Philadelphia City","Jul 22,2025","Oct 31,2026",-75.1494164,39.9414801
"1263",5783,"E4688","Eating Place Retail Dispenser (Malt)","Active","FELTON GALLON, JR","CAROLINA MARKET","2637 W LEHIGH AVE, PHILADELPHIA PA 19132-3121","2637 W LEHIGH AVE, PHILADELPHIA PA 19132-3121",NA,"FELTON GALLON JR","Philadelphia County","Philadelphia City","Oct 31,2025","Oct 31,2026",-75.1750529,39.9967074
"1264",72172,"E311","Eating Place Retail Dispenser (Malt)","Safekeeping","ONE EYE DEER INC","ONE EYE DEER INC","2425-27 WELSH RD, PHILADELPHIA PA 19114-2219","2425-27 WELSH RD, PHILADELPHIA PA 19114-2219",NA,"SOCHEAT HENG","Philadelphia County","Philadelphia City","Nov 10,2025","Oct 31,2026",-75.0316804,40.0710009
"1265",43129,"E2158","Eating Place Retail Dispenser (Malt)","Active","CELEBRE'S PIZZERIA, INC.","CELEBRE'S PIZZERIA","PACKER PARK SHPPG CTR 1536 PACKER AVE, PHILADELPHIA PA 19145-5407","PACKER PARK SHPPG CTR 1536 PACKER AVE, PHILADELPHIA PA 19145-5407",NA,"JAMES MARCELLA","Philadelphia County","Philadelphia City","Aug 15,2025","Oct 31,2026",-75.175324,39.9113855
"1266",107438,"E33","Eating Place Retail Dispenser (Malt)","Active","OLYMPIA GYRO INC","OLYMPIA GYRO INC","1136 ARCH ST UNIT 436 & 488, PHILADELPHIA PA 19107","1136 ARCH ST UNIT 436 & 488, PHILADELPHIA PA 19107","READING TERMINAL MARKET CORPORATION","ATHANASIOS VOULGARIDIS","Philadelphia County","Philadelphia City","Sep 29,2025","Oct 31,2026",-75.1589787,39.9533889
"1267",90655,"G39402","Brewery","Active","PUNCH BUGGY BREWING COMPANY","PUNCH BUGGY BREWING COMPANY","1445 N AMERICAN ST, PHILADELPHIA PA 19122","1445 N AMERICAN ST, PHILADELPHIA PA 19122","Meletios Athanasiadis","ROBERT J CLARK III","Philadelphia County","Philadelphia City","Mar 26,2026","Dec 31,2026",-75.139593,39.9736526
"1268",65105,"G439","Brewery","Safekeeping","C & D BREWING COMPANY OF CHESTNUT HILL, LLC","IRON HILL BREWERY & RESTAURANT","8400 GERMANTOWN AVE STE 2, PHILADELPHIA PA 19118-3328","8400 GERMANTOWN AVE STE 2, PHILADELPHIA PA 19118-3328",NA,"TIMOTHY P COLLINS","Philadelphia County","Philadelphia City","Dec 30,2025","Dec 31,2026",-75.2054628,40.0751842
"1269",134008,"GS61929","Brewery Storage","Active","LOVE CITY BREWING COMPANY","LOVE CITY BREWING COMPANY","4323 MAIN ST, PHILADELPHIA PA 19127-1516","4323 MAIN ST, PHILADELPHIA PA 19127-1516","JANE R LIPTON","MELISSA L WALTER","Philadelphia County","Philadelphia City","May 8,2026","Dec 31,2026",-75.2227694,40.0253102
"1270",54544,"H5856","Hotel (Liquor)","Active","PENN'S LANDING PARTNERS PROJECT, LLC","HILTON PHILADELPHIA AT PENNS LANDING","201 S CHRISTOPHER COLUMBUS BLVD, PHILADELPHIA PA 19106-3101","201 S CHRISTOPHER COLUMBUS BLVD, PHILADELPHIA PA 19106-3101","PENN'S LANDING PARTNERS","JOHN KROLL","Philadelphia County","Philadelphia City","Sep 2,2025","Oct 31,2026",-75.1413514,39.9453838
"1271",49971,"H5725","Hotel (Liquor)","Active","UPENN HOSPITALITY INC","SHERATON UNIVERSITY CITY HOTEL","NE CORNER 36TH & CHESTNUT STS, PHILADELPHIA PA 19104","NE CORNER 36TH & CHESTNUT STS, PHILADELPHIA PA 19104","THE TRUSTEES OF THE UNIVERSITY OF PENNSYLVANIA","MICHAEL N BENNETT","Philadelphia County","Philadelphia City","Apr 28,2026","Oct 31,2026",NA,NA
"1272",72439,"H5818","Hotel (Liquor)","Active","SAGE CLIENT 258 LLC","THE LOGAN","ONE LOGAN SQ, PHILADELPHIA PA 19103-6933","ONE LOGAN SQ, PHILADELPHIA PA 19103-6933",NA,"ALEXANDRA LARA  BLAIR","Philadelphia County","Philadelphia City","Nov 3,2025","Oct 31,2026",-75.1703603,39.9574143
"1273",113442,"H52538","Hotel (Liquor)","Active","EAT IT UP LLC","EAT IT UP LLC","525 N 11TH ST, PHILADELPHIA PA 19123-3321","525 N 11TH ST, PHILADELPHIA PA 19123-3321","PA RIDGE ASSOCIATES","CARLOS J COLLAZO JR","Philadelphia County","Philadelphia City","Sep 9,2025","Oct 31,2026",-75.1553589,39.9624855
"1274",57450,"H5271","Hotel (Liquor)","Active","MHI HOSPITALITY TRS LLC","DOUBLETREE BY HILTON PHILADELPHIA","4509 ISLAND AVE, PHILADELPHIA PA 19153-3885","4509 ISLAND AVE, PHILADELPHIA PA 19153-3885",NA,"DUSTIN M RUIZ","Philadelphia County","Philadelphia City","Oct 14,2025","Oct 31,2026",-75.2322271,39.8886599
"1275",66729,"H6333","Hotel (Liquor)","Active","CAMBRIDGE TRS INC AND SONESTA INTERNATIONAL HOTELS CORPORATION","SONESTA HOTEL PHILADELPHIA","1800 MARKET ST, PHILADELPHIA PA 19103-3717","750 17TH ST NW SUITE 900, WASHINGTON DC 20006","CAMBRIDGE TRS INC AND SONESTA INTERNATIONAL HOTELS CORPORATION","SEBASTIAN PLOSS","Philadelphia County","Philadelphia City","Jul 14,2025","Oct 31,2026",-75.1704885,39.9529717
"1276",93135,"I38650","Importer","Active","MLS IMPORTS LLC","MLS IMPORTS LLC","321 FITZWATER ST, PHILADELPHIA PA 19147","321 FITZWATER ST, PHILADELPHIA PA 19147","MICHAEL L SEIDENBERG AND DEIRDRE CROWLEY","MICHAEL L SEIDENBERG","Philadelphia County","Philadelphia City","Jun 2,2026","Jun 30,2027",-75.1489214,39.9391976
"1277",128512,"IA59320","Transporter for Hire Class A","Active","K2R2 LOGISTICS LLC","K2R2 LOGISTICS LLC","3500 SCOTTS LANE C-01, PHILADELPHIA PA 19129-1836","3500 SCOTTS LANE C-01, PHILADELPHIA PA 19129-1836",NA,"DANIEL R RODRIGUEZ","Philadelphia County","Philadelphia City","Feb 3,2026","Dec 31,2026",-75.1832828,40.0081293
"1278",62401,"IA4178","Transporter for Hire Class A","Active","SKY CHEFS INC","LSG SKY CHEFS","8401 ESCORT ST, PHILADELPHIA PA 19153-3826","8401 ESCORT ST, PHILADELPHIA PA 19153-3826",NA,NA,"Philadelphia County","Philadelphia City","Jan 5,2026","Dec 31,2026",-75.22959,39.885309
"1279",108718,"IA48623","Transporter for Hire Class A","Active","MATELOT LLC","MATELOT","2155 CASTOR AVE, PHILADELPHIA PA 19134","3418 28TH ST #3R, ASTORIA NY 11106",NA,NA,"Philadelphia County","Philadelphia City","Dec 5,2025","Dec 31,2026",-75.0968494,39.9987797
"1280",104280,"LK50041","Limited Winery","Active","BLACOAK LLC","BLACOAK TASTING ROOM","6139 RIDGE AVE, PHILADELPHIA PA 19128-2627","3219 W ALLEGHENY AVE, PHILADELPHIA PA 19132","SCS INVESTMENTS LLC","AMEER J BLACKMON","Philadelphia County","Philadelphia City","May 21,2026","Dec 31,2026",-75.2163413,40.0347888
"1281",73083,"PV178","Public Venue Restaurant","Active","GALAXY RESTAURANTS CATERING GROUP LP","THE BARNES FOUNDATION","2025 BENJAMIN FRANKLIN PKWY, PHILADELPHIA PA 19130-3602","15950 N DALLAS PKY STE 400, DALLAS TX 75248",NA,"EMILY K BURSTER","Philadelphia County","Philadelphia City","Jan 8,2026","Oct 31,2026",-75.1725577,39.960522
"1282",61894,"R13692","Restaurant (Liquor)","Active","RESTAURANT 13 INC","RESTAURANT 13 INC","110 SOUTH 13TH ST, PHILADELPHIA PA 19107-4532","110 SOUTH 13TH ST, PHILADELPHIA PA 19107-4532","ROBINS REALTY PARTNERSHIP LP","VALERIE M SAFRAN","Philadelphia County","Philadelphia City","Jul 7,2025","Oct 31,2026",-75.1621608,39.9500062
"1283",72378,"R14420","Restaurant (Liquor)","Active","BNB LLC","BNB LLC","2629 E LEHIGH AVE, PHILADELPHIA PA 19125-3837","2301 E CUMBERLAND ST, PHILADELPHIA PA 19125-2205",NA,"NICHOLAS E FENTON","Philadelphia County","Philadelphia City","Aug 6,2025","Oct 31,2026",-75.1144449,39.9786465
"1284",53210,"R11342","Restaurant (Liquor)","Active","EL CANTINFIAS TACOS PLACE, INC.","EL CANTINFIAS TACOS PLACE, INC.","110-114 W DAUPHIN ST, PHILADELPHIA PA 19133-3703","110-114 W DAUPHIN ST, PHILADELPHIA PA 19133-3703",NA,"MIGDALIA MORALES","Philadelphia County","Philadelphia City","Oct 17,2025","Oct 31,2026",-75.1328617,39.9847877
"1285",13100,"R8125","Restaurant (Liquor)","Active","TOP SHELF LOUNGE, INC.","TOP SHELF LOUNGE, INC.","5564-66 MARKET ST, PHILADELPHIA PA 19139","5564-66 MARKET ST, PHILADELPHIA PA 19139",NA,"ARLEAN BOWMAN","Philadelphia County","Philadelphia City","Oct 31,2025","Oct 31,2026",-75.232658,39.960711
"1286",55570,"R8973","Restaurant (Liquor)","Active","BICA RESTAURANT INC","BICA RESTAURANT INC","6618 CASTOR AVE, PHILADELPHIA PA 19149-2120","6618 CASTOR AVE, PHILADELPHIA PA 19149-2120","ORLANDO JACOME","JOAO JACOME","Philadelphia County","Philadelphia City","Aug 21,2025","Oct 31,2026",-75.0747623,40.0426037
"1287",80495,"R11121","Restaurant (Liquor)","Active","OCHATTO INC","OCHATTO INC","3717 CHESTNUT ST, PHILADELPHIA PA 19104","3717 CHESTNUT ST, PHILADELPHIA PA 19104","CATHEDRAL PROPERTY HOLDING LLC","MANFEI CHEN","Philadelphia County","Philadelphia City","Aug 20,2025","Oct 31,2026",-75.1968979,39.9553742
"1288",56722,"R11350","Restaurant (Liquor)","Active","FESTIVALS INTERNATIONAL INC","FESTIVALS INTERNATIONAL INC","5222-5224 WALNUT ST, PHILADELPHIA PA 19139-4026","5222-5224 WALNUT ST, PHILADELPHIA PA 19139-4026",NA,"MICHAEL J GURLEY","Philadelphia County","Philadelphia City","Sep 10,2025","Oct 31,2026",-75.2263301,39.9568226
"1289",129332,"R3187","Restaurant (Liquor)","Active","MAYFAIR SPORTS BAR & GRILL INC","MAYFAIR SPORTS BAR & GRILL INC","6901 FRANKFORD AVE, PHILADELPHIA PA 19135-1613","6901 FRANKFORD AVE, PHILADELPHIA PA 19135-1613","MICHAEL CAPOBIANCO","GENET ABRAHAM","Philadelphia County","Philadelphia City","Oct 21,2025","Oct 31,2026",-75.0483137,40.0328428
"1290",45092,"R1675","Restaurant (Liquor)","Active","THE AMERICAN SARDINE BAR INC","SOUTH PHILLY TAP ROOM","1509-11 MIFFLIN ST, PHILADELPHIA PA 19145-2231","1509-11 MIFFLIN ST, PHILADELPHIA PA 19145-2231",NA,"JOSHUA L RADCLIFF","Philadelphia County","Philadelphia City","Apr 30,2026","Oct 31,2026",-75.1714683,39.9272838
"1291",133198,"R4242","Restaurant (Liquor)","Active","IP ENTERPRISE INC","IP ENTERPRISE INC","202 1/2-204 1/2 S 43RD ST & 4302 WALNUT ST, PHILADELPHIA PA 19104-2936","202 1/2-204 1/2 S 43RD ST & 4302 WALNUT ST, PHILADELPHIA PA 19104-2936","HOA HUA AND NUOI HUA","MANPREET S ANAND","Philadelphia County","Philadelphia City","Feb 26,2026","Oct 31,2026",-85.8253631,38.2436252
"1292",39988,"R17","Restaurant (Liquor)","Active","121 MIDNIGHT, INC.","121 MIDNIGHT, INC.","121 E WESTMORELAND ST, PHILADELPHIA PA 19134-1657","121 E WESTMORELAND ST, PHILADELPHIA PA 19134-1657",NA,"ORLANDO RIVERA","Philadelphia County","Philadelphia City","Aug 20,2025","Oct 31,2026",-75.1281702,40.0002069
"1293",131627,"R5200","Restaurant (Liquor)","Active","PINE STREET GRILL LLC","PINE STREET GRILL LLC","2227 PINE ST, PHILADELPHIA PA 19103-6515","2227 PINE ST, PHILADELPHIA PA 19103-6515","ADR 2227 PINE LLC","ALLYSON E ALLEN","Philadelphia County","Philadelphia City","Dec 10,2025","Oct 31,2026",-75.1791826,39.9474534
"1294",67078,"R2358","Restaurant (Liquor)","Active","FOND BISTRO INC","FOND BISTRO INC","1537 SOUTH 11TH ST, PHILADELPHIA PA 19147-6335","1537 SOUTH 11TH ST, PHILADELPHIA PA 19147-6335",NA,"LEE M STYER","Philadelphia County","Philadelphia City","Jul 15,2025","Oct 31,2026",-75.1628835,39.9298662
"1295",52236,"R13584","Restaurant (Liquor)","Active","4004 SPRUCE STREET CORP.","4004 SPRUCE STREET CORP.","4000-04 SPRUCE ST, PHILADELPHIA PA 19104-4117","4000-04 SPRUCE ST, PHILADELPHIA PA 19104-4117",NA,"CHRISTOPHER A HANS","Philadelphia County","Philadelphia City","Jul 8,2025","Oct 31,2026",-75.2033543,39.9515658
"1296",62917,"R15461","Restaurant (Liquor)","Active","CONNIE'S RIC RAC INC","CONNIE'S RIC RAC","1130-32 S 9TH ST, PHILADELPHIA PA 19147-4610","1130-32 S 9TH ST, PHILADELPHIA PA 19147-4610",NA,"MARIA C MARTINEZ GUERRERO","Philadelphia County","Philadelphia City","Oct 30,2025","Oct 31,2026",-75.158847,39.935588
"1297",70850,"R642","Restaurant (Liquor)","Active","D & R RUBIO INC","D & R RUBIO INC","2001 W YORK ST, PHILADELPHIA PA 19132-3715","2001 W YORK ST, PHILADELPHIA PA 19132-3715",NA,"JOSE R RUBIO","Philadelphia County","Philadelphia City","May 6,2026","Oct 31,2026",-75.1652027,39.9907582
"1298",128053,"R4911","Restaurant (Liquor)","Active","THIRD AND MOYAMENSING LLC","HERMAN'S","1313 S 3RD ST, PHILADELPHIA PA 19147","1313 S 3RD ST, PHILADELPHIA PA 19147","THIRD STREET REAL ESTATE LLC","MATHEW V FALCO","Philadelphia County","Philadelphia City","Jun 22,2026","Oct 31,2026",-75.1497012,39.9313575
"1299",94924,"R40281","Restaurant (Liquor)","Active","KFAR LLC","KFAR LLC","112 S 19TH ST  & 1900-06 CHESTNUT ST, PHILADELPHIA PA 19103","1315 WALNUT  ST STE 700, PHILADELPHIA PA 19107","CHESTNUT SQUARE ASSOCIATES LP","MICHELLE E CUDIA","Philadelphia County","Philadelphia City","Jul 30,2025","Oct 31,2026",-75.1723793,39.9513843
"1300",62854,"R7578","Restaurant (Liquor)","Active","PIRANHA SUSHI, LLC","PIRANHA SUSHI, LLC","204-206 S QUINCE ST, PHILADELPHIA PA 19107-5534","204-206 S QUINCE ST, PHILADELPHIA PA 19107-5534",NA,"ROBERT PORTER","Philadelphia County","Philadelphia City","Jul 11,2025","Oct 31,2026",-75.1599875,39.9484003
"1301",114061,"R12704","Restaurant (Liquor)","Active","1427 LIQUOR LLC","MEDITERRANEAN CAFE","1427 W PASSYUNK AVE, PHILADELPHIA PA 19145-2311","1427 W PASSYUNK AVE, PHILADELPHIA PA 19145-2311","ANDON FURXHIU AND YLLKA FURXHIU HUSBAND AND WIFE PREMISES OWNERS","FLORIAN FURXHIU","Philadelphia County","Philadelphia City","Jun 30,2026","Oct 31,2026",-75.1706355,39.9254793
"1302",41307,"R4228","Restaurant (Liquor)","Active","MORRELL TAVERN, INC.","MORRELL TAVERN, INC.","3800 MORRELL AVE, PHILADELPHIA PA 19114-1915","3800 MORRELL AVE, PHILADELPHIA PA 19114-1915",NA,"SUSAN BERARDI","Philadelphia County","Philadelphia City","Jul 11,2025","Oct 31,2026",-74.9872685,40.0647315
"1303",104584,"R402","Restaurant (Liquor)","Active","RTNG24 INC","RTNG24 INC","2400 N 16TH ST, PHILADELPHIA PA 19132-4438","221 KNAPP RD, LANSDALE PA 19446","RED TOP 24 NEXT GENERATION LLC","ELEXIS ROIE-SMITH","Philadelphia County","Philadelphia City","Sep 10,2026","Oct 31,2026",-75.1589758,39.9899083
"1304",48808,"R222","Restaurant (Liquor)","Active","2027,INC.","2027,INC.","2027 S 65TH ST, PHILADELPHIA PA 19142-2008","2027 S 65TH ST, PHILADELPHIA PA 19142-2008",NA,"BEATRICE B OLADEJI","Philadelphia County","Philadelphia City","Oct 10,2025","Oct 31,2026",-75.2355546,39.9268605
"1305",133652,"R1079","Restaurant (Liquor)","Active","ADVANCED THINKING LLC","T BIRD LANES","5830 CASTOR AVE, PHILADELPHIA PA 19149","5830 CASTOR AVE, PHILADELPHIA PA 19149","BOWLING OF AMERICA LLC","JAMIALAH A CARROLL","Philadelphia County","Philadelphia City","Sep 14,2026","Oct 31,2026",-75.084119,40.0329991
"1306",53774,"R1071","Restaurant (Liquor)","Active","SPARE TIME, INC.","SPARE TIME, INC.","909-915 N 2ND ST, PHILADELPHIA PA 19123-2301","909-915 N 2ND ST, PHILADELPHIA PA 19123-2301",NA,"ORON S DASKAL","Philadelphia County","Philadelphia City","Aug 31,2026","Oct 31,2026",-75.1401593,39.9642751
"1307",131299,"R9949","Restaurant (Liquor)","Active","1526 SANSOM BUSINESS LLC","1526 SANSOM BUSINESS LLC","1526 SANSOM ST, PHILADELPHIA PA 19102-2804","1526 SANSOM ST, PHILADELPHIA PA 19102-2804","1526 SANSOM PARTNERS LP","RYAN A SHULICK","Philadelphia County","Philadelphia City","Dec 18,2025","Oct 31,2026",-75.1668646,39.9502999
"1308",55209,"R4530","Restaurant (Liquor)","Active","R & R AND SONS, INC.","EL BALCONCITO","658 E GODFREY AVE, PHILADELPHIA PA 19120-2108","658 E GODFREY AVE, PHILADELPHIA PA 19120-2108",NA,"PATRICIA TORO","Philadelphia County","Philadelphia City","Jul 8,2025","Oct 31,2026",-75.1019251,40.0381856
"1309",90000,"R7570","Restaurant (Liquor)","Active","10SPRING33 LLC","10SPRING33 LLC","1033-35-37 SPRING GARDEN ST, PHILADELPHIA PA 19123-3305","100 N 20TH ST STE 200, PHILADELPHIA PA 19103-1454",NA,"CHRISTOPHER J LOCKARD","Philadelphia County","Philadelphia City","Sep 3,2025","Oct 31,2026",-75.1556717,39.9619549
"1310",117253,"R4145","Restaurant (Liquor)","Active","S LOUNGE INC","S LOUNGE INC","1910 W CHELTENHAM AVE, PHILADELPHIA PA 19138-2237","1910 W CHELTENHAM AVE, PHILADELPHIA PA 19138-2237","CHARLES S WEINER","DARLENE B MILES","Philadelphia County","Philadelphia City","Oct 30,2025","Oct 31,2026",-75.1471359,40.0675088
"1311",132678,"R403","Restaurant (Liquor)","Active","4B VENTURES LLC","LUCKY DUCK","501 N CHRISTOPHER COLUMBUS BLVD UNIT S RETAIL SR-3, PHILADELPHIA PA 19123","1600 W GIRARD AVE STE C5, PHILADELPHIA PA 19130","COMMONWEALTH OF PENNSYLVANIA","PRIYANK P RAMBHIA","Philadelphia County","Philadelphia City","Mar 10,2026","Oct 31,2026",-75.1365677,39.9594231
"1312",133576,"R11436","Restaurant (Liquor)","Active","VAHN LLC","VAHN LLC","1252 S 21ST ST, PHILADELPHIA PA 19146-4353","1252 S 21ST ST, PHILADELPHIA PA 19146-4353","KESHAV PATEL","QUYNH M NGUYEN","Philadelphia County","Philadelphia City","May 5,2026","Oct 31,2026",-75.1791919,39.9359817
"1313",41866,"R6452","Restaurant (Liquor)","Active","HARD ROCK CAFE INTERNATIONAL (STP), INC.","HARD ROCK CAFE","1113-31 MARKET ST, PHILADELPHIA PA 19107-2901","1113-31 MARKET ST, PHILADELPHIA PA 19107-2901",NA,"THOMAS R SCHAUT","Philadelphia County","Philadelphia City","Nov 5,2025","Oct 31,2026",-75.1596146,39.9521496
"1314",86181,"R465","Restaurant (Liquor)","Active","PJP MARKETPLACE #2 LLC","PJP MARKETPLACE #2 LLC","537 ADAMS AVE, PHILADELPHIA PA 19120-2101","9355 BLUE GRASS RD, PHILADELPHIA PA 19114",NA,"BRANDEN M TAKERIAN","Philadelphia County","Philadelphia City","Oct 31,2025","Oct 31,2026",-75.1094478,40.0373062
"1315",131146,"R9002","Restaurant (Liquor)","Active","CHEERS PHILADELPHIA LLC","CHEERS PHILADELPHIA LLC","2762 N 2ND ST, PHILADELPHIA PA 19133-3501","2762 N 2ND ST, PHILADELPHIA PA 19133-3501","MRB REALTY, LLC","DAWN A VENSON NAVE","Philadelphia County","Philadelphia City","Apr 22,2026","Oct 31,2026",-75.1347712,39.9929344
"1316",98941,"R11543","Restaurant (Liquor)","Active","PHILLY GAMES INC","QUEEN & ROOK GAME CAFE","121-123 SOUTH ST, PHILADELPHIA PA 19147","121-123 SOUTH ST, PHILADELPHIA PA 19147","TAKASHI YOSHIDA","JEANNIE L WONG","Philadelphia County","Philadelphia City","May 26,2026","Oct 31,2026",-75.1448736,39.9413251
"1317",91002,"R630","Restaurant (Liquor)","Active","BALY LLC","BALY LLC","1108 FRANKFORD AVE, PHILADELPHIA PA 19125","1108 FRANKFORD AVE, PHILADELPHIA PA 19125","KM RESOURCES INC","MICHAEL P SOBOLEWSKI","Philadelphia County","Philadelphia City","Jun 10,2026","Oct 31,2026",-75.1347822,39.9672983
"1318",9271,"R202","Restaurant (Liquor)","Active","J. B.'S VARIETY, INC.","J. B.'S VARIETY, INC.","782-784 S 3RD ST, PHILADELPHIA PA 19147-3336","782-784 S 3RD ST, PHILADELPHIA PA 19147-3336",NA,"NATHAN ROSS","Philadelphia County","Philadelphia City","Aug 26,2025","Oct 31,2026",-75.1485318,39.9381355
"1319",63802,"R21498","Restaurant (Liquor)","Active","SUGARHOUSE HSP GAMING LP","RIVERS CASINO PHILADLEPHIA","1001 N DELAWARE AVE, PHILADELPHIA PA 19125-4302","1001 N DELAWARE AVE, PHILADELPHIA PA 19125-4302",NA,"VICTORIA A THOMAS","Philadelphia County","Philadelphia City","Jul 7,2025","Oct 31,2026",-75.1324645,39.9638134
"1320",84992,"R7418","Restaurant (Liquor)","Active","FSC FARM TO TABLE RESTAURANT LLC","FSC FARM TO TABLE RESTAURANT LLC","1247-53 N FRONT ST, PHILADELPHIA PA 19122","800 N 2ND ST  #183, PHILADELPHIA PA 19123-3038","FRONT STREET DEVELOPMENT LLC","LIAM T LARKIN","Philadelphia County","Philadelphia City","Jul 8,2025","Oct 31,2026",-75.13556,39.970126
"1321",92203,"R514","Restaurant (Liquor)","Active","PENANG PHILLY LLC","PENANG PHILLY LLC","117-119 N 10TH ST, PHILADELPHIA PA 19107-2402","117 N 10TH ST, PHILADELPHIA PA 19107","HENG DA 117 LLC","LISA L TAING","Philadelphia County","Philadelphia City","Aug 14,2025","Oct 31,2026",-75.155929,39.954061
"1322",72942,"R329","Restaurant (Liquor)","Active","BONKS BCB INC","BONKS BCB INC","3467 RICHMOND ST, PHILADELPHIA PA 19134-6021","1315 WALNUT ST STE 1002, PHOENIXVILLE PA 19107-4721",NA,"TIMOTHY MCGINLEY","Philadelphia County","Philadelphia City","Aug 7,2026","Oct 31,2026",-75.0943771,39.9864319
"1323",36852,"R15468","Restaurant (Liquor)","Active","2149 N.R.B., INC.","OLD ORIGINAL NICK'S","2149 S 20TH ST, PHILADELPHIA PA 19145-3602","2149 S 20TH ST, PHILADELPHIA PA 19145-3602",NA,"MEGAN MCKINNEY ROSE","Philadelphia County","Philadelphia City","Feb 18,2026","Oct 31,2026",-75.1792982,39.9244577
"1324",57296,"R7330","Restaurant (Liquor)","Active","FOGO DE CHAO CHURRASCARIA (PHILA) LLC A DELAWARE LIMITED LIABILITY COMPANY","FOGO DE CHAO","WIDENER BUILDING 1339 CHESTNUT ST, PHILADELPHIA PA 19107-3519","WIDENER BUILDING 1339 CHESTNUT ST, PHILADELPHIA PA 19107-3519","CHESTNUT STREET REALTY LP","RICARDO L TEREBINTO","Philadelphia County","Philadelphia City","Aug 27,2025","Oct 31,2026",-75.1635764,39.9509267
"1325",65714,"R848","Restaurant (Liquor)","Active","HORIZONS FOOD OF THE FUTURE INC","VEDGE","1221-23 LOCUST ST, PHILADELPHIA PA 19107-5414","1221-23 LOCUST ST, PHILADELPHIA PA 19107-5414",NA,"BRENDAN MEEHAN","Philadelphia County","Philadelphia City","Aug 5,2025","Oct 31,2026",-75.161467,39.948057
"1326",44490,"R15568","Restaurant (Liquor)","Active","2100 HUNTING PARK, INC.","2100 HUNTING PARK, INC.","2100 W HUNTING PARK AVE, PHILADELPHIA PA 19140-2816","2100 W HUNTING PARK AVE, PHILADELPHIA PA 19140-2816",NA,"STEVEN WHITMORE","Philadelphia County","Philadelphia City","Aug 13,2025","Oct 31,2026",-75.1630067,40.0114224
"1327",36252,"R7137","Restaurant (Liquor)","Active","KRUNCH INN, INC.","KRUNCH INN","1401 S 28TH ST, PHILADELPHIA PA 19146-3702","1401 S 28TH ST, PHILADELPHIA PA 19146-3702",NA,"SEAMUS T. SHEERAN","Philadelphia County","Philadelphia City","Nov 21,2025","Oct 31,2026",-75.190569,39.935771
"1328",128189,"R11080","Restaurant (Liquor)","Active","FIVE IRON GOLF LOGAN LLC","FIVE IRON GOLF","THREE LOGAN SQUARE  1717 ARCH ST STE 140, PHILADELPHIA PA 19103","THREE LOGAN SQUARE  1717 ARCH ST STE 140, PHILADELPHIA PA 19103","BRANDYWINE OPERATING PARTNERSHIP LP","RICHARD S CROUSE","Philadelphia County","Philadelphia City","Aug 21,2025","Oct 31,2026",-75.1688461,39.9553985
"1329",95598,"R1693","Restaurant (Liquor)","Active","FITLER CLUB LLC","FITLER CLUB LLC","2400 MARKET ST, PHILADELPHIA PA 19103","2400 MARKET ST, PHILADELPHIA PA 19103","2400 MARKET VII LP","STEPHEN J YAEGER","Philadelphia County","Philadelphia City","Nov 3,2025","Oct 31,2026",-75.1794374,39.9535294
"1330",134093,"R168","Restaurant (Liquor)","Active","WWCS LLC","TWO STREET CRAB HOUSE","604 S 2ND ST, PHILADELPHIA PA 19147","218 W CHELTEN AVE, PHILADELPHIA PA 19144-3803","602 SOUTH 2ND STREET, L.P.","CHAD R WILLIAMS","Philadelphia County","Philadelphia City","Jul 15,2026","Oct 31,2026",-75.1458586,39.941021
"1331",66885,"R7279","Restaurant (Liquor)","Active","1518 BAR & GRILLE INC","1518 BAR & GRILLE INC","1518 SANSOM ST, PHILADELPHIA PA 19102-2808","1518 SANSOM ST, PHILADELPHIA PA 19102-2808",NA,"AGAPIOS BOUIKIDIS","Philadelphia County","Philadelphia City","Jun 10,2026","Oct 31,2026",-75.1666385,39.9502321
"1332",52035,"R10350","Restaurant (Liquor)","Active","ALASKA CAFE LLC","ALASKA CAFE LLC","123 S 18TH ST, PHILADELPHIA PA 19103-5122","123 S 18TH ST, PHILADELPHIA PA 19103-5122",NA,"LAUREN S HARRIS","Philadelphia County","Philadelphia City","Jan 9,2026","Oct 31,2026",-75.1702912,39.9509487
"1333",130694,"R575","Restaurant (Liquor)","Active","NUEVO KOCINAO RESTAURANT INC","NUEVO KOCINAO RESTAURANT","7226 FRANKFORD AVE, PHILADELPHIA PA 19135-1016","7226 FRANKFORD AVE, PHILADELPHIA PA 19135-1016","NORTHEASTWCPA LLC","LUIS NEY MORONTA VARGAS","Philadelphia County","Philadelphia City","May 19,2026","Oct 31,2026",-75.0425904,40.0362096
"1334",63645,"R4887","Restaurant (Liquor)","Active","PLAZA GARIBALDI INC","PLAZA GARIBALDI INC","935 WASHINGTON AVE, PHILADELPHIA PA 19147-3824","935 WASHINGTON AVE, PHILADELPHIA PA 19147-3824",NA,"RAUL CASTRO","Philadelphia County","Philadelphia City","Feb 18,2026","Oct 31,2026",-75.1593639,39.9368241
"1335",128083,"R13545","Restaurant (Liquor)","Active","2201 J & J INC","2201 J & J INC","2201 SOUTH 8TH ST, PHILADELPHIA PA 19148-3139","2201 SOUTH 8TH ST, PHILADELPHIA PA 19148-3139","FRANCIS A WHITE JR","KHUM CHHIEV","Philadelphia County","Philadelphia City","Apr 14,2026","Oct 31,2026",-75.159855,39.9217464
"1336",59620,"R1253","Restaurant (Liquor)","Active","ZAHAV LLC","ZAHAV","237 ST JAMES PLACE, PHILADELPHIA PA 19106-3936","237 ST JAMES PLACE, PHILADELPHIA PA 19106-3936",NA,"STEVEN J VREELAND","Philadelphia County","Philadelphia City","Aug 3,2026","Oct 31,2026",-75.1453239,39.9462615
"1337",70762,"R2590","Restaurant (Liquor)","Active","1342 CYPRESSLQL LLC","1342 CYPRESSLQL LLC","1342 CYPRESS ST, PHILADELPHIA PA 19107-5816","1342 CYPRESS ST, PHILADELPHIA PA 19107-5816",NA,"AKSHAY KAMATH","Philadelphia County","Philadelphia City","Jul 16,2025","Oct 31,2026",-75.1635389,39.9463347
"1338",60799,"R3354","Restaurant (Liquor)","Active","SAMS OYSTER HOUSE LLC","SAMS OYSTER HOUSE LLC","1514-16 SANSOM ST 1515-17 MORAVIAN ST, PHILADELPHIA PA 19102-2808","1514-16 SANSOM ST 1515-17 MORAVIAN ST, PHILADELPHIA PA 19102-2808",NA,"SAMUEL MINK","Philadelphia County","Philadelphia City","May 29,2026","Oct 31,2026",-75.166509,39.950314
"1339",103823,"R949","Restaurant (Liquor)","Active","EV 318 INC","EV 318 INC","318 S 60TH ST, PHILADELPHIA PA 19143-1149","318 S 60TH ST, PHILADELPHIA PA 19143-1149","ENG ENTERPRISES LLC","DAVUTH ENG","Philadelphia County","Philadelphia City","Dec 1,2025","Oct 31,2026",-75.2422337,39.9559938
"1340",67597,"R206","Restaurant (Liquor)","Active","KCWKMH INC","KCWKMH INC","3454 A ST, PHILADELPHIA PA 19134-1633","3454 A ST, PHILADELPHIA PA 19134-1633",NA,"SOLIDA VAN","Philadelphia County","Philadelphia City","Jun 30,2026","Oct 31,2026",-75.126577,40.0028184
"1341",83875,"R5400","Restaurant (Liquor)","Active","ACME MARKETS INC","ACME MARKETS INC","2101-41 COTTMAN AVE, PHILADELPHIA PA 19149",NA,"BUSTLETON PARTNERS","BRUCE W MYERS JR","Philadelphia County","Philadelphia City","Sep 3,2025","Oct 31,2026",-75.0616622,40.0505382
"1342",100373,"R4202","Restaurant (Liquor)","Active","520 MANAGEMENT LLC","520 MANAGEMENT LLC","520 N COLUMBUS BLVD, PHILADELPHIA PA 19123-4226","520 N COLUMBUS BLVD, PHILADELPHIA PA 19123-4226","SPRING-DEL ASSOCIATES LP","DMITRI G LASKARIS","Philadelphia County","Philadelphia City","Jun 18,2026","Oct 31,2026",-75.1378169,39.9600571
"1343",66451,"R11181","Restaurant (Liquor)","Active","S&V 5934 INC","S&V 5934 INC","5934 MARKET ST, PHILADELPHIA PA 19139-3149","5934 MARKET ST, PHILADELPHIA PA 19139-3149",NA,"VIRAC TEP","Philadelphia County","Philadelphia City","Jul 25,2025","Oct 31,2026",-75.2401744,39.9616599
"1344",120380,"R5158","Restaurant (Liquor)","Active","1701 BAR LLC","1701 BAR LLC","1701 GREEN ST, PHILADELPHIA PA 19130-3911","1701 GREEN ST, PHILADELPHIA PA 19130-3911","1701 GREEN ST LLC","VASANTHARAJ KUMARASAMY","Philadelphia County","Philadelphia City","Sep 29,2025","Oct 31,2026",-75.1660525,39.964621
"1345",131142,"R12300","Restaurant (Liquor)","Active","MISS SAIGON RESTAURANT INC","MISS SAIGON RESTAURANT INC","1316 WALNUT ST, PHILADELPHIA PA 19107-5410","2661 HAWTHORN DR, EAGLEVILLE PA 19403-1496","Jason Real Estate Investment Inc","CHUONG V NGUYEN","Philadelphia County","Philadelphia City","Feb 25,2026","Oct 31,2026",-75.1628718,39.9489737
"1346",64777,"R6996","Restaurant (Liquor)","Active","4636 INC","4636 INC","9961 FRANKFORD AVE, PHILADELPHIA PA 19114-1957","9961 FRANKFORD AVE, PHILADELPHIA PA 19114-1957",NA,"THOMAS TAGGART","Philadelphia County","Philadelphia City","Jul 14,2025","Oct 31,2026",-74.9812497,40.0646941
"1347",130776,"R6866","Restaurant (Liquor)","Active","THE COBBS CREEK RESTORATION AND COMMUNITY FOUNDATION","COBBS CREEK GOLF CLUB","7400 LANSDOWNE AVE, PHILADELPHIA PA 19151","7400 LANSDOWNE AVE, PHILADELPHIA PA 19151","CITY OF PHILADELPHIA","CLANCY J SMITH","Philadelphia County","Philadelphia City","Dec 3,2025","Oct 31,2026",-75.2653465,39.9675022
"1348",133827,"R1246","Restaurant (Liquor)","Active","RECIPE PHILLY LLC","RECIPE PHILLY","1401 ARCH ST, PHILADELPHIA PA 19102","1145 GINGKO LANE, GLADWYNE PA 19035","1401 ARCH LP","JONN P BAUDOIN","Philadelphia County","Philadelphia City","Aug 14,2026","Oct 31,2026",-75.1634304,39.9547058
"1349",66786,"R1809","Restaurant (Liquor)","Active","6200 LANSDOWNE INC","6200 LANSDOWNE INC","6200 LANSDOWNE AVE, PHILADELPHIA PA 19151-3811","6200 LANSDOWNE AVE, PHILADELPHIA PA 19151-3811","MICHAEL TAING","CHHENG SOK","Philadelphia County","Philadelphia City","Jul 30,2025","Oct 31,2026",-75.2436984,39.9753777
"1350",45595,"R15617","Restaurant (Liquor)","Active","GLOBAL TASTE, INC.","GLOBAL TASTE, INC.","208 RACE ST, PHILADELPHIA PA 19106-1910","208 RACE ST, PHILADELPHIA PA 19106-1910",NA,"NEIL E CAMPBELL","Philadelphia County","Philadelphia City","Aug 25,2025","Oct 31,2026",-75.1434406,39.9537207
"1351",70780,"R1950","Restaurant (Liquor)","Active","HOLME 3089 INC","HOLME 3089 INC","3089 HOLME AVE, PHILADELPHIA PA 19136-1101","3089 HOLME AVE, PHILADELPHIA PA 19136-1101",NA,"MEGAN WREATH","Philadelphia County","Philadelphia City","Oct 7,2025","Oct 31,2026",-75.015261,40.0569182
"1352",72818,"R1814","Restaurant (Liquor)","Active","CITY TAP LOGAN LLC","CITY TAP HOUSE","2 LOGAN SQ 1ST FL 100 N 18TH ST, PHILADELPHIA PA 19103-2707","450 N NARBETH AVE STE 200, NARBETH PA 19072-1822",NA,"JANINE M. CIMA","Philadelphia County","Philadelphia City","Oct 22,2025","Oct 31,2026",-75.1698145,39.9556951
"1353",71587,"R93","Restaurant (Liquor)","Active","AMBRA RESTAURANT GROUP LLC","AMBRA RESTAURANT GROUP LLC","701 & 705 S 4TH ST 334 BAINBRIDGE ST, PHILADELPHIA PA 19147","701 & 705 S 4TH ST 334 BAINBRIDGE ST, PHILADELPHIA PA 19147","MICHAEL SAMSCHICK","CHRISTOPHER M D'AMBRO","Philadelphia County","Philadelphia City","Aug 7,2025","Oct 31,2026",NA,NA
"1354",113149,"R1626","Restaurant (Liquor)","Active","CH & S ENTERPRISES INC","CH & S ENTERPRISES INC","719 WALNUT ST, PHILADELPHIA PA 19107-3208","719 WALNUT ST, PHILADELPHIA PA 19107-3208","719-723 WALNUT ASSOCIATES LP","SANGHEON YOO","Philadelphia County","Philadelphia City","Aug 6,2025","Oct 31,2026",-75.153395,39.9481318
"1355",71483,"R78","Restaurant (Liquor)","Active","AMANDA 3860 INC","AMANDA 3860 INC","3860 N 9TH ST, PHILADELPHIA PA 19140-3102","3860 N 9TH ST, PHILADELPHIA PA 19140-3102",NA,"CHANDARA SAN","Philadelphia County","Philadelphia City","Mar 10,2026","Oct 31,2026",-75.1423387,40.0111846
"1356",128214,"R450","Restaurant (Liquor)","Active","HOLLY GO LIGHTLY LLC","HOLLY GO LIGHTLY LLC","1534 SANSOM ST, PHILADELPHIA PA 19102","738 S 11TH ST, PHILADELPHIA PA 19147","HONEY NUTS LLC","RYAN F RAYER","Philadelphia County","Philadelphia City","Sep 22,2025","Oct 31,2026",-75.1671001,39.9503572
"1357",109230,"R15685","Restaurant (Liquor)","Active","FROST FIRE PHILLY INC","FROST FIRE PHILLY","927 ARCH ST, PHILADELPHIA PA 19107","927 ARCH ST, PHILADELPHIA PA 19107","927 ARCH STREET LLC","RONGYAN LIN","Philadelphia County","Philadelphia City","Oct 10,2025","Oct 31,2026",-75.1558727,39.9536214
"1358",110310,"R1821","Restaurant (Liquor)","Active","HYUNJIN INC","HYUNJIN INC","6232-6236 WOODLAND AVE, PHILADELPHIA PA 19142-2324","6232-6236 WOODLAND AVE, PHILADELPHIA PA 19142-2324","KYU CHANG CHOI","JONATHAN HYUN JIN CHUNG","Philadelphia County","Philadelphia City","Jun 5,2026","Oct 31,2026",-75.2312989,39.9273863
"1359",114851,"R7629","Restaurant (Liquor)","Active","JOE'S KWIK MARTS LLC","JOE'S KWIK MARTS LLC","5110 CITY LINE  AVE, PHILADELPHIA PA 19131","645 HAMILTON ST STE 400, ALLENTOWN PA 18101","JOE'S KWIK MARTS LLC","KLOTIA K COLLEY","Philadelphia County","Philadelphia City","Jul 28,2026","Oct 31,2026",-75.210205,40.008083
"1360",24146,"R13493","Restaurant (Liquor)","Active","GERED'S INC.","DUFFY'S TAVERN","5104 FRANKFORD AVE, PHILADELPHIA PA 19124-1904","5104 FRANKFORD AVE, PHILADELPHIA PA 19124-1904",NA,"RONALD BARTOS","Philadelphia County","Philadelphia City","Sep 15,2025","Oct 31,2026",-75.0794576,40.021658
"1361",94900,"R13616","Restaurant (Liquor)","Active","4TH RAIL LLC","4TH RAIL LLC","923 N WATTS ST, PHILADELPHIA PA 19123-1009","923 N WATTS ST, PHILADELPHIA PA 19123-1009","923-29 N WATTS ST LLC","GAVIN J DIRUSSO","Philadelphia County","Philadelphia City","Jun 11,2026","Oct 31,2026",-75.1584847,39.970803
"1362",64150,"R107","Restaurant (Liquor)","Active","HUAYU CO INC","HUAYU CO INC","1930-34 CHESTNUT ST, PHILADELPHIA PA 19103-4522","1930-34 CHESTNUT ST, PHILADELPHIA PA 19103-4522",NA,"JACKSON FU","Philadelphia County","Philadelphia City","Aug 15,2025","Oct 31,2026",-75.1733267,39.9518461
"1363",45280,"R7947","Restaurant (Liquor)","Active","431 TRAN INC","431 TRAN INC","429-431 W LEHIGH AVE, PHILADELPHIA PA 19133-3136","429-431 W LEHIGH AVE, PHILADELPHIA PA 19133-3136",NA,"KENT TRAN","Philadelphia County","Philadelphia City","Mar 11,2026","Oct 31,2026",-75.139515,39.992327
"1364",127237,"R9080","Restaurant (Liquor)","Active","GRAND PALACE RESTAURANT LIMITED LIABILITY COMPANY","GRAND PALACE RESTAURANT LIMITED LIABILITY COMPANY","600 WASHINGTON AVE #3B, PHILADELPHIA PA 19147","600 WASHINGTON AVE #3B, PHILADELPHIA PA 19147","OLD CITY INVESTMENT LLC","JIN MEI ZHANG","Philadelphia County","Philadelphia City","Oct 10,2025","Oct 31,2026",-75.1549941,39.9344835
"1365",53336,"R2211","Restaurant (Liquor)","Active","XAVIERS LLC","XAVIERS LLC","48 S 2ND ST, PHILADELPHIA PA 19106-2810","48 S 2ND ST, PHILADELPHIA PA 19106-2810",NA,"NEILL LAUGHLIN","Philadelphia County","Philadelphia City","Jul 21,2026","Oct 31,2026",-75.1441342,39.948801
"1366",105237,"R11230","Restaurant (Liquor)","Active","106 JAMESTOWN PARTNERS INC.","106 JAMESTOWN PARTNERS INC.","106 JAMESTOWN AVE, PHILADELPHIA PA 19127","56 S 2ND ST, PHILADELPHIA PA 19106-2810","DEVON ARMS APARTMENTS LLC","ASHLEY K THOMAS","Philadelphia County","Philadelphia City","Feb 6,2026","Oct 31,2026",-75.219094,40.0235283
"1367",71140,"R15693","Restaurant (Liquor)","Active","7701 COOLIES LLC","7701 COOLIES LLC","7701 & REAR 7703 WALKER ST, PHILADELPHIA PA 19136-3129","7701 & REAR 7703 WALKER ST, PHILADELPHIA PA 19136-3129",NA,"JOSHUA NAGLE","Philadelphia County","Philadelphia City","Jul 9,2025","Oct 31,2026",18.48102,-33.9657883
"1368",50886,"R323","Restaurant (Liquor)","Active","6400 RED SEA, INC.","6400 RED SEA, INC.","6400 VINE ST, PHILADELPHIA PA 19139-1033","6400 VINE ST, PHILADELPHIA PA 19139-1033",NA,"ALEMSEGHED NEGASI","Philadelphia County","Philadelphia City","Jul 25,2025","Oct 31,2026",-75.248007,39.9674318
"1369",54723,"R10434","Restaurant (Liquor)","Active","5501 FRONT STREET, INC.","5501 FRONT STREET, INC.","5501 N FRONT ST, PHILADELPHIA PA 19120","5501 N FRONT ST, PHILADELPHIA PA 19120",NA,"YOUNG YOO","Philadelphia County","Philadelphia City","Jul 18,2025","Oct 31,2026",-75.1212293,40.0350058
"1370",40476,"R3362","Restaurant (Liquor)","Active","3648 A & J CORP.","3648 A & J CORP.","3648 NORTH BROAD ST, PHILADELPHIA PA 19140-4135","3648 NORTH BROAD ST, PHILADELPHIA PA 19140-4135",NA,"REBECCA GANTT","Philadelphia County","Philadelphia City","Sep 2,2025","Oct 31,2026",-75.1515854,40.0089703
"1371",53893,"R14529","Restaurant (Liquor)","Active","S. K. RESTAURANT & BAR, INC.","S. K. RESTAURANT & BAR, INC.","2400 S 24TH ST, PHILADELPHIA PA 19145-4108","2400 S 24TH ST, PHILADELPHIA PA 19145-4108",NA,"VANNA KEM","Philadelphia County","Philadelphia City","Aug 28,2025","Oct 31,2026",-75.1874047,39.9227124
"1372",118750,"R9533","Restaurant (Liquor)","Active","O'SHEA'S BP LLC","BRIDESBURG PUB","4254-56 RICHMOND ST, PHILADELPHIA PA 19137-1927","4254-56 RICHMOND ST, PHILADELPHIA PA 19137-1927","4254-56 RICHMOND STREET, LLC","STEVEN J WEILER","Philadelphia County","Philadelphia City","Aug 12,2025","Oct 31,2026",-75.1348757,39.9659021
"1373",70538,"R923","Restaurant (Liquor)","Active","DELI 54 INC","DELI 54 INC","5426 CHESTER AVE, PHILADELPHIA PA 19143-4914","5426 CHESTER AVE, PHILADELPHIA PA 19143-4914","SUN J BANG","YOUNG BANG","Philadelphia County","Philadelphia City","Dec 23,2025","Oct 31,2026",-75.2237705,39.9388222
"1374",112304,"R252","Restaurant (Liquor)","Active","600 DAN DAN INC","600 DAN DAN INC","600-602 E WYOMING AVE, PHILADELPHIA PA 19120-4628","600-602 E WYOMING AVE, PHILADELPHIA PA 19120-4628","SHAONA ZHENG","BENG S OOI","Philadelphia County","Philadelphia City","Dec 19,2025","Oct 31,2026",-75.1140314,40.020093
"1375",51085,"R2047","Restaurant (Liquor)","Active","SCC RESTAURANT LLC","SCC RESTAURANT LLC","401 S CHRISTOPHER COLUMBUS BLVD, PHILADELPHIA PA 19106","401 S CHRISTOPHER COLUMBUS BLVD, PHILADELPHIA PA 19106",NA,"MICHAEL GRIMS","Philadelphia County","Philadelphia City","Aug 6,2025","Oct 31,2026",-75.1412498,39.9415983
"1376",43444,"R3540","Restaurant (Liquor)","Active","BRIGGS OF PHILADELPHIA, LLC","FAT TUESDAY","431 SOUTH ST STORE NOS 5 & 6, PHILADELPHIA PA 19147-1532","431 SOUTH ST STORE NOS 5 & 6, PHILADELPHIA PA 19147-1532","THE MURIEL ROBINSON REVOCABLE TRUST","TROY MITCHELL","Philadelphia County","Philadelphia City","Jul 14,2025","Oct 31,2026",NA,NA
"1377",110983,"R6239","Restaurant (Liquor)","Safekeeping","TAXIRIDGE LLC","TAXIRIDGE LLC","1650 RIDGE AVE, PHILADELPHIA PA 19130","1650 RIDGE AVE, PHILADELPHIA PA 19130","1519 BROWN STREET LLC","FRANCIS J GRAFF IV","Philadelphia County","Philadelphia City","Dec 17,2025","Oct 31,2026",-75.1645936,39.97018
"1378",127065,"R4998","Restaurant (Liquor)","Safekeeping","BY BRIAN LLC","BY BRIAN LLC","5007 FRANKFORD AVE, PHILADELPHIA PA 19124-2619","5007 FRANKFORD AVE, PHILADELPHIA PA 19124-2619","H B BRIAN LLC","BHEK D SUH","Philadelphia County","Philadelphia City","Aug 7,2026","Oct 31,2026",-75.0800087,40.0204322
"1379",34194,"R112","Restaurant (Liquor)","Safekeeping","YOUNG'S RESTAURANT, INC.","YOUNG'S RESTAURANT, INC.","5734 OLD 2ND ST, PHILADELPHIA PA 19120","5734 OLD 2ND ST, PHILADELPHIA PA 19120",NA,"KYE C CHO","Philadelphia County","Philadelphia City","Aug 6,2025","Oct 31,2026",-75.1241563,40.0384279
"1380",131268,"R3915","Restaurant (Liquor)","Safekeeping","TOURISON LLC","TOURISON LLC","7200-7206 GERMANTOWN AVE, PHILADELPHIA PA 19119","7200-7206 GERMANTOWN AVE, PHILADELPHIA PA 19119","7200 GERMANTOWN AVENUE PARTNERS LLC","STUART F UDIS","Philadelphia County","Philadelphia City","Feb 3,2026","Oct 31,2026",-75.1911662,40.0599921
"1381",110170,"R1622","Restaurant (Liquor)","Safekeeping","2004 N FRONT STREET BAR INC","2004 N FRONT STREET BAR INC","2004 N FRONT ST, PHILADELPHIA PA 19122-1700","2004 N FRONT ST, PHILADELPHIA PA 19122-1700","2004 N FRONT LLC","LUIS SOSA","Philadelphia County","Philadelphia City","May 12,2026","Oct 31,2026",-75.1333892,39.980377
"1382",106017,"R6839","Restaurant (Liquor)","Safekeeping","LYSB PA MANAGEMENT LLC","LYSB PA MANAGEMENT LLC","5209 MARKET ST, PHILADELPHIA PA 19139-3418","5209 MARKET ST, PHILADELPHIA PA 19139-3418","CHARLES S WEINER",NA,"Philadelphia County","Philadelphia City","Sep 1,2026","Oct 31,2026",-75.2252343,39.9603232
"1383",9214,"R101","Restaurant (Liquor)","Safekeeping","SARKISHAR, INC","JON'S BAR","600-606 SOUTH 3RD ST, PHILADELPHIA PA 19147-2302","600-606 SOUTH 3RD ST, PHILADELPHIA PA 19147-2302",NA,"GREGORY SARKISIAN","Philadelphia County","Philadelphia City","Sep 26,2025","Oct 31,2026",-75.147751,39.941289
"1384",72751,"R9050","Restaurant (Liquor)","Safekeeping","1968 BRIDGE INC","1968 BRIDGE INC","1966-68 BRIDGE ST, PHILADELPHIA PA 19124-2125","1966-68 BRIDGE ST, PHILADELPHIA PA 19124-2125",NA,"MENG L ZHENG","Philadelphia County","Philadelphia City","Aug 21,2025","Oct 31,2026",-75.0716712,40.016034
"1385",96095,"R1240","Restaurant (Liquor)","Safekeeping","INDEPENDENT RESTAURANT GROUP LLC","INDEPENDENT RESTAURANT GROUP LLC","210 W RITTENHOUSE SQ, PHILADELPHIA PA 19103-5726","210 W RITTENHOUSE SQ, PHILADELPHIA PA 19103-5726","HHLP RITTENHOUSE ASSOCIATES, LLC","JEAN-PAUL J CANTAVE","Philadelphia County","Philadelphia City","Feb 2,2026","Oct 31,2026",-75.1731018,39.9498228
"1386",86794,"R2415","Restaurant (Liquor)","Safekeeping","TLW SPRING ARTS LLC","TLW SPRING ARTS LLC","990 SPRING GARDEN ST STE 101, PHILADELPHIA PA 19123","990 SPRING GARDEN ST STE 101, PHILADELPHIA PA 19123",NA,"CHAD E ROSENTHAL","Philadelphia County","Philadelphia City","Aug 12,2025","Oct 31,2026",-75.1541276,39.961265
"1387",104816,"R1245","Restaurant (Liquor)","Safekeeping","APQ WALNUT STREET PA LLC","LE PAIN QUOTIDIEN","1423-25 WALNUT ST, PHILADELPHIA PA 19102-3131","1423-25 WALNUT ST, PHILADELPHIA PA 19102-3131","ADR 1425 WALNUT LLC","JOHN D FARMER","Philadelphia County","Philadelphia City","Jun 22,2026","Oct 31,2026",-75.1651633,39.9496708
"1388",67606,"R10534","Restaurant (Liquor)","Safekeeping","207 CHESTNUT STREET ASSOCIATES LLC","207 CHESTNUT STREET ASSOCIATES LLC","205-207 CHESTNUT ST, PHILADELPHIA PA 19106-2808","205-207 CHESTNUT ST, PHILADELPHIA PA 19106-2808",NA,"KYLE HILL","Philadelphia County","Philadelphia City","Dec 22,2025","Oct 31,2026",-75.1442015,39.9485281
"1389",127721,"SO58795","Special Occasion Permit","Active","MT AIRY USA CDC","MT AIRY USA CDC","6703 GERMANTOWN AVE STE 200, PHILADELPHIA PA 19119-2109","6703 GERMANTOWN AVE STE 200, PHILADELPHIA PA 19119-2109",NA,NA,"Philadelphia County","Philadelphia City","Jul 30,2026","Dec 31,2026",-75.1851728,40.0520405
"1390",134431,"SO62018","Special Occasion Permit","Active","FITLER SQUARE IMPROVEMENT ASSOCIATION","FITLER SQUARE IMPROVEMENT ASSOCIATION","FITLER SQUARE PARK  23RD & PINE ST, PHILADELPHIA PA 19146","PO Box 7709, PHILADELPHIA PA 19101",NA,NA,"Philadelphia County","Philadelphia City","Jun 9,2026","Dec 31,2026",-75.1793444,39.9474746
"1391",134252,"SO61952","Special Occasion Permit","Active","THE PLAN GROUP","THE PLAN GROUP","4602 HORROCKS ST, PHILADELPHIA PA 19124-3117","4602 HORROCKS ST, PHILADELPHIA PA 19124-3117",NA,NA,"Philadelphia County","Philadelphia City","May 15,2026","Dec 31,2026",-75.0914582,40.0180975
"1392",128334,"SO59208","Special Occasion Permit","Active","ROXBOROUGH DEVELOPMENT CORPORATION","ROXBOROUGH DEVELOPMENT CORPORATION","6120 RIDGE AVE, PHILADELPHIA PA 19128-1603","6120 RIDGE AVE, PHILADELPHIA PA 19128-1603",NA,NA,"Philadelphia County","Philadelphia City","Apr 14,2026","Dec 31,2026",-75.2159295,40.0337813
"1393",130572,"SO60634","Special Occasion Permit","Active","GLEN FOERD CONSERVATION CORPORATION","GLEN FOERD CONSERVATION CORPORATION","5001 GRANT AVE, PHILADELPHIA PA 19114-3154","5001 GRANT AVE, PHILADELPHIA PA 19114-3154",NA,NA,"Philadelphia County","Philadelphia City","Jul 10,2026","Dec 31,2026",-74.9804199,40.0522124
"1394",122221,"SO56888","Special Occasion Permit","Active","INLIQUID.COM INC","INLIQUID.COM INC","1400 N AMERICAN ST STE 314, PHILADELPHIA PA 19122-3867","1400 N AMERICAN ST STE 314, PHILADELPHIA PA 19122-3867",NA,NA,"Philadelphia County","Philadelphia City","Feb 18,2026","Dec 31,2026",-75.1403293,39.9732057
"1395",128158,"SO59127","Special Occasion Permit","Active","MCCALL HOME AND SCHOOL ASSOCIATION","MCCALL HOME AND SCHOOL ASSOCIATION","325 S 7TH ST, PHILADELPHIA  PA 19106-4139","325 S 7TH ST, PHILADELPHIA  PA 19106-4139",NA,NA,"Philadelphia County","Philadelphia City","Mar 9,2026","Dec 31,2026",-75.1528051,39.9445645
"1396",129327,"SO59810","Special Occasion Permit","Active","VOX POPULI","VOX POPULI","319 N 11TH ST 3RD FL, PHILADELPHIA PA 19107-1300","319 N 11TH ST 3RD FL, PHILADELPHIA PA 19107-1300",NA,NA,"Philadelphia County","Philadelphia City","Jan 16,2026","Dec 31,2026",-75.1565902,39.9582889
"1397",133581,"SO61622","Special Occasion Permit","Active","A PEACE OF SHANE FOUNDATION","A PEACE OF SHANE FOUNDATION","559 JAMESTOWN RD, PHILADELPHIA PA 19128","559 JAMESTOWN RD, PHILADELPHIA PA 19128",NA,NA,"Philadelphia County","Philadelphia City","Jan 26,2026","Dec 31,2026",-75.2073918,40.0288838
"1398",126875,"SO58258","Special Occasion Permit","Active","WYCK ASSOCIATION","WYCK ASSOCIATION","6026 GERMANTOWN AVE, PHILADELPHIA PA 19144-2112","6026 GERMANTOWN AVE, PHILADELPHIA PA 19144-2112",NA,NA,"Philadelphia County","Philadelphia City","May 13,2026","Dec 31,2026",-75.1785621,40.0399078
"1399",120681,"SO56017","Special Occasion Permit","Active","NATIONAL LIBERTY MUSEUM","NATIONAL LIBERTY MUSEUM","321 CHESTNUT ST, PHILADELPHIA PR 19106-2707","321 CHESTNUT ST, PHILADELPHIA PR 19106-2707",NA,NA,"Philadelphia County","Philadelphia City","Mar 3,2026","Dec 31,2026",-75.1468394,39.9490658
"1400",130572,"SO60634","Special Occasion Permit","Active","GLEN FOERD CONSERVATION CORPORATION","GLEN FOERD CONSERVATION CORPORATION","5001 GRANT AVE, PHILADELPHIA PA 19114-3154","5001 GRANT AVE, PHILADELPHIA PA 19114-3154",NA,NA,"Philadelphia County","Philadelphia City","Jun 10,2026","Dec 31,2026",-74.9804199,40.0522124
"1401",134401,"E317","Eating Place Retail Dispenser (Malt)","Pending","SUPA B PREMIUM BEVERAGES LLC","SUPA B PREMIUM BEVERAGES LLC","3212 W DAUPHIN ST, PHILADELPHIA PA 19132-3316","3212 W DAUPHIN ST, PHILADELPHIA PA 19132-3316",NA,NA,"Philadelphia County","Philadelphia City",NA,"Oct 31,2026",-75.1857733,39.9915277
"1402",135694,"R718","Restaurant (Liquor)","Pending","EMEI RITTENHOUSE INC","EMEI RITTENHOUSE INC","2007-11 WALNUT ST, PHILADELPHIA PA 19103-4403","2007-11 WALNUT ST, PHILADELPHIA PA 19103-4403",NA,NA,"Philadelphia County","Philadelphia City",NA,"Oct 31,2026",-75.1741124,39.9506809
"1403",134144,"R5359","Restaurant (Liquor)","Pending","AVIRA LLC","AVIRA LLC","6519-6525 GERMANTOWN AVE, PHILADELPHIA PA 19119","6519-6525 GERMANTOWN AVE, PHILADELPHIA PA 19119",NA,NA,"Philadelphia County","Philadelphia City",NA,"Oct 31,2026",-75.1836012,40.0490883
"1404",134339,"R9161","Restaurant (Liquor)","Pending","EML RESTAURANTS LLC","CAMPION","1701-17 N 2ND ST, PHILADELPHIA PA 19122-3163","1701-17 N 2ND ST, PHILADELPHIA PA 19122-3163","BRICK N 2ND STREET LP",NA,"Philadelphia County","Philadelphia City",NA,"Oct 31,2026",-75.1378816,39.9763324
"1405",134090,"R978","Restaurant (Liquor)","Pending","4100 J & M LLC","4100 J & M LLC","4100 N 5TH ST, PHILADELPHIA PA 19140-2614","4100 N 5TH ST, PHILADELPHIA PA 19140-2614",NA,NA,"Philadelphia County","Philadelphia City",NA,"Oct 31,2026",-75.1358054,40.0135959
"1406",129814,"AL60616","Limited Distillery","Active","W P PALMER DISTILLING CO","PALMER DISTILLING CO","220 KRAMS AVE, PHILADELPHIA PA 19127","220 KRAMS AVE, PHILADELPHIA PA 19127","EMILY M WOODRUFF REVOCABLE LIVING TRUST","WALTER P PALMER III","Philadelphia County","Philadelphia City","Oct 10,2025","Dec 31,2026",-75.2258421,40.0305825
"1407",59170,"AN2927","Alcohol Non-Beverage","Active","HOLY FAMILY UNIVERSITY","HOLY FAMILY UNIVERSITY","9801 FRANKFORD AVE, PHILADELPHIA PA 19114-2009","9801 FRANKFORD AVE, PHILADELPHIA PA 19114-2009",NA,NA,"Philadelphia County","Philadelphia City","Sep 5,2024","Dec 31,2028",-74.9873319,40.0609234
"1408",133699,"AN61677","Alcohol Non-Beverage","Active","SYNAPTICURE INC","B+LABS AT CIRA CENTRE","2929 ARCH ST  B LABS, FLOOR 4, RM 424B, PHILADELPHIA PA 19104","2929 ARCH ST  B LABS, FLOOR 4, RM 424B, PHILADELPHIA PA 19104",NA,NA,"Philadelphia County","Philadelphia City","Feb 19,2026","Dec 31,2028",-75.181684,39.9574604
"1409",132886,"AN61348","Alcohol Non-Beverage","Active","ZAHAV BIOSCIENCE","ZAHAV BIOSCIENCE","2929 ARCH ST 8TH FL, PHILADELPHIA PA 19104-2857","2929 ARCH ST 8TH FL, PHILADELPHIA PA 19104-2857",NA,NA,"Philadelphia County","Philadelphia City","Sep 16,2025","Dec 31,2028",-75.181684,39.9574604
"1410",48517,"AR91","Airport Restaurant (Liquor)","Active","JACK DUGGAN'S PHL, INC.","JACK DUGGAN'S PHL, INC.","PHILADELPHIA INTERNATIONAL AIRPORT 8000 ESSINGTON AVE, PHILADELPHIA PA 19153","PHILADELPHIA INTERNATIONAL AIRPORT 8000 ESSINGTON AVE, PHILADELPHIA PA 19153","CITY OF PHILADELPHIA","ERIN H ZWIERCAN","Philadelphia County","Philadelphia City","Jul 1,2025","Oct 31,2026",-75.2436987,39.8729797
"1411",1347,"C2664","Club (Liquor)","Active","KENSINGTON MEMORIAL AMVETS POST NO 146 HOME ASSN.","KENSINGTON MEMORIAL AMVETS POST NO 146 HOME ASSN.","2502-04 E SERGEANT ST, PHILADELPHIA PA 19125","2502-04 E SERGEANT ST, PHILADELPHIA PA 19125","KENSINGTON MEMORIAL AMVETS POST NO 146 HOME ASSN.","EDWARD HEPWORTH","Philadelphia County","Philadelphia City","Aug 20,2025","Oct 31,2026",-75.120373,39.9787729
"1412",1523,"C3154","Club (Liquor)","Active","BUSTLETON MEMORIAL POST NO 810 AMERICAN LEGION","BUSTLETON MEMORIAL POST NO 810 AMERICAN LEGION","9151 OLD NEWTOWN RD, PHILADELPHIA PA 19115-4912","9151 OLD NEWTOWN RD, PHILADELPHIA PA 19115-4912","BUSTLETON MEMORIAL POST NO 810 AMERICAN LEGION","JOSEPH SCHUMAN","Philadelphia County","Philadelphia City","Aug 11,2025","Oct 31,2026",-75.0390086,40.0765527
"1413",867,"C1217","Club (Liquor)","Active","POINT NO POINT REPUBLICAN ASSN","POINT NO POINT REPUBLICAN ASSN","2843 ORTHODOX ST, PHILADELPHIA PA 19137-2034","2843 ORTHODOX ST, PHILADELPHIA PA 19137-2034","POINT NO POINT REPUBLICAN ASSN","GERALD HOUCK","Philadelphia County","Philadelphia City","Oct 27,2025","Oct 31,2026",-75.072499,39.9966265
"1414",2733,"CC61897","Catering Club (Liquor)","Active","ARCADIA ATHLETIC ASSOCIATION","ARCADIA ATHLETIC ASSOCIATION","714-716 W GIRARD AVE, PHILADELPHIA PA 19123","714-716 W GIRARD AVE, PHILADELPHIA PA 19123","SANDYCO GROUP LLC","PETER VOLIO","Philadelphia County","Philadelphia City","May 7,2026","Oct 31,2026",-75.148808,39.9701852
"1415",26420,"CC3320","Catering Club (Liquor)","Active","LOCAL UNION NO. 401 OF THE INTERNATIONAL ASSOC. OF BRIDGE, STRUCTURAL & ORNAMENTAL IRON WORKERS","LOCAL UNION NO. 401 OF THE INTERNATIONAL ASSOC. OF BRIDGE, STRUCTURAL & ORNAMENTAL IRON WORKERS","11600 NORCOM RD, PHILADELPHIA PA 19154","11600 NORCOM RD, PHILADELPHIA PA 19154","LOCAL UNION NO. 401 OF THE INTERNATIONAL ASSOC. OF BRIDGE, STRUCTURAL & ORNAMENTAL IRON WORKERS","CHRISTINE PASIEKA","Philadelphia County","Philadelphia City","Aug 8,2025","Oct 31,2026",-74.999228,40.0974604
"1416",3051,"CC902","Catering Club (Liquor)","Active","BALA GOLF CLUB","BALA GOLF CLUB","2200 BELMONT AVE, PHILADELPHIA PA 19131-2604","2200 BELMONT AVE, PHILADELPHIA PA 19131-2604","BALA GOLF CLUB","CHRISTOPHER BARLETTA","Philadelphia County","Philadelphia City","Aug 25,2025","Oct 31,2026",-75.2246167,39.9969775
"1417",639,"CC588","Catering Club (Liquor)","Active","THE GERMAN SOCIETY OF PENNSYLVANIA","THE GERMAN SOCIETY OF PENNSYLVANIA","524 N MARSHALL ST, PHILADELPHIA PA 19123-3504","524 N MARSHALL ST, PHILADELPHIA PA 19123-3504","THE GERMAN SOCIETY OF PENNSYLVANIA","ANTON MICHELS","Philadelphia County","Philadelphia City","Sep 29,2025","Oct 31,2026",-75.1491761,39.9616314
"1418",49737,"D2270","Distributor (Malt)","Active","614 SPRINGFIELD, INC.","614 SPRINGFIELD, INC.","2206 WASHINGTON AVE, PHILADELPHIA PA 19146-2304","2206 WASHINGTON AVE, PHILADELPHIA PA 19146-2304","WCNK PARTNERSHIP LLC","SEUNG KIM","Philadelphia County","Philadelphia City","Sep 9,2025","Oct 31,2026",-75.1803019,39.9392352
"1419",133733,"D1038","Distributor (Malt)","Active","N & V BEVERAGE INC","N & V BEVERAGE INC","1828-1830 CALLOWHILL ST, PHILADELPHIA PA 19130","1828-1830 CALLOWHILL ST, PHILADELPHIA PA 19130","1824 CALLOWHILL ACQUISITION, LP","DALIN VUTH","Philadelphia County","Philadelphia City","May 28,2026","Oct 31,2026",-75.169418,39.9603239
"1420",48674,"D1761","Distributor (Malt)","Active","4162 K & P, INC.","4162 K & P, INC.","4162 N DARIEN ST, PHILADELPHIA PA 19140-2206","4162 N DARIEN ST, PHILADELPHIA PA 19140-2206",NA,"PAT KOCH","Philadelphia County","Philadelphia City","Sep 15,2025","Oct 31,2026",-75.1407766,40.0156181
"1421",4479,"D1727","Distributor (Malt)","Active","NICOLETTI BEVERAGE CENTER, INC.","NICOLETTI BEVERAGE CENTER, INC.","7040 STATE RD, PHILADELPHIA PA 19135-1502","7040 STATE RD, PHILADELPHIA PA 19135-1502","ROCCO NICOLETTI","ROCCO NICOLETTI","Philadelphia County","Philadelphia City","Aug 6,2025","Oct 31,2026",-75.0363908,40.023805
"1422",133036,"D1595","Distributor (Malt)","Active","KINGS BEVERAGES LLC","KINGS BEVERAGES LLC","8601 TORRESDALE AVE, PHILADELPHIA PA 19136-1505","8601 TORRESDALE AVE, PHILADELPHIA PA 19136-1505","THE CALECK FAMILY TRUST","ARPITA N PATEL","Philadelphia County","Philadelphia City","Jan 26,2026","Oct 31,2026",-75.0102825,40.0427989
"1423",47820,"E283","Eating Place Retail Dispenser (Malt)","Active","2729, INC.","2729, INC.","2729 W GIRARD AVE, PHILADELPHIA PA 19130-1212","2729 W GIRARD AVE, PHILADELPHIA PA 19130-1212",NA,"TONY OV","Philadelphia County","Philadelphia City","Jul 25,2025","Oct 31,2026",-75.181402,39.9745221
"1424",36141,"E4589","Eating Place Retail Dispenser (Malt)","Active","RAMON A. GONZALEZ ENTERPRISES, INC.","RAMON A. GONZALEZ ENTERPRISES, INC.","1400 N 7TH ST, PHILADELPHIA PA 19122-3603","1400 N 7TH ST, PHILADELPHIA PA 19122-3603",NA,"JORGE RODRIGUEZ","Philadelphia County","Philadelphia City","Sep 9,2026","Oct 31,2026",-75.1478486,39.9731704
"1425",129922,"E632","Eating Place Retail Dispenser (Malt)","Active","LO MARTINEZ INC","LO MARTINEZ INC","7235-7237 RISING SUN AVE, PHILADELPHIA PA 19111-3926","7235-7237 RISING SUN AVE, PHILADELPHIA PA 19111-3926",NA,"LOURDES M MARTINEZ","Philadelphia County","Philadelphia City","Aug 22,2025","Oct 31,2026",-75.0845897,40.0603863
"1426",92257,"E1292","Eating Place Retail Dispenser (Malt)","Safekeeping","DATTILO'S ITALIAN DELICATESSEN LLC","DATTILO'S ITALIAN DELICATESSEN LLC","8000-8002 HORROCKS ST, PHILADELPHIA PA 19152-2813","8000-8002 HORROCKS ST, PHILADELPHIA PA 19152-2813","SIRO DATTILO, BARBARA DATTILO, & FRANK DATTILO","ANTHONY M DATTILO","Philadelphia County","Philadelphia City","Aug 17,2026","Oct 31,2026",-75.0524813,40.0599798
"1427",101701,"G45078","Brewery","Active","B&S 1890 LLC","BARREL SPLITTERS BREWING","1890 WOODHAVEN RD STE 2C, PHILADELPHIA PA 19116-3007","1730 CAMBRIDGE CIR, SOUTHAMPTON PA 18966","FXA PROPERTIES LP","BRAD F ADAMS","Philadelphia County","Philadelphia City","May 19,2026","Dec 31,2026",-75.0020581,40.111534
"1428",73314,"G653","Brewery","Active","SB BEER LLC","SB BEER LLC","1001 N 2ND ST  UNIT 2700, PHILADELPHIA PA 19123-1612","1001 N 2ND ST  UNIT 2700, PHILADELPHIA PA 19123-1612",NA,"TOM REVELLI","Philadelphia County","Philadelphia City","Sep 9,2025","Dec 31,2026",-75.1400364,39.9665708
"1429",80754,"G31200","Brewery","Active","WISSAHICKON BREWING CO., LLC","WISSAHICKON BREWING COMPANY","3705 W SCHOOL HOUSE LN, PHILADELPHIA PA 19129-1738","3705 W SCHOOL HOUSE LN, PHILADELPHIA PA 19129-1738","ARIMAYA LLC","TIMOTHY P GILL SR","Philadelphia County","Philadelphia City","Dec 22,2025","Dec 31,2026",-75.2009302,40.0136932
"1430",93147,"G39723","Brewery","Active","TRIPLE BOTTOM BREWING COMPANY LLC","TRIPLE BOTTOM BREWING COMPANY","915 SPRING GARDEN ST, PHILADELPHIA PA 19123","850 N RINGGOLD ST, PHILADELPHIA PA 19130","915 SPRING GARDEN ASSOCIATES LP","NATHAN A MATLIN","Philadelphia County","Philadelphia City","Jan 9,2026","Dec 31,2026",-75.1533297,39.9622916
"1431",103746,"GS46484","Brewery Storage","Active","BETTER EATING & RESPECTABLE DRINKING CLUB LLC","BETTER EATING & RESPECTABLE DRINKING CLUB LLC","1819 E PASSYUNK AVE, PHILADELPHIA PA 19148","1819 E PASSYUNK AVE, PHILADELPHIA PA 19148","VINCENT CATROPPA, ROSEMARY CATROPPA","MARC U GRIKA","Philadelphia County","Philadelphia City","Sep 9,2025","Dec 31,2026",-75.1663529,39.927224
"1432",90294,"H38194","Hotel (Liquor)","Active","18TH & ARCH HOTEL LLC","FOUR SEASONS HOTEL PHILADELPHIA AT COMCAST CENTER","1 N 19TH ST, PHILADELPHIA PA 19103","500 CHESTERFIELD PKY, MALVERN PA 19355","18TH & ARCH HOTEL LLC","DAWN M TRABING","Philadelphia County","Philadelphia City","Apr 2,2026","Oct 31,2026",-75.17097,39.95512
"1433",7903,"I511","Importer","Active","CHARLES JACQUIN ET CIE, INC.","CHARLES JACQUIN ET CIE INC","2633 TRENTON AVE, PHILADELPHIA PA 19125-1837","2633 TRENTON AVE, PHILADELPHIA PA 19125-1837",NA,NA,"Philadelphia County","Philadelphia City","Jul 1,2026","Jun 30,2027",-75.1211733,39.9840204
"1434",128419,"IA59266","Transporter for Hire Class A","Active","ARAMARK EDUCATIONAL SERVICES LLC","ARAMARK","2400 MARKET ST, PHILADELPHIA PA 19103","2400 MARKET ST, PHILADELPHIA PA 19103",NA,NA,"Philadelphia County","Philadelphia City","Oct 9,2025","Dec 31,2026",-75.1794374,39.9535294
"1435",106271,"IA47100","Transporter for Hire Class A","Active","STATESIDE BRANDS LLC","FEDERAL DISTILLING","161 CECIL B MOORE AVE UNIT 103, PHILADELPHIA PA 19122-3234","161 CECIL B MOORE AVE UNIT 103, PHILADELPHIA PA 19122-3234",NA,NA,"Philadelphia County","Philadelphia City","Oct 17,2025","Dec 31,2026",-75.1374339,39.976359
"1436",110295,"IA49486","Transporter for Hire Class A","Active","TRX GREAT LAKES INC","TRX GREAT LAKES INC","8777 ROCKSIDE RD, CLEVELAND OH 44125-6112","8777 ROCKSIDE RD, CLEVELAND OH 44125-6112",NA,NA,"Philadelphia County","Philadelphia City","Sep 18,2025","Dec 31,2026",-81.6229427,41.3935971
"1437",69691,"IB4333","Transporter for Hire Class B","Active","PA BEVERAGE LEASING LLC","PA BEVERAGE LEASING LLC","3000 MEETING HOUSE RD, PHILADELPHIA PA 19154-1027","3000 MEETING HOUSE RD, PHILADELPHIA PA 19154-1027",NA,NA,"Philadelphia County","Philadelphia City","Oct 27,2025","Dec 31,2026",-74.9696872,40.1119042
"1438",25669,"ID512","Importing Distributor (Malt)","Active","ANTONIO ORIGLIO INC","ANTONIO ORIGLIO INC","3000 MEETING HOUSE RD, PHILADELPHIA PA 19154-1027","3000 MEETING HOUSE RD, PHILADELPHIA PA 19154-1027","ORIGLIO PROPERTY HOLDING LP","DOMINIC A ORIGLIO JR","Philadelphia County","Philadelphia City","Jun 17,2026","Oct 31,2026",-74.9696872,40.1119042
"1439",102267,"IZ45002","Importer's Warehouse","Active","SADA STORE LLC","SADA STORE LLC","9982 WOODFERN RD, PHILADELPHIA PA 19115-2011","9982 WOODFERN RD, PHILADELPHIA PA 19115-2011","NINO JIKIA & ZURAB CHERASHVILI",NA,"Philadelphia County","Philadelphia City","Apr 23,2026","Jun 30,2027",-75.0353533,40.1030794
"1440",130086,"LK61028","Limited Winery","Active","DRUNKEN HEN EATERY & DISTILLERY LLC","DRUNKEN HEN EATERY & WINERY","6235 FRANKFORD AVE, PHILADELPHIA PA 19135-3404","6235 FRANKFORD AVE, PHILADELPHIA PA 19135-3404","K&A 6235 LLC","AMARILDO BOJKO","Philadelphia County","Philadelphia City","Sep 15,2025","Dec 31,2026",-75.0612462,40.0274451
"1441",55133,"P126","Public Service (Liquor)","Active","DELTA AIR LINES INC","DELTA AIR LINES, INC.","1 PHILADELPHIA INT'L AIRPORT STE 25, PHILADELPHIA PA 19153","1 PHILADELPHIA INT'L AIRPORT STE 25, PHILADELPHIA PA 19153",NA,"MILLICENT HARDAWAY","Philadelphia County","Philadelphia City","Oct 21,2025","Dec 31,2026",-75.2431731,39.8775546
"1442",85391,"PAF36220","Performing Arts Facility","Active","ARAMARK EDUCATIONAL SERVICES LLC","TEMPLE PERFORMING ARTS CENTER","1837 N BROAD ST, PHILADELPHIA PA 19122-2115","1837 N BROAD ST, PHILADELPHIA PA 19122-2115",NA,"ENDRI BADUNI","Philadelphia County","Philadelphia City","Nov 4,2025","Oct 31,2026",-75.156792,39.981464
"1443",127516,"PAF59552","Performing Arts Facility","Active","QUINTESSENCE THEATRE GROUP INC","THE SEDGWICK THEATER","7137 GERMANTOWN AVE, PHILADELPHIA PA 19119-","7135 GERMANTOWN AVE 2ND FL, PHILADELPHIA PA 19119-1842",NA,"CARLO I BENAVIDES","Philadelphia County","Philadelphia City","Jul 24,2025","Oct 31,2026",-75.1901731,40.0595323
"1444",51347,"PV57","Public Venue Restaurant","Active","PENN'S LANDING LLC","PENN'S LANDING LLC","GREAT PLZ COLUMBUS BLVD AT CHESTNUT ST, PHILADELPHIA PA 19106","GREAT PLZ COLUMBUS BLVD AT CHESTNUT ST, PHILADELPHIA PA 19106",NA,"JACKIE C LAI","Philadelphia County","Philadelphia City","Jul 8,2025","Oct 31,2026",-75.1951283,39.9547506
"1445",121032,"PV57417","Public Venue Restaurant","Active","ARAMARK SPORTS AND ENTERTAINMENT SERVICES LLC","THE PHILADELPHIA ZOO","3400 W GIRARD AVE, PHILADELPHIA PA 19104-1139","3400 W GIRARD AVE, PHILADELPHIA PA 19104-1139",NA,"WHITNEY E STANDISH","Philadelphia County","Philadelphia City","May 20,2026","Oct 31,2026",-75.1957729,39.9720397
"1446",48828,"PV23","Public Venue Restaurant","Active","GLOBAL SPECTRUM LP","GLOBAL SPECTRUM LP","1776 N BROAD ST, PHILADELPHIA PA 19121-3406","1776 N BROAD ST, PHILADELPHIA PA 19121-3406",NA,"JOSEPH J SHERIDAN","Philadelphia County","Philadelphia City","Aug 4,2025","Oct 31,2026",-75.1585544,39.9798791
"1447",63872,"PV126","Public Venue Restaurant","Active","GALAXY RESTAURANTS CATERING GROUP LP","PHILADELPHIA ART MUSEUM","2600 BENJAMIN FRANKLIN PKWY, PHILADELPHIA PA 19130-2302","2600 BENJAMIN FRANKLIN PKWY, PHILADELPHIA PA 19130-2302",NA,"EMILY K BURSTER","Philadelphia County","Philadelphia City","Sep 10,2025","Oct 31,2026",-75.1809661,39.9655697
"1448",85676,"R16534","Restaurant (Liquor)","Active","MERLY INC","MERLY INC","2654 S 7TH ST, PHILADELPHIA PA 19148-4610","2654 S 7TH ST, PHILADELPHIA PA 19148-4610",NA,"WOOD KHEANG","Philadelphia County","Philadelphia City","Jul 17,2025","Oct 31,2026",-75.1599823,39.9155451
"1449",70634,"R2877","Restaurant (Liquor)","Active","LALE LOUNGE LLC","LALE LOUNGE LLC","216-218 SOUTH ST, PHILADELPHIA PA 19147-2306","216-218 SOUTH ST, PHILADELPHIA PA 19147-2306",NA,"CEYLAN E KUCUK-YILDIRIM","Philadelphia County","Philadelphia City","Nov 5,2025","Oct 31,2026",-75.1463558,39.9410909
"1450",105599,"R40","Restaurant (Liquor)","Active","CATERING BY DESIGN, INC","CATERING BY DESIGN INC","18-24 W HORTTER ST, PHILADELPHIA PA 19119","18-24 W HORTTER ST, PHILADELPHIA PA 19119","CBD PROPERTIES LP","PETER J LOEVY","Philadelphia County","Philadelphia City","Dec 29,2025","Oct 31,2026",-75.184962,40.049718
"1451",104148,"R5314","Restaurant (Liquor)","Active","UPTOP BAR & LOUNGE LLC","UPTOP BAR & LOUNGE LLC","6017 N 5TH ST, PHILADELPHIA PA 19120-1825","6017 N 5TH ST, PHILADELPHIA PA 19120-1825","UPTOP BAR & LOUNGE LLC","DANA E SPENCER","Philadelphia County","Philadelphia City","Oct 31,2025","Oct 31,2026",-75.128829,40.0429941
"1452",104817,"R15566","Restaurant (Liquor)","Active","APQ 8TH AND WALNUT PA LLC","LE PAIN QUOTIDIEN","801 WALNUT ST, PHILADELPHIA PA 19107-5107","801 WALNUT ST, PHILADELPHIA PA 19107-5107","801 WALNUT PARTNERS LP","TREY  M CORDELL","Philadelphia County","Philadelphia City","Sep 22,2025","Oct 31,2026",-75.1544793,39.9482991
"1453",98359,"R8975","Restaurant (Liquor)","Active","STOISH INC","STOISH INC","240 MARKET ST, PHILADELPHIA PA 19106","240 MARKET ST, PHILADELPHIA PA 19106","JULIUS  GORDON","SARA M KINGSTON","Philadelphia County","Philadelphia City","Jan 6,2026","Oct 31,2026",-75.1454063,39.9497138
"1454",56217,"R91","Restaurant (Liquor)","Active","MIS VIEJOS RESTAURANT INC","MIS VIEJOS RESTAURANT INC","151-153 W LEHIGH AVE, PHILADELPHIA PA 19133-3836","151-153 W LEHIGH AVE, PHILADELPHIA PA 19133-3836","MIS VIEJOS RESTAURANT INC","SHAYNNA TREVINO","Philadelphia County","Philadelphia City","Aug 26,2025","Oct 31,2026",-75.1327589,39.9913009
"1455",24643,"R6197","Restaurant (Liquor)","Active","VICTOR CAFE, INC.","VICTOR CAFE, INC.","1303-05 DICKINSON ST, PHILADELPHIA PA 19147","1303-05 DICKINSON ST, PHILADELPHIA PA 19147",NA,"GREGORY DISTEFANO","Philadelphia County","Philadelphia City","Aug 25,2025","Oct 31,2026",-75.1663243,39.9316362
"1456",80664,"R8240","Restaurant (Liquor)","Active","CAPRICCIO PARKWAY LLC","CAPRICCIO CAFE AT CRET PARK","110 N 16TH ST, PHILADELPHIA PA 19102-1531","110 N 16TH ST, PHILADELPHIA PA 19102-1531","CITY OF PHILADELPHIA/FAIRMOUNT PARK","DAVID L WAGAMAN","Philadelphia County","Philadelphia City","Jul 8,2025","Oct 31,2026",-75.1668505,39.955505
"1457",115327,"R15426","Restaurant (Liquor)","Active","PHAX ENTERTAINMENT GROUP LLC","PHAX ENTERTAINMENT GROUP LLC","5021-23-25 BALTIMORE AVE, PHILADELPHIA PA 19143-1626","5021-23-25 BALTIMORE AVE, PHILADELPHIA PA 19143-1626","EASTERN EDGE REALTY LLC","CHERI SYPHAX","Philadelphia County","Philadelphia City","Aug 21,2026","Oct 31,2026",-75.224251,39.948086
"1458",47529,"R7355","Restaurant (Liquor)","Active","TEQUILA'S, INC.","TEQUILA'S, INC.","1602-1604 LOCUST ST, PHILADELPHIA PA 19103-6305","1602-1604 LOCUST ST, PHILADELPHIA PA 19103-6305",NA,"DAVID A SURO","Philadelphia County","Philadelphia City","Nov 4,2025","Oct 31,2026",-75.168051,39.948487
"1459",64609,"R454","Restaurant (Liquor)","Active","2ND STREET BREW HOUSE, LLC","2ND STREET BREW HOUSE, LLC","1700 S 2ND ST, PHILADELPHIA PA 19148-1908","1700 S 2ND ST, PHILADELPHIA PA 19148-1908",NA,"TIFFANY AINSLEY","Philadelphia County","Philadelphia City","Sep 26,2025","Oct 31,2026",-75.1493832,39.9266359
"1460",116825,"R9092","Restaurant (Liquor)","Active","RISTORANTE VITA, LLC","RISTORANTE VITA, LLC","261 S 17TH ST, PHILADELPHIA PA 19103-6232","145 FOX RD, MEDIA PA 19063-4816","LMT ASSOCIATES LLC","MASSIMO J BONI","Philadelphia County","Philadelphia City","Sep 22,2025","Oct 31,2026",-75.1693585,39.948019
"1461",9238,"R142","Restaurant (Liquor)","Active","MCGILLIN'S OLD ALE HOUSE EST. 1860 INC.","MCGILLIN'S OLD ALE HOUSE EST. 1860 INC.","1310-14 DRURY ST, PHILADELPHIA PA 19107","1310-14 DRURY ST, PHILADELPHIA PA 19107",NA,"CHRISTOPHER MULLINS","Philadelphia County","Philadelphia City","Jun 15,2026","Oct 31,2026",-75.162637,39.95021
"1462",60789,"R12682","Restaurant (Liquor)","Active","EL BARCONCITO II INC","EL BARCONCITO II INC","7326 CASTOR AVE, PHILADELPHIA PA 19152-4205","7326 CASTOR AVE, PHILADELPHIA PA 19152-4205",NA,"RAYDA DIANDERAS","Philadelphia County","Philadelphia City","Jul 11,2025","Oct 31,2026",-75.0649034,40.0529656
"1463",49721,"R5628","Restaurant (Liquor)","Active","CURT FLOOD BOOKING, INC.","CURT FLOOD BOOKING, INC.","937 E PASSYUNK AVE, PHILADELPHIA PA 19147-2943","937 E PASSYUNK AVE, PHILADELPHIA PA 19147-2943",NA,"DAVID P FRANK","Philadelphia County","Philadelphia City","Jul 8,2025","Oct 31,2026",-75.1544921,39.9370051
"1464",120919,"R5341","Restaurant (Liquor)","Active","WHITE PLUMERIA LLC","THE TUNNEL","256-258 E ALLEGHENY AVE, PHILADELPHIA PA 19134-2237","256-258 E ALLEGHENY AVE, PHILADELPHIA PA 19134-2237","C&V UNICA LLC","BANYENH Y THIVARATH","Philadelphia County","Philadelphia City","Jul 15,2026","Oct 31,2026",-75.1256427,39.99779
"1465",46924,"R7691","Restaurant (Liquor)","Active","412 KATNIP BAR INC","412 KATNIP BAR INC","412 S 54TH ST, PHILADELPHIA PA 19143-1401","412 S 54TH ST, PHILADELPHIA PA 19143-1401",NA,"DESSIE WUBAYEH","Philadelphia County","Philadelphia City","Feb 2,2026","Oct 31,2026",-75.2303466,39.9535812
"1466",16212,"R13575","Restaurant (Liquor)","Active","FINACARO-MAGLIO, INC.","NOAH'S ARK","1548-50 MCKEAN ST, PHILADELPHIA PA 19145","1548-50 MCKEAN ST, PHILADELPHIA PA 19145",NA,"LOUIS P MAGLIO","Philadelphia County","Philadelphia City","Oct 22,2025","Oct 31,2026",-75.172546,39.9258359
"1467",83898,"R13643","Restaurant (Liquor)","Active","ACME MARKETS INC","ACME MARKETS INC","1001 SOUTH ST, PHILADELPHIA PA 19147-1910",NA,"SOUTH STREET DEVELOPMENT COMPANY","JAMES K LOUGHLIN","Philadelphia County","Philadelphia City","Sep 3,2025","Oct 31,2026",-75.1587672,39.9428932
"1468",102550,"R4916","Restaurant (Liquor)","Active","WC GROUP LLC","GUANABARA BAR & GRILL","8014-8018 CASTOR AVE, PHILADELPHIA PA 19152-2702","1508 BRIDGETOWN PIKE, FEASTERVILLE PA 19053","WC GROUP LLC","WENDEL M DASILVA","Philadelphia County","Philadelphia City","Oct 31,2025","Oct 31,2026",-75.0559699,40.0624312
"1469",108077,"R4073","Restaurant (Liquor)","Active","HN GOURMET INC","HN GOURMET INC","114 MARKET ST, PHILADELPHIA PA 19106-3006","114 MARKET ST, PHILADELPHIA PA 19106-3006","HMJS LLC","HIEP T NGUYEN","Philadelphia County","Philadelphia City","Aug 28,2025","Oct 31,2026",-75.1428032,39.9496605
"1470",50671,"R8061","Restaurant (Liquor)","Active","275 BANHAN, INC.","275 BANHAN, INC.","275-277 S 60TH ST, PHILADELPHIA PA 19139-3846","275-277 S 60TH ST, PHILADELPHIA PA 19139-3846",NA,"DAFFODIL BANHAN","Philadelphia County","Philadelphia City","Sep 4,2026","Oct 31,2027",-75.2416655,39.956731
"1471",65706,"R9048","Restaurant (Liquor)","Active","SOILENT FRANCINE'S LLC","DIRTY FRANK'S BAR","347-349 S 13TH ST, PHILADELPHIA PA 19107-5918","347-349 S 13TH ST, PHILADELPHIA PA 19107-5918",NA,"JODY SWEITZER","Philadelphia County","Philadelphia City","Jul 18,2025","Oct 31,2026",-75.1627934,39.945388
"1472",132632,"R7711","Restaurant (Liquor)","Active","CASABLANCA MEDITERRANEAN GRILL LLC","CASABLANCA MEDITERRANEAN GRILL","947 FEDERAL ST, PHILADELPHIA PA 19147","947 FEDERAL ST, PHILADELPHIA PA 19147","MCR CARDINAL PROPERTIES LLC","MARYANN R BARUKI","Philadelphia County","Philadelphia City","Nov 12,2025","Oct 31,2026",-75.1602861,39.9346672
"1473",17459,"R15612","Restaurant (Liquor)","Active","6119 CORP.","6119 CORP.","6119 RIDGE AVE, PHILADELPHIA PA 19128-1604","6119 RIDGE AVE, PHILADELPHIA PA 19128-1604",NA,"CHARLES P MILLER JR","Philadelphia County","Philadelphia City","Aug 6,2025","Oct 31,2026",-75.2156639,40.0341474
"1474",64478,"R2344","Restaurant (Liquor)","Active","TWO BROTHERS' 6171 TORRESDALE INC","TWO BROTHERS' 6171 TORRESDALE INC","6171 TORRESDALE AVE, PHILADELPHIA PA 19135-3717","6171 TORRESDALE AVE, PHILADELPHIA PA 19135-3717",NA,"BRENDA ROBERTS-ROGERS","Philadelphia County","Philadelphia City","Aug 21,2025","Oct 31,2026",-75.0556587,40.0192918
"1475",15348,"R12140","Restaurant (Liquor)","Active","M & W PRESS INC","M & W PRESS INC","4638-40 KRAYDOR ST, PHILADELPHIA PA 19136","4638-40 KRAYDOR ST, PHILADELPHIA PA 19136",NA,"GREGORY PRZYCHODZIEN","Philadelphia County","Philadelphia City","Sep 9,2025","Oct 31,2026",-75.0193137,40.0385375
"1476",59608,"R3599","Restaurant (Liquor)","Active","98 FRIENDS INC","98 FRIENDS INC","898 BELMONT AVE, PHILADELPHIA PA 19104-1302","898 BELMONT AVE, PHILADELPHIA PA 19104-1302","TIGABU KEBEDE","TIGABU KEBEDE","Philadelphia County","Philadelphia City","Sep 23,2025","Oct 31,2026",-75.2117645,39.9695168
"1477",72785,"R7746","Restaurant (Liquor)","Active","NARRAGAN INC","NARRAGAN INC","1385 NARRAGANSETT ST, PHILADELPHIA PA 19138-1911","7053 TERMINAL SQ, UPPER DARBY PA 19082-2217",NA,"CHANROUTHANA HOUTH","Philadelphia County","Philadelphia City","Jul 22,2026","Oct 31,2026",-75.1585709,40.0554443
"1478",67718,"R13489","Restaurant (Liquor)","Active","RYBREAD TOO INC","RYBREW","2600 W GIRARD AVE, PHILADELPHIA  PA 19130","2600 W GIRARD AVE, PHILADELPHIA  PA 19130","SPICY BRICKS LLC","RYAN POLLOCK","Philadelphia County","Philadelphia City","Aug 29,2025","Oct 31,2026",-75.1790803,39.9738175
"1479",12488,"R6995","Restaurant (Liquor)","Active","ROMANO'S, INC.","ROMANO'S, INC.","1523 E WINGOHOCKING ST, PHILADELPHIA PA 19124","1523 E WINGOHOCKING ST, PHILADELPHIA PA 19124",NA,"TYLER FORD","Philadelphia County","Philadelphia City","Aug 5,2025","Oct 31,2026",-75.0957916,40.0146828
"1480",65109,"R9116","Restaurant (Liquor)","Active","LAM'S BALTIMORE INC","LAM'S BALTIMORE INC","5716-46 BALTIMORE AVE, PHILADELPHIA PA 19143-3127","5716-46 BALTIMORE AVE, PHILADELPHIA PA 19143-3127","PHILACOBBS DEVELOPMENT LP","CHEUK L LAM","Philadelphia County","Philadelphia City","Aug 15,2025","Oct 31,2026",-75.2390385,39.9459054
"1481",89978,"R1456","Restaurant (Liquor)","Active","PHILLY PREMIER GROUP LLC","PHILLY PREMIER GROUP LLC","2825-35 COTTMAN AVE  UNITS #1 & #3, PHILADELPHIA PA 19149","2825-35 COTTMAN AVE  UNITS #1 & #3, PHILADELPHIA PA 19149","EASTERN PLAZA LP","SAM X TANG","Philadelphia County","Philadelphia City","Jul 16,2025","Oct 31,2026",-75.052324,40.043867
"1482",17523,"R15702","Restaurant (Liquor)","Active","H & J MCNALLYS TAVERN INC","H & J MCNALLYS TAVERN INC","8632-34 GERMANTOWN AVE, PHILADELPHIA PA 19118-2841","8632-34 GERMANTOWN AVE, PHILADELPHIA PA 19118-2841",NA,"ANNE MCNALLY","Philadelphia County","Philadelphia City","Aug 18,2025","Oct 31,2026",-75.208816,40.0771017
"1483",54333,"R4899","Restaurant (Liquor)","Active","TAVERN ON THE HILL, LLC","TAVERN ON THE HILL, LLC","8636 GERMANTOWN AVE, PHILADELPHIA PA 19118-2841","8636 GERMANTOWN AVE, PHILADELPHIA PA 19118-2841",NA,"KATHLYN EGAN","Philadelphia County","Philadelphia City","Oct 22,2025","Oct 31,2026",-75.2089221,40.0771487
"1484",52391,"R5286","Restaurant (Liquor)","Active","EL BOCHINCHE RESTAURANTE INC","EL BOCHINCHE RESTAURANTE INC","4940 N 5TH ST, PHILADELPHIA PA 19120-3810","4940 N 5TH ST, PHILADELPHIA PA 19120-3810",NA,"RUTHMIRA GIRALDO","Philadelphia County","Philadelphia City","Jun 16,2026","Oct 31,2026",-75.1328351,40.0269969
"1485",52536,"R2351","Restaurant (Liquor)","Active","FINLEY CATERING CO., INC.","CRYSTAL TEA ROOM","1300 MARKET ST UNIT A, PHILADELPHIA PA 19101","1300 MARKET ST UNIT A, PHILADELPHIA PA 19101",NA,"MIGUEL GAUBERT","Philadelphia County","Philadelphia City","Dec 19,2025","Oct 31,2026",-75.1614508,39.9520061
"1486",53420,"R211","Restaurant (Liquor)","Active","SAM'S CHESTNUT GRILL, INC.","SAM'S CHESTNUT GRILL, INC.","1907 CHESTNUT ST, PHILADELPHIA PA 19103-3500","1907 CHESTNUT ST, PHILADELPHIA PA 19103-3500",NA,"SUSAN SCHLISMAN","Philadelphia County","Philadelphia City","Aug 29,2025","Oct 31,2026",-75.1722162,39.952118
"1487",38217,"R6147","Restaurant (Liquor)","Active","CHICO'S BAR, INC.","CHICO'S BAR, INC.","800 W WINGOHOCKING ST, PHILADELPHIA PA 19140-1346","800 W WINGOHOCKING ST, PHILADELPHIA PA 19140-1346",NA,"RAMON ACOSTA","Philadelphia County","Philadelphia City","Nov 14,2025","Oct 31,2026",-75.1392839,40.0200982
"1488",90251,"R4424","Restaurant (Liquor)","Active","PULP PHILLY LLC","PULP PHILLY LLC","126 CHESTNUT ST, PHILADELPHIA PA 19106-3009","126 CHESTNUT ST, PHILADELPHIA PA 19106-3009",NA,"DAVID L CRUDELE","Philadelphia County","Philadelphia City","Oct 31,2025","Oct 31,2026",-75.1435458,39.9481117
"1489",23773,"R6128","Restaurant (Liquor)","Active","WOODEN HEAD CORPORATION, INC.","LITTLE LOU'S","3575 KENSINGTON AVE, PHILADELPHIA PA 19134-1542","3575 KENSINGTON AVE, PHILADELPHIA PA 19134-1542",NA,"LOUIS BOCCHICCHIO","Philadelphia County","Philadelphia City","Aug 5,2025","Oct 31,2026",-75.1042666,40.0013535
"1490",112652,"R1063","Restaurant (Liquor)","Active","JUNIATA SUPERMARKET INC","JUNIATA SUPER MARKET","901 E LUZERNE ST, PHILADELPHIA PA 19124-5110","901 E LUZERNE ST, PHILADELPHIA PA 19124-5110","JUNIATA PROPERTY INVESTMENT INC.","JOSE A GOMEZ","Philadelphia County","Philadelphia City","Aug 1,2025","Oct 31,2026",-75.1101249,40.0091337
"1491",65440,"R3704","Restaurant (Liquor)","Active","BOU TIDARASY, INC.","BOU TIDARASY, INC.","2200 N 18TH ST, PHILADELPHIA PA 19132-4313","2200 N 18TH ST, PHILADELPHIA PA 19132-4313",NA,"BOU TAING","Philadelphia County","Philadelphia City","Jul 9,2025","Oct 31,2026",-75.1628049,39.9872502
"1492",97603,"R850","Restaurant (Liquor)","Active","UNDERGROUND CONCEPTS LLC","DIVINE LORRAINE","699 N BROAD ST, PHILADELPHIA PA 19123","699 N BROAD ST, PHILADELPHIA PA 19123","DIVINE INTERVENTION HOTEL LP","NATALIE MARONSKI","Philadelphia County","Philadelphia City","Nov 3,2025","Oct 31,2026",-75.1598776,39.966841
"1493",109005,"R8988","Restaurant (Liquor)","Active","BRINKER PENN TRUST","CHILI'S GRILL & BAR","2320 OREGON AVE, PHILADELPHIA PA 19145","2320 OREGON AVE, PHILADELPHIA PA 19145","CEDAR QUARTERMASTER, LLC","RUSHAUD T RICHARDSON","Philadelphia County","Philadelphia City","Sep 2,2025","Oct 31,2026",-75.1874675,39.9184569
"1494",47533,"R5471","Restaurant (Liquor)","Active","WHISKEY FLATS, INC.","WHISKEY FLATS, INC.","3156 WILLITS RD, PHILADELPHIA PA 19136-1116","3156 WILLITS RD, PHILADELPHIA PA 19136-1116",NA,"JOHN W NEWMAN","Philadelphia County","Philadelphia City","Nov 3,2025","Oct 31,2026",-75.0146052,40.0570058
"1495",67269,"R4397","Restaurant (Liquor)","Active","DRC SPRUCE STREET, LLC","DRC SPRUCE STREET, LLC","2201 SPRUCE ST, PHILADELPHIA PA 19103-5517","2201 SPRUCE ST, PHILADELPHIA PA 19103-5517",NA,"EDWARD PETER HACKETT, JR","Philadelphia County","Philadelphia City","Jul 28,2025","Oct 31,2026",-75.1779684,39.9487654
"1496",122239,"R5221","Restaurant (Liquor)","Active","35 SOUTH STREET VENTURES LLC","35 SOUTH STREET VENTURES LLC","35 S 2ND ST, PHILADELPHIA PA 19106-3036","35 S 2ND ST, PHILADELPHIA PA 19106-3036","S & R REAL ESTATE MANAGEMENT CORPORATION","NICOLE R MASSARO","Philadelphia County","Philadelphia City","Dec 11,2025","Oct 31,2026",-75.1438482,39.9489438
"1497",61227,"R5332","Restaurant (Liquor)","Active","1900 CAFE INC","1900 CAFE INC","1900 S 21ST ST, PHILADELPHIA PA 19145-2721","1900 S 21ST ST, PHILADELPHIA PA 19145-2721",NA,"TSEGA BERIH","Philadelphia County","Philadelphia City","Jul 31,2025","Oct 31,2026",-75.180851,39.9282398
"1498",59802,"R15656","Restaurant (Liquor)","Active","1065 MARIA INC","1065 MARIA INC","1065-1071 E ERIE AVE, PHILADELPHIA PA 19124-5435","1065-1071 E ERIE AVE, PHILADELPHIA PA 19124-5435",NA,"JOSE SANCHEZ","Philadelphia County","Philadelphia City","Aug 6,2025","Oct 31,2026",-75.1075172,40.0056917
"1499",93945,"R2917","Restaurant (Liquor)","Active","3BM1 AMADA LLC","AMADA","217-219 CHESTNUT ST, PHILADELPHIA PA 19106-2812","217-219 CHESTNUT ST, PHILADELPHIA PA 19106-2812","TJJ REAL CO LLC","JENNIFER A CAMELA","Philadelphia County","Philadelphia City","Jul 8,2025","Oct 31,2026",-75.1448668,39.9487227
"1500",72627,"R8582","Restaurant (Liquor)","Active","LA ROSA LINDA INC","LA ROSA LINDA INC","4565 TORRESDALE AVE, PHILADELPHIA PA 19124-3449","4565 TORRESDALE AVE, PHILADELPHIA PA 19124-3449",NA,"NANCI ALBERTO CASTRO","Philadelphia County","Philadelphia City","Aug 20,2025","Oct 31,2026",-75.0801849,40.0098405
"1501",69118,"R9170","Restaurant (Liquor)","Active","BOURBON & BRANCH LLC","BOURBON & BRANCH LLC","705 N 2ND ST, PHILADELPHIA PA 19123-3007","705 N 2ND ST, PHILADELPHIA PA 19123-3007",NA,"ALEJANDRO M CARBONELL","Philadelphia County","Philadelphia City","Aug 10,2026","Oct 31,2026",-75.1408165,39.9620468
"1502",127428,"R3083","Restaurant (Liquor)","Active","1433 PHILLY INC","1433 PHILLY INC","1433 ARCH ST, PHILADELPHIA PA 19102-1507","1433 ARCH ST, PHILADELPHIA PA 19102-1507","CHARLES S WEINER","MATTHEW R DAVIS","Philadelphia County","Philadelphia City","May 8,2026","Oct 31,2026",-75.164641,39.9547147
"1503",27699,"R5244","Restaurant (Liquor)","Active","NEW DELHI INDIAN RESTAURANT, INC.","NEW DELHI INDIAN RESTAURANT, INC.","4004 CHESTNUT ST, PHILADELPHIA PA 19104-4520","4004 CHESTNUT ST, PHILADELPHIA PA 19104-4520",NA,"AMRIK D SINGH","Philadelphia County","Philadelphia City","Aug 18,2025","Oct 31,2026",-75.202644,39.9554096
"1504",58057,"R9018","Restaurant (Liquor)","Active","GINGER SUSAN INC","GINGER SUSAN INC","2546 E LEHIGH AVE, PHILADELPHIA PA 19125-3834","2546 E LEHIGH AVE, PHILADELPHIA PA 19125-3834","EAST LEHIGH AVENUE LLC","JAMES MAHON","Philadelphia County","Philadelphia City","Aug 14,2025","Oct 31,2026",-75.1161565,39.9797348
"1505",72658,"R4431","Restaurant (Liquor)","Active","MAIN ST PUB LLC","RYANS PUB","4301 MAIN ST, PHILADELPHIA PA 19127-1504","4322 MAIN ST PO BOX 4603, PHILADELPHIA PA 19127-1421",NA,"Paul A Ryan, Jr","Philadelphia County","Philadelphia City","Sep 10,2025","Oct 31,2026",-75.2219166,40.0249436
"1506",81153,"R833","Restaurant (Liquor)","Active","HENNEY C., INC.","CENTERFOLDS","1602 W PASSYUNK AVE, PHILADELPHIA PA 19145-3823","1602 W PASSYUNK AVE, PHILADELPHIA PA 19145-3823",NA,"SOKUN TOUCH","Philadelphia County","Philadelphia City","Sep 12,2025","Oct 31,2026",-75.1731809,39.9246299
"1507",69025,"R904","Restaurant (Liquor)","Active","RAINER 516 INC","RAINER 516 INC","416 S 56TH ST, PHILADELPHIA PA 19143-1304","416 S 56TH ST, PHILADELPHIA PA 19143-1304",NA,"SOKLEANG TOP","Philadelphia County","Philadelphia City","May 15,2026","Oct 31,2026",-75.2345433,39.9541064
"1508",104658,"R49","Restaurant (Liquor)","Active","IEJMUTH INC","IEJMUTH INC","5701 WOODLAND AVE, PHILADELPHIA PA 19143-5915","5701 WOODLAND AVE, PHILADELPHIA PA 19143-5915","SAVANN MUTH AND SAMNANG NGOY","SAVANN MUTH","Philadelphia County","Philadelphia City","Aug 18,2025","Oct 31,2026",-75.2235779,39.9334235
"1509",66393,"R9006","Restaurant (Liquor)","Active","FISHTOWN TAVERN LLC","FISHTOWN TAVERN LLC","1301 FRANKFORD AVE, PHILADELPHIA PA 19125-3203","1301 FRANKFORD AVE, PHILADELPHIA PA 19125-3203","CURTIS E LARGE","ELIZABETH SHEMESH","Philadelphia County","Philadelphia City","Jul 1,2026","Oct 31,2026",-75.1342915,39.9705483
"1510",60489,"R2323","Restaurant (Liquor)","Active","SALONA INC","SALONA INC","3501-3511 LANCASTER AVE, PHILADELPHIA PA 19104-4915","3501-3511 LANCASTER AVE, PHILADELPHIA PA 19104-4915",NA,"ANGELOS PAPADOPOULOS","Philadelphia County","Philadelphia City","Jul 11,2025","Oct 31,2026",-75.1926572,39.9582587
"1511",42159,"R11419","Restaurant (Liquor)","Active","MDC ENTERPRISES, INC.","MDC ENTERPRISES, INC.","384 SHURS LN, PHILADELPHIA PA 19128-3534","384 SHURS LN, PHILADELPHIA PA 19128-3534",NA,"CHRISTIAN FERRARO","Philadelphia County","Philadelphia City","Oct 6,2025","Oct 31,2026",-75.2130136,40.0254542
"1512",62042,"R470","Restaurant (Liquor)","Active","EL COSTENO, INC.","EL COSTENO, INC.","940 S 9TH ST, PHILADELPHIA PA 19147-3935","940 S 9TH ST, PHILADELPHIA PA 19147-3935",NA,"ERNESTO ATRISCO","Philadelphia County","Philadelphia City","Nov 17,2025","Oct 31,2026",-75.158291,39.937768
"1513",109551,"R3242","Restaurant (Liquor)","Active","FIRST SPACE LLC","FIRST SPACE LLC","2519 FRANKFORD AVE, PHILADELPHIA PA 19125-1708","1930 E HAZZARD ST, PHILADELPHIA PA 19125","THIRD SPACE RESTAURANT GROUP LLC","FREDERICK M BEEBE","Philadelphia County","Philadelphia City","Aug 6,2026","Oct 31,2026",-75.1251824,39.9835323
"1514",133620,"R16676","Restaurant (Liquor)","Active","HARBISON SUPERMARKETS LLC","SHOPRITE OF BRIDGE & HARBISON #495","5597 TULIP ST UNIT 1, PHILADELPHIA PA 19124","5597 TULIP ST UNIT 1, PHILADELPHIA PA 19124","BRE WISSINOMING LLC 417 WISSINOMING TIC LLC 3740 WISSINOMING TIC LLC","RACQUEL S SMITH-TYSON","Philadelphia County","Philadelphia City","Jun 30,2026","Oct 31,2026",-75.0673203,40.0122406
"1515",35402,"R7605","Restaurant (Liquor)","Active","POPI'S RESTAURANT, INC.","POPI'S RESTAURANT, INC.","3120 S 20TH ST, PHILADELPHIA PA 19145-5702","3120 S 20TH ST, PHILADELPHIA PA 19145-5702",NA,"KRISTEN EDWARDS","Philadelphia County","Philadelphia City","Jul 15,2025","Oct 31,2026",-75.1827197,39.9115927
"1516",73326,"R455","Restaurant (Liquor)","Active","WEST BANK HOSPITALITY INC","WEST BANK HOSPITALITY INC","4629-31 BALTIMORE AVE, PHILADELPHIA PA 19143-2148","1500 JFK BLVD STE 900, PHILADELPHIA PA 19102-1742",NA,"VERONICA E MOYER","Philadelphia County","Philadelphia City","Nov 20,2025","Oct 31,2026",-75.216885,39.9489019
"1517",118493,"R1142","Restaurant (Liquor)","Active","FLIGHT CLUB WALNUT LLC","FLIGHT CLUB","1417 WALNUT ST, PHILADELPHIA PA 19102","1417 WALNUT ST, PHILADELPHIA PA 19102","WASHINGTON SQUARE PARTNERS LP","MICHAEL T KURTZ","Philadelphia County","Philadelphia City","Sep 16,2025","Oct 31,2026",-75.1650706,39.9495637
"1518",73105,"R1987","Restaurant (Liquor)","Active","BG 1559 INC","BG 1559 INC","1559 E HUNTING PARK AVE, PHILADELPHIA PA 19124-4937","7053 TERMINAL SQ, UPPER DARBY PA 19082-2217",NA,"PETER LEE","Philadelphia County","Philadelphia City","Aug 6,2025","Oct 31,2026",-75.0962366,40.0102833
"1519",65259,"R1466","Restaurant (Liquor)","Active","JENNIFER TAVERN INC","JENNIFER TAVERN INC","2859-61 N MASCHER ST, PHILADELPHIA PA 19133-3526","ONE BELMONT AVE  STE 703, BALA CYNWYD PA 19004-1610",NA,"JENNY LIM","Philadelphia County","Philadelphia City","Aug 1,2025","Oct 31,2026",-75.132077,39.9940646
"1520",39488,"R205","Restaurant (Liquor)","Active","TORRES EMPORIUM, INC.","TORRES EMPORIUM, INC.","4500 N 5TH ST, PHILADELPHIA PA 19140-2310","4500 N 5TH ST, PHILADELPHIA PA 19140-2310",NA,"MONICA TORRES","Philadelphia County","Philadelphia City","Oct 7,2025","Oct 31,2026",-75.1344447,40.019744
"1521",10211,"R1843","Restaurant (Liquor)","Active","MOONLIGHT CORPORATION","MOONLIGHT CORPORATION","4528-30-32 LANCASTER AVE, PHILADELPHIA PA 19131","4528-30-32 LANCASTER AVE, PHILADELPHIA PA 19131","KYUNG H MOON","VATTANAK PRAK","Philadelphia County","Philadelphia City","Sep 3,2025","Oct 31,2026",-75.2137093,39.9699476
"1522",69256,"R15500","Restaurant (Liquor)","Active","GOLDSMITH & GOLDSMITH INC","SHOTZ","7413-17 BUIST AVE, PHILADELPHIA PA 19153-1402","7413-17 BUIST AVE, PHILADELPHIA PA 19153-1402",NA,"SWANIE GOLDSMITH","Philadelphia County","Philadelphia City","Nov 18,2025","Oct 31,2026",-75.2433111,39.9111236
"1523",12188,"R6296","Restaurant (Liquor)","Active","FRED O, LTD.","LOCUST RENDEZVOUS","1415 LOCUST ST, PHILADELPHIA PA 19102-3810","1415 LOCUST ST, PHILADELPHIA PA 19102-3810",NA,"MARIA RECUPIDO","Philadelphia County","Philadelphia City","Jul 9,2025","Oct 31,2026",-75.1658005,39.9484718
"1524",71809,"R9675","Restaurant (Liquor)","Active","BROAD 600 LLC","BROAD 600 LLC","600 N BROAD ST, PHILADELPHIA PA 19130-3402","600 N BROAD ST, PHILADELPHIA PA 19130-3402","BROAD 600 LLC","BENJAMIN BYNUM","Philadelphia County","Philadelphia City","Jul 9,2025","Oct 31,2026",-75.1614065,39.9641412
"1525",92001,"R38465","Restaurant (Liquor)","Active","AI LIQ LIMITED LIABILITY COMPANY","EMMY SQUARED","624-632 S 5TH ST, PHILADELPHIA PA 19147","1215 SANSOM ST, PHILADELPHIA PA 19107","ZAKEN REALTY TRUST","SHANNON L NOECKER","Philadelphia County","Philadelphia City","Aug 21,2025","Oct 31,2026",-75.1510663,39.9411871
"1526",89291,"R192","Restaurant (Liquor)","Active","MCMENAMIN FAMILY SHOPRITE INC","SHOPRITE OF MORRELL PLAZA","9910 FRANKFORD AVE, PHILADELPHIA PA 19114","9910 FRANKFORD AVE, PHILADELPHIA PA 19114",NA,"RYAN A DOLAN","Philadelphia County","Philadelphia City","Aug 18,2025","Oct 31,2026",-74.9839082,40.0649622
"1527",58717,"R15727","Restaurant (Liquor)","Active","JOSE P INVESTORS L P","JOSE P INVESTORS L P","263 S 15TH ST, PHILADELPHIA PA 19102-5035","263 S 15TH ST, PHILADELPHIA PA 19102-5035",NA,"JOSEPH GUNN","Philadelphia County","Philadelphia City","Aug 27,2025","Oct 31,2026",-75.1661625,39.9476648
"1528",84096,"R6228","Restaurant (Liquor)","Active","5000 F & G INC","5000 F & G INC","5000 MARKET ST, PHILADELPHIA PA 19139-3504","7207 SELLER AVE, UPPER DARBY PA 19082","FIKER TESEMA & GIRMAYE JIRU","FIKER TESMA","Philadelphia County","Philadelphia City","Aug 14,2025","Oct 31,2026",-75.2211328,39.9592799
"1529",114415,"R6364","Restaurant (Liquor)","Active","LEEL CORP","3737 LOUNGE","3737 N 2ND ST, PHILADELPHIA PA 19140","3737 N 2ND ST, PHILADELPHIA PA 19140","3737 2ND ST, LLC","KEIRA Y RAGSDALE","Philadelphia County","Philadelphia City","Oct 31,2025","Oct 31,2026",-75.1310389,40.0077174
"1530",118675,"R11733","Restaurant (Liquor)","Active","MYENSO LLC","MYENSO LLC","2049 E HAGERT ST, PHILADELPHIA PA 19125-1631","2049 E HAGERT ST, PHILADELPHIA PA 19125-1631","2049 HAGERT LLC","MICHAEL Z BRENFLECK","Philadelphia County","Philadelphia City","Sep 5,2025","Oct 31,2026",-75.1280053,39.983994
"1531",66269,"R9029","Restaurant (Liquor)","Active","COOPERS BAR AND GRILL INC","COOPERS BAR AND GRILL INC","100 W WYOMING AVE, PHILADELPHIA PA 19140-1629","100 W WYOMING AVE, PHILADELPHIA PA 19140-1629","NAIMAH HOWARD","MUNIRAH HOWARD","Philadelphia County","Philadelphia City","Mar 25,2026","Oct 31,2026",-75.1245441,40.0213721
"1532",103852,"R1464","Restaurant (Liquor)","Active","3800 LIN INC","3800 LIN INC","3800 N 6TH ST, PHILADELPHIA PA 19140-3327","3000 N FRANKLIN ST, PHILADELPHIA PA 19133-2425","EL COQUI LOUNGE, INC.","HONGLAI LIN","Philadelphia County","Philadelphia City","Aug 28,2026","Oct 31,2026",-75.1387486,40.0093821
"1533",63530,"R7433","Restaurant (Liquor)","Active","TORRES PREMIER SERVICES INC","TORRES PREMIER SERVICES INC","4001 N REESE ST, PHILADELPHIA PA 19140-2507","4001 N REESE ST, PHILADELPHIA PA 19140-2507",NA,"JOSEPH TORRES","Philadelphia County","Philadelphia City","Oct 31,2025","Oct 31,2026",-75.1363666,40.0121639
"1534",93359,"R2056","Restaurant (Liquor)","Active","ACME MARKETS INC","THE FROSTED MUG","3200-09 RED LION RD, PHILADELPHIA PA 19114",NA,"ACADEMY PLAZA LLC 1","JESSICA M RICKEY-HEIM","Philadelphia County","Philadelphia City","Sep 3,2025","Oct 31,2026",-74.9933849,40.0794617
"1535",121281,"R1923","Restaurant (Liquor)","Active","1617 JFK LLC","CLASSIC CAKE","ONE PENN CENTER SUBURBAN STATION  1617 JOHN F KENNEDY BLVD, PHILADELPHIA PA 19103","ONE PENN CENTER SUBURBAN STATION  1617 JOHN F KENNEDY BLVD, PHILADELPHIA PA 19103","ONE PENN ASSOCIATES LP","GRANT D ROBINSON","Philadelphia County","Philadelphia City","Dec 16,2025","Oct 31,2026",-75.1673556,39.954052
"1536",96325,"R13691","Restaurant (Liquor)","Active","ACME MARKETS INC","THE FROSTED MUG","8200 ROOSEVELT BLVD, PHILADELPHIA PA 19104","8200 ROOSEVELT BLVD, PHILADELPHIA PA 19104","PENNYPACK SHOPPING CENTER INVESTORS LP","PHYLLIS C FOWLER","Philadelphia County","Philadelphia City","Aug 4,2026","Oct 31,2026",-75.0452345,40.0602891
"1537",61895,"R11210","Restaurant (Liquor)","Active","KGKS, INC.","KGKS, INC.","6412 1/2- 6414 RISING SUN AVE, PHILADELPHIA PA 19111-5229","6412 1/2- 6414 RISING SUN AVE, PHILADELPHIA PA 19111-5229",NA,"OLLIE FISHER","Philadelphia County","Philadelphia City","Dec 29,2025","Oct 31,2026",-75.0953441,40.0502026
"1538",133417,"R1337","Restaurant (Liquor)","Active","MI VIDA EAST MARKET LLC","MI VIDA EAST MARKET LLC","34 S 11TH ST UNIT 100-102 , PHILADELPHIA PA 19107-4912","34 S 11TH ST UNIT 100-102 , PHILADELPHIA PA 19107-4912","34 SOUTH 11TH STREET LP","MANUEL MARTINEZ III","Philadelphia County","Philadelphia City","Feb 13,2026","Oct 31,2026",-75.158684,39.9508991
"1539",115986,"R4467","Restaurant (Liquor)","Safekeeping","KAMPAR LLC","KAMPAR LLC","611 S 7TH ST, PHILADELPHIA PA 19147-2103","3 NORTH COLUMBUS  BLVD, PHILADELPHIA PA 19106","NOMAD REAL ESTATE HOLDING CO LLC","ANGELINA M Y  BRANCA","Philadelphia County","Philadelphia City","Oct 23,2025","Oct 31,2026",-75.153837,39.9418368
"1540",106536,"R1267","Restaurant (Liquor)","Safekeeping","MULHERINS EM LLC","MULHERINS EM LLC","1175 LUDLOW ST, PHILADELPHIA PA 19107","1523 N FRONT ST STE 300, PHILADELPHIA PA 19122","1100 MARKET STREET LP","SEAN R MCPAUL","Philadelphia County","Philadelphia City","Oct 27,2025","Oct 31,2026",-75.1587444,39.9510964
"1541",97459,"R12058","Restaurant (Liquor)","Safekeeping","11708 KJB LLC","11708 KJB LLC","11708 BUSTLETON AVE, PHILADELPHIA PA 19116-2516","11708 BUSTLETON AVE, PHILADELPHIA PA 19116-2516","POSEL ENTERPRISES","MARGARET MIECZKOWSKI","Philadelphia County","Philadelphia City","Sep 1,2026","Oct 31,2026",-75.0182164,40.1200061
"1542",13232,"R8385","Restaurant (Liquor)","Safekeeping","UVC, INC.","TRACK & TURF TAVERN","4202 CHESTER AVE, PHILADELPHIA PA 19104-4416","4202 CHESTER AVE, PHILADELPHIA PA 19104-4416",NA,"JOHN GILLESPIE","Philadelphia County","Philadelphia City","Apr 23,2026","Oct 31,2026",-75.2073117,39.9481109
"1543",36354,"R6335","Restaurant (Liquor)","Safekeeping","3649 GERMANTOWN AVENUE, INC.","3649 GERMANTOWN AVENUE, INC.","3649 GERMANTOWN AVE, PHILADELPHIA PA 19140-4255","3649 GERMANTOWN AVE, PHILADELPHIA PA 19140-4255",NA,"MARCELLA D SANDERS","Philadelphia County","Philadelphia City","Apr 29,2026","Oct 31,2026",-75.1504524,40.0088546
"1544",87594,"R3706","Restaurant (Liquor)","Safekeeping","S 19TH BUSINESS VENTURES LLC","S 19TH BUSINESS VENTURES LLC","38-40 S 19TH ST, PHILADELPHIA PA 19103","PO BOX 2235, PHILADELPHIA PA 19103","SUSAN & PETER ANTIPAS","JOSEPH MITCHELL","Philadelphia County","Philadelphia City","Oct 27,2025","Oct 31,2026",-75.172077,39.952321
"1545",113743,"R1367","Restaurant (Liquor)","Safekeeping","THE BOOZY MUTT LLC","THE BOOZY MUTT LLC","2633-2639 POPLAR ST, PHILADELPHIA PA 19130","1759 WATERLOO ST, PHILADELPHIA PA 19122","POPLAR PROPERTY LLC","ALEXANDER K OSBORNE","Philadelphia County","Philadelphia City","Jan 15,2026","Oct 31,2026",-75.1804787,39.9729784
"1546",130972,"SO60874","Special Occasion Permit","Active","MEXICAN CULTURAL EXPRESSIONS NATIONAL SOCIETY INC","MEXICAN CULTURAL EXPRESSIONS NATIONAL SOCIETY INC","65 CRYSTAL ST FL 2, NORTH ARLINGTON NJ 07031-5611","65 CRYSTAL ST FL 2, NORTH ARLINGTON NJ 07031-5611",NA,NA,"Philadelphia County","Philadelphia City","Sep 14,2026","Dec 31,2026",-74.1328724,40.7922612
"1547",125740,"SO57462","Special Occasion Permit","Active","GREEK ORTHODOX CATHEDRAL OF ST. GEORGE","GREEK ORTHODOX CATHEDRAL OF ST. GEORGE","256 S 8TH ST, PHILADELPHIA PA 19107-5731","256 S 8TH ST, PHILADELPHIA PA 19107-5731",NA,NA,"Philadelphia County","Philadelphia City","Apr 20,2026","Dec 31,2026",-75.1550397,39.9463873
"1548",134614,"SO62087","Special Occasion Permit","Active","LOVE EVERYBODY ADDICTS","LOVE EVERYBODY ADDICTS","4807 BLOOMFIELD DR, MEMPHIS TN 38125","4807 BLOOMFIELD DR, MEMPHIS TN 38125",NA,NA,"Philadelphia County","Philadelphia City","Jul 6,2026","Dec 31,2026",-89.7812528,35.0172945
"1549",128361,"SO59222","Special Occasion Permit","Active","PHILADELPHIA SHIP PRESERVATION GUILD","PHILADELPHIA SHIP PRESERVATION GUILD","301 S CHRISTOPHER COLUMBUS BLVD, PHILADELPHIA PA 19106-4328","3600 WELSH RD, PHILADELPHIA PA 19136",NA,NA,"Philadelphia County","Philadelphia City","Aug 14,2026","Dec 31,2026",-75.1415862,39.944592
"1550",130972,"SO60874","Special Occasion Permit","Active","MEXICAN CULTURAL EXPRESSIONS NATIONAL SOCIETY INC","MEXICAN CULTURAL EXPRESSIONS NATIONAL SOCIETY INC","65 CRYSTAL ST FL 2, NORTH ARLINGTON NJ 07031-5611","65 CRYSTAL ST FL 2, NORTH ARLINGTON NJ 07031-5611",NA,NA,"Philadelphia County","Philadelphia City","Aug 25,2026","Dec 31,2026",-74.1328724,40.7922612
"1551",120681,"SO56017","Special Occasion Permit","Active","NATIONAL LIBERTY MUSEUM","NATIONAL LIBERTY MUSEUM","321 CHESTNUT ST, PHILADELPHIA PR 19106-2707","321 CHESTNUT ST, PHILADELPHIA PR 19106-2707",NA,NA,"Philadelphia County","Philadelphia City","Apr 24,2026","Dec 31,2026",-75.1468394,39.9490658
"1552",127721,"SO58795","Special Occasion Permit","Active","MT AIRY USA CDC","MT AIRY USA CDC","6703 GERMANTOWN AVE STE 200, PHILADELPHIA PA 19119-2109","6703 GERMANTOWN AVE STE 200, PHILADELPHIA PA 19119-2109",NA,NA,"Philadelphia County","Philadelphia City","Jun 16,2026","Dec 31,2026",-75.1851728,40.0520405
"1553",135635,NA,"Brewery Storage","Pending","ALDUS BREWING COMPANY","ALDUS BREWING PHILADELPHIA STORAGE","3500 SCOTTS LN, PHILADELPHIA PA 19129-1836","3500 SCOTTS LN, PHILADELPHIA PA 19129-1836",NA,NA,"Philadelphia County","Philadelphia City",NA,NA,-75.1832828,40.0081293
"1554",134054,NA,"Brewery","Pending","FELLOWSHIP BEER COMPANY","FELLOWSHIP BEER COMPANY","1800 TASKER ST, PHILADELPHIA PA 19145","420 W MERMAID LANE, PHILADELPHIA PA 19118",NA,NA,"Philadelphia County","Philadelphia City",NA,NA,-75.1750124,39.9311802
"1555",135259,"R9050","Restaurant (Liquor)","Pending","MADISON 27 INC","MADISON 27 INC","1966-68 BRIDGE ST, PHILADELPHIA PA 19124-2125","1966-68 BRIDGE ST, PHILADELPHIA PA 19124-2125",NA,NA,"Philadelphia County","Philadelphia City",NA,"Oct 31,2026",-75.0716712,40.016034
"1556",134266,"R211","Restaurant (Liquor)","Pending","ALLEY 1907 LLC","ALLEY 1907 LLC","1907 CHESTNUT ST, PHILADELPHIA PA 19103-3500","1907 CHESTNUT ST, PHILADELPHIA PA 19103-3500",NA,NA,"Philadelphia County","Philadelphia City",NA,"Oct 31,2026",-75.1722162,39.952118
"1557",134110,"R3783","Restaurant (Liquor)","Pending","LOWPOST INC","LOWPOST INC","5500 RISING SUN AVE, PHILADELPHIA PA 19120-3011","5500 RISING SUN AVE, PHILADELPHIA PA 19120-3011",NA,NA,"Philadelphia County","Philadelphia City",NA,"Oct 31,2026",-75.1162613,40.0331819
"1558",131123,"E4688","Eating Place Retail Dispenser (Malt)","Pending","ROSA MAE GALLON","CAROLINA MARKET","2637 W LEHIGH AVE, PHILADELPHIA PA 19132-3121","2637 W LEHIGH AVE, PHILADELPHIA PA 19132-3121",NA,NA,"Philadelphia County","Philadelphia City",NA,"Oct 31,2025",-75.1750529,39.9967074
"1559",135422,"R2780","Restaurant (Liquor)","Pending","TRU HIBACHI LLC","TRU HIBACHI LLC","PHILADELPHIA MARINE TRADE CENTER PIER 19 NORTH 2ND FLOOR EAST, PHILADELPHIA PA 19106-2489",NA,NA,NA,"Philadelphia County","Philadelphia City",NA,"Oct 31,2026",-75.145782,39.9493801
"1560",130285,"E884","Eating Place Retail Dispenser (Malt)","Pending","THREE J QV CORP","THREE J QV CORP","724 S 4TH ST, PHILADELPHIA PA 19147-3119","724 S 4TH ST, PHILADELPHIA PA 19147-3119",NA,NA,"Philadelphia County","Philadelphia City",NA,"Oct 31,2025",-75.1496926,39.9398489
"1561",133103,"R2410","Restaurant (Liquor)","Pending","ASMARA INC","ASMARA INC","5503-05-07 BALTIMORE AVE, PHILADELPHIA PA 19143-2821","621 CYPRESS LANE, MORTON PA 19070","KIFLEYE LLC","TSEGIE YEMANE","Philadelphia County","Philadelphia City",NA,"Oct 31,2025",-75.2338655,39.9475537
"1562",134633,"R5533","Restaurant (Liquor)","Pending","COPPER HILL BAR RESTAURANT INC","COPPER HILL BAR RESTAURANT","5052-56 CITY AVE, PHILADELPHIA PA 19131","5052-56 CITY AVE, PHILADELPHIA PA 19131",NA,NA,"Philadelphia County","Philadelphia City",NA,"Oct 31,2026",-75.2313702,39.9985407
"1563",133138,"R4892","Restaurant (Liquor)","Pending","BAI WEI LLC","BAI WEI","1038 RACE ST, PHILADELPHIA PA 19107","1038 RACE ST, PHILADELPHIA PA 19107",NA,NA,"Philadelphia County","Philadelphia City",NA,"Oct 31,2025",-75.1572987,39.9554771
"1564",133947,"R4184","Restaurant (Liquor)","Pending","SPLIT LEVEL HOSPITALITY LLC","SPLIT LEVEL HOSPITALITY LLC","112 S 18TH ST, PHILADELPHIA PA 19103-4901","112 S 18TH ST, PHILADELPHIA PA 19103-4901",NA,NA,"Philadelphia County","Philadelphia City",NA,"Oct 31,2026",-75.1706748,39.9513118
"1565",132646,"R262","Restaurant (Liquor)","Pending","THE SLIDER COMPANY LLC","SLIDERS","2043 FRANKFORD AVE, PHILADELPHIA  PA 19125","2043 FRANKFORD AVE, PHILADELPHIA  PA 19125",NA,NA,"Philadelphia County","Philadelphia City",NA,"Oct 31,2025",-75.1294258,39.979358
"1566",134397,"AE61989","Alcohol Tax-Exempt","Active","GEMMA BIOTHERAPEUTICS INC","LILY GATEWAY LABS","2300 MARKET ST STE B, PHILADELPHIA PA 19103-3017","3025 JOHN F KENNEDY BLVD STE 220, PHILADELPHIA PA 19104-5976",NA,NA,"Philadelphia County","Philadelphia City","May 28,2026","Dec 31,2028",-75.1783517,39.9540039
"1567",58901,"AE893","Alcohol Tax-Exempt","Active","PHILADELPHIA VETERANS AFFAIRS MEDICAL CENTER","PHILADELPHIA VETERANS AFFAIRS MEDICAL CENTER","3900 WOODLAND AVE, PHILADELPHIA PA 19104-4551","3900 WOODLAND AVE, PHILADELPHIA PA 19104-4551",NA,NA,"Philadelphia County","Philadelphia City","Oct 3,2024","Dec 31,2028",-75.1998378,39.948754
"1568",129415,"AE59878","Alcohol Tax-Exempt","Active","THE WISTAR INSTITUTE OF ANATOMY & BIOLOGY","THE WISTAR INSTITUTE","3675 MARKET ST STE 101, PHILADELPHIA PA 19104-2897","3601 SPRUCE ST, PHILADELPHIA PA 19104",NA,NA,"Philadelphia County","Philadelphia City","Jan 7,2025","Dec 31,2028",-75.1950287,39.9561126
"1569",117318,"AL54645","Limited Distillery","Active","THE VERMOUTHERY, LLC","THE VERMOUTHERY","421 N 7TH ST, PHILADELPHIA PA 19123-3925","421 N 7TH ST, PHILADELPHIA PA 19123-3925","NE CALLOWHILL CENTER LLC","TIMOTHY S KWEEDER","Philadelphia County","Philadelphia City","Jun 17,2026","Dec 31,2026",-75.1499503,39.958844
"1570",94078,"AL39944","Limited Distillery","Active","CITY DISTILLING LLC","CITY DISTILLING LLC","7600 STATE RD, PHILADELPHIA PA 19136","3322 TUDOR ST, PHILADELPHIA PA 19136","7600 STATE ROAD LP","MARGARET   CAMPBELL","Philadelphia County","Philadelphia City","Jan 29,2026","Dec 31,2026",-75.0258512,40.0296515
"1571",55826,"AL1","Limited Distillery","Active","PHILADELPHIA DISTILLING LLC","INFINITE NICHES","25 E ALLEN ST, PHILADELPHIA PA 19123-1753","25 E ALLEN ST, PHILADELPHIA PA 19123-1753","ANDREW AUWERDA","AARON M SELYA","Philadelphia County","Philadelphia City","Dec 18,2025","Dec 31,2026",-75.1362683,39.9660145
"1572",70885,"AL41","Limited Distillery","Active","RED BRICK CRAFT DISTILLERY","RED BRICK CRAFT DISTILLERY","2628 MARTHA ST UNIT SL-H, PHILADELPHIA PA 19125-1421","2628 MARTHA ST UNIT SL-H, PHILADELPHIA PA 19125-1421","MAGELLA REAL ESTATE","BRIAN FORREST","Philadelphia County","Philadelphia City","Dec 29,2025","Dec 31,2026",-75.1223796,39.9850613
"1573",86353,"AN34064","Alcohol Non-Beverage","Active","CUSTOM CO-PAK LLC","CUSTOM CO-PAK LLC","3737-39 FRANKFORD AVE, PHILADELPHIA PA 19124","3737-39 FRANKFORD AVE, PHILADELPHIA PA 19124",NA,NA,"Philadelphia County","Philadelphia City","Sep 12,2024","Dec 31,2028",-75.0970977,40.0002759
"1574",111333,"AN50277","Alcohol Non-Beverage","Active","ILLADELPH GLASS INC","ILLADELPH GLASS","7814 NIXON ST, PHILADELPHIA PA 19128-4001","7814 NIXON ST, PHILADELPHIA PA 19128-4001",NA,NA,"Philadelphia County","Philadelphia City","May 10,2022","Dec 31,2026",-75.2503415,40.0447251
"1575",72080,"AN3183","Alcohol Non-Beverage","Active","SPARK THERAPEUTICS INC","SPARK THERAPEUTICS INC","3737 MARKET ST STE 1300, PHILADELPHIA PA 19104-5543","3737 MARKET ST STE 1300, PHILADELPHIA PA 19104-5543",NA,NA,"Philadelphia County","Philadelphia City","Jan 31,2025","Dec 31,2028",-75.1971637,39.9569127
"1576",135642,"AN62274","Alcohol Non-Beverage","Active","AMERICAN NATIONAL RED CROSS","AMERICAN NATIONAL RED CROSS","700 SPRING GARDEN ST, PHILADELPHIA PA 19123-3508","700 SPRING GARDEN ST, PHILADELPHIA PA 19123-3508",NA,NA,"Philadelphia County","Philadelphia City","Sep 2,2026","Dec 31,2028",-75.1507905,39.9599862
"1577",116794,"AN53556","Alcohol Non-Beverage","Active","CENTURY THERAPEUTICS LLC","1UCITY","25 N 38TH ST 11TH FL, PHILADELPHIA PA 19104-5956","25 N 38TH ST 11TH FL, PHILADELPHIA PA 19104-5956",NA,NA,"Philadelphia County","Philadelphia City","Sep 24,2024","Dec 31,2028",-75.195706,39.9580765
"1578",110842,"AR51074","Airport Restaurant (Liquor)","Active","PHL CONNECTOR JOINT VENTURE LLC","BUD & MARILYNS","PHILADELPHIA INTERNATIONAL AIRPORT  8500 ESSINGTON AVE, PHILADELPHIA PA 19153","PHILADELPHIA INTERNATIONAL AIRPORT  8500 ESSINGTON AVE, PHILADELPHIA PA 19153","CITY OF PHILADELPHIA","JOANNE J PLESSAS","Philadelphia County","Philadelphia City","Aug 28,2025","Oct 31,2026",-75.2436987,39.8729797
"1579",70506,"AR153","Airport Restaurant (Liquor)","Active","HOST INTERNATIONAL INC","LA TAPENADE","PHILADELPHIA INTERNATIONAL AIRPORT  8800 ESSINGTON AVE  TERMINAL A  SPACE AW-13, PHILADELPHIA PA 19153-7080","PHILADELPHIA INTERNATIONAL AIRPORT  8800 ESSINGTON AVE  TERMINAL A  SPACE AW-13, PHILADELPHIA PA 19153-7080","MARKETPLACE PHILADELPHIA LIMITED PARTNERSHIP","STANLEY A LOWE JR","Philadelphia County","Philadelphia City","Aug 21,2025","Oct 31,2026",-75.2436987,39.8729797
"1580",23099,"C2356","Club (Liquor)","Safekeeping","FRANKFORD MEMORIAL POST NO 100 AMERICAN VETERANS OF WORLD WAR II-AMVETS","FRANKFORD MEMORIAL POST NO 100 AMERICAN VETERANS OF WORLD WAR II-AMVETS","4009 O ST, PHILADELPHIA PA 19124-5304","4009 O ST, PHILADELPHIA PA 19124-5304","FRANKFORD MEMORIAL POST NO 100 AMERICAN VETERANS OF WORLD WAR II-AMVETS","EFRAIN DELGADO","Philadelphia County","Philadelphia City","Aug 31,2026","Oct 31,2026",-75.0964875,40.0072527
"1581",1471,"C3005","Club (Liquor)","Active","TACONY-MAYFAIR LODGE NO 447","TACONY-MAYFAIR LODGE NO 447","4741 FRIENDSHIP ST, PHILADELPHIA PA 19135-1331","4741 FRIENDSHIP ST, PHILADELPHIA PA 19135-1331","TACONY-MAYFAIR LODGE NO 447","GEORGEANNE LABOVITZ","Philadelphia County","Philadelphia City","Aug 13,2025","Oct 31,2026",-75.036932,40.0280838
"1582",1515,"C3129","Club (Liquor)","Active","MICHAEL J CRESCENZ RISING SUN POST NO. 2819","MICHAEL J CRESCENZ RISING SUN POST NO. 2819","6850 MARTINS MILL RD, PHILADELPHIA PA 19111-4635","6850 MARTINS MILL RD, PHILADELPHIA PA 19111-4635","MICHAEL J CRESCENZ RISING SUN POST NO. 2819","FRANK J DEFRANCO","Philadelphia County","Philadelphia City","Sep 19,2025","Oct 31,2026",-75.0934603,40.0567381
"1583",1652,"C3506","Club (Liquor)","Active","MADISON ATHLETIC ASSN.","MADISON ATHLETIC ASSN.","3299 1/2 GAUL ST, PHILADELPHIA PA 19134-4524","3299 1/2 GAUL ST, PHILADELPHIA PA 19134-4524","MADISON ATHLETIC ASSN.","JOHN J MUHOLLAND","Philadelphia County","Philadelphia City","Sep 16,2025","Oct 31,2026",-75.1026339,39.9881586
"1584",1293,"C2496","Club (Liquor)","Active","ITALO-AMERICAN BOCCE SOCIAL CLUB OF PHILADELPHIA","ITALO-AMERICAN BOCCE SOCIAL CLUB OF PHILADELPHIA","2001 POINT BREEZE AVE, PHILADELPHIA PA 19145-2617","2001 POINT BREEZE AVE, PHILADELPHIA PA 19145-2617","FOB LLC","ROBERT CUSATO","Philadelphia County","Philadelphia City","Oct 27,2025","Oct 31,2026",-75.186959,39.9273766
"1585",1717,"CC61520","Catering Club (Liquor)","Active","CHESTNUT HILL ATHLETIC BOCCE CLUB","CHESTNUT HILL ATHLETIC BOCCE CLUB","118-120 E HARTWELL LN, PHILADELPHIA PA 19118-3406","118-120 E HARTWELL LN, PHILADELPHIA PA 19118-3406","CHESTNUT HILL ATHLETIC BOCCE CLUB","CLINT HORNBERGER","Philadelphia County","Philadelphia City","Nov 26,2025","Oct 31,2026",-75.201933,40.0736292
"1586",3039,"CC845","Catering Club (Liquor)","Active","CASIMIR PULASKI POLISH AMERICAN BENEFICIAL ASSN","CASIMIR PULASKI POLISH AMERICAN BENEFICIAL ASSN","1653 W HUNTING PARK AVE, PHILADELPHIA PA 19140-2909","1653 W HUNTING PARK AVE, PHILADELPHIA PA 19140-2909","GERALD W SAUNDERS SR","ROBERT WILLIAMS","Philadelphia County","Philadelphia City","Oct 28,2025","Oct 31,2026",-75.1548591,40.0158405
"1587",85221,"D2539","Distributor (Malt)","Active","G&P BEER DISTRIBUTOR INC","G&P BEER DISTRIBUTOR INC","2065 E GLENWOOD AVE, PHILADELPHIA PA 19124","2065 E GLENWOOD AVE, PHILADELPHIA PA 19124","2049-59 GLENWOOD AVE, LLC.","NORMA E MALDONADO","Philadelphia County","Philadelphia City","May 4,2026","Oct 31,2026",-75.0979967,40.0009627
"1588",69833,"D2379","Distributor (Malt)","Active","ACADEMY BEVERAGE LLC","ACADEMY BEVERAGE LLC","3091 HOLME AVE, PHILADELPHIA PA 19136-1101","3091 HOLME AVE, PHILADELPHIA PA 19136-1101","SHI PAN","ZEYUAN YU","Philadelphia County","Philadelphia City","Dec 16,2025","Oct 31,2026",-75.0151877,40.0569015
"1589",71614,"D1735","Distributor (Malt)","Active","777 LUCKY BEER DISTRIBUTOR LLC","777 LUCKY BEER DISTRIBUTOR LLC","1400 E CHELTENHAM AVE, PHILADELPHIA PA 19124-1102","1400 E CHELTENHAM AVE, PHILADELPHIA PA 19124-1102",NA,"EN YANG","Philadelphia County","Philadelphia City","Jul 23,2025","Oct 31,2026",-75.0826963,40.0303162
"1590",73372,"D3941","Distributor (Malt)","Active","BEVERAGE ONE LLC","BEVERAGE ONE LLC","1701 WELSH RD. UNIT 1, PHILADELPHIA PA 19115-3172","4141 WOERNER AVE 3A PO BOX 0444, LEVITTOWN PA 19057-0444",NA,"MINAL H MEHTA","Philadelphia County","Philadelphia City","Aug 18,2025","Oct 31,2026",-75.0391721,40.085986
"1591",126290,"D3706","Distributor (Malt)","Active","3801 ML INC","3801 ML INC","3801 GERMANTOWN AVE, PHILADELPHIA PA 19140","3801 GERMANTOWN AVE, PHILADELPHIA PA 19140","3801 ML INC","MEILIN LIM","Philadelphia County","Philadelphia City","Nov 12,2025","Oct 31,2026",-75.1512444,40.0110159
"1592",32877,"E1716","Eating Place Retail Dispenser (Malt)","Active","255 LATIMER DELI, INC.","LATIMER DELICATESSEN","255-257 S 15TH ST, PHILADELPHIA PA 19102-5062","255-257 S 15TH ST, PHILADELPHIA PA 19102-5062",NA,"THOMAS WOO","Philadelphia County","Philadelphia City","Jul 23,2025","Oct 31,2026",-75.1661437,39.9478158
"1593",50781,"E199","Eating Place Retail Dispenser (Malt)","Active","CITY VIEW PIZZA, INC.","CITY VIEW PIZZA","1547 SPRING GARDEN ST, PHILADELPHIA PA 19130-4008","1547 SPRING GARDEN ST, PHILADELPHIA PA 19130-4008",NA,"JOHN KERENTZIS","Philadelphia County","Philadelphia City","Aug 27,2025","Oct 31,2026",-75.1645154,39.9630525
"1594",62091,"E3858","Eating Place Retail Dispenser (Malt)","Active","CHUN 7129, INC.","CHUN 7129, INC.","2501 W STERNER ST, PHILADELPHIA PA 19132-3215","2501 W STERNER ST, PHILADELPHIA PA 19132-3215",NA,"SOTHAVY CHUN","Philadelphia County","Philadelphia City","Sep 16,2025","Oct 31,2026",-75.172394,39.9968319
"1595",45857,"E129","Eating Place Retail Dispenser (Malt)","Active","CHEF'S DELI, INC.","CHEF'S DELI, INC.","2416 RHAWN ST, PHILADELPHIA PA 19152-3326","2416 RHAWN ST, PHILADELPHIA PA 19152-3326",NA,"ALLEN S UNG","Philadelphia County","Philadelphia City","Aug 6,2025","Oct 31,2026",-75.0479334,40.0569782
"1596",69195,"E146","Eating Place Retail Dispenser (Malt)","Active","JJP# 8, INC","JJP# 8, INC","6501 ELMWOOD AVE, PHILADELPHIA PA 19142-2816","6501 ELMWOOD AVE, PHILADELPHIA PA 19142-2816",NA,"DAI NGUYEN","Philadelphia County","Philadelphia City","Oct 2,2025","Oct 31,2026",-75.2306187,39.9222715
"1597",60937,"E4684","Eating Place Retail Dispenser (Malt)","Active","BEST BEER INC","BEST BEER INC","6603 CHEW AVE, PHILADELPHIA PA 19119-2002","6603 CHEW AVE, PHILADELPHIA PA 19119-2002",NA,"MAILY LAI","Philadelphia County","Philadelphia City","Jul 18,2025","Oct 31,2026",-75.1788881,40.0543352
"1598",85539,"E132","Eating Place Retail Dispenser (Malt)","Safekeeping","VI FRANKFORD INC","VI FRANKFORD INC","7360 FRANKFORD AVE, PHILADELPHIA PA 19136-3829","7360 FRANKFORD AVE, PHILADELPHIA PA 19136-3829","ZHOU W NI","ZHOU W NI","Philadelphia County","Philadelphia City","Sep 1,2026","Oct 31,2026",-75.0386094,40.0378625
"1599",59486,"E3346","Eating Place Retail Dispenser (Malt)","Active","RIDGE MART INC","RIDGE MART INC","2248 RIDGE AVE, PHILADELPHIA PA 19121-2930","2248 RIDGE AVE, PHILADELPHIA PA 19121-2930",NA,"JEONG SHIN","Philadelphia County","Philadelphia City","May 15,2026","Oct 31,2026",-75.172425,39.9803416
"1600",115592,"G54057","Brewery","Active","TOSKA BREW HOUSE LLC","TOSKA RESTAURANT AND BREWERY","7136 GERMANTOWN AVE, PHILADELPHIA PA 19119","1065 BIRCH LANE, GARNET VALLEY PA 19060","BRINTON HOUSING PARTNERS LP","PERPARIM OSMANOLLAJ","Philadelphia County","Philadelphia City","Dec 26,2025","Dec 31,2026",-75.1904446,40.0591708
"1601",83231,"G33216","Brewery","Active","WEST BROAD PROPERTIES FUND LLC","SECOND DISTRICT BREWING COMPANY","1939 S BANCROFT ST, PHILADELPHIA PA 19145","1939 S BANCROFT ST, PHILADELPHIA PA 19145","WEST BROAD PROPERTIES FUND LLC","CURTIS DECKER","Philadelphia County","Philadelphia City","Mar 25,2026","Dec 31,2026",-75.1730463,39.9263624
"1602",115094,"G52642","Brewery","Active","FUTURE DAYS BEER COMPANY LLC","FUTURE DAYS BEER COMPANY","433 FAIRMOUNT AVE, PHILADELPHIA PA 19123","445 BELGRADE ST, PHILADELPHIA PA 19125","CAPE AIR, LLC","SEAN P MCGUIRE","Philadelphia County","Philadelphia City","Oct 29,2025","Dec 31,2026",-75.1457476,39.9633159
"1603",71833,"G602","Brewery","Active","JUSTOP LLC","BREWERY TECHNE","1720-30 FAIRMOUNT AVE, PHILADELPHIA PA 19130-2858","1720-30 FAIRMOUNT AVE, PHILADELPHIA PA 19130-2858",NA,"JULIANE KEENER","Philadelphia County","Philadelphia City","Oct 22,2025","Dec 31,2026",-75.166276,39.966992
"1604",102732,"GA45112","Grain Alcohol","Active","BRIAN S PARKER","BRIAN S PARKER","4648 LINMORE AVE, PHILADELPHIA PA 19143","4648 LINMORE AVE, PHILADELPHIA PA 19143",NA,NA,"Philadelphia County","Philadelphia City","Oct 7,2025","Dec 31,2030",-75.2093606,39.9427713
"1605",131830,"GS61466","Brewery Storage","Active","CATAMOUNT LIQUIDS LLC","CARBON COPY SOUTH PHILLY","613 S 7TH ST 1ST FL, PHILADELPHIA PA 19147-2126","613 S 7TH ST 1ST FL, PHILADELPHIA PA 19147-2126","CENTER CITY PROPERTIES LLC","PRITHI S CHANDRA","Philadelphia County","Philadelphia City","Dec 22,2025","Dec 31,2026",-75.1539342,39.9416474
"1606",95057,"H43230","Hotel (Liquor)","Active","TWELFTH STREET HOTEL ASSOCIATES LLC","LOEWS HOTEL","1200 MARKET ST, PHILADELPHIA PA 19107-3671","1200 MARKET ST, PHILADELPHIA PA 19107-3671","TWELFTH STREET HOTEL ASSOCIATES LLC","DANIEL J RIVAS","Philadelphia County","Philadelphia City","May 28,2026","Oct 31,2026",-75.1602673,39.9515991
"1607",32965,"H90","Hotel (Liquor)","Active","VILLAGE OF COTTAGE GREEN, INC.","VILLAGE OF COTTAGE GREEN, INC.","9001 ASHTON RD, PHILADELPHIA PA 19136","9001 ASHTON RD, PHILADELPHIA PA 19136","9001 REALTY ASSOC","ALAN GIANNONE","Philadelphia County","Philadelphia City","Jul 31,2025","Oct 31,2026",-75.0228355,40.0611004
"1608",131165,"H5565","Hotel (Liquor)","Active","VRISHA LODGING LLC","RED CARPET INN & SUITES","11550 ROOSEVELT BLVD, PHILADELPHIA PA 19116-3032","11550 ROOSEVELT BLVD, PHILADELPHIA PA 19116-3032","POOJA 11580 LLC","DEVANG A PATEL","Philadelphia County","Philadelphia City","Sep 29,2025","Oct 31,2026",-75.0044001,40.1030014
"1609",120665,"H3438","Hotel (Liquor)","Active","SOCIETY HILL HOTEL OPERATIONS LLC","SOCIETY HILL HOTEL OPERATIONS LLC","301 CHESTNUT ST, PHILADELPHIA PA 19106-2702","301 CHESTNUT ST, PHILADELPHIA PA 19106-2702","SHH PARTNERS LLC","RENEE D ROWLETT","Philadelphia County","Philadelphia City","Apr 10,2026","Oct 31,2026",-75.1461255,39.9488176
"1610",99239,"I43526","Importer","Active","ESPANOLA SPIRITS LTD LLC","ESPANOLA SPIRITS LTD LLC","2937-51 N MARSHALL ST, PHILADELPHIA PA 19133","2937-51 N MARSHALL ST, PHILADELPHIA PA 19133",NA,"ILYA ZAMARIN","Philadelphia County","Philadelphia City","Mar 5,2026","Jun 30,2027",-75.141637,39.9965842
"1611",71008,"I892","Importer","Active","KAGAN IMPORTS LLC","KAGAN IMPORTS LLC","130 S 18TH ST UNIT 804, PHILADELPHIA PA 19103-4926","130 S 18TH ST UNIT 804, PHILADELPHIA PA 19103-4926",NA,NA,"Philadelphia County","Philadelphia City","May 4,2026","Jun 30,2027",-75.1710276,39.9506911
"1612",61974,"ID956","Importing Distributor (Malt)","Active","4508 CITY LINE BEVERAGES INC","4508 CITY LINE BEVERAGES INC","3680 S GALLOWAY ST, PHILADELPHIA PA 19148-5402","3680 S GALLOWAY ST, PHILADELPHIA PA 19148-5402",NA,"JOHN BORIS","Philadelphia County","Philadelphia City","Aug 1,2025","Oct 31,2026",-75.1574346,39.9007283
"1613",128743,"ID61465","Importing Distributor (Malt)","Active","7080 BEVERAGE INC","7080 BEVERAGE INC","442 N 8TH ST, PHILADELPHIA PA 19123","1304 VIRGINIA AVE, HAVERTOWN PA 19083-2020","8TH STREET INVESTMENT GROUP LLC","SUPING HUANG","Philadelphia County","Philadelphia City","Nov 3,2025","Oct 31,2026",-75.1523547,39.9598191
"1614",102254,"J45520","Bailee For Hire","Active","KLS LOGISTICS INC","DHL SUPPLY CHAIN (USA)","11601 ROOSEVELT BLVD, PHILADELPHIA PA 19154","360 WESTAR BLVD DEPT 555, WESTERVILLE OH 43082","NP ROOSEVELT INDUSTRIAL II LLC","REGINA A ECKLEY","Philadelphia County","Philadelphia City","May 26,2026","Dec 31,2026",-75.0032069,40.1010667
"1615",94011,"LK40777","Limited Winery","Active","ESPANOLA SPIRITS LTD LLC","ESPANOLA SPIRITS LTD LLC","2937-51 N MARSHALL ST, PHILADELPHIA PA 19133","2937-51 N MARSHALL ST, PHILADELPHIA PA 19133","IMPORT DRAG PERFORMANCE, LLC","ILYA ZAMARIN","Philadelphia County","Philadelphia City","Oct 7,2025","Dec 31,2026",-75.141637,39.9965842
"1616",119153,"PV58361","Public Venue Restaurant","Active","ARAMARK SPORTS AND ENTERTAINMENT SERVICES LLC / ARAMARK SPORTS AND ENTERTAINMENT GROUP LLC","PENNSYLVANIA CONVENTION CENTER","1101 ARCH ST, PHILADELPHIA PA 19107-2208","1101 ARCH ST, PHILADELPHIA PA 19107-2208",NA,"EUGENE T DONATO","Philadelphia County","Philadelphia City","Mar 13,2026","Oct 31,2026",-75.1600104,39.9553197
"1617",49174,"PV28","Public Venue Restaurant","Active","ARAMARK SPORTS AND ENTERTAINMENT SERVICES LLC","WELLS FARGO SPORTS COMPLEX","BROAD ST & PATTISON AVE, PHILADELPHIA PA 19148","BROAD ST & PATTISON AVE, PHILADELPHIA PA 19148",NA,"CHRISTINE FLANIGAN","Philadelphia County","Philadelphia City","Oct 14,2025","Oct 31,2026",-75.169548,39.9253454
"1618",90360,"PV37261","Public Venue Restaurant","Active","ARAMARK EDUCATIONAL SERVICES LLC","CAMPION CENTER","2401 CARDINAL AVE, PHILADELPHIA PA 19131-1307","2401 CARDINAL AVE, PHILADELPHIA PA 19131-1307",NA,"MABEL L DAVIDSON","Philadelphia County","Philadelphia City","Aug 26,2026","Oct 31,2026",-75.2396999,39.9923773
"1619",41501,"R8153","Restaurant (Liquor)","Active","BREAD & RACE, INC.","BREAD & RACE","228 RACE ST, PHILADELPHIA PA 19106-1917","228 RACE ST, PHILADELPHIA PA 19106-1917","BREAD & RACE, INC.","JESSICA MCGAHAN","Philadelphia County","Philadelphia City","Dec 1,2025","Oct 31,2026",-75.1439805,39.9537185
"1620",39903,"R3271","Restaurant (Liquor)","Active","ROCK OF AGES, INC.","ROCK OF AGES, INC.","530 SOUTH ST, PHILADELPHIA PA 19147-2219","530 SOUTH ST, PHILADELPHIA PA 19147-2219","MIDWOOD MANAGEMENT","ROBERT S PERRY","Philadelphia County","Philadelphia City","Feb 4,2026","Oct 31,2026",-75.1519024,39.9417232
"1621",52115,"R15583","Restaurant (Liquor)","Active","MARCK'S, LLC","MARCK'S, LLC","4116-28 RIDGE AVE, PHILADELPHIA PA 19129-1534","4116-28 RIDGE AVE, PHILADELPHIA PA 19129-1534",NA,"MARK E SHERMAN","Philadelphia County","Philadelphia City","Aug 28,2025","Oct 31,2026",-75.1924083,40.0079052
"1622",56206,"R5986","Restaurant (Liquor)","Active","EMAN LLC","THE COTTAGE","6140-46 MARKET ST, PHILADELPHIA PA 19139-3001","6140-46 MARKET ST, PHILADELPHIA PA 19139-3001",NA,"YOSEF YEMANE","Philadelphia County","Philadelphia City","Oct 31,2025","Oct 31,2026",-75.2442941,39.9621875
"1623",71136,"R4451","Restaurant (Liquor)","Active","3528 TNT INC","3528 TNT INC","3528 N 17TH ST, PHILADELPHIA PA 19140-4002","3528 N 17TH ST, PHILADELPHIA PA 19140-4002",NA,"VENG TAN","Philadelphia County","Philadelphia City","Jul 9,2025","Oct 31,2026",-75.1567984,40.0074653
"1624",68436,"R734","Restaurant (Liquor)","Active","C-TOWN RESTAURANT AND BAR LLC","C-TOWN RESTAURANT AND BAR LLC","101 N 11TH ST, PHILADELPHIA PA 19107-2302","101 N 11TH ST, PHILADELPHIA PA 19107-2302",NA,"BUU LY","Philadelphia County","Philadelphia City","Jun 26,2026","Oct 31,2026",-75.1578357,39.9543618
"1625",28723,"R14274","Restaurant (Liquor)","Active","FEZ FINE MOROCCAN CUISINE, INC.","FEZ FINE MOROCCAN CUISINE, INC.","620 S 2ND ST, PHILADELPHIA PA 19147","620 S 2ND ST, PHILADELPHIA PA 19147",NA,"TONY E SAWAN","Philadelphia County","Philadelphia City","Jul 21,2025","Oct 31,2026",-75.1459327,39.9405906
"1626",43815,"R6697","Restaurant (Liquor)","Active","CONROY CATERING AT KNOWLTON MANSION, INC.","CONROY CATERING AT KNOWLTON MANSION, INC.","8001-8101 VERREE RD, PHILADELPHIA PA 19111","8001-8101 VERREE RD, PHILADELPHIA PA 19111",NA,"RICHARD J PRICE","Philadelphia County","Philadelphia City","Jul 8,2025","Oct 31,2026",-75.0746188,40.0730894
"1627",71339,"R426","Restaurant (Liquor)","Active","LUCKY 13 UNLIMITED LLC","LUCKY 13 UNLIMITED LLC","4801-03 UMBRIA ST, PHILADELPHIA PA 19127-1916","4801-03 UMBRIA ST, PHILADELPHIA PA 19127-1916",NA,"HENRY NEWMAN","Philadelphia County","Philadelphia City","Oct 20,2025","Oct 31,2026",-75.2323698,40.0326407
"1628",50319,"R9067","Restaurant (Liquor)","Active","1525 M & J, INC.","1525 M & J, INC.","1525 S 9TH ST, PHILADELPHIA PA 19147-6426","1525 S 9TH ST, PHILADELPHIA PA 19147-6426",NA,"JOSEPH DESIMONE","Philadelphia County","Philadelphia City","Sep 8,2025","Oct 31,2026",-75.1596533,39.9298655
"1629",27907,"R735","Restaurant (Liquor)","Active","DELILAH'S DEN OF PHILADELPHIA, INC.","DELILAH'S DEN OF PHILADELPHIA, INC.","100 SPRING GARDEN ST, PHILADELPHIA PA 19123-3122","100 SPRING GARDEN ST, PHILADELPHIA PA 19123-3122",NA,"NANCY L BECKER","Philadelphia County","Philadelphia City","Jul 29,2025","Oct 31,2026",-75.1393514,39.9599639
"1630",40262,"R13581","Restaurant (Liquor)","Active","REALE' RESTAURANT & LOUNGE, INC.","REALE' RESTAURANT & LOUNGE, INC.","7233-35 FRANKFORD AVE, PHILADELPHIA PA 19135-1010","7233-35 FRANKFORD AVE, PHILADELPHIA PA 19135-1010",NA,"GARY GOLDMAN","Philadelphia County","Philadelphia City","Jul 29,2025","Oct 31,2026",-75.0412414,40.0361944
"1631",116982,"R7340","Restaurant (Liquor)","Active","LOCH BAR PHILLY LLC","LOCH BAR PHILLY LLC","301 S BROAD  ST, PHILADELPHIA PA 19107","755 S BROAD ST, PHILADELPHIA PA 19147","BROAD & SPRUCE ASSOCIATES LP","LYNN M RINALDI","Philadelphia County","Philadelphia City","Nov 5,2025","Oct 31,2026",-75.1647227,39.94654
"1632",60538,"R4160","Restaurant (Liquor)","Active","LUCKY 13 PUB LLC","LUCKY 13 PUB LLC","1820 S 13TH ST, PHILADELPHIA PA 19148-2136","1820 S 13TH ST, PHILADELPHIA PA 19148-2136",NA,"CLARK NEWMAN","Philadelphia County","Philadelphia City","Aug 20,2025","Oct 31,2026",-75.1671395,39.9271722
"1633",104320,"R8691","Restaurant (Liquor)","Active","BRUU BEER AND BEVERAGE INC","BRUU BEER AND BEVERAGE INC","218 N 11TH ST, PHILADELPHIA PA 19107","218 N 11TH ST, PHILADELPHIA PA 19107","212 NORTH 11TH ST LP","CARMEN LAM","Philadelphia County","Philadelphia City","Sep 22,2025","Oct 31,2026",-75.1575788,39.9561756
"1634",72075,"R15590","Restaurant (Liquor)","Active","PLENTY RITTENHOUSE LLC","PLENTY RITTENHOUSE LLC","1602 SPRUCE ST, PHILADELPHIA PA 19103-6740","1602 SPRUCE ST, PHILADELPHIA PA 19103-6740",NA,"KAITLYN E CARUKE","Philadelphia County","Philadelphia City","Apr 3,2026","Oct 31,2026",-75.1682801,39.947256
"1635",38043,"R4548","Restaurant (Liquor)","Active","PIETRO'S WALNUT PIZZERIA INC","PIETRO'S WALNUT PIZZERIA INC","1714 WALNUT ST, PHILADELPHIA PA 19103-6101","1714 WALNUT ST, PHILADELPHIA PA 19103-6101",NA,"EUGENIA PASHALIS","Philadelphia County","Philadelphia City","Jul 7,2025","Oct 31,2026",-75.1699621,39.9499674
"1636",51684,"R4117","Restaurant (Liquor)","Active","2647 JASPER, INC.","THREE MONKEYS CAFE","9645-47 JAMES ST, PHILADELPHIA PA 19114-3017","9645-47 JAMES ST, PHILADELPHIA PA 19114-3017",NA,"GAVIN P WOLFE","Philadelphia County","Philadelphia City","Jan 6,2026","Oct 31,2026",-74.9839279,40.0538352
"1637",68820,"R419","Restaurant (Liquor)","Active","4900 ROCKLAND INC","4900 ROCKLAND INC","4900 N 5TH ST, PHILADELPHIA PA 19120-3810","4900 N 5TH ST, PHILADELPHIA PA 19120-3810",NA,"CHANG L LIU","Philadelphia County","Philadelphia City","Jul 9,2025","Oct 31,2026",-75.1331747,40.0259553
"1638",45865,"R14659","Restaurant (Liquor)","Active","FRANK CLEMENTS TAVERN, INC.","FRANK CLEMENTS TAVERN, INC.","224 S 15TH ST, PHILADELPHIA PA 19102-3806","224 S 15TH ST, PHILADELPHIA PA 19102-3806",NA,"HEATHER GLEASON","Philadelphia County","Philadelphia City","Jul 29,2025","Oct 31,2026",-75.1663216,39.9487909
"1639",45935,"R6203","Restaurant (Liquor)","Active","4706-08 BALTIMORE AVENUE, INC.","DAHLAK RESTAURANT","4706-08 BALTIMORE AVE, PHILADELPHIA PA 19143-3503","4706-08 BALTIMORE AVE, PHILADELPHIA PA 19143-3503",NA,"EPHREAM SEYOUM","Philadelphia County","Philadelphia City","Apr 8,2026","Oct 31,2026",-75.2173054,39.9484078
"1640",49287,"R16642","Restaurant (Liquor)","Active","DAVID DINH LYNN VO","DAVID DINH LYNN VO","932 WASHINGTON AVE, PHILADELPHIA PA 19147-3825","932 WASHINGTON AVE, PHILADELPHIA PA 19147-3825",NA,"LYNN VO","Philadelphia County","Philadelphia City","Sep 12,2025","Oct 31,2026",-75.1598864,39.9366143
"1641",115475,"R5207","Restaurant (Liquor)","Active","2025 SANSOM GROUP, LLC","BOLO","2025 SANSOM ST, PHILADELPHIA PA 19103-4416","421 N 7TH ST 3RD FL,  C/O MILKBOY, PHILADELPHIA PA 19123-3905","THATSA REALLY NICE LP","YUN J FUENTES","Philadelphia County","Philadelphia City","Aug 18,2025","Oct 31,2026",-75.1745501,39.9516017
"1642",101630,"R1148","Restaurant (Liquor)","Active","3241 SAN INC","3241 SAN INC","3241 KENSINGTON AVE, PHILADELPHIA PA 19134-1935","3241 KENSINGTON AVE, PHILADELPHIA PA 19134-1935","SARETH HAY","VAN NARY MENG","Philadelphia County","Philadelphia City","May 29,2026","Oct 31,2026",-75.1119086,39.9971068
"1643",105287,"R542","Restaurant (Liquor)","Active","BROWN'S SUPER STORES INC","SHOPRITE OF ROXBOROUGH","6901 RIDGE AVE, PHIALDELPHIA PA 19128-3209","6901 RIDGE AVE, PHIALDELPHIA PA 19128-3209","BROWN'S REAL ESTATE INVESTMENT, LP","JANET T HARRELL","Philadelphia County","Philadelphia City","Dec 9,2025","Oct 31,2026",-75.2272151,40.0440334
"1644",70669,"R7435","Restaurant (Liquor)","Active","MARQUIS LATIN PHILLY LLC","MARQUIS LATIN PHILLY LLC","133 S 18TH ST, PHILADELPHIA PA 19103-5238","133 S 18TH ST, PHILADELPHIA PA 19103-5238",NA,"NICOLE MARQUIS","Philadelphia County","Philadelphia City","Jul 29,2026","Oct 31,2026",-75.1703474,39.9506056
"1645",64384,"R4376","Restaurant (Liquor)","Active","THE TWISTED TAIL INC","THE TWISTED TAIL INC","509-511 S SECOND ST, PHILADELPHIA PA 19147-2408","509-511 S SECOND ST, PHILADELPHIA PA 19147-2408",NA,"GEORGE REILLY","Philadelphia County","Philadelphia City","Apr 3,2026","Oct 31,2026",-75.1452016,39.9418725
"1646",126050,"R932","Restaurant (Liquor)","Active","TESINY LLC","TESINY","719 DICKINSON ST, PHILADELPHIA PA 19147","C/O BIEDERMANS  824 CHRISTIAN ST, PHILADELPHIA PA 19146","DICKINSON STREET DEVELOPMENT COMPANY LLC","LAUREN R BIEDERMAN","Philadelphia County","Philadelphia City","May 12,2026","Oct 31,2026",-75.1574231,39.930446
"1647",65561,"R11128","Restaurant (Liquor)","Active","MUZZ INC","MUZZ INC","2401 RIDGE AVE, PHILADELPHIA PA 19121-3003","2401 RIDGE AVE, PHILADELPHIA PA 19121-3003",NA,"NYKEARAH TATE","Philadelphia County","Philadelphia City","Oct 1,2025","Oct 31,2026",-75.1740119,39.9818855
"1648",110681,"R36080","Restaurant (Liquor)","Active","PT UC INC","PACE & BLOSSOM","3601 MARKET ST UNIT #2, PHILADELPHIA PA 19104","3601 MARKET ST UNIT #2, PHILADELPHIA PA 19104","UNIVERSITY CITY SCIENCE CENTER","QUOC C MAI","Philadelphia County","Philadelphia City","Jul 28,2025","Oct 31,2026",-75.1946966,39.9564049
"1649",52600,"R9074","Restaurant (Liquor)","Active","INDEPENDENCE PIZZA, LLC","APOLLO PIZZA","615 CHESTNUT ST  GROUND FL, PHILADELPHIA PA 19106-4405","615 CHESTNUT ST  GROUND FL, PHILADELPHIA PA 19106-4405",NA,"JAMES F FOLEY","Philadelphia County","Philadelphia City","Aug 6,2025","Oct 31,2026",-75.151776,39.949514
"1650",70524,"R1319","Restaurant (Liquor)","Active","PLAZA GARIBALDI INC","PLAZA GARIBALDI INC","1000 WOLF ST, PHILADELPHIA PA 19148-3002","222 MARKET ST  SUITE 4, PHILADELPHIA PA 19106","RAUL AND VERONICA CASTRO","KEVIN O RECINES-BRAVO","Philadelphia County","Philadelphia City","Feb 17,2026","Oct 31,2026",-75.1635629,39.9208829
"1651",65092,"R1028","Restaurant (Liquor)","Active","1536 INC","1536 INC","1536 E PASSYUNK AVE, PHILADELPHIA PA 19147-6332","1536 E PASSYUNK AVE, PHILADELPHIA PA 19147-6332",NA,"JORGE L. TORREZ, JR.","Philadelphia County","Philadelphia City","Oct 1,2025","Oct 31,2026",-75.163244,39.9302439
"1652",52227,"R1378","Restaurant (Liquor)","Active","16TH STREET MARATHON GRILL ASSOCIATES","16TH STREET MARATHON GRILL ASSOCIATES","119-121 S 16TH ST, PHILADELPHIA PA 19102-2819","119-121 S 16TH ST, PHILADELPHIA PA 19102-2819",NA,"SHERYL BORISH","Philadelphia County","Philadelphia City","Jul 1,2025","Oct 31,2026",-75.167205,39.950366
"1653",49069,"R7053","Restaurant (Liquor)","Active","2769 LY INC","2769 LY INC","2769-71 KENSINGTON AVE, PHILADELPHIA PA 19134-3460","2769-71 KENSINGTON AVE, PHILADELPHIA PA 19134-3460",NA,"YOU SECK","Philadelphia County","Philadelphia City","Aug 7,2025","Oct 31,2026",-75.122851,39.991037
"1654",109360,"R1531","Restaurant (Liquor)","Active","THE FAIRMOUNT TAVERN LICENSE LLC","THE FAIRMOUNT TAVERN LICENSE LLC","1700 FAIRMOUNT AVE, PHILADELPHIA PA 19130-2812","1700 FAIRMOUNT AVE, PHILADELPHIA PA 19130-2812","THE FAIRMOUNT TAVERN LLC","RAYMOND J BUROW","Philadelphia County","Philadelphia City","Nov 4,2025","Oct 31,2026",-75.1655151,39.9669712
"1655",66613,"R8601","Restaurant (Liquor)","Active","FJS VENTURES WORLDWIDE LIMITED LIABILITY COMPANY","FJS VENTURES WORLDWIDE LIMITED LIABILITY COMPANY","2526 E CLEARFIELD ST, PHILADELPHIA PA 19134-5035","2526 E CLEARFIELD ST, PHILADELPHIA PA 19134-5035",NA,"MARK WITALEC","Philadelphia County","Philadelphia City","Oct 6,2025","Oct 31,2026",-75.106901,39.9848218
"1656",133987,"R2575","Restaurant (Liquor)","Active","CANNONBALL CLUB SPIRITS LLC","CANNONBALL CLUB","1105 FRANKFORD AVE, PHILADELPHIA PA 19125-4117","1105 FRANKFORD AVE, PHILADELPHIA PA 19125-4117","1115-27 FRANKFORD DRIS LP","CHRISTOPHER B ALLEN","Philadelphia County","Philadelphia City","Sep 3,2026","Oct 31,2026",-75.1340362,39.9678563
"1657",47254,"R5003","Restaurant (Liquor)","Active","Q 901 CORP","Q 901","4401 FRANKFORD AVE, PHILADELPHIA PA 19124-3636","4401 FRANKFORD AVE, PHILADELPHIA PA 19124-3636",NA,"FRANCES QUINN","Philadelphia County","Philadelphia City","Oct 1,2025","Oct 31,2026",-75.0873243,40.0123857
"1658",95068,"R6806","Restaurant (Liquor)","Active","FACILITY CONCESSION SERVICES LLC","FRANKLIN MUSIC HALL","421 N 7TH ST REAR, PHILADELPHIA PA 19123-1431","421 N 7TH ST REAR, PHILADELPHIA PA 19123-1431","NE CALLOWHILL CENTER LLC","NANCY DAVILA","Philadelphia County","Philadelphia City","Dec 4,2025","Oct 31,2026",-75.1499503,39.958844
"1659",53790,"R9115","Restaurant (Liquor)","Active","947 ADK ENTERPRISES, INC.","947 ADK ENTERPRISES, INC.","947 E PASSYUNK AVE, PHILADELPHIA PA 19147-2943","947 E PASSYUNK AVE, PHILADELPHIA PA 19147-2943",NA,"MORGAN L FRIEDMAN","Philadelphia County","Philadelphia City","Jul 13,2026","Oct 31,2026",-75.1547091,39.9368319
"1660",71788,"R6644","Restaurant (Liquor)","Active","JUSTOP LLC","JUSTOP LLC","1720 FAIRMOUNT AVE, PHILADELPHIA PA 19130-2858","1720 FAIRMOUNT AVE, PHILADELPHIA PA 19130-2858",NA,"STEWART KEENER","Philadelphia County","Philadelphia City","Aug 22,2025","Oct 31,2026",-75.1660981,39.9670067
"1661",108961,"R13652","Restaurant (Liquor)","Active","FIVE IRON GOLF PHILADELPHIA LLC","FIVE IRON GOLF","27 E ALLEN ST, PHILADELPHIA PA 19123","27 E ALLEN ST, PHILADELPHIA PA 19123","CORE EQUITY II, LP","JASON D NEWSTEAD","Philadelphia County","Philadelphia City","Aug 21,2025","Oct 31,2026",-75.1354649,39.9656248
"1662",72852,"R1422","Restaurant (Liquor)","Active","MOMS ORGANIC MARKET INC","MOMS ORGANIC MARKET","34 S 11TH ST  , PHILADELPHIA PA 19107-4912","1500 MARKET ST STE W-3110, PHILADELPHIA PA 19102-2100",NA,"WILLIAM G VIDETTO, JR","Philadelphia County","Philadelphia City","Jul 30,2026","Oct 31,2026",-75.158684,39.9508991
"1663",64520,"R8028","Restaurant (Liquor)","Active","THE DOWN HOME DINER INC","THE DOWN HOME DINER INC","45 N 12TH ST READING TERMINAL MRKT, PHILADELPHIA PA 19107-2954","45 N 12TH ST READING TERMINAL MRKT, PHILADELPHIA PA 19107-2954",NA,"JASON O MCDAVID","Philadelphia County","Philadelphia City","Aug 5,2025","Oct 31,2026",-75.1590984,39.9531593
"1664",63669,"R6792","Restaurant (Liquor)","Active","M AMIR C INC","M AMIR C INC","7930-7932 BUSTLETON AVE, PHILADELPHIA PA 19152-3321","7930-7932 BUSTLETON AVE, PHILADELPHIA PA 19152-3321",NA,"MOHAMMED CHUGHTAI","Philadelphia County","Philadelphia City","Sep 30,2025","Oct 31,2026",-75.0527641,40.058733
"1665",89818,"R5925","Restaurant (Liquor)","Active","LOUIE LOUIE RESTAURANT LLC","LOUIE LOUIE","THE INN AT PENN  3611 WALNUT ST, PHILADELPHIA PA 19104",NA,"THE TRUSTEES OF THE UNIVERSITY OF PENNSYLVANIA","SYDNEY L GRIMS","Philadelphia County","Philadelphia City","Aug 6,2025","Oct 31,2026",-75.1957816,39.9537829
"1666",118100,"R13590","Restaurant (Liquor)","Active","AMF BOWLING CENTERS INC","LUCKY STRIKE PHILADELPHIA","1330-36 CHESTNUT ST  2ND & 3RD FL, PHILADELPHIA PA 19107-4525","1330-36 CHESTNUT ST  2ND & 3RD FL, PHILADELPHIA PA 19107-4525","TREECO/MANOR LIMITED PARTNERSHIP","MERCEDES LEON","Philadelphia County","Philadelphia City","Aug 26,2026","Oct 31,2026",-75.2864407,39.9140867
"1667",23549,"R1189","Restaurant (Liquor)","Active","GIL-HAN, INC.","COZY BAR","5100 HAVERFORD AVE, PHILADELPHIA PA 19139-1506","5100 HAVERFORD AVE, PHILADELPHIA PA 19139-1506","THOMAS HANNAH","BRIAN E HANNAH","Philadelphia County","Philadelphia City","Aug 25,2025","Oct 31,2026",-75.2221415,39.9640838
"1668",62461,"R7663","Restaurant (Liquor)","Active","EL CONSORCIO #2 INC","EL CONSORCIO #2 INC","4265 N 8TH ST, PHILADELPHIA PA 19140-2212","4265 N 8TH ST, PHILADELPHIA PA 19140-2212",NA,"BERNARDO LORA BATISTA","Philadelphia County","Philadelphia City","Jun 8,2026","Oct 31,2026",-75.1395854,40.0171545
"1669",63953,"R896","Restaurant (Liquor)","Active","EIGHTEENTH STREET RESTAURANT PARTNERS, L.P.","EIGHTEENTH STREET RESTAURANT PARTNERS, L.P.","122-124 S 18TH ST, PHILADELPHIA PA 19103-4901","122-124 S 18TH ST, PHILADELPHIA PA 19103-4901",NA,"ADAM C FLOCKE","Philadelphia County","Philadelphia City","Jun 2,2026","Oct 31,2026",-75.1707216,39.9510616
"1670",72688,"R11351","Restaurant (Liquor)","Active","WINE FRANKFORD AVE LLC","WINE FRANKFORD AVE LLC","1204 FRANKFORD AVE, PHILADELPHIA PA 19125-3950","1204 FRANKFORD AVE, PHILADELPHIA PA 19125-3950",NA,"NICHOLAS X KENNEDY","Philadelphia County","Philadelphia City","Aug 19,2025","Oct 31,2026",-75.1346025,39.9691409
"1671",44766,"R11507","Restaurant (Liquor)","Active","17TH & LATIMER, INC.","BLACK SHEEP","247 S 17TH ST, PHILADELPHIA PA 19103-6314","247 S 17TH ST, PHILADELPHIA PA 19103-6314",NA,"MATTHEW KENNEDY","Philadelphia County","Philadelphia City","Sep 5,2025","Oct 31,2026",-75.1692901,39.9484223
"1672",118184,"R9125","Restaurant (Liquor)","Active","KPOT NE PHILLY LLC","KPOT NE PHILLY LLC","789 FRANKLIN MILLS CIR, PHILADELPHIA PA 19154-3113","789 FRANKLIN MILLS CIR, PHILADELPHIA PA 19154-3113","HUANG INVESTMENT GROUP LLC","ELVIN GAO","Philadelphia County","Philadelphia City","Aug 5,2025","Oct 31,2026",-74.9629454,40.0924835
"1673",71270,"R7779","Restaurant (Liquor)","Active","ALEX 2015 LLC","ALEX 2015 LLC","1858 2ND FLOOR WAKELING ST, PHILADELPHIA PA 19124-2857","1858 2ND FLOOR WAKELING ST, PHILADELPHIA PA 19124-2857",NA,"HENG G LIM","Philadelphia County","Philadelphia City","Mar 10,2026","Oct 31,2026",-75.0842783,40.0223422
"1674",133424,"R275","Restaurant (Liquor)","Active","FRENCHAF LLC","KNOWN ASSOCIATES","941 SPRUCE ST, PHILADELPHIA PA 19107-5736","941 SPRUCE ST, PHILADELPHIA PA 19107-5736","LARRY AND HELEN CHRISTOU","LAUREN E PASQUINI-KEARSE","Philadelphia County","Philadelphia City","Aug 7,2026","Oct 31,2026",-75.1577886,39.9462351
"1675",132672,"R489","Restaurant (Liquor)","Active","FETCH PARK MANAYUNK LLC","FETCH PARK MANAYUNK LLC","3720 MAIN ST, PHILADELPHIA PA 19127","3720 MAIN ST, PHILADELPHIA PA 19127","PENCOYD CROSSING LP","PAIGE E MASON","Philadelphia County","Philadelphia City","Aug 14,2026","Oct 31,2026",-75.2111673,40.015899
"1676",68059,"R976","Restaurant (Liquor)","Active","2901 ANTHONY INC","2901 ANTHONY INC","2901 N 27TH ST, PHILADELPHIA PA 19132-1243","2901 N 27TH ST, PHILADELPHIA PA 19132-1243","GIRARD FINANCE COMPANY INC","PAULINE K LIM","Philadelphia County","Philadelphia City","Jul 10,2025","Oct 31,2026",-75.1746752,39.9998016
"1677",63736,"R6210","Restaurant (Liquor)","Active","THE BOTTLE SHOP INC","THE BOTTLE SHOP INC","1616 E PASSYUNK AVE, PHILADELPHIA PA 19148-1122","1616 E PASSYUNK AVE, PHILADELPHIA PA 19148-1122",NA,"GENA MONTEBELLO","Philadelphia County","Philadelphia City","Apr 8,2026","Oct 31,2026",-75.1641361,39.929541
"1678",70878,"R13704","Restaurant (Liquor)","Active","S LA 5701 INC","S LA 5701 INC","5701 ELMWOOD AVE, PHILADELPHIA PA 19143-6126","5701 ELMWOOD AVE, PHILADELPHIA PA 19143-6126",NA,"PANHA SOK","Philadelphia County","Philadelphia City","Jul 25,2025","Oct 31,2026",-75.21954,39.9300935
"1679",101150,"R3392","Restaurant (Liquor)","Active","LH DINING LLC","LH DINING LLC","1601 E PASSYUNK AVE, PHILADELPHIA PA 19148","1205 ANDOVER RD, WYNNEWOOD PA 19096","PASSYUNK AVENUE REVITALIZATION CORPORATION","LAWRENCE A HIGHBLOOM","Philadelphia County","Philadelphia City","Aug 7,2025","Oct 31,2026",-75.1633983,39.9297382
"1680",45279,"R6358","Restaurant (Liquor)","Active","2600 LILI, INC","2600 LILI, INC","2600 N 12TH ST, PHILADELPHIA PA 19133-1101","2600 N 12TH ST, PHILADELPHIA PA 19133-1101",NA,"VENG LA","Philadelphia County","Philadelphia City","Jan 30,2026","Oct 31,2026",-75.151335,39.9919919
"1681",9477,"R547","Restaurant (Liquor)","Active","PEMAR INC.","PEMAR INC.","1322 W OLNEY AVE, PHILADELPHIA PA 19141-3107","1322 W OLNEY AVE, PHILADELPHIA PA 19141-3107",NA,"PETER JACQUINTO","Philadelphia County","Philadelphia City","Aug 29,2025","Oct 31,2026",-75.1434237,40.0385748
"1682",97933,"R15495","Restaurant (Liquor)","Active","OLD NELSON FOOD PA NINE LLC","OLD NELSON FOOD PA NINE LLC","1500 SPRING GARDEN ST, PHILADELPHIA PA 19130","1500 SPRING GARDEN ST, PHILADELPHIA PA 19130","1500 NET WORKS ASSOCIATES LP","JIN S JUNG","Philadelphia County","Philadelphia City","Sep 15,2025","Oct 31,2026",-75.1643636,39.9626155
"1683",106308,"R6973","Restaurant (Liquor)","Active","723 Z AND C INC","723 Z AND C INC","723-25 ADAMS AVE, PHILADELPHIA PA 19124-2326","723-25 ADAMS AVE, PHILADELPHIA PA 19124-2326","APEX REALTY SERVICES INC","LIAN C GUO","Philadelphia County","Philadelphia City","Aug 27,2026","Oct 31,2026",-75.1059879,40.0326148
"1684",67625,"R11284","Restaurant (Liquor)","Active","BYUN SAT DO INC","BYUN SAT DO INC","6201 N FRONT ST UNIT 120, PHILADELPHIA PA 19120-1541","6201 N FRONT ST UNIT 120, PHILADELPHIA PA 19120-1541",NA,"JEONG SOL HWANG","Philadelphia County","Philadelphia City","Aug 29,2025","Oct 31,2026",-75.1175829,40.0453178
"1685",64274,"R2844","Restaurant (Liquor)","Active","SPTR INC","SPTR INC","1800 FEDERAL ST, PHILADELPHIA PA 19146-2915","1800 FEDERAL ST, PHILADELPHIA PA 19146-2915",NA,"MEGHAN A O'CONNOR","Philadelphia County","Philadelphia City","Feb 19,2026","Oct 31,2026",-75.1737372,39.9366189
"1686",68001,"R7622","Restaurant (Liquor)","Active","ADR 131 S 13 LLC","ADR 131 S 13 LLC","131 S 13TH ST, PHILADELPHIA PA 19107-4917","131 S 13TH ST, PHILADELPHIA PA 19107-4917",NA,"MICHELLE LAVIGNE","Philadelphia County","Philadelphia City","Aug 29,2025","Oct 31,2026",-75.1617805,39.9495229
"1687",117787,"R11325","Restaurant (Liquor)","Active","ICED INTERGALACTIC LLC","ICED INTERGALACTIC LLC","2301 FRANKFORD AVE, PHILADELPHIA PA 19125-2009","1315 SANSOM ST  3RD FLOOR  , PHILADELPHIA PA 19107","2301 FRANKFORD AVENUE LLC","SHANE P DOOLEY","Philadelphia County","Philadelphia City","Dec 5,2025","Oct 31,2026",-75.1283648,39.980495
"1688",66267,"R7798","Restaurant (Liquor)","Active","ROXBOROUGH SEAFOOD HOUSE INC","ROXBOROUGH SEAFOOD HOUSE INC","601 JAMESTOWN ST, PHILADELPHIA PA 19128-1706","601 JAMESTOWN ST, PHILADELPHIA PA 19128-1706",NA,"DJUANA L PRICE","Philadelphia County","Philadelphia City","Sep 9,2026","Oct 31,2026",-75.2061802,40.0297775
"1689",56001,"R82","Restaurant (Liquor)","Active","FELIPE INC","BAMBOO BAR","6238-40 BUSTLETON AVE, PHILADELPHIA PA 19149-3431","6238-40 BUSTLETON AVE, PHILADELPHIA PA 19149-3431",NA,"NORBERTO LOPEZ","Philadelphia County","Philadelphia City","Jun 26,2026","Oct 31,2026",-75.0718072,40.0341454
"1690",66453,"R11332","Restaurant (Liquor)","Active","1231 BARRAGE INC","1231 BARRAGE INC","1231-33 E PASSYUNK AVE, PHILADELPHIA PA 19147-5038","1231-33 E PASSYUNK AVE, PHILADELPHIA PA 19147-5038",NA,"TYLER F ROMBOUT","Philadelphia County","Philadelphia City","Jun 25,2026","Oct 31,2026",-75.158748,39.933478
"1691",54374,"R1299","Restaurant (Liquor)","Active","4326 MAIN STREET HOLDCO, LLC","4326 MAIN STREET HOLDCO, LLC","4326 MAIN ST, PHILADELPHIA PA 19127-1421","4326 MAIN ST, PHILADELPHIA PA 19127-1421",NA,"JEFFREY KURZ","Philadelphia County","Philadelphia City","Dec 2,2025","Oct 31,2026",-75.223044,40.0250497
"1692",9435,"R463","Restaurant (Liquor)","Active","BILLY MURPHY'S IRISH SALOON, INC.","BILLY MURPHY'S IRISH SALOON","3333-35 CONRAD ST, PHILADELPHIA PA 19129","3333-35 CONRAD ST, PHILADELPHIA PA 19129",NA,"MICHAEL JAMES MURPHY","Philadelphia County","Philadelphia City","Oct 30,2025","Oct 31,2026",-75.1876666,40.0107719
"1693",103868,"R2060","Restaurant (Liquor)","Active","PADRON ENTERPRISE LLC","PADRON ENTERPRISE LLC","120 W DIAMOND ST, PHILADELPHIA PA 19122-1721","120 W DIAMOND ST, PHILADELPHIA PA 19122-1721","WILLIAM GONZALEZ","SASHA CRUZ","Philadelphia County","Philadelphia City","Oct 29,2025","Oct 31,2026",-75.1565961,39.9847452
"1694",107221,"R8444","Restaurant (Liquor)","Active","JORDAN'S ENTERPRISES LLC","JORDAN'S ENTERPRISES LLC","184-86 W LEHIGH AVE, PHILADELPHIA PA 19134-2401","184-86 W LEHIGH AVE, PHILADELPHIA PA 19134-2401","Hector Fuentes & Jaileene Santana","BARBARA A EALEY","Philadelphia County","Philadelphia City","Dec 5,2025","Oct 31,2026",-75.1345931,39.9911251
"1695",46321,"R3886","Restaurant (Liquor)","Active","THE PHILADELPHIA KITCHEN & BAR, INC.","THE PHILADELPHIA KITCHEN & BAR, INC.","129 S 13TH ST, PHILADELPHIA PA 19107-4903","129 S 13TH ST, PHILADELPHIA PA 19107-4903","GOLDMAN PROPERTIES","MARTIN W HOEGER","Philadelphia County","Philadelphia City","Jun 8,2026","Oct 31,2026",-75.1617677,39.9495665
"1696",63172,"R1928","Restaurant (Liquor)","Active","C S T ENTERTAINMENT INC","C S T ENTERTAINMENT INC","6206 WOODLAND AVE, PHILADELPHIA PA 19142-2308","6206 WOODLAND AVE, PHILADELPHIA PA 19142-2308",NA,"OBAFEMI TAIWO","Philadelphia County","Philadelphia City","Aug 14,2025","Oct 31,2026",-75.2306897,39.9278647
"1697",52311,"R7660","Restaurant (Liquor)","Active","LAS MARGARITAS, INC.","LAS MARGARITAS","2538-40 WELSH RD, PHILADELPHIA PA 19152-1403","2538-40 WELSH RD, PHILADELPHIA PA 19152-1403",NA,"VICTOR PEREZ","Philadelphia County","Philadelphia City","Aug 13,2025","Oct 31,2026",-75.0341246,40.0726098
"1698",38979,"R15543","Restaurant (Liquor)","Active","4511 M. & T., INC.","4511 M. & T., INC.","4511-13 BALTIMORE AVE, PHILADELPHIA PA 19143-2115","4511-13 BALTIMORE AVE, PHILADELPHIA PA 19143-2115",NA,"WOUBSHET GEBREAMANUEL","Philadelphia County","Philadelphia City","Aug 6,2025","Oct 31,2026",-75.2135647,39.9492153
"1699",105834,"R5119","Restaurant (Liquor)","Active","ACME MARKETS INC","THE FROSTED MUG","309 S 5TH ST, PHILADELPHIA PA 19106","309 S 5TH ST, PHILADELPHIA PA 19106","SKY A LLC","ANNEMARIE MCLAUGHLIN","Philadelphia County","Philadelphia City","Sep 3,2025","Oct 31,2026",-75.1498904,39.9443425
"1700",131619,"R10254","Restaurant (Liquor)","Active","PHILLYS ORIGINAL SQUARE PIZZA UCITY LLC","PHILLY'S ORIGINAL SQUARE PIZZA UCITY","3700 LANCASTER AVE, PHILADELPHIA PA 19104","3700 LANCASTER AVE, PHILADELPHIA PA 19104","3700 LANCASTER PROJECT OWNER LLC","DAWANDA R WATSON","Philadelphia County","Philadelphia City","Mar 9,2026","Oct 31,2026",-75.1955758,39.9591676
"1701",133135,"R8709","Restaurant (Liquor)","Safekeeping","HOP LIL BUNNY LLC","HOP LIL BUNNY","6076-6080 RIDGE AVE, PHILADELPHIA PA 19128-1647","6076-6080 RIDGE AVE, PHILADELPHIA PA 19128-1647","HA PROPERTIES PA LLC","PREET KAMAL","Philadelphia County","Philadelphia City","Jun 18,2026","Oct 31,2026",-75.215265,40.033194
"1702",50104,"R355","Restaurant (Liquor)","Safekeeping","CHLN, INC.","THE CHART HOUSE","555 S COLUMBUS BLVD, PHILADELPHIA PA 19147-1710","555 S COLUMBUS BLVD, PHILADELPHIA PA 19147-1710",NA,"ERIN N MCDOUGALL","Philadelphia County","Philadelphia City","Aug 22,2025","Oct 31,2026",-75.1404917,39.9411542
"1703",101902,"R8020","Restaurant (Liquor)","Safekeeping","DNT HOSPITALITY GROUP INC","DNT HOSPITALITY GROUP INC","1720 SANSOM ST, PHILADELPHIA PA 19103-5207","1720 SANSOM ST, PHILADELPHIA PA 19103-5207","1720 SANSOM STREET, LP","XUANHAO  LIU","Philadelphia County","Philadelphia City","Dec 18,2025","Oct 31,2026",-75.1696549,39.9506686
"1704",72595,"R7522","Restaurant (Liquor)","Safekeeping","URBN CHANCELLOR LLC","PIZZERIA CHANCELLOR","1615 CHANCELLOR ST, PHILADELPHIA PA 19103-6301","1615 CHANCELLOR ST, PHILADELPHIA PA 19103-6301",NA,"JEREMY TSU","Philadelphia County","Philadelphia City","May 1,2026","Oct 31,2026",-75.1685629,39.9495209
"1705",127880,"R8572","Restaurant (Liquor)","Safekeeping","ADAMSON INC","ADAMSON INC","114 S 20TH ST, PHILADELPHIA PA 19103","114 S 20TH ST, PHILADELPHIA PA 19103","LUIGI ADAMO",NA,"Philadelphia County","Philadelphia City","Apr 24,2026","Oct 31,2026",-75.1738449,39.9515011
"1706",133422,"R6609","Restaurant (Liquor)","Safekeeping","QUAD PHILLY MANAGEMENT LLC","QUAD PHILLY RESTAURANT","336-338 N 10TH ST, PHILADELPHIA PA 19107","336-338 N 10TH ST, PHILADELPHIA PA 19107","JOHN KIZIROGLOU","CHANG W LIU","Philadelphia County","Philadelphia City","Jul 17,2026","Oct 31,2026",-75.155485,39.958424
"1707",85743,"R987","Restaurant (Liquor)","Safekeeping","JAA INC","JAA INC","835 E ALLEGHENY AVE, PHILADELPHIA PA 19134-2401","835 E ALLEGHENY AVE, PHILADELPHIA PA 19134-2401","VIRYOL TEP","VIRYOL TEP","Philadelphia County","Philadelphia City","Aug 25,2026","Oct 31,2026",-75.1144301,39.9968733
"1708",66646,"R7808","Restaurant (Liquor)","Safekeeping","BHMK ENTERPRISES LLC","BHMK ENTERPRISES LLC","1308 FRANKFORD AVE, PHILADELPHIA PA 19125","1308 FRANKFORD AVE, PHILADELPHIA PA 19125",NA,"BRAD HELDER","Philadelphia County","Philadelphia City","Sep 8,2026","Oct 31,2026",-75.1345917,39.9705167
"1709",133482,"R4990","Restaurant (Liquor)","Safekeeping","SANTE LLC","SANTE LLC","1546-48 E PASSYUNK AVE, PHILADELPHIA PA 19147","927 S 10TH ST APT B, PHILADELPHIA PA 19147","1546-48 E PASSYUNK AVE LLC","DANIEL H SOLWAY","Philadelphia County","Philadelphia City","May 20,2026","Oct 31,2026",-75.1635076,39.9299283
"1710",130130,"SO60338","Special Occasion Permit","Active","THE LIGHTHOUSE INC","THE LIGHTHOUSE INC","199 E ERIE AVE, PHILADELPHIA PA 19134-","199 E ERIE AVE, PHILADELPHIA PA 19134-",NA,NA,"Philadelphia County","Philadelphia City","Feb 25,2026","Dec 31,2026",-75.1227006,40.0075323
"1711",130972,"SO60874","Special Occasion Permit","Active","MEXICAN CULTURAL EXPRESSIONS NATIONAL SOCIETY INC","MEXICAN CULTURAL EXPRESSIONS NATIONAL SOCIETY INC","65 CRYSTAL ST FL 2, NORTH ARLINGTON NJ 07031-5611","65 CRYSTAL ST FL 2, NORTH ARLINGTON NJ 07031-5611",NA,NA,"Philadelphia County","Philadelphia City","Apr 20,2026","Dec 31,2026",-74.1328724,40.7922612
"1712",128051,"SO58988","Special Occasion Permit","Active","ST. JOSEPH'S PREPARATORY SCHOOL","ST. JOSEPH'S PREPARATORY SCHOOL","1733 W GIRARD AVE, PHILADELPHIA PA 19130-1513","1733 W GIRARD AVE, PHILADELPHIA PA 19130-1513",NA,NA,"Philadelphia County","Philadelphia City","Aug 25,2026","Dec 31,2026",-75.1645705,39.9730285
"1713",130419,"SO60576","Special Occasion Permit","Active","LAO BUDDHIST TEMPLE INC","LAO BUDDHIST TEMPLE INC","335 E CHEW AVE, PHILADELPHIA PA 19120-2504","335 E CHEW AVE, PHILADELPHIA PA 19120-2504",NA,NA,"Philadelphia County","Philadelphia City","Apr 2,2026","Dec 31,2026",-75.1151638,40.0365179
"1714",125348,"SO57212","Special Occasion Permit","Active","NATIONAL MULTIPLE SCLEROSIS SOCIETY","NATIONAL MULTIPLE SCLEROSIS SOCIETY","30 S 17TH ST STE 800, PHILADELPHIA PA 19103-4118","30 S 17TH ST STE 800, PHILADELPHIA PA 19103-4118",NA,NA,"Philadelphia County","Philadelphia City","Apr 10,2026","Dec 31,2026",-75.1695282,39.9522153
"1715",129502,"SO59940","Special Occasion Permit","Active","SAINT ANSELM CHURCH","SAINT ANSELM CHURCH","12670 DUNKS FERRY RD, PHILADELPHIA PA 19154-1496","12670 DUNKS FERRY RD, PHILADELPHIA PA 19154-1496",NA,NA,"Philadelphia County","Philadelphia City","Jan 14,2026","Dec 31,2026",-74.97199,40.1026006
"1716",129436,"SO59893","Special Occasion Permit","Active","AMERICAN SWEDISH HISTORICAL FOUNDATION","AMERICAN SWEDISH HISTORICAL FOUNDATION","1900 PATTISON AVE, PHILADELPHIA PA 19145-5901","1900 PATTISON AVE, PHILADELPHIA PA 19145-5901",NA,NA,"Philadelphia County","Philadelphia City","Jan 8,2026","Dec 31,2026",-75.1810099,39.905996
"1717",130331,"SO60439","Special Occasion Permit","Active","STRAY CAT RELIEF FUND","STRAY CAT RELIEF FUND","2510 S JUNIPER ST, PHILADELPHIA PA 19148","PO Box 54845, PHILADELPHIA PA 19148",NA,NA,"Philadelphia County","Philadelphia City","Apr 14,2026","Dec 31,2026",-75.1698315,39.9189613
"1718",133294,NA,"Brewery","Pending","B3 BEER COMPANY LLC","YARDS BREWING COMPANY","500 SPRING GARDEN ST, PHILADELPHIA PA 19123-2833",NA,NA,NA,"Philadelphia County","Philadelphia City",NA,NA,-75.1476062,39.9606101
"1719",134436,NA,"Limited Distillery","Pending","DUSKAIA COFFEE LLC","CAFE DUSKAIA","1007 S 9TH ST, PHILADELPHIA PA 19147-4706","1007 S 9TH ST, PHILADELPHIA PA 19147-4706",NA,NA,"Philadelphia County","Philadelphia City",NA,NA,-75.1580785,39.9373334
"1720",133427,NA,"Brewery Storage","Pending","BREWERY ARS LLC","BURRITO FELIZ","4403 CHESTNUT ST, PHILADELPHIA PA 19104-2913","4403 CHESTNUT ST, PHILADELPHIA PA 19104-2913",NA,NA,"Philadelphia County","Philadelphia City",NA,NA,-75.2099084,39.956795
"1721",135658,NA,"Brewery Storage","Pending","LOST TIME BREWING COMPANY","LOST TIME TAPROOM -RIDGE AVE","1519 RIDGE AVE, PHILADELPHIA PA 19130-3592","1519 RIDGE AVE, PHILADELPHIA PA 19130-3592",NA,NA,"Philadelphia County","Philadelphia City",NA,NA,-75.1622894,39.9685408
"1722",134028,"G45078","Brewery","Pending","BOCHKA HOUSE INC","BOCHKA HOUSE INC","1890 WOODHAVEN RD STE 2C, PHILADELPHIA PA 19116-3007","1890 WOODHAVEN RD STE 2C, PHILADELPHIA PA 19116-3007",NA,NA,"Philadelphia County","Philadelphia City",NA,"Dec 31,2026",-75.0020581,40.111534
"1723",133465,"R16617","Restaurant (Liquor)","Pending","UNKNOWN BATHS WALNUT LLC","BATHHOUSE","200 S BROAD ST, PHILADELPHIA PA 19102-3803","200 S BROAD ST, PHILADELPHIA PA 19102-3803",NA,NA,"Philadelphia County","Philadelphia City",NA,"Oct 31,2026",-75.1648441,39.9491188
"1724",6,"AB1109","Alcohol Beverage","Active","CHARLES JACQUIN ET CIE, INC.","CHARLES JACQUIN ET CIE, INC.","2633 TRENTON AVE, PHILADELPHIA PA 19125-1837","2633 TRENTON AVE, PHILADELPHIA PA 19125-1837",NA,NA,"Philadelphia County","Philadelphia City","Sep 9,2024","Dec 31,2028",-75.1211733,39.9840204
"1725",131265,"AB61135","Alcohol Beverage","Active","KITE & KEY LIMITED LIABILITY COMPANY","KITE & KEY LIMITED LIABILITY COMPANY","2772 N HANCOCK ST STE 112, PHILADELPHIA PA 19133-","2772 N HANCOCK ST STE 112, PHILADELPHIA PA 19133-",NA,NA,"Philadelphia County","Philadelphia City","Jun 18,2025","Dec 31,2028",-75.1337305,39.9926968
"1726",135564,"AE62262","Alcohol Tax-Exempt","Active","THE CHILDREN'S HOSPITAL OF PHILADELPHIA","MORGAN CENTER FOR RESEARCH AND INNOVATION","734 SCHUYLKILL AVE, PHILADELPHIA PA 19146-2300","2716 SOUTH ST, PHILADELPHIA PA 19146-2305",NA,NA,"Philadelphia County","Philadelphia City","Aug 31,2026","Dec 31,2028",-75.1871867,39.9448832
"1727",70421,"AL39","Limited Distillery","Safekeeping","STATESIDE BRANDS LLC","FEDERAL DISTILLING","161 CECIL B MOORE AVE UNIT 103, PHILADELPHIA PA 19122-3234","161 CECIL B MOORE AVE UNIT 103, PHILADELPHIA PA 19122-3234","GLCP, LLC","MATTHEW C QUIGLEY","Philadelphia County","Philadelphia City","Oct 17,2025","Dec 31,2026",-75.1374339,39.976359
"1728",65002,"AN3030","Alcohol Non-Beverage","Active","UNITED COLOR MANUFACTURING INC","UNITED COLOR MANUFACTURING INC","2940 E TIOGA ST, PHILADELPHIA PA 19134-6106","2940 E TIOGA ST, PHILADELPHIA PA 19134-6106",NA,NA,"Philadelphia County","Philadelphia City","Dec 17,2024","Dec 31,2028",-75.093372,39.9841641
"1729",103469,"AN45894","Alcohol Non-Beverage","Active","BEANS AND BRAINS INC","BEANS AND BRAINS INC","5243 LARCHWOOD AVE, PHILADELPHIA PA 19143","5243 LARCHWOOD AVE, PHILADELPHIA PA 19143",NA,"NAKIA  STITH","Philadelphia County","Philadelphia City","Aug 7,2025","Dec 31,2028",-75.227797,39.9523563
"1730",129149,"AN59775","Alcohol Non-Beverage","Active","ASKLEPIOS BIOPHARMACEUTICAL, INC","ASKLEPIOS BIOPHARMACEUTICAL, INC","CIRA CENTER-2929 ARCH ST 9TH FL, PHILADELPHIA PA 19104-2862","CIRA CENTER-2929 ARCH ST 9TH FL, PHILADELPHIA PA 19104-2862",NA,NA,"Philadelphia County","Philadelphia City","Jan 2,2025","Dec 31,2028",-75.181684,39.9574604
"1731",63820,"AN3006","Alcohol Non-Beverage","Active","EXPONENT INC","EXPONENT INC","25 N 38TH ST SUITE 700, PHILADELPHIA PA 19104","25 N 38TH ST SUITE 700, PHILADELPHIA PA 19104",NA,NA,"Philadelphia County","Philadelphia City","Nov 26,2025","Dec 31,2028",-75.195706,39.9580765
"1732",131401,"AR61281","Airport Restaurant (Liquor)","Active","JACKMONT OF PHILADELPHIA LLC","MIDDLE CHILD","8800 ESSINGTON AVE TERMINAL D SPACE D9, PHILADELPHIA PA 19153-7080","1760 PEACHTREE ST NW STE 200, ATLANTA GA 30309-2335","CITY OF PHILADELPHIA","GENEVIEVE R MOORE","Philadelphia County","Philadelphia City","Jul 31,2026","Oct 31,2026",-75.251395,39.8741495
"1733",117252,"AR59858","Airport Restaurant (Liquor)","Active","SSP AMERICA PHL, LLC","BAR SYMON","PHILADELPHIA INT'L AIRPORT 8500 ESSINGTON AVE, TERMINAL D, SPACE D-11, 2ND FL, PHILADELPHIA PA 19153-3755","20408 BASHAN DR STE 300, ASHBURN VA 20147-5553","MARKETPLACE PHL LLC","KHALIL E YAACOUB","Philadelphia County","Philadelphia City","Jul 27,2026","Oct 31,2026",-75.2419857,39.8779187
"1734",1586,"C3339","Club (Liquor)","Safekeeping","VETERAN BOXERS ASSN. INC.","VETERAN BOXERS ASSN. INC.","2733-35 E CLEARFIELD ST, PHILADELPHIA PA 19134-5820","2733-35 E CLEARFIELD ST, PHILADELPHIA PA 19134-5820","VETERAN BOXERS ASSN. INC.","FRANK KUBACK","Philadelphia County","Philadelphia City","Sep 23,2025","Oct 31,2026",-75.1040641,39.9821782
"1735",1491,"C3058","Club (Liquor)","Active","I B P O E OF THE WORLD LEONARD C. IRVIN LODGE 994","I B P O E OF THE WORLD LEONARD C. IRVIN LODGE 994","5034 LANCASTER AVE, PHILADELPHIA PA 19131-4520","5034 LANCASTER AVE, PHILADELPHIA PA 19131-4520","I B P O E OF THE WORLD LEONARD C. IRVIN LODGE 994","SHARNELL PLEASANT","Philadelphia County","Philadelphia City","Oct 14,2025","Oct 31,2026",-75.2236303,39.975501
"1736",1308,"C2544","Club (Liquor)","Active","CLUB 151 INC.","CLUB 151 INC.","4128 N BROAD ST, PHILADELPHIA PA 19140-3029","4128 N BROAD ST, PHILADELPHIA PA 19140-3029","CLUB 151 INC.","FRANKLIN MOLE","Philadelphia County","Philadelphia City","Aug 26,2025","Oct 31,2026",-75.1500435,40.0162263
"1737",35806,"C6278","Club (Liquor)","Active","REGINA COELI HOME ASSOCIATION, INC.","REGINA COELI HOME ASSOCIATION, INC.","9617 JAMES ST, PHILADELPHIA PA 19114-3017","9617 JAMES ST, PHILADELPHIA PA 19114-3017","REGINA COELI HOME ASSOCIATION, INC.","PATRICK J MCMULLEN","Philadelphia County","Philadelphia City","Nov 3,2025","Oct 31,2026",-74.9846988,40.0530235
"1738",63206,"CC1343","Catering Club (Liquor)","Active","IATSE LOCAL 8 GREATER GOOD CHARITABLE TRUST FUND","IATSE LOCAL 8 GREATER GOOD CHARITABLE TRUST FUND","2401 S SWANSON ST, PHILADELPHIA PA 19148-4113","2401 S SWANSON ST, PHILADELPHIA PA 19148-4113","IATSE LOCAL 8 GREATER GOOD CHARITABLE TRUST FUND","MICHAEL BARNES","Philadelphia County","Philadelphia City","Jul 11,2025","Oct 31,2026",-75.1464762,39.9176306
"1739",37614,"D3172","Distributor (Malt)","Active","BROAD & ROCKLAND BEER DISTRIBUTOR, INC.","BROAD & ROCKLAND BEER DISTRIBUTOR, INC.","4851 N BROAD ST, PHILADELPHIA PA 19141-2107","4851 N BROAD ST, PHILADELPHIA PA 19141-2107",NA,"HOZ YOU","Philadelphia County","Philadelphia City","Aug 27,2025","Oct 31,2026",-75.1467853,40.0274318
"1740",52909,"D1099","Distributor (Malt)","Active","AVANI, INC.","AVANI, INC.","1440-42 FEDERAL ST, PHILADELPHIA PA 19146-3137","1440-42 FEDERAL ST, PHILADELPHIA PA 19146-3137","AVANI, INC.","GHANSHYAM PATEL","Philadelphia County","Philadelphia City","Sep 2,2025","Oct 31,2026",-75.1687811,39.9357367
"1741",108276,"D59090","Distributor (Malt)","Active","2431 AJA INC","2431 AJA INC","2431 CASTOR AVE, PHILADELPHIA PA 19134-4600","2431 CASTOR AVE, PHILADELPHIA PA 19134-4600","XIU ZHU, KEVIN, KOCHI AND EILAN PHANG","JINGQUAN ZHENG","Philadelphia County","Philadelphia City","Sep 26,2025","Oct 31,2026",-75.0933036,39.9936681
"1742",51602,"D2837","Distributor (Malt)","Active","SPARKS 2003, INC.","SPARKS 2003, INC.","199 W SPARKS ST, PHILADELPHIA PA 19120-1944","199 W SPARKS ST, PHILADELPHIA PA 19120-1944","MICHAEL TAING","ONKAR S BAINS","Philadelphia County","Philadelphia City","Oct 1,2025","Oct 31,2026",-75.1234492,40.0445663
"1743",80882,"D2453","Distributor (Malt)","Active","Z & Z BEER DISTRIBUTOR INC","DOCS WORLD OF BEER","701 E CATHEDRAL RD ANDORRA SHOPPING CENTER STORE 19, PHILADELPHIA PA 19128-2106","701 E CATHEDRAL RD ANDORRA SHOPPING CENTER STORE 19, PHILADELPHIA PA 19128-2106","ANDORRA ASSOCIATES","BIAO ZHENG","Philadelphia County","Philadelphia City","Oct 3,2025","Oct 31,2026",-75.2368817,40.0632024
"1744",126454,"D1301","Distributor (Malt)","Active","HAS KRISHNA INC","HAS KRISHNA INC","1942 S COLUMBUS BLVD S-5 COLUMBUS NORTH SHOPPING CTR, PHILADELPHIA PA 19148-2802","1942 S COLUMBUS BLVD S-5 COLUMBUS NORTH SHOPPING CTR, PHILADELPHIA PA 19148-2802","COLUMBUS NORTH ASSOCIATES LP & COLUMBUS AVE GDP INVESTMENT LP","SHAAN K PATEL","Philadelphia County","Philadelphia City","Sep 30,2025","Oct 31,2026",-75.1439888,39.9216843
"1745",68970,"D1844","Distributor (Malt)","Active","A & J HASHIM INC","A & J HASHIM INC","701 E GIRARD AVE, PHILADELPHIA PA 19125-3410","701 E GIRARD AVE, PHILADELPHIA PA 19125-3410","WAYNE & DENISE LEIBOVITZ","JAVED HASHIM","Philadelphia County","Philadelphia City","Oct 28,2025","Oct 31,2026",-75.1258509,39.9722502
"1746",64009,"E317","Eating Place Retail Dispenser (Malt)","Active","KITCHEN 89 INC","KITCHEN 89 INC","3212 W DAUPHIN ST, PHILADELPHIA PA 19132-3316","3212 W DAUPHIN ST, PHILADELPHIA PA 19132-3316",NA,"BIN LIN","Philadelphia County","Philadelphia City","Jul 22,2025","Oct 31,2026",-75.1857733,39.9915277
"1747",81855,"E2349","Eating Place Retail Dispenser (Malt)","Active","PALAPA FOOD AND BEVERAGE INC","PALAPA FOOD AND BEVERAGE","6518 CASTOR AVE, PHILADELPHIA PA 19149-2709","6518 CASTOR AVE, PHILADELPHIA PA 19149-2709","RAJENDRA C & SHARADAHEN R PATEL","JACQUELINE PALAPA DELGADO","Philadelphia County","Philadelphia City","Feb 4,2026","Oct 31,2026",-75.0759221,40.0413514
"1748",131493,"E205","Eating Place Retail Dispenser (Malt)","Active","K FAMOUS DELI LLC","K FAMOUS DELI LLC","7522-24 OGONTZ AVE, PHILADELPHIA PA 19150","7522-24 OGONTZ AVE, PHILADELPHIA PA 19150",NA,"YOUNG W SUH","Philadelphia County","Philadelphia City","Aug 27,2026","Oct 31,2026",-75.1574851,40.0697555
"1749",69975,"E114","Eating Place Retail Dispenser (Malt)","Safekeeping","SONGS DELI INC","SONGS DELI INC","5610 N 5TH ST, PHILADELPHIA PA 19120-2306","5610 N 5TH ST, PHILADELPHIA PA 19120-2306",NA,"JIN SONG","Philadelphia County","Philadelphia City","Oct 14,2025","Oct 31,2026",-75.1306932,40.0367847
"1750",68144,"E149","Eating Place Retail Dispenser (Malt)","Active","7701 OGONTZ INC","7701 OGONTZ INC","7701 OGONTZ AVE, PHILADELPHIA PA 19150-1818","7701 OGONTZ AVE, PHILADELPHIA PA 19150-1818",NA,"PHALY MOEUNG","Philadelphia County","Philadelphia City","Jul 22,2026","Oct 31,2026",-75.157133,40.07097
"1751",92463,"E919","Eating Place Retail Dispenser (Malt)","Active","CAFE BROWN STREET INC","CAFE BROWN STREET INC","2200 SPRING GARDEN ST, PHILADELPHIA PA 19130-3513","2200 SPRING GARDEN ST, PHILADELPHIA PA 19130-3513","PARKWAY ASSOCIATES, LP","JI AE CHOI","Philadelphia County","Philadelphia City","Sep 17,2025","Oct 31,2026",-75.1746497,39.9639199
"1752",102795,"G45838","Brewery","Active","VICTORY BREWING COMPANY LLC","VICTORY BREWING COMPANY LLC","1776 BENJAMIN FRANKLIN PKWY, PHILADELPHIA PA 19103-1210","1776 BENJAMIN FRANKLIN PKWY, PHILADELPHIA PA 19103-1210","GP BFP LLC, 1515 BFP LLC, 1501 BFP LLC, 1429 BFP LLC","TIMOTHY R DEAN","Philadelphia County","Philadelphia City","Sep 12,2025","Dec 31,2026",-75.1690414,39.9564807
"1753",104773,"G46402","Brewery","Active","CARTESIAN BREWING LLC","CARTESIAN BREWING","1324-26 E PASSYUNK AVE, PHILADLEPHIA PA 19147-5623","1631 S ORKNEY ST,, PHILADELPHIA  PA 19148","Passyunk13 LLC","EVAN M. ROTH","Philadelphia County","Philadelphia City","Nov 7,2025","Dec 31,2026",-75.160359,39.932746
"1754",109536,"G50368","Brewery","Active","DJANGO & JET LLC","MY LOCAL BREW WORKS","4500 WORTH ST STE J2, PHILADELPHIA PA 19124-3423","109 QUEEN ST, PHILADELPHIA PA 19147-3421","GLOBE DEVELOPMENT GROUP, LP","TIMOTHY H MONTAGUE","Philadelphia County","Philadelphia City","Nov 19,2025","Dec 31,2026",-75.0813226,40.0089198
"1755",90346,"G38625","Brewery","Active","ROXBOROUGH BREWING COMPANY LLC","NEW RIDGE BREWING CO.","6168 RIDGE  AVE, PHILADELPHIA PA 19128","4024 HAIN DR, LAFAYETTE HILL PA 19444","ROCKBOROUGH DEVELOPMENT CORPORATION","ERIK M ENDRIKAT","Philadelphia County","Philadelphia City","Jan 5,2026","Dec 31,2026",-75.2171212,40.0349163
"1756",128722,"G59880","Brewery","Active","PRIME STATION BREWING LLC","PRIME STATION BREWING LLC","3500 SCOTTS LANE UNIT D11, PHILADELPHIA PA 19129","3500 SCOTTS LANE UNIT D11, PHILADELPHIA PA 19129",NA,"CONNOR F SHERIDAN","Philadelphia County","Philadelphia City","Oct 17,2025","Dec 31,2026",-75.1832828,40.0081293
"1757",90358,"GP38626","Brewery Pub","Active","ROXBOROUGH BREWING COMPANY LLC","NEW RIDGE BREWING CO","6168 RIDGE  AVE, PHILADELPHIA PA 19128","4024 HAIN DR, LAFAYETTE HILL PA 19444","ROCKBOROUGH DEVELOPMENT CORPORATION","ERIK M ENDRIKAT","Philadelphia County","Philadelphia City","Jun 24,2026","Dec 31,2026",-75.2171212,40.0349163
"1758",72613,"GP624","Brewery Pub","Active","AR TART LLC","AR TART LLC","8229 GERMANTOWN AVE BLDG D SPACE 8 & 9, PHILADELPHIA PA 19118-3446","8229 GERMANTOWN AVE BLDG D SPACE 8 & 9, PHILADELPHIA PA 19118-3446",NA,"NICHOLAS GUNDERSON","Philadelphia County","Philadelphia City","Nov 13,2025","Dec 31,2026",-75.2031731,40.0739658
"1759",95707,"H43019","Hotel (Liquor)","Active","CHESTLEN DEVELOPMENT LP","W PHILADELPHIA / ELEMENT PHILADELPHIA","1441 CHESTNUT ST, PHILADELPHIA PA 19102","1441 CHESTNUT ST, PHILADELPHIA PA 19102","CHESTLEN DEVELOPMENT LP","EDWARD D BATEN","Philadelphia County","Philadelphia City","Jul 8,2025","Oct 31,2026",-75.165199,39.9511179
"1760",132974,"H61873","Hotel (Liquor)","Active","PARAGON HOTELS INC","FOUR POINTS SHERATON PHILADELPHIA","9461 ROOSEVELT BLVD, PHILADELPHIA PA 19114-2203","9461 ROOSEVELT BLVD, PHILADELPHIA PA 19114-2203","PLUSH PROPERTIES INC","ONIL J CHRISTIAN","Philadelphia County","Philadelphia City","Apr 20,2026","Oct 31,2026",-75.0290137,40.0787459
"1761",47698,"IA3776","Transporter for Hire Class A","Active","WILLIAM PARKER ASSOCIATES INC.","WILLIAM PARKER ASSOCIATES","2845 E WESTMORELAND ST, PHILADELPHIA PA 19134-5932","2845 E WESTMORELAND ST, PHILADELPHIA PA 19134-5932",NA,NA,"Philadelphia County","Philadelphia City","Apr 6,2026","Dec 31,2026",-75.0972498,39.9829068
"1762",125532,"LK59285","Limited Winery","Active","YACHI BLANC '22 LLC","YACHI BLANC '22 LLC","2672 ALMOND ST, PHILADELPHIA PA 19125-3825","2672 ALMOND ST, PHILADELPHIA PA 19125-3825","TIFFANY T SMITH","TIFFANY T SMITH","Philadelphia County","Philadelphia City","Nov 3,2025","Dec 31,2026",-75.1160759,39.9792539
"1763",81876,"PAF32384","Performing Arts Facility","Active","ARDEN THEATRE COMPANY","ARDEN THEATRE COMPANY","40 N 2ND ST, PHILADELPHIA PA 19106","40 N 2ND ST, PHILADELPHIA PA 19106","ARDEN THEATRE COMPANY","ALEXANDER C TEJADA III","Philadelphia County","Philadelphia City","Jul 14,2026","Oct 31,2026",-75.1439486,39.9512273
"1764",67326,"PV150","Public Venue Restaurant","Active","ACADEMY EVENT SERVICES INC","THE ACADEMY OF NATURAL SCIENCES","1900 BENJAMIN FRANKLIN PKWY, PHILADELPHIA PA 19103-1101","1900 BENJAMIN FRANKLIN PKWY, PHILADELPHIA PA 19103-1101",NA,"ADAM DELOSSO","Philadelphia County","Philadelphia City","Jan 5,2026","Oct 31,2026",-75.1710708,39.9568919
"1765",20917,"PV46","Public Venue Restaurant","Active","NEW YEAR'S SHOOTERS & MUMMERS MUSEUM INC","NEW YEAR'S SHOOTERS & MUMMERS MUSEUM INC","1100 S 2ND ST, PHILADELPHIA PA 19147-5411","1100 S 2ND ST, PHILADELPHIA PA 19147-5411",NA,"GEORGE MARTZ","Philadelphia County","Philadelphia City","Aug 27,2025","Oct 31,2026",-75.1475603,39.933552
"1766",108756,"PV49886","Public Venue Restaurant","Safekeeping","SPECTER FOOD SERVICE AND EVENTS, LLC","ARLEN SPECTER US SQUASH CENTER","3205-51 LANCASTER AVE, PHILADELPHIA PA 19104-2815","3205-51 LANCASTER AVE, PHILADELPHIA PA 19104-2815",NA,"PETER EBENAU","Philadelphia County","Philadelphia City","Aug 18,2026","Oct 31,2026",-75.188648,39.956458
"1767",71418,"R1205","Restaurant (Liquor)","Active","FISHTOWN ARTS & CRAFTS LLC","FISHTOWN ARTS & CRAFTS LLC","1523-27 FRANKFORD AVE, PHILADELPHIA PA 19125-4411","1523-27 FRANKFORD AVE, PHILADELPHIA PA 19125-4411",NA,"VANESSA WONG","Philadelphia County","Philadelphia City","Sep 15,2025","Oct 31,2026",-75.1333374,39.9738748
"1768",72146,"R9516","Restaurant (Liquor)","Active","CESCAPHE AT THE WATER WORKS LLC","CESCAPHE AT THE WATER WORKS LLC","600 WATERWORKS DR, PHILADELPHIA PA 19130","600 WATERWORKS DR, PHILADELPHIA PA 19130","CITY OF PHILADELPHIA","EDWARD DIRADDO","Philadelphia County","Philadelphia City","Dec 12,2025","Oct 31,2026",-75.1838725,39.9680513
"1769",101231,"R246","Restaurant (Liquor)","Active","FAHRENHEIT 451 PIZZERIA & WINE BAR LLC","FAHRENHEIT 451 PIZZERIA & WINE BAR LLC","1809 JFK BLVD STE B, PHILADELPHIA PA 19103","2772 WOODLAND AVE, NORRISTOWN PA 19403-1678","CCIP Sterling LP  DBA formerly Kennedy Blvd Associates I LP","SAMUEL JOHNSON","Philadelphia County","Philadelphia City","Dec 8,2025","Oct 31,2026",-75.1701356,39.9544452
"1770",100712,"R13576","Restaurant (Liquor)","Active","NOLIBS GROUP LLC","NOLIBS GROUP LLC","1030 N 2ND ST STE 101 & 102, PHILADELPHIA PA 19123-1552","1030 N 2ND ST STE 101 & 102, PHILADELPHIA PA 19123-1552","LIBERTIES WALK ASSOCIATES LP","DANIEL GALEANO","Philadelphia County","Philadelphia City","Oct 31,2025","Oct 31,2026",-75.140327,39.967135
"1771",62053,"R11307","Restaurant (Liquor)","Active","LANDMARK UNIVERSITY CITY, LLC","LANDMARK AMERICANA TAP AND GRILL","3333 MARKET ST, PHILADELPHIA PA 19104","3333 MARKET ST, PHILADELPHIA PA 19104",NA,"KYLE A VEALE","Philadelphia County","Philadelphia City","Aug 7,2026","Oct 31,2026",-75.1905026,39.9558821
"1772",46126,"R3861","Restaurant (Liquor)","Active","FADO PHILADELPHIA, INC.","FADO'","1500 LOCUST ST, PHILADELPHIA PA 19102-4327","1500 LOCUST ST, PHILADELPHIA PA 19102-4327",NA,"DANIELLE R CORBETT","Philadelphia County","Philadelphia City","Aug 12,2025","Oct 31,2026",-75.1668916,39.9483799
"1773",11264,"R4057","Restaurant (Liquor)","Active","TAURUS INVESTMENT GROUP INC","PHILADELPHIA BAR & GRILL","410-412 W GIRARD AVE, PHILADELPHIA PA 19123-1412","410-412 W GIRARD AVE, PHILADELPHIA PA 19123-1412",NA,"JAMES C BYGOTT","Philadelphia County","Philadelphia City","Oct 22,2025","Oct 31,2026",-75.1435349,39.9697765
"1774",59673,"R7228","Restaurant (Liquor)","Active","DEL FRISCOS OF PHILADELPHIA INC","DEL FRISCOS OF PHILADELPHIA INC","UNIT 1 PACKARD GRANDE BLDG 111 S 15TH ST, PHILADELPHIA PA 19102-2625","UNIT 1 PACKARD GRANDE BLDG 111 S 15TH ST, PHILADELPHIA PA 19102-2625",NA,"JOHN R STRITZINGER","Philadelphia County","Philadelphia City","Aug 1,2025","Oct 31,2026",-75.1655642,39.9506315
"1775",50641,"R122","Restaurant (Liquor)","Active","5261 PEREZ INC","5261 PEREZ INC","5261 N 5TH ST, PHILADELPHIA PA 19120-3334","5261 N 5TH ST, PHILADELPHIA PA 19120-3334",NA,"RANYLI GOMEZ ZABALA","Philadelphia County","Philadelphia City","Aug 28,2025","Oct 31,2026",-75.1312384,40.0317304
"1776",132328,"R7374","Restaurant (Liquor)","Active","TAI LAKE SEAFOOD RESTAURANT INC","TAI LAKE SEAFOOD RESTAURANT INC","134 N 10TH ST, PHILADELPHIA PA 19107-2309","134 N 10TH ST, PHILADELPHIA PA 19107-2309","WILLIAM CHIN AND JANNE K C CHIN","HUNG S LEUNG","Philadelphia County","Philadelphia City","Oct 6,2025","Oct 31,2026",-75.1563433,39.9546629
"1777",64639,"R11917","Restaurant (Liquor)","Active","BLAZIN WINGS INC","BUFFALO WILD WINGS GRILL & BAR #310","9701 ROOSEVELT BLVD, PHILADELPHIA PA 19114-1010","9701 ROOSEVELT BLVD, PHILADELPHIA PA 19114-1010",NA,"CHARLES N WILSON","Philadelphia County","Philadelphia City","Jul 7,2025","Oct 31,2026",-75.024104,40.0812987
"1778",105745,"R11239","Restaurant (Liquor)","Active","6124 MARKET HOLDINGS LLC","6124 MARKET HOLDINGS LLC","4717-19 PRINCETON AVE, PHILADELPHIA PA 19135-1809","4717-19 PRINCETON AVE, PHILADELPHIA PA 19135-1809","SONO VIVO LLC","NYAIRA A ALLEN","Philadelphia County","Philadelphia City","Sep 5,2025","Oct 31,2026",-75.038383,40.027859
"1779",52363,"R11409","Restaurant (Liquor)","Active","SEAK INC","SEAK INC","604 W YORK ST, PHILADELPHIA PA 19133-2117","604 W YORK ST, PHILADELPHIA PA 19133-2117",NA,"POIVENG SUON","Philadelphia County","Philadelphia City","Oct 14,2025","Oct 31,2026",-75.1435678,39.9876674
"1780",109031,"R15676","Restaurant (Liquor)","Active","MACARONI'S - THE PRIMAVERA BROTHERS LLC","MACARONI'S - THE PRIMAVERA BROTHERS LLC","9315 OLD BUSTLETON AVE, PHILADELPHIA PA 19115-4606","9315 OLD BUSTLETON AVE, PHILADELPHIA PA 19115-4606","AZZURRI INC","DAVID PRIMAVERA","Philadelphia County","Philadelphia City","Oct 21,2025","Oct 31,2026",-75.0382928,40.0817561
"1781",72036,"R2735","Restaurant (Liquor)","Active","LA VIVA MIGGS INC","LA VIVA MIGGS INC","1807 WASHINGTON AVE, PHILADELPHIA PA 19146-2655","1807 WASHINGTON AVE, PHILADELPHIA PA 19146-2655",NA,"GINA NARDUCCI","Philadelphia County","Philadelphia City","Sep 3,2025","Oct 31,2026",-75.1740757,39.9389299
"1782",65177,"R8516","Restaurant (Liquor)","Active","THE CORNER FOODERY LLC","THE CORNER FOODERY LLC","748 MORRIS ST & 751 WATKINS ST, PHILADELPHIA PA 19148","748 MORRIS ST & 751 WATKINS ST, PHILADELPHIA PA 19148","1060 MYR LLC","JI R BAIK","Philadelphia County","Philadelphia City","Sep 22,2025","Oct 31,2026",-75.1585739,39.9277438
"1783",72376,"R4344","Restaurant (Liquor)","Active","ABSZ INC","ABSZ INC","1757 BELFIELD AVE, PHILADELPHIA PA 19141-1506","1757 BELFIELD AVE, PHILADELPHIA PA 19141-1506",NA,"BILLEE NGO","Philadelphia County","Philadelphia City","Jul 23,2025","Oct 31,2026",-75.1529114,40.0298074
"1784",84155,"R15625","Restaurant (Liquor)","Active","CAMAC 255 CORP","CAMAC 255 CORP","255 S CAMAC ST & 1217 SPRUCE ST REAR, PHILADELPHIA PA 19107-5610","522 JOHNSTON  ST, PHILADELPHIA PA 19148-4813",NA,"TONY TSANG","Philadelphia County","Philadelphia City","Jul 24,2025","Oct 31,2026",-75.1616547,39.9469782
"1785",129804,"R5300","Restaurant (Liquor)","Active","CHAMAS DE MINAS INC","CHAMAS DE MINAS INC","8500 BUSTLETON AVE, PHILADELPHIA PA 19152","8500 BUSTLETON AVE, PHILADELPHIA PA 19152","CHAMAS DE MINAS INC","CAIQUE CASSOLI DE OLIVEIRA","Philadelphia County","Philadelphia City","Mar 13,2026","Oct 31,2026",-75.0497523,40.0714211
"1786",68223,"R4654","Restaurant (Liquor)","Active","LA GUIRA INC","LA GUIRA INC","701 ADAMS AVE, PHILADELPHIA PA 19124-2350","701 ADAMS AVE, PHILADELPHIA PA 19124-2350",NA,"YOLENNY ALMANZAR","Philadelphia County","Philadelphia City","Oct 30,2025","Oct 31,2026",-75.106452,40.0330444
"1787",54470,"R6411","Restaurant (Liquor)","Active","2358 SENG ENTERPRISES, INC.","2358 SENG ENTERPRISES, INC.","2358 N 15TH ST, PHILADELPHIA PA 19132-3902","2358 N 15TH ST, PHILADELPHIA PA 19132-3902",NA,"PETER TANG","Philadelphia County","Philadelphia City","Aug 21,2025","Oct 31,2026",-75.1574383,39.9895241
"1788",52218,"R11166","Restaurant (Liquor)","Active","2708 ALEX, INC.","2708 ALEX, INC.","2708-10 W ALLEGHENY AVE, PHILADELPHIA PA 19132-1223","2708-10 W ALLEGHENY AVE, PHILADELPHIA PA 19132-1223",NA,"ALEX LIM","Philadelphia County","Philadelphia City","Jun 17,2026","Oct 31,2026",-75.1742595,40.0041375
"1789",118845,"R13688","Restaurant (Liquor)","Active","EL PARAISO BAR & RESTAURANTE, LLC","EL PARAISO BAR & RESTAURANTE, LLC","3884 M ST, PHILADELPHIA PA 19124-5517","3884 M ST, PHILADELPHIA PA 19124-5517","RODGER LLC","DARIO A MERCADO-BERNARD","Philadelphia County","Philadelphia City","Jun 11,2026","Oct 31,2026",-75.1012956,40.0058315
"1790",46368,"R980","Restaurant (Liquor)","Active","MAGGIANO'S HOLDING CORPORATION","MAGGIANO'S LITTLE ITALY","1201-39 FILBERT ST, PHILADELPHIA PA 19107","1201-39 FILBERT ST, PHILADELPHIA PA 19107","FILBERT STREET ASSOCIATES LP","PATRICIA FINUCANE","Philadelphia County","Philadelphia City","Sep 2,2025","Oct 31,2026",-75.160393,39.953273
"1791",43678,"R8095","Restaurant (Liquor)","Active","PA 1939 CORP","PA 1939 CORP","1939 ARCH ST, PHILADELPHIA PA 19103-1403","1939 ARCH ST, PHILADELPHIA PA 19103-1403",NA,"HARI H KARMEGAM","Philadelphia County","Philadelphia City","Nov 10,2025","Oct 31,2026",-75.1725276,39.955872
"1792",115320,"R7345","Restaurant (Liquor)","Active","ROTTEN MONKEY BAR & GRILL INC","ROTTEN MONKEY BAR & GRILL INC","430-434 W DAUPHIN ST, PHILADELPHIA PA 19133-2914","430-434 W DAUPHIN ST, PHILADELPHIA PA 19133-2914","MERCEDES SANCHEZ","JOSHUA L MORAN","Philadelphia County","Philadelphia City","Dec 4,2025","Oct 31,2026",-75.1409468,39.9858041
"1793",110061,"R4392","Restaurant (Liquor)","Active","P AND D TWO LLC","OCEAN CITY SEAFOOD RESTAURANT","234 N 9TH ST, PHILADELPHIA PA 19107-1822","234 N 9TH ST, PHILADELPHIA PA 19107-1822","T S PACIFIC","DAVID NGUYEN","Philadelphia County","Philadelphia City","Dec 24,2025","Oct 31,2026",-75.1543329,39.9562867
"1794",131298,"R4510","Restaurant (Liquor)","Active","PAST MIJO LLC","CERVEAU","990 SPRING GARDEN ST, PHILADELPHIA PA 19123-2606","990 SPRING GARDEN ST, PHILADELPHIA PA 19123-2606","SA 990 Spring Garden LP","WILLIAM M CARTER","Philadelphia County","Philadelphia City","Apr 30,2026","Oct 31,2026",-75.1541276,39.961265
"1795",60222,"R2587","Restaurant (Liquor)","Active","BAR FRED LLC","BAR FRED LLC","1040 N 2ND ST, PHILADELPHIA PA 19123-1551","1040 N 2ND ST, PHILADELPHIA PA 19123-1551",NA,"JOSHUA ZAMESKA","Philadelphia County","Philadelphia City","Apr 1,2026","Oct 31,2026",-75.1404164,39.9673346
"1796",99693,"R9010","Restaurant (Liquor)","Active","RITTENHOUSE OPERATIONS LLC","RITTENHOUSE OPERATIONS LLC","1711 RITTENHOUSE SQ, PHILADELPHIA PA 19103","1711 RITTENHOUSE SQ, PHILADELPHIA PA 19103","1711-1717 RITTENHOUSE, LLC","DOUGLAS W OSBORNE JR","Philadelphia County","Philadelphia City","Jun 12,2026","Oct 31,2026",-75.1700302,39.9484169
"1797",65031,"R237","Restaurant (Liquor)","Active","626 FRONT LLC","626 FRONT LLC","626-628 N FRONT ST, PHILADELPHIA PA 19123-3102","626-628 N FRONT ST, PHILADELPHIA PA 19123-3102",NA,"RAFAEL VALDEZ BAEZ","Philadelphia County","Philadelphia City","Jan 7,2026","Oct 31,2026",-75.13891,39.9612255
"1798",119806,"R14349","Restaurant (Liquor)","Active","DEMENTE LOUNGE AND RESTAURANT LLC","DEMENTE LOUNGE AND RESTAURANT LLC","3246 N 5TH ST, PHILADELPHIA PA 19140-5612","3246 N 5TH ST, PHILADELPHIA PA 19140-5612","MIKAYLA DEVELOPMENT LLC","MATTHEW B TORRES","Philadelphia County","Philadelphia City","Nov 6,2025","Oct 31,2026",-75.138437,40.0009699
"1799",95595,"R1534","Restaurant (Liquor)","Active","ACME MARKETS INC","THE FROSTED MUG","7700 CRITTENDEN ST, PHILADELPHIA PA 19118",NA,"MARKET SQUARE PLAZA I, LLC","COLLEEN L ONEILL","Philadelphia County","Philadelphia City","Sep 3,2025","Oct 31,2026",-75.1938845,40.0714676
"1800",68411,"R7333","Restaurant (Liquor)","Active","FRANKLIN BROTHERS 111 INC","FRANKLIN BROTHERS 111 INC","111-13 COTTON ST, PHILADELPHIA PA 19127-1520","111-13 COTTON ST, PHILADELPHIA PA 19127-1520",NA,"RANDY M FRANKLIN","Philadelphia County","Philadelphia City","Dec 12,2025","Oct 31,2026",-75.2221917,40.0255739
"1801",43581,"R4578","Restaurant (Liquor)","Active","DINOFA CORPORATION","GINO'S PIZZA CAFE","7326-28 FRANKFORD AVE, PHILADELPHIA PA 19136-3828","7326-28 FRANKFORD AVE, PHILADELPHIA PA 19136-3828",NA,"VINCENT DINOFA","Philadelphia County","Philadelphia City","Aug 12,2025","Oct 31,2026",-75.0397258,40.037442
"1802",69847,"R4986","Restaurant (Liquor)","Active","NOM WAH TEA PARLOR INC","NOM WAH","218 N 13TH ST, PHILADELPHIA PA 19107-1510","218 N 13TH ST, PHILADELPHIA PA 19107-1510",NA,"SHI LI","Philadelphia County","Philadelphia City","Aug 12,2025","Oct 31,2026",-75.1607717,39.9565969
"1803",132908,"R9527","Restaurant (Liquor)","Active","VINO & PIE INC","VINO & PIE INC","1245 S 3RD ST, PHILADELPHIA PA 19147-5303","1245 S 3RD ST, PHILADELPHIA PA 19147-5303",NA,"ANTONIO CARDILLO","Philadelphia County","Philadelphia City","Apr 14,2026","Oct 31,2026",-75.1495444,39.931907
"1804",120614,"R5052","Restaurant (Liquor)","Active","LOVAT SQUARE LLC","LOVAT SQUARE LLC","184-186 E EVERGREEN AVE, PHILADELPHIA PA 19118","184-186 E EVERGREEN AVE, PHILADELPHIA PA 19118","VERT ASSOCIATES LLC","DAMIEN GRAEF","Philadelphia County","Philadelphia City","Jan 28,2026","Oct 31,2026",-75.2064,40.0768783
"1805",113148,"R378","Restaurant (Liquor)","Active","YUMIN CORP","YUMIN CORP","2030 CHESTNUT ST, PHILADELPHIA PA 19103-4411","2030 CHESTNUT ST, PHILADELPHIA PA 19103-4411","2030 RK LLC","HAE J SHIM","Philadelphia County","Philadelphia City","Aug 5,2025","Oct 31,2026",-75.1747664,39.9520072
"1806",9267,"R197","Restaurant (Liquor)","Active","ZUCCATO BROTHERS TWO, INC.","ZUCCATO BROTHERS TWO, INC.","1428 RITNER ST, PHILADELPHIA PA 19145-4446","1428 RITNER ST, PHILADELPHIA PA 19145-4446",NA,"LAWRENCE ZUCCATO","Philadelphia County","Philadelphia City","Jul 24,2026","Oct 31,2026",-75.1717812,39.9206676
"1807",85397,"R661","Restaurant (Liquor)","Active","ALICE OF PA LLC","ALICE","235 S 15TH ST FIRST FLOOR, PHILADELPHIA PA 19102","1930 ROUTE 70 E  STE X115, CHERRY HILL  NJ 08003","235 S 15TH STREET PARTNERS LP","ARSENIO M LONGO","Philadelphia County","Philadelphia City","Nov 3,2025","Oct 31,2026",-75.1660753,39.9481407
"1808",11880,"R5491","Restaurant (Liquor)","Active","SECOND AND CAMBRIA, INC.","SECOND AND CAMBRIA, INC.","2865 N 2ND ST, PHILADELPHIA PA 19133-3516","2865 N 2ND ST, PHILADELPHIA PA 19133-3516",NA,"MARVIN KILGORE","Philadelphia County","Philadelphia City","Aug 17,2026","Oct 31,2025",-75.1340715,39.9943885
"1809",110029,"R11569","Restaurant (Liquor)","Active","THE GIANT COMPANY LLC","GIANT #6573","510 N BROAD ST, PHILADELPHIA PA 19130","510 N BROAD ST, PHILADELPHIA PA 19130","510 BROAD PARTNERS LLC","ZARIA RIVERA","Philadelphia County","Philadelphia City","Nov 14,2025","Oct 31,2026",-75.1614619,39.9630786
"1810",99152,"R761","Restaurant (Liquor)","Active","DLS EVENTS LLC","DLS EVENTS LLC","332-336 SOUTH ST, PHILADELPHIA PA 19147","332-336 SOUTH ST, PHILADELPHIA PA 19147","332: ELECTRIC FACTORY CONCERTS; 334-36 LIVE NATION WORLDWIDE, INC.","ANDREA D THOMPSON","Philadelphia County","Philadelphia City","Nov 19,2025","Oct 31,2026",-75.1486209,39.9413975
"1811",116848,"R6730","Restaurant (Liquor)","Active","MORNING SWIM BEER COMPANY","MEETINGHOUSE","2331 E CUMBERLAND ST, PHILADELPHIA PA 19125-2205","2331 E CUMBERLAND ST, PHILADELPHIA PA 19125-2205","2331 EAST CUMBERLAND LLC","COLIN J MCFADDEN","Philadelphia County","Philadelphia City","Jul 8,2025","Oct 31,2026",-75.1230572,39.9803706
"1812",72612,"R6550","Restaurant (Liquor)","Active","NEW FAIRMOUNT PIZZA & RESTAURANT INC","NEW FAIRMOUNT PIZZA & RESTAURANT INC","2000 FAIRMOUNT AVE, PHILADELPHIA PA 19130-2602","2000 FAIRMOUNT AVE, PHILADELPHIA PA 19130-2602",NA,"EMMANOUIL PAPADOPOULOS","Philadelphia County","Philadelphia City","Jul 11,2025","Oct 31,2026",-75.1703496,39.9670444
"1813",88846,"R4231","Restaurant (Liquor)","Active","REGAL CINEMAS INC","REGAL CINEMAS INC","1619 GRANT AVE, PHILADELPHIA PA 19115","1290 GRANT PLAZA 9  1619 GRANT AVE, PHILADELPHIA PA 19115",NA,"CHARISSE TAYLOR","Philadelphia County","Philadelphia City","Aug 8,2025","Oct 31,2026",-75.0377166,40.0880687
"1814",60813,"R1044","Restaurant (Liquor)","Active","IN CHON","IN SUK CHON","6779 N 5TH ST, PHILADELPHIA PA 19126-3027","6779 N 5TH ST, PHILADELPHIA PA 19126-3027",NA,"IN CHON","Philadelphia County","Philadelphia City","Sep 24,2025","Oct 31,2026",-75.1260333,40.0547833
"1815",66180,"R11922","Restaurant (Liquor)","Active","13RIVER15 LLC","13RIVER15 LLC","221 N COLUMBUS BLVD, PHILADELPHIA PA 19106-1402","221 N COLUMBUS BLVD, PHILADELPHIA PA 19106-1402",NA,"NICHOLAS SAUNDERS JR","Philadelphia County","Philadelphia City","Jun 11,2026","Oct 31,2026",-75.1388718,39.9550515
"1816",14857,"R11294","Restaurant (Liquor)","Active","EDMONDSON, INC.","EDMONDSON, INC.","6004 MARKET ST, PHILADELPHIA PA 19139-3023","6004 MARKET ST, PHILADELPHIA PA 19139-3023",NA,"CEASAR EDMONDSON","Philadelphia County","Philadelphia City","Oct 28,2025","Oct 31,2026",-75.2410623,39.96177
"1817",119139,"R14492","Restaurant (Liquor)","Active","6SIX24 LLC","ROSY'S EAST","624-626 S 6TH ST, PHILADELPHIA PA 19147-2129","624-626 S 6TH ST, PHILADELPHIA PA 19147-2129","JAMES J CAIOLA & DAVID E SALAMA","HUGH J GARRITY","Philadelphia County","Philadelphia City","Sep 3,2025","Oct 31,2026",-75.1526621,39.9412797
"1818",102055,"R7630","Restaurant (Liquor)","Active","5835 L & K INC","5835 L & K INC","5835-39 RISING SUN AVE, PHILADELPHIA PA 19120-1143","5835-39 RISING SUN AVE, PHILADELPHIA PA 19120-1143","LACTE LAM","LACTE LAM","Philadelphia County","Philadelphia City","Jul 21,2025","Oct 31,2026",-75.1031866,40.0434244
"1819",67822,"R312","Restaurant (Liquor)","Active","TRES FELIZ LLC","TRES FELIZ LLC","4410B MAIN ST, PHILADELPHIA PA 19127-1312","4410B MAIN ST, PHILADELPHIA PA 19127-1312",NA,"TIMOTHY SPINNER","Philadelphia County","Philadelphia City","May 21,2026","Oct 31,2026",-75.2251295,40.0259101
"1820",106252,"R11537","Restaurant (Liquor)","Active","DOLGENCORP LLC","DOLGENCORP LLC","1901 CALLOWHILL ST, PHILADELPHIA PA 19130-4150","100 MISSION RIDGE, GOODLETTSVILLE TN 37072-2171","GRAN DEVELOPMENT PARTNERS LP","ROCHELLE M THOMPSON","Philadelphia County","Philadelphia City","Jul 30,2026","Oct 31,2026",-75.1709523,39.9609267
"1821",45696,"R3203","Restaurant (Liquor)","Active","CURRANS IRISH INN, INC.","CURRANS IRISH INN, INC.","6900 STATE RD, PHILADELPHIA PA 19135-1509","6900 STATE RD, PHILADELPHIA PA 19135-1509",NA,"GERALD CURRAN","Philadelphia County","Philadelphia City","Jul 24,2025","Oct 31,2026",-75.0401007,40.022091
"1822",56958,"R1290","Restaurant (Liquor)","Active","6453 RPM INC","6453 RPM INC","6453 FRANKFORD AVE, PHILADELPHIA PA 19135-3031","6453 FRANKFORD AVE, PHILADELPHIA PA 19135-3031",NA,"CHRISTOPHER MORTON","Philadelphia County","Philadelphia City","Sep 2,2025","Oct 31,2026",-75.0561167,40.0291532
"1823",47343,"R6952","Restaurant (Liquor)","Active","YANG TRAN INC","YANG TRAN INC","2200 W LEHIGH AVE, PHILADELPHIA PA 19132-3230","2200 W LEHIGH AVE, PHILADELPHIA PA 19132-3230",NA,"SREYLUX HENG","Philadelphia County","Philadelphia City","Jul 22,2025","Oct 31,2026",-75.1677633,39.9954173
"1824",72468,"R13640","Restaurant (Liquor)","Active","MJA HOLDINGS LLC","MJA HOLDINGS LLC","635 W GIRARD AVE, PHILADELPHIA PA 19123-1321","635 W GIRARD AVE, PHILADELPHIA PA 19123-1321",NA,"ERIN A DAVIDSON","Philadelphia County","Philadelphia City","Jun 27,2025","Oct 31,2026",-75.1479678,39.9707695
"1825",85011,"R6","Restaurant (Liquor)","Active","BROWNS FOX STREET LLC","SHOPRITE OF FOX STREET","2800 FOX ST, PHILADELPHIA PA 19129","700 DELSEA DR, WESTVILLE NJ 08093-1229",NA,"ERIC JOAQUIN TYRESE JONES","Philadelphia County","Philadelphia City","Jan 29,2026","Oct 31,2026",-75.1753319,40.0094299
"1826",67179,"R7469","Restaurant (Liquor)","Active","1318 BRAUHAUS INC","1318 BRAUHAUS INC","1318-20-22-24 CHESTNUT ST, PHILADELPHIA PA 19107","1318-20-22-24 CHESTNUT ST, PHILADELPHIA PA 19107","Samuel Rappaprot Family Partnership LLC","THEODOSIOS P SOURIAS","Philadelphia County","Philadelphia City","Jun 12,2026","Oct 31,2026",-75.1744701,39.951976
"1827",51074,"R115","Restaurant (Liquor)","Active","MARIA'S SUMMIT RESTAURANT, INC.","MARIA'S SUMMIT RESTAURANT, INC.","8100 RIDGE AVE, PHILADELPHIA PA 19128-2931","8100 RIDGE AVE, PHILADELPHIA PA 19128-2931",NA,"ANTHONY D'EMILIO","Philadelphia County","Philadelphia City","Oct 27,2025","Oct 31,2026",-75.236342,40.056745
"1828",37473,"R297","Restaurant (Liquor)","Active","M.A.G. ENTERPRISES, INC.","M.A.G. ENTERPRISES, INC.","2740 S FRONT ST, PHILADELPHIA PA 19148-4808","2740 S FRONT ST, PHILADELPHIA PA 19148-4808",NA,"PATRICK D MEEHAN","Philadelphia County","Philadelphia City","Jun 10,2026","Oct 31,2026",-75.1507742,39.9125116
"1829",116357,"R13628","Restaurant (Liquor)","Active","7162 TORRESDALE INC","7162 TORRESDALE INC","7162 TORRESDALE AVE, PHILADELPHIA PA 19135-1328","7162 TORRESDALE AVE, PHILADELPHIA PA 19135-1328",NA,"SHANICE L JOHNSON","Philadelphia County","Philadelphia City","Aug 13,2026","Oct 31,2026",-75.0369208,40.0294601
"1830",95370,"R46455","Restaurant (Liquor)","Active","7-ELEVEN SALES CORPORATION","7-ELEVEN","2601 PENROSE AVE, PHILADELPHIA PA 19145","SUZANNE HARRISON EXECUTIVE PARALEGAL  7-ELEVEN INC  3200 HACKBERRY RD, IRVING TX 75063","7 ELEVEN INC","TABRIA FREEMAN","Philadelphia County","Philadelphia City","Mar 4,2026","Oct 31,2026",-75.1891338,39.9077512
"1831",11233,"R3986","Restaurant (Liquor)","Active","OBERST INCORPORATED","MORIARTY'S RESTAURANT","1116 WALNUT ST, PHILADELPHIA PA 19107-5513","1116 WALNUT ST, PHILADELPHIA PA 19107-5513",NA,"KEVIN J FRENCH","Philadelphia County","Philadelphia City","Oct 20,2025","Oct 31,2026",-75.1598508,39.9485658
"1832",40962,"R15581","Restaurant (Liquor)","Active","ABSOLOOT ENTERPRISES, INC.","ABSOLOOT ENTERPRISES, INC.","1940 GREEN ST, PHILADELPHIA PA 19130-3204","1940 GREEN ST, PHILADELPHIA PA 19130-3204",NA,"JEFFREY PAPA","Philadelphia County","Philadelphia City","Jul 11,2025","Oct 31,2026",-75.1706125,39.9647691
"1833",132965,"R11509","Restaurant (Liquor)","Active","BEAU23 LLC","BEAU23 LLC","2301 S FRONT ST, PHILADELPHIA PA 19148-4101","2301 S FRONT ST, PHILADELPHIA PA 19148-4101","2301 PROPERTY GROUP LLC","LORI ANN CERELLI","Philadelphia County","Philadelphia City","Jul 30,2026","Oct 31,2026",-75.1487191,39.9190251
"1834",129201,"R2018","Restaurant (Liquor)","Active","BRASILS EANDM ENTERPRISE LLC","BRASILS","112 CHESTNUT ST, PHILADELPHIA PA 19106-3009","112 CHESTNUT ST, PHILADELPHIA PA 19106-3009","LAREINA E ENTERPRISES LLC","MICHAEL ANDINO","Philadelphia County","Philadelphia City","Aug 25,2025","Oct 31,2026",-75.1430882,39.9480729
"1835",65859,"R8010","Restaurant (Liquor)","Active","THE UNION SLRK INC","THE UNION SLRK INC","1506-10 SOUTH ST, PHILADELPHIA PA 19146-1636","1506-10 SOUTH ST, PHILADELPHIA PA 19146-1636",NA,"HEATHER R FETFATZES","Philadelphia County","Philadelphia City","Jul 16,2025","Oct 31,2026",-75.1675459,39.9437286
"1836",67685,"R2347","Restaurant (Liquor)","Active","900 PUBLIC LEDGER LLC","DOWN TOWN CLUB","150 SOUTH INDEPENDENCE MALL WEST P O BOX 40206, PHILADELPHIA PA 19106","150 SOUTH INDEPENDENCE MALL WEST P O BOX 40206, PHILADELPHIA PA 19106",NA,"PETER COMAS","Philadelphia County","Philadelphia City","Dec 10,2025","Oct 31,2026",-75.1513458,39.9489285
"1837",48208,"R15591","Restaurant (Liquor)","Active","BLUE ERA, INC.","BLUE ERA, INC.","2743 POPLAR ST, PHILADELPHIA PA 19130-1220","2743 POPLAR ST, PHILADELPHIA PA 19130-1220",NA,"DANIEL SENBETA","Philadelphia County","Philadelphia City","Sep 5,2025","Oct 31,2026",-75.1820045,39.9731657
"1838",113299,"R12474","Restaurant (Liquor)","Active","PAT'S LOUNGE CORP","PAT'S LOUNGE CORP","3251 RIDGE AVE, PHILADELPHIA PA 19132","3251 RIDGE AVE, PHILADELPHIA PA 19132","REGINALD  L JONES","REVERSA L BROWN-JONES","Philadelphia County","Philadelphia City","Sep 9,2025","Oct 31,2026",-75.1856899,39.992284
"1839",89949,"R4103","Restaurant (Liquor)","Active","SPH SUCCESS INC","SPH SUCCESS INC","4655 FRANKFORD AVE, PHILADELPHIA PA 19124-5828","4655 FRANKFORD AVE, PHILADELPHIA PA 19124-5828",NA,"RAMZE S GOLDSMITH","Philadelphia County","Philadelphia City","Jun 17,2026","Oct 31,2026",-75.0842499,40.0157469
"1840",68432,"R6691","Restaurant (Liquor)","Active","BARDOT CAFE LLC","BARDOT CAFE LLC","447-453 POPLAR ST, PHILADELPHIA PA 19123-2123","447-453 POPLAR ST, PHILADELPHIA PA 19123-2123",NA,"DENNIS A HEWLETT JR","Philadelphia County","Philadelphia City","Jul 10,2025","Oct 31,2026",-75.1454985,39.966481
"1841",65952,"R15563","Restaurant (Liquor)","Safekeeping","JOHNNY 2051 INC","JOHNNY 2051 INC","2051 CHURCH LN, PHILADELPHIA PA 19138-2446","2051 CHURCH LN, PHILADELPHIA PA 19138-2446",NA,"ALEX LAOV","Philadelphia County","Philadelphia City","Nov 10,2025","Oct 31,2026",-75.1555622,40.0460858
"1842",40007,"R449","Restaurant (Liquor)","Safekeeping","KELLY'S SEAFOOD, INC.","KELLY'S SEAFOOD, INC.","9360-9362 OLD BUSTLETON AVE, PHILADELPHIA PA 19115-4611","9360-9362 OLD BUSTLETON AVE, PHILADELPHIA PA 19115-4611",NA,"BRIAN J KELLY","Philadelphia County","Philadelphia City","Sep 9,2026","Oct 31,2026",-75.038286,40.083603
"1843",131365,"R6139","Restaurant (Liquor)","Safekeeping","K & L PROPERTIES LLC","K & L PROPERTIES LLC","312 MARKET ST, PHILADELPHIA PA 19106-2704","312 MARKET ST, PHILADELPHIA PA 19106-2704","K & L PROPERTIES LLC","KIMBERLY A DERSTINE","Philadelphia County","Philadelphia City","May 14,2026","Oct 31,2026",-75.1463394,39.9499997
"1844",59385,"R4504","Restaurant (Liquor)","Safekeeping","3501 ROBERTS INC","3501 ROBERTS INC","3501 INDIAN QUEEN LN, PHILADELPHIA PA 19129-1522","3501 INDIAN QUEEN LN, PHILADELPHIA PA 19129-1522",NA,"JOSEPH ROBERTS","Philadelphia County","Philadelphia City","Aug 31,2026","Oct 31,2026",-75.1882011,40.0108758
"1845",85239,"R7101","Restaurant (Liquor)","Safekeeping","IRON HILL BREWERY EAST MARKET LLC","IRON HILL BREWERY EAST MARKET LLC","1150 MARKET ST, PHILADELPHIA PA 19107","2502 W 6TH  ST, WILMINGTON DE 19805-2909",NA,"GREGORY LABARBERA","Philadelphia County","Philadelphia City","Oct 8,2025","Oct 31,2026",-75.1594358,39.9516875
"1846",51819,"R625","Restaurant (Liquor)","Safekeeping","THEATER REFRESHMENT CO. OF NEW YORK, INC.","FORREST THEATER","1114 WALNUT ST, PHILADELPHIA PA 19107-5565","1114 WALNUT ST, PHILADELPHIA PA 19107-5565",NA,"SEAN CORCORAN","Philadelphia County","Philadelphia City","Jun 2,2026","Oct 31,2026",-75.1599366,39.948286
"1847",130444,"SO60573","Special Occasion Permit","Active","CULTURA HISPANA DE NJ","CULTURA HISPANA DE NJ","1327 LIBERTY ST, HAMILTON NJ 08629-2213","1327 LIBERTY ST, HAMILTON NJ 08629-2213",NA,NA,"Philadelphia County","Philadelphia City","Aug 18,2026","Dec 31,2026",-74.7367419,40.2100302
"1848",130572,"SO60634","Special Occasion Permit","Active","GLEN FOERD CONSERVATION CORPORATION","GLEN FOERD CONSERVATION CORPORATION","5001 GRANT AVE, PHILADELPHIA PA 19114-3154","5001 GRANT AVE, PHILADELPHIA PA 19114-3154",NA,NA,"Philadelphia County","Philadelphia City","May 19,2026","Dec 31,2026",-74.9804199,40.0522124
"1849",129330,"SO59812","Special Occasion Permit","Active","FIRE MUSEUM PRESENTS","FIRE MUSEUM PRESENTS","2125 E YORK ST, PHILADELPHIA PA 19125-1637","2125 E YORK ST, PHILADELPHIA PA 19125-1637",NA,NA,"Philadelphia County","Philadelphia City","Jan 20,2026","Dec 31,2026",-75.1278492,39.9819614
"1850",131304,"SO61050","Special Occasion Permit","Active","SZKOLA JEZYKA POLSKIEGO IM. SW. JANA KANTEGO","SZKOLA JEZYKA POLSKIEGO IM SW JANA KANTEGO","4415 ALMOND ST, PHILADELPHIA PA 19137-1610","PO Box 5905, PHILADELPHIA PA 19137",NA,NA,"Philadelphia County","Philadelphia City","May 21,2026","Dec 31,2026",-75.0751706,40.0001828
"1851",133371,"SO61548","Special Occasion Permit","Active","UNITED STREET ART","UNITED STREET ART","5131 W GIRARD AVE, PHILADELPHIA PA 19131-4403","5131 W GIRARD AVE, PHILADELPHIA PA 19131-4403",NA,NA,"Philadelphia County","Philadelphia City","Jun 16,2026","Dec 31,2026",-75.2246041,39.9719153
"1852",129699,"SO60054","Special Occasion Permit","Active","THE TRAUMA SURVIVORS FOUNDATION","THE TRAUMA SURVIVORS FOUNDATION","1 CITIZENS BANK WAY, PHILADELPHIA PA 19148-5205","2055  LIMESTONE  RD STE 109, WILMINGTON  DE 19808",NA,NA,"Philadelphia County","Philadelphia City","Jan 28,2026","Dec 31,2026",-75.1669417,39.9062666
"1853",130972,"SO60874","Special Occasion Permit","Active","MEXICAN CULTURAL EXPRESSIONS NATIONAL SOCIETY INC","MEXICAN CULTURAL EXPRESSIONS NATIONAL SOCIETY INC","65 CRYSTAL ST FL 2, NORTH ARLINGTON NJ 07031-5611","65 CRYSTAL ST FL 2, NORTH ARLINGTON NJ 07031-5611",NA,NA,"Philadelphia County","Philadelphia City","Mar 5,2026","Dec 31,2026",-74.1328724,40.7922612
"1854",133977,NA,"Brewery Storage","Pending","FILL IT UP AGAIN LLC","PETE'S FAMOUS PIZZA","116 N 21ST ST, PHILADELPHIA PA 19103-1325","116 N 21ST ST, PHILADELPHIA PA 19103-1325",NA,NA,"Philadelphia County","Philadelphia City",NA,NA,-75.1747602,39.9563543
"1855",135244,NA,"Hotel (Liquor)","Pending","SKP HOSPITALITY LLC","SHERATON SUITES PHILADELPHIA AIRPORT","4101 B ISLAND AVE, PHILADELPHIA PA 19153-3226","13 BLOSSOM HILL DR, PLAINSBORO NJ 08536-3122","SKP HOSPITALITY LLC",NA,"Philadelphia County","Philadelphia City",NA,NA,-75.2325917,39.8909085
"1856",127334,NA,"Special Occasion Permit","Pending","ELFRETH'S ALLEY ASSOCIATION INC","ELFRETHS ALLEY ASSOCIATION INC","126 ELFRETHS ALLEY, PHILADELPHIA PA 19106-2006","126 ELFRETHS ALLEY, PHILADELPHIA PA 19106-2006",NA,NA,"Philadelphia County","Philadelphia City",NA,"Dec 31,2026",-75.1424391,39.9527178
"1857",135247,NA,"Performing Arts Facility","Pending","EAST FALLS FORWARD","EAST FALLS FORWARD","3721 MIDVALE AVE, PHILADELPHIA PA 19129-1743","3721 MIDVALE AVE, PHILADELPHIA PA 19129-1743",NA,NA,"Philadelphia County","Philadelphia City",NA,NA,-75.1935242,40.0097205
"1858",135252,"R3823","Restaurant (Liquor)","Pending","FINISH YOUR CHAMPAGNE LLC","FINISH YOUR CHAMPAGNE LLC","117 CHESTNUT ST , PHILADELPHIA PA 19106","1809 JFK BLVD, PHILADELPHIA PA 19103",NA,NA,"Philadelphia County","Philadelphia City",NA,"Oct 31,2025",-75.1435454,39.9484571
"1859",108720,"AB52039","Alcohol Beverage","Active","MATELOT LLC","MATELOT","2155 CASTOR AVE, PHILADELPHIA PA 19134","3418 28TH ST #3R, ASTORIA NY 11106",NA,NA,"Philadelphia County","Philadelphia City","Apr 16,2025","Dec 31,2028",-75.0968494,39.9987797
"1860",120995,"AE56200","Alcohol Tax-Exempt","Active","TEMPLE UNIVERSITY","TEMPLE UNIVERSITY, CENTER FOR METABOLIC DISEASE RESEARCH","3500 N BROAD ST 982 MERB, ACDC, PHILADELPHIA PA 19140","3500 N BROAD ST 982 MERB, ACDC, PHILADELPHIA PA 19140",NA,NA,"Philadelphia County","Philadelphia City","Sep 10,2025","Dec 31,2028",-75.1522838,40.0063511
"1861",125374,"AE57247","Alcohol Tax-Exempt","Active","BLUEWHALE BIO INC","BLUEWHALE BIO INC","2929 ARCH ST, PHILADELPHIA PA 19104-2857","2929 ARCH ST, PHILADELPHIA PA 19104-2857",NA,NA,"Philadelphia County","Philadelphia City","Aug 25,2025","Dec 31,2028",-75.181684,39.9574604
"1862",117201,"AL54163","Limited Distillery","Active","2MOODS INC","2MOODS INC","1939 MOORE ST, PHILADELPHIA PA 19145-","245 E 5TH AVE APT 9, CONSHOHOCKEN PA 19428-1766","SALVATORE & NANCY E. CICIONE","NICHOLAS J CICIONE","Philadelphia County","Philadelphia City","Nov 4,2025","Dec 31,2026",-75.1780542,39.9293916
"1863",94578,"AL42034","Limited Distillery","Active","PHILADELPHIA WHISKEY COMPANY","PHILADELPHIA WHISKEY COMPANY","161-73 CECIL B MOORE AVE STE C-2, PHILADELPHIA PA 19122","1709 MCKEAN ST, PHILADELPHIA PA 19145","GLCP, LLC","JONATHAN ANOLIK","Philadelphia County","Philadelphia City","Jan 30,2026","Dec 31,2026",-75.1373087,39.9764172
"1864",101120,"AN43982","Alcohol Non-Beverage","Active","SPIROVANT SCIENCES INC","SPIROVANT SCIENCES INC","3675 MARKET ST STE 101, PHILADELPHIA PA 19104-2897","3675 MARKET ST STE 101, PHILADELPHIA PA 19104-2897",NA,NA,"Philadelphia County","Philadelphia City","Sep 9,2024","Dec 31,2028",-75.1950287,39.9561126
"1865",93984,"AN38784","Alcohol Non-Beverage","Active","WUXI APPTEC INC","WUXI APPTEC INC","4701 LEAGUE ISLAND BLVD, PHILADELPHIA PA 19112","4701 LEAGUE ISLAND BLVD, PHILADELPHIA PA 19112",NA,NA,"Philadelphia County","Philadelphia City","Feb 3,2025","Dec 31,2028",-75.1664109,39.8941478
"1866",95011,"AN39553","Alcohol Non-Beverage","Active","SPARK THERAPEUTICS INC","ONE DREXEL PLAZA","3025 MARKET ST, PHILADELPHIA PA 19104","3025 MARKET ST, PHILADELPHIA PA 19104",NA,NA,"Philadelphia County","Philadelphia City","Jan 31,2025","Dec 31,2028",-75.1840564,39.9554712
"1867",127568,"AR61008","Airport Restaurant (Liquor)","Active","SODEXO OPERATIONS LLC","CHASE SAPPHIRE LOUNGE-PHL","PHILADELPHIA INTERNATIONAL AIRPORT 8500 ESSINGTON AVE T4 CONCOURSE S1 SPACE DE300 3RD FL, PHILADELPHIA PA 19153","915 MEETING ST FL 15, NORTH BETHESDA MD 20852-2380","CITY OF PHILADELPHIA","JEFFREY N RAZZI","Philadelphia County","Philadelphia City","Jul 14,2025","Oct 31,2026",-75.2436987,39.8729797
"1868",733,"C853","Club (Liquor)","Active","ST. JOHN OF THE JORDAN CLUB","ST. JOHN OF THE JORDAN CLUB","1314-16 S 36TH ST & 3606 SEARS ST, PHILADELPHIA PA 19146-3217","1314-16 S 36TH ST & 3606 SEARS ST, PHILADELPHIA PA 19146-3217","ST. JOHN OF THE JORDAN CLUB","RICHARD MANYAK","Philadelphia County","Philadelphia City","Aug 22,2025","Oct 31,2026",-75.202088,39.938464
"1869",1174,"C2130","Club (Liquor)","Active","CONTINENTAL HOME ASSOCIATION","CONTINENTAL HOME ASSOCIATION","5151 WISSAHICKON AVE, PHILADELPHIA PA 19144-4023","5151 WISSAHICKON AVE, PHILADELPHIA PA 19144-4023","CONTINENTAL HOME ASSOCIATION","PAUL JAMES AMENDOLIA","Philadelphia County","Philadelphia City","Aug 22,2025","Oct 31,2026",-75.1762486,40.0216547
"1870",37442,"CC2446","Catering Club (Liquor)","Active","PALMER SOCIAL CLUB","PALMER SOCIAL CLUB","601 SPRING GARDEN ST, PHILADELPHIA PA 19123","601 SPRING GARDEN ST, PHILADELPHIA PA 19123","PALMER SOCIAL CLUB","MOHAMED EL-LAISY","Philadelphia County","Philadelphia City","Jul 7,2025","Oct 31,2026",-75.1484333,39.9615555
"1871",3181,"CC1636","Catering Club (Liquor)","Active","THE MASK & WIG CLUB OF THE UNIVERSITY OF PENNA.","THE MASK & WIG CLUB OF THE UNIVERSITY OF PENNA.","310 S QUINCE ST, PHILADELPHIA PA 19107-6003","310 S QUINCE ST, PHILADELPHIA PA 19107-6003","THE MASK & WIG CLUB OF THE UNIVERSITY OF PENNA.","KATHRYN RICE","Philadelphia County","Philadelphia City","Jul 14,2025","Oct 31,2026",-75.1605348,39.9459066
"1872",856,"CC1185","Catering Club (Liquor)","Active","THE PHILADELPHIA SOCIETY OF FREE LETTS","THE PHILADELPHIA SOCIETY OF FREE LETTS","531 N 7TH ST, PHILADELPHIA PA 19123-3501","531 N 7TH ST, PHILADELPHIA PA 19123-3501","THE PHILADELPHIA SOCIETY OF FREE LETTS","KARLIS BUDKEVICS","Philadelphia County","Philadelphia City","Oct 23,2025","Oct 31,2026",-75.1495097,39.9618142
"1873",27196,"CC3693","Catering Club (Liquor)","Safekeeping","TYCOON SOCIAL & BENEFICIAL ASSOCIATION","TYCOON SOCIAL & BENEFICIAL ASSOCIATION","1437-39 SOUTH ST, PHILADELPHIA PA 19146","1437-39 SOUTH ST, PHILADELPHIA PA 19146","1439 SOUTH ST ESTATE VENTURES LLC","ASHLY WATSON","Philadelphia County","Philadelphia City","Jun 3,2026","Oct 31,2026",-75.1666816,39.9439846
"1874",3350,"CC2826","Catering Club (Liquor)","Active","POLONIA BENEFICIAL ASSN","POLONIA BENEFICIAL ASSN","4431-35 BELGRADE ST, PHILADELPHIA PA 19137","4431-35 BELGRADE ST, PHILADELPHIA PA 19137","POLONIA BENEFICIAL ASSN","NICHOLAS T MARKEE","Philadelphia County","Philadelphia City","Aug 22,2025","Oct 31,2026",-75.0753051,40.0011717
"1875",58582,"D3324","Distributor (Malt)","Active","KC 5 INC","KC 5 INC","129-143 WASHINGTON AVE, PHILADELPHIA PA 19147-4234","129-143 WASHINGTON AVE, PHILADELPHIA PA 19147-4234","KENNETH HOR","KENNETH HOR","Philadelphia County","Philadelphia City","Jul 22,2025","Oct 31,2026",-75.1468515,39.9340208
"1876",104191,"D2069","Distributor (Malt)","Active","LIN HARBINSON INC","PHILLY'S BEVERAGE","5840 HARBISON AVE, PHILADELPHIA PA 19135-4046","5840 HARBISON AVE, PHILADELPHIA PA 19135-4046","TRACY & JEFFREY LLC","KUNHUA CHEN","Philadelphia County","Philadelphia City","Jul 22,2025","Oct 31,2026",-75.0638282,40.0200363
"1877",53812,"D1947","Distributor (Malt)","Active","FRANKFORD BEVERAGES, INC.","FRANKFORD BEVERAGES, INC.","4655-61 PAUL ST, PHILADELPHIA PA 19124-3337","4655-61 PAUL ST, PHILADELPHIA PA 19124-3337","BIK-YING LAU","PETER NG","Philadelphia County","Philadelphia City","Oct 8,2025","Oct 31,2026",-75.08374,40.015983
"1878",67744,"D3028","Distributor (Malt)","Active","H & I LLC","H & I LLC","820-822 W GIRARD AVE, PHILADELPHIA PA 19123-1239","820-822 W GIRARD AVE, PHILADELPHIA PA 19123-1239","BIREN PATEL","BIREN PATEL","Philadelphia County","Philadelphia City","Sep 10,2025","Oct 31,2026",-75.1507846,39.970236
"1879",132666,"D772","Distributor (Malt)","Active","VINH INC","VINH INC","5800 OXFORD AVE, PHILADELPHIA PA 19149-3722","5800 OXFORD AVE, PHILADELPHIA PA 19149-3722","POV VINH","THY VINH","Philadelphia County","Philadelphia City","Aug 18,2026","Oct 31,2026",-75.0856565,40.0335219
"1880",61093,"E3803","Eating Place Retail Dispenser (Malt)","Active","DALESSANDRO'S STEAKS AND HOAGIES INC","DALESSANDRO'S STEAKS AND HOAGIES INC","600 WENDOVER ST, PHILADELPHIA PA 19128-1719","600 WENDOVER ST, PHILADELPHIA PA 19128-1719",NA,"STEFANOS KOTRIDIS","Philadelphia County","Philadelphia City","Aug 15,2025","Oct 31,2026",-75.2059949,40.0295138
"1881",129875,"E318","Eating Place Retail Dispenser (Malt)","Active","FD GRILL LLC","FD GRILL LLC","2501 S HOBSON ST, PHILADELPHIA PA 19142-2719","2501 S HOBSON ST, PHILADELPHIA PA 19142-2719",NA,"FATOUMATA DIALLO","Philadelphia County","Philadelphia City","Aug 8,2025","Oct 31,2026",-75.233616,39.9196725
"1882",70889,"E4604","Eating Place Retail Dispenser (Malt)","Active","OLD NELSON FOOD PA SIX LLC","OLD NELSON FOOD COMPANY","1833 JFK BLVD, PHILADELPHIA PA 19103-1701","1833 JFK BLVD, PHILADELPHIA PA 19103-1701",NA,"QINGHUA W LIU","Philadelphia County","Philadelphia City","Jul 10,2025","Oct 31,2026",-75.1710755,39.9545033
"1883",114169,"E3982","Eating Place Retail Dispenser (Malt)","Active","GUAVABERRY GROUP INC","GUAVABERRY GROUP","776 S 4TH ST, PHILADELPHIA PA 19147","776 S 4TH ST, PHILADELPHIA PA 19147","IN HYUN YOO AND YU SHIN YOO","VICTOR R FERNANDEZ","Philadelphia County","Philadelphia City","Aug 12,2025","Oct 31,2026",-75.1501035,39.9383656
"1884",126782,"E136","Eating Place Retail Dispenser (Malt)","Safekeeping","OB HOSPITALITY LLC","OB HOSPITALITY LLC","1823 CALLOWHILL ST UNIT C-4, PHILADELPHIA PA 19130","444 N 4TH ST STE 104, PHILADELPHIA PA 19123","1823 CALLOWHILL ASSOCIATES LLC","JEREMY E BLATSTEIN","Philadelphia County","Philadelphia City","Mar 10,2026","Oct 31,2026",-75.169136,39.960735
"1885",81618,"G32906","Brewery","Active","BREWING ON FRONT LLC","EVIL GENIUS ON FRONT","1727 - 31 N FRONT ST, PHILADELPHIA PA 19122","1727 -31 N FRONT ST, PHILADELPHIA PA 19122-3203","PORTMARNOCK LLC","CLEMENT LUKE BOWEN","Philadelphia County","Philadelphia City","Aug 25,2026","Dec 31,2026",-75.133948,39.975715
"1886",106325,"G47983","Brewery","Active","SOURCE BREWING LLC","SOURCE BREWING LLC","1101 FRANKFORD AVE, PHILADELPHIA PA 19125-4117","1101 FRANKFORD AVE, PHILADELPHIA PA 19125-4117","Western Footing Fishtown, LLC","Edward L. Borowski","Philadelphia County","Philadelphia City","Oct 8,2025","Dec 31,2026",-75.1337853,39.9677254
"1887",109077,"G49830","Brewery","Active","CATAMOUNT LIQUIDS LLC","CARBON COPY","701 S 50TH ST, PHILADELPHIA PA 19143-1658","701 S 50TH ST, PHILADELPHIA PA 19143-1658","PP LOOM LLC and 1183 FLATBUSH AVENUE LOOM LLC","KYLE M WOLAK","Philadelphia County","Philadelphia City","Oct 21,2025","Dec 31,2026",-75.2227004,39.9476547
"1888",100252,"G43882","Brewery","Active","SENTIENT ANDROIDS LLC","HUMAN ROBOT","1710 N 5TH ST, PHILADELPHIA PA 19122-2909","41 SAINT JAMES CRT, PHILADELPHIA PA 19106","1710 QOB LLC","JAMES F ATKINSON","Philadelphia County","Philadelphia City","Dec 17,2025","Dec 31,2026",-75.1436081,39.9773122
"1889",89765,"G37791","Brewery","Active","90DEL125 LLC","90DEL125 LLC","901-25 N DELAWARE AVE, PHILADELPHIA PA 19123","100 N 20TH ST STE 200, PHILADELPHIA PA 19103-1454","POPLAR REALTY INVESTMENTS, LP","MATTHEW P KNUTTEL","Philadelphia County","Philadelphia City","Nov 14,2025","Dec 31,2026",-75.13565,39.962615
"1890",94918,"G42276","Brewery","Active","ATTIC BREWING COMPANY LLC","ATTIC BREWING COMPANY LLC","137 BERKLEY ST, PHILADELPHIA PA 19144","36 W LOGAN ST, PHILADELPHIA PA 19144","WAYNE JUNCTION PROPERTIES LLC","LAURA J LACY","Philadelphia County","Philadelphia City","Mar 17,2026","Dec 31,2026",-75.1617987,40.0230473
"1891",131438,"G61404","Brewery","Safekeeping","PAPER DINOSAUR LLC","3419 KENSINGTON AVE","3419-3423 KENSINGTON AVE, PHILADELPHIA PA 19134-1447","3419-3423 KENSINGTON AVE, PHILADELPHIA PA 19134-1447","3419 KENSINGTON PARTNERS, LLC","SUNG K HONG","Philadelphia County","Philadelphia City","Oct 31,2025","Dec 31,2026",-75.107863,39.9993908
"1892",106729,"GA47430","Grain Alcohol","Active","MICHELE N CARRELLA","MICHELE N CARRELLA","773 S 8TH ST FRONT A, PHILADELPHIA PA 19147","773 S 8TH ST FRONT A, PHILADELPHIA PA 19147",NA,NA,"Philadelphia County","Philadelphia City","Jun 29,2021","Dec 31,2026",-75.1559536,39.939281
"1893",102802,"GA45117","Grain Alcohol","Active","RONALD IANNACONE","RONALD IANNACONE","3402 TUSCANY DR, PHILADELPHIA PA 19145","3402 TUSCANY DR, PHILADELPHIA PA 19145",NA,NA,"Philadelphia County","Philadelphia City","Sep 18,2025","Dec 31,2030",-75.1848407,39.9093245
"1894",80843,"GR55","Municipal Golf Course (Liquor)","Active","THE FIRST TEE OF GREATER PHILADELPHIA INC","WALNUT LANE G C","800 WALNUT LN, PHILADELPHIA PA 19128-1714","800 WALNUT LN, PHILADELPHIA PA 19128-1714","CITY OF PHILADELPHIA","KYLE E SPAULDING II","Philadelphia County","Philadelphia City","Aug 6,2025","Oct 31,2026",-75.2019585,40.0301538
"1895",125935,"GS58125","Brewery Storage","Active","90DEL125 LLC","LIBERTY BEER GARDEN","50 N INDEPENDENCE MALL E, PHILADELPHIA PA 19106-","901 N DELAWARE AVE, PHILADELPHIA PA 19123-3110","UNITED STATES OF AMERICA DBA PHILADELPHIA VISITOR CENTER CORPORATION","AVRAM D HORNIK","Philadelphia County","Philadelphia City","Feb 12,2026","Dec 31,2026",-75.1489516,39.9517372
"1896",131042,"GS61106","Brewery Storage","Active","BOROBOTS INC","HUMAN ROBOT GIRARD","2711 W GIRARD AVE, PHILADELPHIA PA 19130","1710 N 5TH ST, PHILADELPHIA PA 19122-2909","ANDROID HOLDINGS LLC","KAMRIN LATTANY","Philadelphia County","Philadelphia City","Oct 16,2025","Dec 31,2026",-75.1808316,39.9744536
"1897",116742,"GS54237","Brewery Storage","Active","OUR TOWN BREWERY LLC","OUR TOWN PHILLY","1519 RIDGE AVE, PHILADELPHIA PA 19130-3592","25 NURSERY LANE, LANCASTER PA 17603","CFG 23CHERRY LLC","ROBERT W PATZ","Philadelphia County","Philadelphia City","Dec 22,2025","Dec 31,2026",-75.1622894,39.9685408
"1898",68823,"H6387","Hotel (Liquor)","Safekeeping","COURTYARD MANAGEMENT LLC","COURTYARD PHILADELPHIA SOUTH","1001 INTREPID AVE, PHILADELPHIA PA 19112-1227","1001 INTREPID AVE, PHILADELPHIA PA 19112-1227",NA,"DEREK E BECKMAN","Philadelphia County","Philadelphia City","May 13,2026","Oct 31,2026",-75.1719576,39.8953677
"1899",68517,"H3916","Hotel (Liquor)","Active","S & B RESTAURANT GROUP 1 LLC","S & B RESTAURANT GROUP 1 LLC","102 W GIRARD AVE, PHILADELPHIA PA 19123-1605","102 W GIRARD AVE, PHILADELPHIA PA 19123-1605",NA,"BRENDAN OLKUS","Philadelphia County","Philadelphia City","Aug 29,2025","Oct 31,2026",-75.1363948,39.9687462
"1900",68373,"H2764","Hotel (Liquor)","Active","SONS OF PHILIP INC","SONS OF PHILIP INC","14000 BUSTLETON AVE 13575 PHILMONT AVE, PHILADELPHIA PA 19116-1183","14000 BUSTLETON AVE 13575 PHILMONT AVE, PHILADELPHIA PA 19116-1183",NA,"DRITAN SHABANI","Philadelphia County","Philadelphia City","Oct 17,2025","Oct 31,2026",-75.0132409,40.1301677
"1901",130536,"I61120","Importer","Active","DRAYHORSE CLEARING INC","DRAYHORSE CLEARING","2155 CASTOR AVE, PHILADELPHIA PA 19134","2155 CASTOR AVE, PHILADELPHIA PA 19134","MATELOT LLC",NA,"Philadelphia County","Philadelphia City","Jun 30,2026","Jun 30,2027",-75.0968494,39.9987797
"1902",104318,"IA46017","Transporter for Hire Class A","Active","KLS LOGISTICS INC","KLS LOGISTICS INC","11601 ROOSEVELT BLVD, PHILADELPHIA PA 19154","11601 ROOSEVELT BLVD, PHILADELPHIA PA 19154",NA,NA,"Philadelphia County","Philadelphia City","Dec 12,2025","Dec 31,2026",-75.0032069,40.1010667
"1903",8529,"ID347","Importing Distributor (Malt)","Active","MULLER INC","MULLER INC","2800 GRANT AVE, PHILADELPHIA PA 19114-2302","2800 GRANT AVE, PHILADELPHIA PA 19114-2302",NA,"JACK GANT","Philadelphia County","Philadelphia City","Jul 7,2025","Oct 31,2026",-75.0182616,40.0720787
"1904",85435,"LK34807","Limited Winery","Active","YOUNG AMERICAN CIDER LLC","YOUNG AMERICAN CIDERY","6350 GERMANTOWN AVE, PHILADELPHIA PA 19144-1935","6350 GERMANTOWN AVE, PHILADELPHIA PA 19144-1935","KATHRYN KAMAN","KATHRYN KAMAN","Philadelphia County","Philadelphia City","Dec 16,2025","Dec 31,2026",-75.1817816,40.0446207
"1905",130092,"LK61049","Limited Winery","Active","MERMEAD LLC","MERMEAD","845 S 55TH ST UNIT 310, PHILADELPHIA PA 19143-3142","220 CENTRAL AVE, GLENSIDE PA 19038-1206","SOPHIA E WHITNEY","SOPHIA E WHITNEY","Philadelphia County","Philadelphia City","Sep 8,2025","Dec 31,2026",-75.2330427,39.9459328
"1906",81964,"PAF32680","Performing Arts Facility","Active","INTERACT INC","THE DRAKE","302 S HICKS ST, PHILADELPHIA PA 19102","302 S HICKS ST, PHILADELPHIA PA 19102","FC DRAKE ASSOCIATES LP","DANIEL XENOPHON GUY","Philadelphia County","Philadelphia City","Jul 7,2025","Oct 31,2026",-75.1671697,39.9468698
"1907",24714,"PAF42","Performing Arts Facility","Active","WALNUT STREET THEATRE CORPORATION","WALNUT STREET THEATRE CORPORATION","825 WALNUT ST, PHILADELPHIA PA 19107-5107","825 WALNUT ST, PHILADELPHIA PA 19107-5107",NA,"ANTHONY HOUCK","Philadelphia County","Philadelphia City","Sep 11,2025","Oct 31,2026",-75.155359,39.9483842
"1908",88258,"PV36640","Public Venue Restaurant","Active","OVATIONS FOOD SERVICES LP","NATIONAL CONSTITUTION CENTER","525 ARCH ST, PHILADELPHIA PA 19106-1514","525 ARCH ST, PHILADELPHIA PA 19106-1514",NA,"MIKE BORIS","Philadelphia County","Philadelphia City","Jan 6,2026","Oct 31,2026",-75.1488831,39.9540249
"1909",95777,"PV45025","Public Venue Restaurant","Active","PENN'S LANDING LLC","PENN'S LANDING LLC","CHERRY STREET PIER  COLUMBUS BLVD AT CHERRY ST, PHILADELPHIA PA 19106","121 N CHRISTOPHER COLUMBUS BLVD, PHILADELPHIA PA 19106-1403",NA,"MELANIE D MONASTRA","Philadelphia County","Philadelphia City","Oct 23,2025","Oct 31,2026",-75.1392792,39.9524997
"1910",69674,"R8627","Restaurant (Liquor)","Active","SWEET LUCY'S SMOKEHOUSE LLC","SWEET LUCY'S","7500 STATE RD, PHILADELPHIA PA 19136-3402","7500 STATE RD, PHILADELPHIA PA 19136-3402",NA,"JAMES HIGGINS","Philadelphia County","Philadelphia City","Dec 9,2025","Oct 31,2026",-75.0273447,40.0290933
"1911",86255,"R35120","Restaurant (Liquor)","Active","THE 24 7 PHILLY INC","YAMITSUKI","1028 ARCH ST, PHILADELPHIA PA 19107","1028 ARCH ST, PHILADELPHIA PA 19107","SU Y SHICK","BOSAM ADA CHEUNG","Philadelphia County","Philadelphia City","Sep 2,2025","Oct 31,2026",-75.1574552,39.9535423
"1912",103516,"R1459","Restaurant (Liquor)","Active","MENNITI MANAGEMENT INC","MENNITTI MANAGEMENT INC","1720 W MOYAMENSING AVE, PHILADELPHIA PA 19145-4820","1720 W MOYAMENSING AVE, PHILADELPHIA PA 19145-4820","MENNITTI REAL ESTATE LLC","YVONNE E DIVARIO","Philadelphia County","Philadelphia City","Sep 10,2025","Oct 31,2026",-75.1766152,39.9149808
"1913",106914,"R4872","Restaurant (Liquor)","Active","THE GIANT COMPANY LLC","THE GIANT COMPANY LLC","701 CATHEDRAL RD, PHILADELPHIA PA 19128","701 CATHEDRAL RD, PHILADELPHIA PA 19128","801 MARKET PARTNERS LLC","PAUL J CAULFIELD","Philadelphia County","Philadelphia City","Jun 18,2026","Oct 31,2026",-75.2367567,40.0643185
"1914",15269,"R11999","Restaurant (Liquor)","Active","5800 TORRESDALE AVENUE, INC.","5800 TORRESDALE AVENUE, INC.","5800 TORRESDALE AVE, PHILADELPHIA PA 19135-4113","5800 TORRESDALE AVE, PHILADELPHIA PA 19135-4113",NA,"CLAIRE SPENCER","Philadelphia County","Philadelphia City","Aug 26,2025","Oct 31,2026",-75.0619158,40.0165632
"1915",67552,"R578","Restaurant (Liquor)","Active","HILTON 801 INC","HILTON 801 INC","801-803 E HILTON ST, PHILADELPHIA PA 19134-1915","801-803 E HILTON ST, PHILADELPHIA PA 19134-1915",NA,"KENNY HOU","Philadelphia County","Philadelphia City","Dec 8,2025","Oct 31,2026",-75.1152079,39.9973395
"1916",101129,"R7167","Restaurant (Liquor)","Active","HILLTOWN 2 LLC","HILLTOWN 2 LLC","795 N 24TH ST, PHILADELPHIA PA 19130-2540","755 SUMMIT AVE, PHIALDELPHIA PA 19128","795 BROWN, LLC","KAHLIL N MIR","Philadelphia County","Philadelphia City","Jul 9,2025","Oct 31,2026",-75.1762903,39.9698031
"1917",72028,"R9014","Restaurant (Liquor)","Active","HARP & CROWN RESTAURANT GROUP LLC","HARP & CROWN RESTAURANT GROUP LLC","1524-26 CHESTNUT ST, PHILADELPHIA PA 19102-2707","1524-26 CHESTNUT ST, PHILADELPHIA PA 19102-2707",NA,"GREGORY M ROTZAL","Philadelphia County","Philadelphia City","Sep 10,2025","Oct 31,2026",-75.166776,39.95082
"1918",108107,"R4110","Restaurant (Liquor)","Active","SRM ESSINGTON LLC","SRM ESSINGTON LLC","6798 ESSINGTON AVE, PHILADELPHIA PA 19153-3413","6798 ESSINGTON AVE, PHILADELPHIA PA 19153-3413","SRM DEVELOPERS, LLC","NICOLE S ALBERTINI","Philadelphia County","Philadelphia City","Jul 2,2026","Oct 31,2026",-75.2225232,39.906772
"1919",70560,"R13624","Restaurant (Liquor)","Active","19138 AMERIMART INC","19138 AMERIMART INC","7178 N 19TH ST, PHILADELPHIA PA 19126-1510","7178 N 19TH ST, PHILADELPHIA PA 19126-1510","SOKLYNA SRENG","PHEAKDEY HANG","Philadelphia County","Philadelphia City","Jun 30,2026","Oct 31,2026",-75.1478191,40.0637556
"1920",133231,"R15641","Restaurant (Liquor)","Active","LA SANTA BAR RESTAURANT MANAGEMENT CORPORATION","LA SANTA BAR RESTAURANT MANAGEMENT CORPORATION","4301 N 5TH ST, PHILADELPHIA PA 19140-2302","3040 KENSINGTON AVE FL 2, PHILADELPHIA PA 19134-2416","N 5TH LUNA LLC","JOHN GONZALEZ","Philadelphia County","Philadelphia City","Sep 1,2026","Oct 31,2026",-75.1345715,40.0167235
"1921",95968,"R9151","Restaurant (Liquor)","Active","RIDGE 8919 INC","GRAHAMS PUB","8919 RIDGE AVE, PHILADELPHIA PA 19128-2028","7015 RIDGE AVE UNIT 25, PHILADELPHIA PA 19128","ROXBORO MARKET SQUARE LP","ROBERT DISANTIS","Philadelphia County","Philadelphia City","Aug 5,2025","Oct 31,2026",-75.2398389,40.0694581
"1922",63986,"R1790","Restaurant (Liquor)","Active","PNH 683 INC","PNH 683 INC","683 N 52ND ST, PHILADELPHIA PA 19131-5105","683 N 52ND ST, PHILADELPHIA PA 19131-5105","SOVANARATH CHEA","JASON TON","Philadelphia County","Philadelphia City","Aug 1,2025","Oct 31,2026",-75.225534,39.971374
"1923",84768,"R7338","Restaurant (Liquor)","Active","SPIN PHILADELPHIA LLC","SPIN PHILADELPHIA","1430 WALNUT ST, PHILADELPHIA PA 19102-4021","48 E 23RD ST, NEW YORK NY 10010",NA,"CAYLEY M FRENZEL","Philadelphia County","Philadelphia City","Apr 6,2026","Oct 31,2026",-75.1658155,39.9492026
"1924",119756,"R7686","Restaurant (Liquor)","Active","BTB PHILADELPHIA 1 LLC","BTB PHILADELPHIA 1 LLC","1218-22 CHESTNUT ST, PHILADELPHIA PA 19107","247 WATER ST STE 106, BROOKLYN NY 11201","BC REALTY HOLDINGS LP","IAN A QUIRK","Philadelphia County","Philadelphia City","Sep 30,2025","Oct 31,2026",-75.1612416,39.9503373
"1925",58475,"R2280","Restaurant (Liquor)","Active","1511 LOCUST TAVERN LLC","MISCONDUCT TAVERN","1511 LOCUST ST, PHILADELPHIA PA 19102-3701","1511 LOCUST ST, PHILADELPHIA PA 19102-3701",NA,"FLEMING KERR","Philadelphia County","Philadelphia City","Jul 8,2025","Oct 31,2026",-75.1666453,39.9486272
"1926",96096,"R15569","Restaurant (Liquor)","Active","ELOEL LLC","ELOEL LLC","1315 N FRONT ST, PHILADELPHIA PA 19122","2929 WALNUT ST  STE 3611, PHILADELPHIA  PA 19104","1311-19 FRONT STREET ASSOCIATES LP","JOSEPH P BEDDIA","Philadelphia County","Philadelphia City","Sep 22,2025","Oct 31,2026",-75.135363,39.9707409
"1927",115729,"R2605","Restaurant (Liquor)","Active","3630 NORTH, INC","B BAR","3630 N 17TH ST, PHILADELPHIA PA 19140-4039","3630 N 17TH ST, PHILADELPHIA PA 19140-4039","MICHAEL A GRANT","MICHAEL A GRANT","Philadelphia County","Philadelphia City","Aug 6,2025","Oct 31,2026",-75.1564879,40.0091642
"1928",133012,"R11249","Restaurant (Liquor)","Active","1920 PHILLY LLC","1920 PHILLY LLC","1920 CHESTNUT ST, PHILADELPHIA PA 19103-4634","1920 CHESTNUT ST, PHILADELPHIA PA 19103-4634","CASE INVESTMENTS INC","SRIDHAR TIPIRINENI","Philadelphia County","Philadelphia City","May 20,2026","Oct 31,2026",-75.1728594,39.9518907
"1929",59410,"R9555","Restaurant (Liquor)","Active","MOJO GRILL INC","MOJO GRILL INC","4243 MAIN ST, PHILADELPHIA PA 19127-1602","4243 MAIN ST, PHILADELPHIA PA 19127-1602","MAIN STREET PROPERTIES LP","JOSEPH M ABRUZZO","Philadelphia County","Philadelphia City","Jul 1,2025","Oct 31,2026",-75.2210094,40.0245693
"1930",52051,"R464","Restaurant (Liquor)","Active","OLD ENGLISH STYLE PIZZA AND STEAKS, INC.","OLD ENGLISH STYLE PIZZA AND STEAKS, INC.","2767 ORTHODOX ST, PHILADELPHIA PA 19137-1640","2767 ORTHODOX ST, PHILADELPHIA PA 19137-1640",NA,"CHRISTOS TSOUBIS","Philadelphia County","Philadelphia City","Jul 30,2025","Oct 31,2026",-75.0734286,39.9975202
"1931",72596,"R3907","Restaurant (Liquor)","Active","URBN NVY LOSP LLC","GATEHOUSE","4501 S BROAD ST, PHILADELPHIA PA 19112-1201","4501 S BROAD ST, PHILADELPHIA PA 19112-1201",NA,"BRIAN D DAHL","Philadelphia County","Philadelphia City","Jan 8,2026","Oct 31,2026",-75.1754253,39.8966414
"1932",115155,"R15716","Restaurant (Liquor)","Active","215 S 15TH ST LLC","VINYL","215 S 15TH ST, PHILADELPHIA PA 19102-3805","215 S 15TH ST, PHILADELPHIA PA 19102-3805","FELCHEN 15 LP","MARY L MOON","Philadelphia County","Philadelphia City","Jan 6,2026","Oct 31,2026",-75.1660221,39.9488515
"1933",93392,"R14273","Restaurant (Liquor)","Active","NEMI RESTAURANT LLC","NEMI RESTAURANT LLC","2636 E ANN ST, PHILADELPHIA PA 19134-4901","1718 E PASSYUNK AVE, PHILADELPHIA PA 19148","NEMI PROPERTIES LLC","JASPER C ALIVIA","Philadelphia County","Philadelphia City","Jul 22,2025","Oct 31,2026",-75.109032,39.9816648
"1934",34544,"R11199","Restaurant (Liquor)","Active","DAGWOOD'S PUB, INC.","DAGWOOD'S PUB","4625 LINDEN AVE, PHILADELPHIA PA 19114-3965","4625 LINDEN AVE, PHILADELPHIA PA 19114-3965",NA,"EDWARD GRZESKIEWICZ","Philadelphia County","Philadelphia City","Oct 6,2025","Oct 31,2026",-74.9997959,40.0506752
"1935",101928,"R11327","Restaurant (Liquor)","Active","7801 PROVIDENT INC","7801 PROVIDENT INC","7801 PROVIDENT RD, PHILADELPHIA PA 19150-1322","7801 PROVIDENT RD, PHILADELPHIA PA 19150-1322","ROBIN AND LOPEZ JONES","LOPEZ F JONES","Philadelphia County","Philadelphia City","May 4,2026","Oct 31,2026",-75.1697885,40.0772849
"1936",72815,"R1420","Restaurant (Liquor)","Active","4TH STREET GROUP LLC","4TH STREET GROUP LLC","536 S 4TH ST, PHILADELPHIA PA 19147","325 CHESTNUT ST STE 713, PHILADELPHIA PA 19106-2607",NA,"EVAN MAFFIORE","Philadelphia County","Philadelphia City","Aug 18,2025","Oct 31,2026",-75.149345,39.941742
"1937",102650,"R39090","Restaurant (Liquor)","Active","FITLER SPACE LLC","FITLER SPACE LLC","2229 SPRUCE ST, PHILADELPHIA PA 19103-5517","2229 SPRUCE ST, PHILADELPHIA PA 19103-5517","GEORGE MORTELLITI RETAINED UNITRUST, KRISTEN MORTELLITI TRUSTEE","CARY S BORISH","Philadelphia County","Philadelphia City","Oct 31,2025","Oct 31,2026",-75.178877,39.9488763
"1938",83667,"R15439","Restaurant (Liquor)","Active","29FLORA LLC","OTTOS TAPROOM","1216 N 29TH ST, PHILADELPHIA PA 19121-4538","1216 N 29TH ST, PHILADELPHIA PA 19121-4538","BREWERYTOWN INVESTMENTS LLC","NATHANIEL S KOEHLER","Philadelphia County","Philadelphia City","Jul 28,2026","Oct 31,2026",-75.1835753,39.9751461
"1939",72959,"R4350","Restaurant (Liquor)","Active","ACME MARKETS INC","ACME MARKETS INC","6601 ROOSEVELT BLVD, PHILADELPHIA PA 19149-2417","15950 N DALLAS PKY STE 400, DALLAS TX 75248",NA,"BRIAN BETHEA","Philadelphia County","Philadelphia City","Apr 29,2026","Oct 31,2026",-75.0626679,40.0356893
"1940",14918,"R11391","Restaurant (Liquor)","Active","1039 INC.","1039 INC.","1039 S 8TH ST, PHILADELPHIA PA 19147-4719","1039 S 8TH ST, PHILADELPHIA PA 19147-4719",NA,"DOMINICK DI TULLIO","Philadelphia County","Philadelphia City","Oct 22,2025","Oct 31,2026",-75.1566961,39.9360593
"1941",12591,"R7182","Restaurant (Liquor)","Active","CRESSON-INN BAR & GRILLE, INC.","CRESSON-INN","114 GAY ST, PHILADELPHIA PA 19127-1309","114 GAY ST, PHILADELPHIA PA 19127-1309",NA,"NATHAN T SANDERS","Philadelphia County","Philadelphia City","Oct 22,2025","Oct 31,2026",-75.2250528,40.0266884
"1942",65739,"R2994","Restaurant (Liquor)","Active","529 GIRARD GROUP INC","529 GIRARD GROUP INC","529 E GIRARD AVE, PHILADELPPHIA PA 19125-3311","529 E GIRARD AVE, PHILADELPPHIA PA 19125-3311",NA,"LLOYD COUDRIET","Philadelphia County","Philadelphia City","Sep 29,2025","Oct 31,2026",-75.1276711,39.9714696
"1943",71924,"R8640","Restaurant (Liquor)","Active","DOS PERROS LLC","DOS PERROS LLC","918 S 22ND ST, PHILADELPHIA PA 19146-2562","918 S 22ND ST, PHILADELPHIA PA 19146-2562",NA,"THERESA SCULL","Philadelphia County","Philadelphia City","Jul 9,2025","Oct 31,2026",-75.1797494,39.9408195
"1944",48915,"R169","Restaurant (Liquor)","Active","CAPITAL GRILLE HOLDINGS INC","CAPITAL GRILLE HOLDINGS INC","1346 CHESTNUT ST, PHILADELPHIA PA 19107-4643","1346 CHESTNUT ST, PHILADELPHIA PA 19107-4643",NA,"MARTIN RECHENBERG","Philadelphia County","Philadelphia City","Sep 2,2025","Oct 31,2026",-75.1635447,39.9506408
"1945",39305,"R654","Restaurant (Liquor)","Active","2825 WEST CECIL B. MOORE, INC.","2825 WEST CECIL B. MOORE, INC.","1701-05 N DOVER ST, PHILADELPHIA PA 19121","1701-05 N DOVER ST, PHILADELPHIA PA 19121",NA,"YOU LIM","Philadelphia County","Philadelphia City","Jul 30,2025","Oct 31,2026",-75.1811755,39.9818052
"1946",14420,"R10517","Restaurant (Liquor)","Active","PAT'S PIZZERIA & SPAGHETTERIA, INC.","PAT'S PIZZERIA & SPAGHETTERIA, INC.","12315-17 ACADEMY RD, PHILADELPHIA PA 19154-1927","12315-17 ACADEMY RD, PHILADELPHIA PA 19154-1927",NA,"MARIA CALLAGHAN","Philadelphia County","Philadelphia City","Jul 16,2025","Oct 31,2026",-74.9762778,40.0961527
"1947",105783,"R7048","Restaurant (Liquor)","Active","GREEN EGGS CAFE 1306 INC","GREEN EGGS CAFE 1306 INC","1306 DICKINSON ST, PHILADELPHIA PA 19147-6214","1306 DICKINSON ST, PHILADELPHIA PA 19147-6214","WILLIAM VICTOR BONFORTE","ANDREA ZUCCARINI","Philadelphia County","Philadelphia City","Oct 1,2025","Oct 31,2026",-75.1665145,39.9313538
"1948",130529,"R296","Restaurant (Liquor)","Active","SKYLAR & COMPANY LLC","SKYLAR & COMPANY LLC","2229 GRAYS FERRY AVE, PHILADELPHIA PA 19146-1136","2229 GRAYS FERRY AVE, PHILADELPHIA PA 19146-1136","GRAYSON & COMPANY LLC","CHRISTOPHER CAVA","Philadelphia County","Philadelphia City","Jul 29,2026","Oct 31,2026",-75.17964,39.94514
"1949",112870,"R13706","Restaurant (Liquor)","Active","JOE'S SUSHI & RAMEN LLC","JOE'S SUSHI & RAMEN","1204 N FRONT ST 103-105 W GIRARD AVE, PHILADELPHIA PA 19122","1204 N FRONT ST 103-105 W GIRARD AVE, PHILADELPHIA PA 19122","JOHN SHEGDA & ARLENE SHEGDA","KYONG T KIM","Philadelphia County","Philadelphia City","Nov 5,2025","Oct 31,2026",-75.1363554,39.9692222
"1950",68939,"R7916","Restaurant (Liquor)","Active","DEJA VU BAR & GRILL INC","DEJA VU BAR & GRILL INC","100 N 53RD ST, PHILADELPHIA PA 19139-2612","100 N 53RD ST, PHILADELPHIA PA 19139-2612",NA,"DERRICK GORDON","Philadelphia County","Philadelphia City","Nov 4,2025","Oct 31,2026",-75.226734,39.9619541
"1951",133199,"R11204","Restaurant (Liquor)","Active","MASTER ST LOUNGE INC","MASTER ST LOUNGE INC","5424 MASTER ST, PHILADELPHIA PA 19131-4204","5424 MASTER ST, PHILADELPHIA PA 19131-4204","CARTER AND KING HOLDINGS LLC","WYLISHA KING","Philadelphia County","Philadelphia City","May 7,2026","Oct 31,2026",-75.2303057,39.9736822
"1952",113076,"R1361","Restaurant (Liquor)","Active","ORIGINFOODS LLC","ORIGINFOODS LLC","406-408 S 2ND ST, PHILADELPHIA PA 19147-1608","406-408 S 2ND ST, PHILADELPHIA PA 19147-1608","IRON STONE PHOENIXVILLE ENTERPRISES LLC","NICHOLAS BAZIK","Philadelphia County","Philadelphia City","Aug 19,2025","Oct 31,2026",-75.1456115,39.9429209
"1953",33379,"R5023","Restaurant (Liquor)","Active","149 S & M, INC.","149 S & M, INC.","149 BROWN ST, PHILADELPHIA PA 19123-3022","149 BROWN ST, PHILADELPHIA PA 19123-3022",NA,"ALBERT KLODA","Philadelphia County","Philadelphia City","May 28,2026","Oct 31,2026",-75.139953,39.9628186
"1954",96579,"R14269","Restaurant (Liquor)","Active","THE GIANT COMPANY LLC","THE GIANT COMPANY LLC","3401 CHESTNUT ST, PHILADELPHIA PA 19104","3401 CHESTNUT ST, PHILADELPHIA PA 19104","APARTMENTS ON CHESTNUT LP","HAROLD L TENTION","Philadelphia County","Philadelphia City","Aug 5,2026","Oct 31,2026",-75.1919158,39.9547198
"1955",104583,"R8537","Restaurant (Liquor)","Active","2025 LOCAL INC","2025 LOCAL","2025 FAIRMOUNT AVE, PHILADELPHIA PA 19130-2612","2025 FAIRMOUNT AVE, PHILADELPHIA PA 19130-2612","2025 FAIRMONT LLC","JORDANA HAKIM","Philadelphia County","Philadelphia City","Jul 17,2026","Oct 31,2026",-75.171164,39.9674859
"1956",102217,"R11262","Restaurant (Liquor)","Active","THE GIANT COMPANY LLC","THE GIANT COMPANY LLC","60 N 23RD ST, PHILADELPHIA PA 19103","60 N 23RD ST, PHILADELPHIA PA 19103","2301 JFK OWNER LP","STEPHEN SABO JR","Philadelphia County","Philadelphia City","Aug 14,2025","Oct 31,2026",-75.178294,39.9564619
"1957",101390,"R8563","Restaurant (Liquor)","Active","KOTO SUSHI INC","KOTO SUSHI INC","719 SANSOM ST, PHILADELPHIA PA 19106-3205","719 SANSOM ST, PHILADELPHIA PA 19106-3205","NICHOLAS BACKOS","ZHONG J HUANG","Philadelphia County","Philadelphia City","Jul 11,2025","Oct 31,2026",-75.1532342,39.9488234
"1958",69138,"R11226","Restaurant (Liquor)","Active","5248 RISING SUN INC","5248 RISING SUN INC","5246-48 RISING SUN AVE, PHILADELPHIA PA 19120-3530","5246-48 RISING SUN AVE, PHILADELPHIA PA 19120-3530",NA,"BUN EAP","Philadelphia County","Philadelphia City","Apr 29,2026","Oct 31,2026",-75.1188084,40.0301461
"1959",51472,"R15542","Restaurant (Liquor)","Active","YAKITORI BOY, INC.","YAKITORI BOY, INC.","211 N 11TH ST, PHILADELPHIA PA 19107","211 N 11TH ST, PHILADELPHIA PA 19107",NA,"WENKUEI CHANG","Philadelphia County","Philadelphia City","Jun 10,2026","Oct 31,2026",-75.1571432,39.9559629
"1960",100132,"R11131","Restaurant (Liquor)","Active","ADOBE CAFE II LLC","ADOBE CAFE II LLC","736-738 S 8TH ST, PHILADELPHIA PA 19147-2839","736-738 S 8TH ST, PHILADELPHIA PA 19147-2839","MICHAEL D'ADDESI SR","DULCE M LOPEZ BONILLA","Philadelphia County","Philadelphia City","Feb 3,2026","Oct 31,2026",-75.1560919,39.9404487
"1961",66448,"R6557","Restaurant (Liquor)","Active","SUCCESS BEVERAGE INC","SUCCESS BEVERAGE INC","1801 N 27TH ST, PHILADELPHIA PA 19121-2603","1801 N 27TH ST, PHILADELPHIA PA 19121-2603",NA,"YAN FENG LIN","Philadelphia County","Philadelphia City","Jul 21,2025","Oct 31,2026",-75.1783299,39.9829947
"1962",99115,"R11457","Restaurant (Liquor)","Active","2121 WALNUT RESTAURANT CORPORATION","2121 WALNUT RESTAURANT CORPORATION","2121 WALNUT ST, PHILADELPHIA PA 19103","2121 WALNUT ST, PHILADELPHIA PA 19103","2121 PARTNERS LLC","ALEXANDER J  NISSLEY","Philadelphia County","Philadelphia City","Jan 13,2026","Oct 31,2026",-75.1765605,39.9510571
"1963",107747,"R15414","Restaurant (Liquor)","Active","7945 PRESTIGE WORLDWIDE LLC","7945 PRESTIGE WORLDWIDE LLC","7947-7959 OXFORD AVE, PHILADELPHIA PA 19111-2224","7947-7959 OXFORD AVE, PHILADELPHIA PA 19111-2224","WORLD CHAMPION REAL ESTATE LLC","HEATHER L FORKIN","Philadelphia County","Philadelphia City","Sep 3,2025","Oct 31,2026",-75.084681,40.0760688
"1964",85648,"R34517","Restaurant (Liquor)","Active","20WALNUT20 LLC","ROSYS TACO BAR","2216 -2222 WALNUT ST UNIT B, PHILADELPHIA PA 19103","2216 -2222 WALNUT ST UNIT B, PHILADELPHIA PA 19103","2323 LP","KEITH P LAWRENCE","Philadelphia County","Philadelphia City","Jul 6,2026","Oct 31,2026",-75.1784163,39.9508199
"1965",69609,"R2548","Restaurant (Liquor)","Active","808-810 H & L INC","STRAWBERRY DELI","2224 N 29TH ST, PHILADELPHIA PA 19132-3401","2224 N 29TH ST, PHILADELPHIA PA 19132-3401","RC & KT, LLC","KIM C TANG","Philadelphia County","Philadelphia City","Jul 28,2025","Oct 31,2026",-75.1803586,39.9901427
"1966",129061,"R3784","Restaurant (Liquor)","Active","BLAZE ROOSEVELT BLVD LLC","LASCALA'S FIRE","12002 E ROOSEVELT BLVD STE 120, PHILADELPHIA PA 19116","204 KINGS  HWY S, CHERRY HILL NJ 08034","PROVCO GOOD MCB BYBERRY LP","ANDREW B ROMERO","Philadelphia County","Philadelphia City","Nov 3,2025","Oct 31,2026",-75.0145591,40.095904
"1967",67950,"R1061","Restaurant (Liquor)","Active","SHAKE SHACK UNIVERSITY CITY PHILADELPHIA LLC","SHAKE SHACK UNIVERSITY CITY PHILADELPHIA LLC","3200 CHESTNUT ST E BLDG RETAIL C, PHILADELPHIA PA 19104","3200 CHESTNUT ST E BLDG RETAIL C, PHILADELPHIA PA 19104",NA,"KARL A C JONES","Philadelphia County","Philadelphia City","Sep 3,2025","Oct 31,2026",-75.1892727,39.9538874
"1968",51616,"R9998","Restaurant (Liquor)","Active","ZAKZUL INC","ZAKZUL INC","4421 CHESTNUT ST, PHILADELPHIA PA 19104-2913","4421 CHESTNUT ST, PHILADELPHIA PA 19104-2913","DUONG HOUY HANG & DUONG SUSAN TRAN","ZULEKA ADBUMOLLA","Philadelphia County","Philadelphia City","Oct 31,2025","Oct 31,2026",-75.2104325,39.9568611
"1969",82063,"R8977","Restaurant (Liquor)","Active","IT WAS BEAUTIFUL LLC","IT WAS BEAUTIFUL LLC","848 S 2ND ST, PHILADELPHIA PA 19147-3430","848 S 2ND ST, PHILADELPHIA PA 19147-3430","848 SOUTH 2ND STREET LLC","CHRISTOPHER D BARNES","Philadelphia County","Philadelphia City","Jul 15,2025","Oct 31,2026",-75.1468993,39.9363134
"1970",92118,"R7234","Restaurant (Liquor)","Active","JAMESTOWN TAVERN LLC","JAMESTOWN TAVERN LLC","577 E JAMESTOWN ST, PHILADELPHIA PA 19128-1727","577 E JAMESTOWN ST, PHILADELPHIA PA 19128-1727","577 E JAMESTOWN LLC","JOHN J DUNPHY","Philadelphia County","Philadelphia City","Jul 7,2025","Oct 31,2026",-75.2066868,40.0292058
"1971",128840,"R155","Restaurant (Liquor)","Active","RIDGE PETROLEUM LLC","RIDGE PETROLEUM LLC","8965 RIDGE AVE, PHILADELPHIA PA 19128","8965 RIDGE AVE, PHILADELPHIA PA 19128","RIDGE PETROLEUM LLC","KAMALJIT SINGH","Philadelphia County","Philadelphia City","Jul 16,2026","Oct 31,2026",-75.2406464,40.0702512
"1972",116095,"R7994","Restaurant (Liquor)","Active","PILINKAITE, INC","DAIVA'S GRILLE","6750 RIDGE AVE, PHILADELPHIA PA 19128-2430","6750 RIDGE AVE, PHILADELPHIA PA 19128-2430","J EUSTACE WOLFINGTON","RICHARD J PRIOR, JR","Philadelphia County","Philadelphia City","Sep 3,2025","Oct 31,2026",-75.2255265,40.0413346
"1973",54839,"R300","Restaurant (Liquor)","Active","720 WABE, INC.","720 WABE, INC.","720 S 52ND ST, PHILADELPHIA PA 19143-2632","720 S 52ND ST, PHILADELPHIA PA 19143-2632",NA,"BELAYNESH WONDIMAGEGNEHU","Philadelphia County","Philadelphia City","Jul 6,2026","Oct 31,2026",-75.2276176,39.9482368
"1974",66607,"R3702","Restaurant (Liquor)","Active","C P YOUNG INC","C P YOUNG INC","1110-1120 WASHINGTON AVE  UNIT A1, PHILADELPHIA PA 19147-3821","1110-1120 WASHINGTON AVE  UNIT A1, PHILADELPHIA PA 19147-3821",NA,"CHRISTIE YOUNG-KONG","Philadelphia County","Philadelphia City","Nov 10,2025","Oct 31,2026",-75.1618915,39.9369048
"1975",69042,"R1365","Restaurant (Liquor)","Active","SA'S RISING SUN 81 INC","SA'S RISING SUN 81 INC","1801 S 6TH ST, PHILADELPHIA PA 19148-1732","1801 S 6TH ST, PHILADELPHIA PA 19148-1732",NA,"REAK UN","Philadelphia County","Philadelphia City","Sep 9,2025","Oct 31,2026",-75.1556504,39.926214
"1976",64481,"R9099","Restaurant (Liquor)","Active","198 J T LOUNGE INC","198 J T LOUNGE INC","198 W GODFREY AVE, PHILADELPHIA PA 19120-1516","198 W GODFREY AVE, PHILADELPHIA PA 19120-1516","JOHNATHAN TAING","JOHNATHAN TAING","Philadelphia County","Philadelphia City","Jul 23,2025","Oct 31,2026",-75.1234234,40.0447883
"1977",69185,"R4414","Restaurant (Liquor)","Active","CLEARFIELD 2328 INC","CLEARFIELD 2328 INC","2328 E CLEARFIELD ST, PHILADELPHIA PA 19134-4444","2328 E CLEARFIELD ST, PHILADELPHIA PA 19134-4444",NA,"RONGHUA LIU","Philadelphia County","Philadelphia City","Dec 23,2025","Oct 31,2026",-75.1092976,39.9875456
"1978",47323,"R1129","Restaurant (Liquor)","Active","200 J J'S LOUNGE, INC.","200 J J'S LOUNGE, INC.","200 W DUNCANNON AVE, PHILADELPHIA PA 19120-3327","200 W DUNCANNON AVE, PHILADELPHIA PA 19120-3327",NA,"GILBERTO SANCHEZ","Philadelphia County","Philadelphia City","Aug 6,2025","Oct 31,2026",-75.1268838,40.0295248
"1979",98319,"R13732","Restaurant (Liquor)","Active","ROUND ONE ENTERTAINMENT INC","ROUND 1 BOWLING & AMUSEMENT","1001 MARKET ST #3010, PHILADELPHIA PA 19107","1001 MARKET ST #3010, PHILADELPHIA PA 19107","KEYSTONE PHILADELPHIA PROPERTIES, LP","NAYREE  J CABRERA MIRHT","Philadelphia County","Philadelphia City","Jan 30,2026","Oct 31,2026",-75.1571648,39.9519835
"1980",94441,"R1941","Restaurant (Liquor)","Active","OK BEER DELI LLC","OK BEER DELI LLC","5136 TORRESDALE AVE, PHILADELPHIA PA 19124-2244","5136 TORRESDALE AVE, PHILADELPHIA PA 19124-2244","KEVIN & DANIELLE KONIECZNY","YING REN","Philadelphia County","Philadelphia City","Feb 10,2026","Oct 31,2026",-75.0706253,40.0133478
"1981",44800,"R12932","Restaurant (Liquor)","Active","TOUCH-BARGER, INC.","TOUCH-BARGER, INC.","1421 SANSOM ST, PHILADELPHIA PA 19102-3004","1421 SANSOM ST, PHILADELPHIA PA 19102-3004",NA,"MARK DENINNO","Philadelphia County","Philadelphia City","Aug 5,2025","Oct 31,2026",-75.1651657,39.9503408
"1982",131301,"R3620","Restaurant (Liquor)","Active","TABA CHING CHING LLC","MANONG","1833 FAIRMOUNT AVE, PHILADELPHIA PA 19130","1833 FAIRMOUNT AVE, PHILADELPHIA PA 19130","19TH & FAIRMOUNT AVE LP","CHANCE M ANIES","Philadelphia County","Philadelphia City","Dec 19,2025","Oct 31,2026",-75.1683679,39.9674418
"1983",25792,"R15597","Restaurant (Liquor)","Active","PETE'S FAMOUS PIZZA, INC","PETE'S FAMOUS PIZZA, INC","116 N 21ST ST, PHILADELPHIA PA 19103-1301","116 N 21ST ST, PHILADELPHIA PA 19103-1301",NA,"PETER D KADA","Philadelphia County","Philadelphia City","Jul 10,2025","Oct 31,2026",-75.1747602,39.9563543
"1984",81400,"R618","Restaurant (Liquor)","Active","SURAYA'S GARDEN LLC","SURAYA'S GARDEN","1526-30 FRANKFORD AVE, PHILADELPHIA PA 19125-4412","809 N 2ND ST, PHILADELPHIA PA 19123-3009","15263-36 FRANKFORD AVENUE LP","NATHALIE I RICHAN","Philadelphia County","Philadelphia City","Oct 8,2025","Oct 31,2026",-75.1339526,39.9737191
"1985",69985,"R13700","Restaurant (Liquor)","Active","5990 JULIA LLC","5990 JULIA LLC","5990 OXFORD AVE, PHILADELPHIA PA 19149-3620","5990 OXFORD AVE, PHILADELPHIA PA 19149-3620",NA,"JULIA UM","Philadelphia County","Philadelphia City","Aug 26,2026","Oct 31,2026",-75.0882079,40.0363886
"1986",10272,"R1954","Restaurant (Liquor)","Active","SCOTTY'S BAR INC.","SCOTTY'S BAR","1420 ELLSWORTH ST, PHILADELPHIA PA 19146-3108","1420 ELLSWORTH ST, PHILADELPHIA PA 19146-3108",NA,"JUANITA FLOYD","Philadelphia County","Philadelphia City","Aug 20,2025","Oct 31,2026",-75.1685854,39.9368535
"1987",71151,"R11323","Restaurant (Liquor)","Active","LONGSHORE 3401 INC","LONGSHORE 3401 INC","3401-05 LONGSHORE AVE, PHILADELPHIA PA 19149-2002","3401-05 LONGSHORE AVE, PHILADELPHIA PA 19149-2002",NA,"LY CHHOUR","Philadelphia County","Philadelphia City","Aug 29,2025","Oct 31,2026",-75.0488475,40.0333939
"1988",133615,"R2394","Restaurant (Liquor)","Active","REPE'S ON THE ROW LLC","REPE'S ON THE ROW LLC","1400 S 2ND ST, PHILADELPHIA PA 19147-6104","1400 S 2ND ST, PHILADELPHIA PA 19147-6104","1400 REAL ESTATE LLC","JOSEPH C MCHUGH","Philadelphia County","Philadelphia City","Sep 10,2026","Oct 31,2026",-75.1482673,39.9302498
"1989",55812,"R15396","Restaurant (Liquor)","Active","WALTZING MATILDAS PUB LLC","WALTZING MATILDAS PUB LLC","1501-03 E PASSYUNK AVE, PHILADELPHIA PA 19147-6322","1501-03 E PASSYUNK AVE, PHILADELPHIA PA 19147-6322",NA,"JOHN WARNER","Philadelphia County","Philadelphia City","Jun 15,2026","Oct 31,2026",-75.1620271,39.9307911
"1990",62290,"R3908","Restaurant (Liquor)","Active","1311 SANSOM ENTERPRISES LLC","1311 SANSOM ENTERPRISES LLC","1311-13 SANSOM ST, PHILADELPHIA PA 19107-4523","1311-13 SANSOM ST, PHILADELPHIA PA 19107-4523","PHILADELPHIA BUILDING ASSOCIATION LLC","GEORGE TSIOURIS","Philadelphia County","Philadelphia City","Jul 16,2025","Oct 31,2026",-75.1624237,39.9500233
"1991",103233,"R13528","Restaurant (Liquor)","Active","THREE J FISHTOWN CORP","THREE J FISHTOWN CORP","1140 SHACKMAXON ST, PHILADELPHIA PA 19125","1140 SHACKMAXON ST, PHILADELPHIA PA 19125","SLC INVESTMENTS LLC","JOKO WASKITO","Philadelphia County","Philadelphia City","Sep 5,2025","Oct 31,2026",-75.1337643,39.9687912
"1992",129591,"R8362","Restaurant (Liquor)","Active","WHIZVILLE LLC","WHIZVILLE LLC","1123 S BROAD ST, BASEMENT, PHILADELPHIA PA 19147-4434","1232 GERRITT ST, PHILADELPHIA PA 19147-4923","WHIZVILLE LLC","REID J H BENDITT","Philadelphia County","Philadelphia City","Jul 6,2026","Oct 31,2026",-75.1665313,39.9370483
"1993",87262,"R1617","Restaurant (Liquor)","Safekeeping","MASTER LIQUOR, LLC","HOOK & MASTER","1361 N 2ND ST, PHILADELPHIA PA 19122-4503","2200 BENJAMIN GRAY PARKWAY  STE 410, PHILADELPHIA PA 19130",NA,"MICHAEL  GRAY","Philadelphia County","Philadelphia City","Jun 9,2026","Oct 31,2026",-75.1387184,39.9723279
"1994",101552,"R54","Restaurant (Liquor)","Safekeeping","AMAZING CARY HOUSE LLC","AMAZING CARY HOUSE LLC","604-06 S 2ND ST, PHILADELPHIA PA 19147-2411","604-06 S 2ND ST, PHILADELPHIA PA 19147-2411","602 SOUTH 2ND STREET, L.P.","ZHIYANG YU","Philadelphia County","Philadelphia City","Dec 16,2025","Oct 31,2026",-75.1458586,39.941021
"1995",109160,"R5035","Restaurant (Liquor)","Safekeeping","1359 COOPERS BAR INC","1359 COOPERS BAR INC","4701 RISING SUN AVE, PHILADELPHIA PA 19120-4220","4701 RISING SUN AVE, PHILADELPHIA PA 19120-4220","CONAH E HOWARD JR","ZAKIYAH S HOWARD","Philadelphia County","Philadelphia City","Jun 11,2026","Oct 31,2026",-75.1253199,40.0219103
"1996",82992,"R5610","Restaurant (Liquor)","Safekeeping","WRAP SHACK 11TH STREET LLC","WRAP SHACK 11TH STREET LLC","108-114 S 11TH STREET, LAFAYETTE HILL PA 19444","27 PEAR TREE LANE, LAFAYETTE HILL PA 19444-2313","BJP 106-114 OWNER LLC","SCOTT HOCKFIELD","Philadelphia County","Philadelphia City","Apr 28,2026","Oct 31,2026",-75.1588963,39.9497629
"1997",105601,"R8077","Restaurant (Liquor)","Safekeeping","CROWN LANCASTER LLC","CROWN LANCASTER LLC","4022-24 LANCASTER AVE, PHILADELPHIA PA 19104-1712","1027 PROVIDENCE RD, SECANE PA 19018","CHUN COOPER","DAVID L JOSEPH","Philadelphia County","Philadelphia City","Sep 9,2026","Oct 31,2026",-75.203385,39.963432
"1998",64147,"R9079","Restaurant (Liquor)","Safekeeping","LA PRECIOSA INC","LA PRECIOSA INC","2111-13-15 GERMANTOWN AVE, PHILADELPHIA PA 19122-1423","2111-13-15 GERMANTOWN AVE, PHILADELPHIA PA 19122-1423","ROSA RODRIGUEZ","ROSA RODRIGUEZ","Philadelphia County","Philadelphia City","Aug 31,2026","Oct 31,2026",-75.1409136,39.9716438
"1999",14917,"R11390","Restaurant (Liquor)","Safekeeping","NEW THIRD WORLD, INC.","NEW THIRD WORLD, INC.","4901 CATHARINE ST, PHILADELPHIA PA 19143-2007","4901 CATHARINE ST, PHILADELPHIA PA 19143-2007","NOEL KARASANYI","MANROSS SCOFIELD","Philadelphia County","Philadelphia City","Sep 1,2026","Oct 31,2026",-75.221361,39.9484035
"2000",97212,"R11558","Restaurant (Liquor)","Safekeeping","UC HOSPITALITY GROUP LLC","UC HOSPITALITY GROUP LLC","1001 N 2ND ST UNIT A, PHILADELPHIA PA 19123-1612","1001 N 2ND ST UNIT A, PHILADELPHIA PA 19123-1612","PIAZZA PARTNERS I LP","BENJAMIN RAMOS JR","Philadelphia County","Philadelphia City","Sep 29,2025","Oct 31,2026",-75.1400364,39.9665708
"2001",130824,"R13720","Restaurant (Liquor)","Safekeeping","SQUARE EAST RESTAURANT LLC","SQUARE EAST RESTAURANT LLC","225 S 18TH ST, PHILADELPHIA PA 19103-6127","225 S 18TH ST, PHILADELPHIA PA 19103-6127","ADR PARC LP",NA,"Philadelphia County","Philadelphia City","Dec 22,2025","Oct 31,2026",-75.1706505,39.949295
"2002",14840,"R11271","Restaurant (Liquor)","Safekeeping","J. & A. CORP.","J. & A. CORP.","5450 DISCHER ST, PHILADELPHIA PA 19124-1105","5450 DISCHER ST, PHILADELPHIA PA 19124-1105",NA,"JAMES J DELLARATA","Philadelphia County","Philadelphia City","Nov 4,2025","Oct 31,2026",-75.0805581,40.0292529
"2003",104507,"R978","Restaurant (Liquor)","Safekeeping","5TH STREET BUSINESS LLC","5TH STREET BUSINESS LLC","4602-4604 N 5TH ST, PHILADELPHIA PA 19140-1409","4602-4604 N 5TH ST, PHILADELPHIA PA 19140-1409","5TH STREET REAL ESTATE LLC","RUSSELL MONTALVO","Philadelphia County","Philadelphia City","Mar 9,2026","Oct 31,2026",-75.134095,40.0212937
"2004",120681,"SO56017","Special Occasion Permit","Active","NATIONAL LIBERTY MUSEUM","NATIONAL LIBERTY MUSEUM","321 CHESTNUT ST, PHILADELPHIA PR 19106-2707","321 CHESTNUT ST, PHILADELPHIA PR 19106-2707",NA,NA,"Philadelphia County","Philadelphia City","Sep 9,2026","Dec 31,2026",-75.1468394,39.9490658
"2005",127721,"SO58795","Special Occasion Permit","Active","MT AIRY USA CDC","MT AIRY USA CDC","6703 GERMANTOWN AVE STE 200, PHILADELPHIA PA 19119-2109","6703 GERMANTOWN AVE STE 200, PHILADELPHIA PA 19119-2109",NA,NA,"Philadelphia County","Philadelphia City","May 29,2026","Dec 31,2026",-75.1851728,40.0520405
"2006",130972,"SO60874","Special Occasion Permit","Active","MEXICAN CULTURAL EXPRESSIONS NATIONAL SOCIETY INC","MEXICAN CULTURAL EXPRESSIONS NATIONAL SOCIETY INC","65 CRYSTAL ST FL 2, NORTH ARLINGTON NJ 07031-5611","65 CRYSTAL ST FL 2, NORTH ARLINGTON NJ 07031-5611",NA,NA,"Philadelphia County","Philadelphia City","Jun 23,2026","Dec 31,2026",-74.1328724,40.7922612
"2007",116274,"SO53137","Special Occasion Permit","Active","HOLY INNOCENTS CHURCH","HOLY INNOCENTS CHURCH","1337 E HUNTING PARK AVE, PHILADELPHIA PA 19124-4938","1337 E HUNTING PARK AVE, PHILADELPHIA PA 19124-4938",NA,NA,"Philadelphia County","Philadelphia City","Apr 15,2026","Dec 31,2026",-75.1010003,40.0110189
"2008",130695,"SO60683","Special Occasion Permit","Active","UKRAINIAN LEAGUE OF PHILA INC.","UKRAINIAN LEAGUE OF PHILA INC.","800 N 23RD ST, PHILADELPHIA PA 19130-1904","800 N 23RD ST, PHILADELPHIA PA 19130-1904",NA,NA,"Philadelphia County","Philadelphia City","Mar 18,2026","Dec 31,2026",-75.1750081,39.969921
"2009",129852,"SO60163","Special Occasion Permit","Active","THE CENTER FOR ART IN WOOD INC","THE CENTER FOR ART IN WOOD INC.","141 N 3RD ST, PHILADELPHIA PA 19106-1913","141 N 3RD ST, PHILADELPHIA PA 19106-1913",NA,NA,"Philadelphia County","Philadelphia City","Dec 11,2025","Dec 31,2026",-75.1447544,39.9533542
"2010",112014,"SO50576","Special Occasion Permit","Active","CHRIST CHURCH PRESERVATION TRUST","CHRIST CHURCH PRESERVATION TRUST","20 N AMERICAN ST, PHILADELPHIA PA 19106-4509","20 N AMERICAN ST, PHILADELPHIA PA 19106-4509",NA,NA,"Philadelphia County","Philadelphia City","Feb 10,2026","Dec 31,2026",-75.144277,39.9507932
"2011",130811,"SO60765","Special Occasion Permit","Active","PHILADELPHIA ZOO","PHILADELPHIA ZOO","3400 W GIRARD AVE, PHILADELPHIA PA 19104-1139","3400 W GIRARD AVE, PHILADELPHIA PA 19104-1139",NA,"PETER PATANE","Philadelphia County","Philadelphia City","Jan 28,2026","Dec 31,2026",-75.1957729,39.9720397
"2012",130331,"SO60439","Special Occasion Permit","Active","STRAY CAT RELIEF FUND","STRAY CAT RELIEF FUND","2510 S JUNIPER ST, PHILADELPHIA PA 19148","PO Box 54845, PHILADELPHIA PA 19148",NA,NA,"Philadelphia County","Philadelphia City","Aug 17,2026","Dec 31,2026",-75.1698315,39.9189613
"2013",133968,NA,"Direct Wine Shipper","Pending","LEOFIGS LLC","LEOFIGS","2201 FRANKFORD AVE, PHILADELPHIA PA 19125-2079","2201 FRANKFORD AVE, PHILADELPHIA PA 19125-2079",NA,NA,"Philadelphia County","Philadelphia City",NA,NA,-75.1292218,39.9795058
"2014",134544,"R7837","Restaurant (Liquor)","Pending","BENJIRO LLC","BENJIRO LLC","1720 SANSOM ST, PHILADELPHIA PA 19103","1720 SANSOM ST, PHILADELPHIA PA 19103",NA,NA,"Philadelphia County","Philadelphia City",NA,"Oct 31,2026",-75.1696549,39.9506686
"2015",133107,"R1105","Restaurant (Liquor)","Pending","RIVERVIEW III LLC","RIVERVIEW III LLC","1400 S COLUMBUS BLVD, PHILADELPHIA PA 19147-5526","1520 LOCUST ST STE 300, PHILADELPHIA PA 19102-4404",NA,NA,"Philadelphia County","Philadelphia City",NA,"Oct 31,2025",-75.1451609,39.9292767
"2016",134207,"R4821","Restaurant (Liquor)","Pending","57CENTS EQUITY MANAGEMENT LLC","57CENTS","8337 GERMANTOWN AVE, PHILADELPHIA PA 19118-3403","8337 GERMANTOWN AVE, PHILADELPHIA PA 19118-3403",NA,NA,"Philadelphia County","Philadelphia City",NA,"Oct 31,2026",-75.204532,40.075204
"2017",135234,"R12055","Restaurant (Liquor)","Pending","740 ADAMS INC","EUPHORIA","738-740 ADAMS AVE, PHILADELPHIA PA 19124-2318","738-740 ADAMS AVE, PHILADELPHIA PA 19124-2318",NA,NA,"Philadelphia County","Philadelphia City",NA,"Oct 31,2026",-75.1069444,40.0316667
"2018",134378,"R1367","Restaurant (Liquor)","Pending","2401 WALNUT RESTAURANT & BAR LLC","2401 WALNUT RESTAURANT & BAR LLC","2401 WALNUT ST, PHILADELPHIA PA 19103-4340","2401 WALNUT ST, PHILADELPHIA PA 19103-4340",NA,NA,"Philadelphia County","Philadelphia City",NA,"Oct 31,2026",-75.1798003,39.9515389
"2019",2,"A155","Distillery","Active","CHARLES JACQUIN ET CIE, INC.","CHARLES JACQUIN ET CIE, INC.","2633 TRENTON AVE, PHILADELPHIA PA 19125-1837","2633 TRENTON AVE, PHILADELPHIA PA 19125-1837","NORTON J COOPER","JAMES C LOGAN","Philadelphia County","Philadelphia City","Oct 1,2025","Dec 31,2026",-75.1211733,39.9840204
"2020",29452,"AE301","Alcohol Tax-Exempt","Active","ACADEMY OF NATURAL SCIENCES","ACADEMY OF NATURAL SCIENCES","1900 BENJAMIN FRANKLIN PKWY, PHILADELPHIA PA 19103-1195","1900 BENJAMIN FRANKLIN PKWY, PHILADELPHIA PA 19103-1195",NA,NA,"Philadelphia County","Philadelphia City","Jan 17,2025","Dec 31,2028",-75.1710708,39.9568919
"2021",85233,"AE33297","Alcohol Tax-Exempt","Active","ARIA HEALTH","ARIA JEFFERSON","10800 KNIGHTS RD, PHILADELPHIA PA 19114","10800 KNIGHTS RD, PHILADELPHIA PA 19114",NA,NA,"Philadelphia County","Philadelphia City","Sep 9,2024","Dec 31,2028",-74.9827707,40.0712987
"2022",89783,"AE35828","Alcohol Tax-Exempt","Active","TEMPLE UNIVERSITY COLLEGE OF ENGINEERING","TEMPLE UNIVERSITY COLLEGE OF ENGINEERING","1947  N 12TH ST DEPT OF BIOENGINEERING ROOM 825, PHILADELPHIA PA 19122","1947  N 12TH ST DEPT OF BIOENGINEERING ROOM 825, PHILADELPHIA PA 19122",NA,NA,"Philadelphia County","Philadelphia City","Sep 10,2024","Dec 31,2028",-75.1528277,39.9823533
"2023",131240,"AL61540","Limited Distillery","Active","HUGHES BROS DISTILLERS LLC","HUGHES BROS DISTILLERS LLC","300 E GODFREY AVE UNIT BB2, PHILADELPHIA PA 19120-1646","300 E GODFREY AVE UNIT BB2, PHILADELPHIA PA 19120-1646","JRE ELEVEN, LLC","CHARLTON C KEHYARI","Philadelphia County","Philadelphia City","Dec 18,2025","Dec 31,2026",-75.1096023,40.0422607
"2024",64097,"AN3010","Alcohol Non-Beverage","Active","INVISIBLE SENTINEL, INC.","INVISIBLE SENTINEL, INC.","3711 MARKET ST FL 8, PHILADELPHIA PA 19104-5504","3711 MARKET ST FL 8, PHILADELPHIA PA 19104-5504",NA,NA,"Philadelphia County","Philadelphia City","Dec 11,2024","Dec 31,2028",-75.197018,39.9569553
"2025",1719,"C3701","Club (Liquor)","Safekeeping","CAPT. ROBERT TRESVILLE POST NO 6700 VFW.","CAPT. ROBERT TRESVILLE POST NO 6700 VFW.","2033 N 33RD ST, PHILADELPHIA PA 19121-1739","2033 N 33RD ST, PHILADELPHIA PA 19121-1739","CAPT. ROBERT TRESVILLE POST NO 6700 VFW.","NELSON PARRISH JR","Philadelphia County","Philadelphia City","May 27,2026","Oct 31,2026",-75.1868562,39.9881078
"2026",1487,"C3044","Club (Liquor)","Active","SOCIETA DI MUTUO SOCCORSO MESSINA & PROVINCIA","SOCIETA DI MUTUO SOCCORSO MESSINA & PROVINCIA","1533 S 10TH ST, PHILADELPHIA PA 19147-6328","1533 S 10TH ST, PHILADELPHIA PA 19147-6328",NA,"WALTER E  CICHONSKI","Philadelphia County","Philadelphia City","Oct 14,2025","Oct 31,2026",-75.1613326,39.9297489
"2027",1711,"C3676","Club (Liquor)","Active","FILIPPO PALIZZI SOCIETA DI MUTUO SOCCORSO DI VASTO","FILIPPO PALIZZI SOCIETA DI MUTUO SOCCORSO DI VASTO","1408 S 12TH ST, PHILADELPHIA PA 19147-4903","1408 S 12TH ST, PHILADELPHIA PA 19147-4903","JOSEPH BALDINO","JOSEPH BALDINO","Philadelphia County","Philadelphia City","Aug 25,2025","Oct 31,2026",-75.1644044,39.932159
"2028",1774,"C3848","Club (Liquor)","Active","QUAKER CITY YACHT CLUB","QUAKER CITY YACHT CLUB","7101 N DELAWARE AVE, PHILADELPHIA PA 19135-1518","7101 N DELAWARE AVE, PHILADELPHIA PA 19135-1518","ST VINCENTS CHURCH","JENNA L HEATH","Philadelphia County","Philadelphia City","Nov 5,2025","Oct 31,2026",-75.032349,40.02087
"2029",1325,"C2604","Club (Liquor)","Active","LOCAL UNION 690 OF THE UNITED ASSOCIATION OF JOURNEYMEN AND APPRENTICES OF THE PLUMBING AND PIPEFITT",NA,"2791 SOUTHAMPTON RD, PHILADELPHIA PA 19154-1211","2791 SOUTHAMPTON RD, PHILADELPHIA PA 19154-1211","LOCAL UNION 690 OF THE UNITED ASSOCIATION OF JOURNEYMEN AND APPRENTICES OF THE PLUMBING AND PIPEFITT","GEORGE  C PEGRAM","Philadelphia County","Philadelphia City","Oct 16,2025","Oct 31,2026",-74.9858785,40.1092177
"2030",3022,"CC762","Catering Club (Liquor)","Active","THE COLLEGE OF PHYSICIANS OF PHILADELPHIA","THE COLLEGE OF PHYSICIANS OF PHILADELPHIA","19 SOUTH 22ND ST, PHILADELPHIA PA 19103-3001","19 SOUTH 22ND ST, PHILADELPHIA PA 19103-3001","THE COLLEGE OF PHYSICIANS OF PHILADELPHIA","GINGER A METZGER","Philadelphia County","Philadelphia City","Jul 8,2025","Oct 31,2026",-75.1763806,39.9531743
"2031",3287,"CC2421","Catering Club (Liquor)","Active","CATHOLIC PHILOPATRIAN LITERARY INSTITUTE","CATHOLIC PHILOPATRIAN LITERARY INSTITUTE","1923 WALNUT ST, PHILADELPHIA PA 19103-4605","1923 WALNUT ST, PHILADELPHIA PA 19103-4605","CATHOLIC PHILOPATRIAN LITERARY INSTITUTE","JOHN R MCKELVEY","Philadelphia County","Philadelphia City","Sep 5,2025","Oct 31,2026",-75.17349,39.9506227
"2032",2932,"CC394","Catering Club (Liquor)","Active","THE GERMANTOWN CRICKET CLUB","THE GERMANTOWN CRICKET CLUB","411-421 MANHEIM ST, PHILADELPHIA PA 19144-4140","411-421 MANHEIM ST, PHILADELPHIA PA 19144-4140","THE GERMANTOWN CRICKET CLUB","ALICE HARPER","Philadelphia County","Philadelphia City","Jul 18,2025","Oct 31,2026",-75.1733728,40.0236619
"2033",54913,"CC501","Catering Club (Liquor)","Safekeeping","THE 3743 CIVIC ASSOCIATION","THE 3743 CIVIC ASSOCIATION","3743 FRANKFORD AVE, PHILADELPHIA PA 19124-5640","3743 FRANKFORD AVE, PHILADELPHIA PA 19124-5640","JOHN REDDEN","AMY OPSASNICK","Philadelphia County","Philadelphia City","Mar 26,2026","Oct 31,2026",-75.0971874,40.0008983
"2034",27773,"CC3214","Catering Club (Liquor)","Active","PHILADELPHIA ELKS CENTER OF IBPOE OF W, INC.","PHILADELPHIA ELKS CENTER OF IBPOE OF W, INC.","4930-32 N BROAD ST, PHILADELPHIA PA 19141","4930-32 N BROAD ST, PHILADELPHIA PA 19141","PHILADELPHIA ELKS CENTER OF IBPOE OF W, INC.","YOLANDA FEASTER","Philadelphia County","Philadelphia City","Oct 30,2025","Oct 31,2026",-75.1473413,40.028546
"2035",114891,"D3154","Distributor (Malt)","Active","PBW LLC","PBW LLC","2375 WELSH RD, PHILADELPHIA PA 19114","2200 MICHENER ST STE 3, PHILADELPHIA PA 19115","WELSH HOLDINGS LLC","DIPAKBHAI (AKA DIPAK) V PATEL","Philadelphia County","Philadelphia City","Sep 9,2025","Oct 31,2026",-75.0326844,40.0725432
"2036",89607,"D73","Distributor (Malt)","Active","WELSH ROAD BEVERAGE INC","WELSH ROAD BEVERAGE INC","2425-27 WELSH ROAD, PHILADELPHIA PA 19114","2765 SUNFLOWER WAY, HUNTINGDON VALLEY PA 19006",NA,"ANANDA OEUN","Philadelphia County","Philadelphia City","Apr 27,2026","Oct 31,2026",-75.0316804,40.0710009
"2037",87000,"D3025","Distributor (Malt)","Active","MMC BEVERAGE INC","MMC BEVERAGE INC","7015 ROOSEVELT BLVD UNIT A, PHILADELPHIA PA 19149","7015 ROOSEVELT BLVD UNIT A, PHILADELPHIA PA 19149","7015 ROOSEVELT LLC","YANG LIN","Philadelphia County","Philadelphia City","Aug 20,2025","Oct 31,2026",-75.057282,40.040898
"2038",132838,"D2326","Distributor (Malt)","Active","OGONTZ BEER LLC","FINE BEVERAGE","7159 OGONTZ AVE, PHILADELPHIA PA 19138","1106 ORIOLE DR, BENSALEM PA 19020","OGONTZ PLAZA PARTNERS LP","TAKSHIL D PATEL","Philadelphia County","Philadelphia City","May 6,2026","Oct 31,2026",-75.152242,40.0635634
"2039",96817,"D935","Distributor (Malt)","Active","D CHEN LLC","NORTHEAST BEER DISTRIBUTOR","7324 CASTOR AVE, PHILADELPHIA PA 19152-4205","7324 CASTOR AVE, PHILADELPHIA PA 19152-4205","QIN L CHEN","QIN L CHEN","Philadelphia County","Philadelphia City","Aug 14,2025","Oct 31,2026",-75.0649523,40.0529137
"2040",99283,"D2305","Distributor (Malt)","Active","TENG DA DR INC","TENG DA DR INC","8900 KREWSTOWN RD, PHILADELPHIA PA 19115-4517","8900 KREWSTOWN RD, PHILADELPHIA PA 19115-4517","AMBA KRUPA LLC","DAN LIN","Philadelphia County","Philadelphia City","Jul 7,2025","Oct 31,2026",-75.0498411,40.0830287
"2041",72348,"D864","Distributor (Malt)","Active","GOBEER1, LLC","GOBEER1, LLC","900 W JEFFERSON ST STE 103, PHILADELPHIA PA 19122","900 W JEFFERSON ST STE 103, PHILADELPHIA PA 19122","JEFFERSON HOLDCO LP","THERESA N PACE SMITH","Philadelphia County","Philadelphia City","Dec 12,2025","Oct 31,2026",-75.1507854,39.9737357
"2042",54025,"D1911","Distributor (Malt)","Active","SHREE KHODIYAR BEVERAGES, INC.","FROSTEE'S","HOLMESBURG SHP CTR 8425A FRANKFORD AVE, PHILADELPHIA PA 19136-1314","HOLMESBURG SHP CTR 8425A FRANKFORD AVE, PHILADELPHIA PA 19136-1314","NORTH CITY DEVELOPMENT CO","NISHYANDINIBEN S PATEL","Philadelphia County","Philadelphia City","Aug 21,2025","Oct 31,2026",-75.0182251,40.0435226
"2043",47975,"D2899","Distributor (Malt)","Active","2661 LCE, INC.","2661 LCE, INC.","2661 S 69TH ST BSMT & GARAGE IN REAR, PHILADELPHIA PA 19142-2111","2661 S 69TH ST BSMT & GARAGE IN REAR, PHILADELPHIA PA 19142-2111","LEAR EO","LEAR EO","Philadelphia County","Philadelphia City","Jul 7,2025","Oct 31,2026",NA,NA
"2044",67263,"D2491","Distributor (Malt)","Active","CASTOR BEER INC","CASTOR BEER INC","7614 CASTOR AVE, PHILADELPHIA PA 19152-4025","7614 CASTOR AVE, PHILADELPHIA PA 19152-4025",NA,"HARIT Y MEHTA","Philadelphia County","Philadelphia City","Aug 7,2025","Oct 31,2026",-75.0614569,40.0566042
"2045",66608,"D3917","Distributor (Malt)","Active","L&R HARBISON BEVERAGE INC","L&R HARBISON BEVERAGE INC","5745 HARBISON AVE, PHILADELPHIA PA 19135-4007","5745 HARBISON AVE, PHILADELPHIA PA 19135-4007",NA,"YAN REN","Philadelphia County","Philadelphia City","Aug 12,2025","Oct 31,2026",-75.0638981,40.0178685
"2046",131163,"DWS61430","Direct Wine Shipper","Active","PHILLY WINERY, LLC","PRAY TELL","1615 N HANCOCK ST, PHILADELPHIA PA 19122-3109","1615 N HANCOCK ST, PHILADELPHIA PA 19122-3109",NA,NA,"Philadelphia County","Philadelphia City","Nov 14,2025","Dec 31,2026",-75.1368073,39.9748633
"2047",51562,"E3695","Eating Place Retail Dispenser (Malt)","Active","CAMPO'S DELI @ MARKET, INC.","CAMPO'S DELI @ MARKET, INC.","214 MARKET ST, PHILADELPHIA PA 19106-2805","214 MARKET ST, PHILADELPHIA PA 19106-2805",NA,"DENISE CAMPO","Philadelphia County","Philadelphia City","Jul 3,2025","Oct 31,2026",-75.1443022,39.9497374
"2048",125716,"E2789","Eating Place Retail Dispenser (Malt)","Active","ADELITA TAQUERIA AND RESTAURANT NUMBER 2 INC","ADELITA TAQUERIA AND RESTAURANT NUMBER 2 INC","1108-10 S 9TH ST, PHILADELPHIA PA 19147","1108-10 S 9TH ST, PHILADELPHIA PA 19147","BROTHER OF YANG LLC","TANIA CASTELLANOS SANTIAGO","Philadelphia County","Philadelphia City","Oct 14,2025","Oct 31,2026",-75.1586637,39.9359826
"2049",46991,"E3002","Eating Place Retail Dispenser (Malt)","Active","HECKER'S DELI, INC.","HECKER'S DELI, INC.","2620-22 E VENANGO ST, PHILADELPHIA PA 19134-5527","2620-22 E VENANGO ST, PHILADELPHIA PA 19134-5527",NA,"AUGUST BAUMAN","Philadelphia County","Philadelphia City","Sep 2,2025","Oct 31,2026",-75.0941435,39.9898812
"2050",71111,"E953","Eating Place Retail Dispenser (Malt)","Active","ANGKOR FOOD CO INC","ANGKOR FOOD CO INC","1234-1236 W GIRARD AVE, PHILADELPHIA PA 19123","155 GAITHER DR STE B, MT LAUREL NJ 08054-1701",NA,"SOPHANY NGOR","Philadelphia County","Philadelphia City","Jul 17,2025","Oct 31,2026",-75.1568829,39.97083
"2051",67095,"E4125","Eating Place Retail Dispenser (Malt)","Active","ACADEMY DELI INC","ACADEMY DELI INC","3218-20 RED LION RD, PHILADELPHIA PA 19114-1109","3218-20 RED LION RD, PHILADELPHIA PA 19114-1109",NA,"CHIMANBHAI PATEL","Philadelphia County","Philadelphia City","Jul 16,2025","Oct 31,2026",-74.9943028,40.0802996
"2052",71371,"E1160","Eating Place Retail Dispenser (Malt)","Active","FRONT 2333 INC","FRONT 2333 INC","2333N FRONT ST, PHILADELPHIA PA 19133-3717","2333N FRONT ST, PHILADELPHIA PA 19133-3717",NA,"UYHEANG LIM","Philadelphia County","Philadelphia City","Jul 25,2025","Oct 31,2026",-75.1318172,39.9856269
"2053",104304,"E2598","Eating Place Retail Dispenser (Malt)","Active","TORRESDALE PIZZA & BEER LLC","TORRESDALE PIZZA & BEER","6301 TORRESDALE AVE, PHILADELPHIA PA 19135-3303","6301 TORRESDALE AVE, PHILADELPHIA PA 19135-3303","JPR PROPERTY LLC","JAGTAR WALIA","Philadelphia County","Philadelphia City","Jun 10,2026","Oct 31,2026",-75.053453,40.0204326
"2054",72864,"E141","Eating Place Retail Dispenser (Malt)","Active","7 BROTHERS MINIMARKET INC","7 BROTHERS MINIMARKET INC","800-02 W ALLEGHENY AVE, PHILADELPHIA PA 19133-2019","822 W LEHIGH AVE, PHILADELPHIA PA 19133-1928",NA,"RICHARD A SUERO-VARGAS","Philadelphia County","Philadelphia City","Jul 9,2025","Oct 31,2026",-75.1435938,40.0001756
"2055",112079,"GS51139","Brewery Storage","Active","HUMBLE PARLOR BREWING COMPANY","HUMBLE PARLOR BREWING","530 E GIRARD AVE, PHILADELPHIA PA 19125-3377","416 MONASTERY AVE, PHILADELPHIA PA 19128-3433","COLLEN DUFF and JOSEPH DUFF III and STEPHANIE SANTINI","MARIA CALDARISE","Philadelphia County","Philadelphia City","Nov 12,2025","Dec 31,2026",-75.127433,39.9709729
"2056",131518,"GS61481","Brewery Storage","Active","FOREST AND MAIN BREWING COMPANY","FOREST AND MAIN BREWING COMPANY","1416 FRANKFORD AVE, PHILADELPHIA PA 19125-4478","241 N MAIN ST, AMBLER PA 19002-5728","1412-1422 Frankford Owner LLC","GERARD T OLSON III","Philadelphia County","Philadelphia City","Nov 19,2025","Dec 31,2026",-75.1346081,39.9722527
"2057",80658,"H31216","Hotel (Liquor)","Active","AKA RS LIQUOR LLC","AKA RS LIQUOR LLC","135 S 18TH ST, PHILADELPHIA PA 19103","200 W GERMANTOWN PIKE STE 250, PLYMOUTH MEETING PA 19462","135 S 18TH STREET ASSOCIATES LP","EVAN O'DONNELL","Philadelphia County","Philadelphia City","Aug 19,2025","Oct 31,2026",-75.1704529,39.9503603
"2058",55632,"H5803","Hotel (Liquor)","Active","THE TRUSTEES OF THE UNIVERSITY OF PENNSYLVANIA","THE TRUSTEES OF THE UNIVERSITY OF PENNSYLVANIA","3600 SANSOM ST, PHILADELPHIA PA 19104-3212","3600 SANSOM ST, PHILADELPHIA PA 19104-3212",NA,"JAMES J SALVO","Philadelphia County","Philadelphia City","Jul 9,2025","Oct 31,2026",-75.1957422,39.9539949
"2059",92631,"H40958","Hotel (Liquor)","Active","ASHFORD TRS PHILLY LLC","ASHFORD TRS PHILLY LLC","9000 BARTRAM AVE, PHILADELPHIA PA 19153-3114","14185 DALLAS PKY STE 1100, DALLAS  TX 75254-4308","ASHFORD PHILLY LP","BILLY W GUNN JR","Philadelphia County","Philadelphia City","Oct 17,2025","Oct 31,2026",-75.249747,39.884096
"2060",130158,"H61426","Hotel (Liquor)","Active","SOCIETY HILL HOTEL XLI OWNER LLC","MARRIOTT OLD CITY","ONE DOCK ST, PHILADELPHIA PA 19106-3939","ONE DOCK ST, PHILADELPHIA PA 19106-3939","SOCIETY HILL HOTEL XLI OWNER LLC","BRIAN R NOCELLA","Philadelphia County","Philadelphia City","Feb 4,2026","Oct 31,2026",-75.1441835,39.9463184
"2061",44268,"H5806","Hotel (Liquor)","Active","MARRIOTT HOTEL SERVICES LLC","PHILADELPHIA MARRIOTT","1201 MARKET ST & 1113-31 MARKET ST, PHILADELPHIA PA 19107-2817","1201 MARKET ST & 1113-31 MARKET ST, PHILADELPHIA PA 19107-2817","PHILADELPHIA MARKET STREET HOTEL LP","DEMETRIOS ALEXIOU","Philadelphia County","Philadelphia City","Jul 21,2025","Oct 31,2026",-75.1605815,39.9524425
"2062",4399,"ID1178","Importing Distributor (Malt)","Active","BELLA VISTA BEER DISTRIBUTORS, INC.","BELLA VISTA BEER DISTRIBUTORS, INC.","755-69 S 11TH ST , PHILADELPHIA PA 19147-2613","755-69 S 11TH ST , PHILADELPHIA PA 19147-2613",NA,"JEREMY D BLESSING","Philadelphia County","Philadelphia City","Jun 17,2026","Oct 31,2026",-75.160423,39.940499
"2063",54977,"PV75","Public Venue Restaurant","Active","ARAMARK SPORTS AND ENTERTAINMENT SERVICES LLC","LINCOLN FINANCIAL FIELD","1020 PATTISON AVE, PHILADELPHIA PA 19148-5307","1020 PATTISON AVE, PHILADELPHIA PA 19148-5307",NA,"RICHARD BROWN","Philadelphia County","Philadelphia City","Jun 15,2026","Oct 31,2026",-75.1683662,39.9015323
"2064",94068,"PV40360","Public Venue Restaurant","Active","OVATIONS FOOD SERVICES LP","METROPOLITAN OPERA HOUSE","858 N BROAD ST, PHILADELPHIA PA 19130","858 N BROAD ST, PHILADELPHIA PA 19130",NA,"CORINNE H ROBINSON","Philadelphia County","Philadelphia City","Jan 6,2026","Oct 31,2026",-75.1600465,39.9697581
"2065",39180,"R6340","Restaurant (Liquor)","Active","SOMETHING BEAUTIFUL, INC.","SOMETHING BEAUTIFUL, INC.","2634 E YORK ST, PHILADELPHIA PA 19125-3649","2634 E YORK ST, PHILADELPHIA PA 19125-3649",NA,"PATRICIA CONNOLLY","Philadelphia County","Philadelphia City","Jul 30,2025","Oct 31,2026",-75.1221837,39.9756993
"2066",134463,"R13743","Restaurant (Liquor)","Active","YIN & GANG III LLC","BAR CICCI","1620 SANSOM ST, PHILADELPHIA PA 19103","834 CHESTNUT ST C/O THE BREAD ROOM, PHILADELPHIA PA 19107","1620 SANSOM PA LLC","CHRISTINA M MCKEOUGH","Philadelphia County","Philadelphia City","Aug 19,2026","Oct 31,2026",-75.1679448,39.9504446
"2067",127909,"R13494","Restaurant (Liquor)","Active","GSV PA 1 LLC","GARAGE SALE VINTAGE","1148  FRANKFORD AVE, PHILADELPHIA PA 19123","1616 17TH  ST STE 362, DENVER CO 80202","1148 FRANKFORD PARTNERS, LLC","JOSHUA D SAMPSON","Philadelphia County","Philadelphia City","Nov 25,2025","Oct 31,2026",-75.134786,39.9683578
"2068",67811,"R648","Restaurant (Liquor)","Active","WINK REALTY LLC","WINK REALTY LLC","2301-07 E ALBERT ST, PHILADELPHIA PA 19125-2303","2301-07 E ALBERT ST, PHILADELPHIA PA 19125-2303",NA,"LAURA VIEGAS","Philadelphia County","Philadelphia City","Oct 16,2025","Oct 31,2026",-75.1204845,39.9825723
"2069",58234,"R747","Restaurant (Liquor)","Active","TOMBOI LLC","TOMBOI LLC","1705 CHANCELLOR ST, PHILADELPHIA PA 19103-6104","1705 CHANCELLOR ST, PHILADELPHIA PA 19103-6104",NA,"ANASTASIA VEY","Philadelphia County","Philadelphia City","Aug 20,2025","Oct 31,2026",-75.1695721,39.9494485
"2070",130775,"R8114","Restaurant (Liquor)","Active","ARIELLE INC","ARIELLE INC","2401 E ALLEGHENY AVE, PHILADELPHIA PA 19134-4402","2401 E ALLEGHENY AVE, PHILADELPHIA PA 19134-4402","SHAWN SZRANKOWSKI","ARIELLE M HOFFMAN","Philadelphia County","Philadelphia City","Oct 31,2025","Oct 31,2026",-75.1055842,39.9881082
"2071",44460,"R3909","Restaurant (Liquor)","Active","BUFFALO BILLIARDS PHILADELPHIA, L.P.","BUFFALO BILLIARDS PHILADELPHIA, L.P.","116-118 CHESTNUT ST, PHILADELPHIA PA 19106-3009","116-118 CHESTNUT ST, PHILADELPHIA PA 19106-3009",NA,"CELESTE AHERN","Philadelphia County","Philadelphia City","Jul 22,2025","Oct 31,2026",-75.1440432,39.9484018
"2072",114515,"R5756","Restaurant (Liquor)","Active","PA SELF POUR LLC","PA SELF POUR LLC","110-16 S 16TH  ST, PHILADELPHIA PA 19103","110-16 S 16TH  ST, PHILADELPHIA PA 19103","SC RITTENHOUSE ROW LLC","ROMAN MALISZEWSKI","Philadelphia County","Philadelphia City","Sep 2,2025","Oct 31,2026",-75.167614,39.9506919
"2073",58899,"R6733","Restaurant (Liquor)","Active","LABERINTOS DE PASION REST INC","LABERINTOS DE PASION REST INC","3166-68 G ST, PHILADELPHIA PA 19134-2419","3166-68 G ST, PHILADELPHIA PA 19134-2419",NA,"EVELYNE GOMEZ","Philadelphia County","Philadelphia City","Aug 1,2025","Oct 31,2026",-75.1156622,39.9965583
"2074",10103,"R1666","Restaurant (Liquor)","Active","FJB ENTERPRISES, INC.","BYRNE'S TAVERN","3301 RICHMOND ST, PHILADELPHIA PA 19134-6005","3301 RICHMOND ST, PHILADELPHIA PA 19134-6005",NA,"FRANK BYRNE","Philadelphia County","Philadelphia City","Aug 20,2025","Oct 31,2026",-75.0987652,39.9841667
"2075",104653,"R6143","Restaurant (Liquor)","Active","CALMHOUSEINTHESKY LLC","CALMHOUSEINTHESKY LLC","8235 GERMANTOWN AVE, PHILADELPHIA PA 19118","719 GLENGARRY RD, PHILADELPHIA PA 19118-4110","GLENGARRY PROPERTIES LP","ANTONIO D. PRESTA","Philadelphia County","Philadelphia City","Aug 27,2025","Oct 31,2026",-75.2032032,40.0742043
"2076",59510,"R87","Restaurant (Liquor)","Active","PAPI CLAUDIOS INC","PAPI CLAUDIOS INC","1020 E HUNTING PARK AVE STORE NO 2, PHILADELPHIA PA 19124","1020 E HUNTING PARK AVE STORE NO 2, PHILADELPHIA PA 19124",NA,"BENJAMIN LLORENS","Philadelphia County","Philadelphia City","May 15,2026","Oct 31,2026",-75.1072252,40.0108234
"2077",113979,"R11258","Restaurant (Liquor)","Active","RICO MEXICAN TACOS BAR & REST INC","RICO MEXICAN TACOS BAR & REST INC","2632 E LEHIGH AVE, PHILADELPHIA PA 19125-3840","2632 E LEHIGH AVE, PHILADELPHIA PA 19125-3840","LSS HOLDINGS LLC","GLADYS M RODRIGUEZ","Philadelphia County","Philadelphia City","Jan 21,2026","Oct 31,2026",-75.1149726,39.978362
"2078",60402,"R5996","Restaurant (Liquor)","Active","TACONY 2008 INC","TACONY 2008 INC","5921 TACONY ST, PHILADELPHIA PA 19135-4310","5921 TACONY ST, PHILADELPHIA PA 19135-4310",NA,"RONALD CRUDELE","Philadelphia County","Philadelphia City","Jun 10,2026","Oct 31,2026",-75.0562502,40.0133043
"2079",129083,"R44710","Restaurant (Liquor)","Active","CAONA GOODS LLC","HONEYSUCKLE","631 N BROAD ST, PHILADELPHIA PA 19123","631 N BROAD ST, PHILADELPHIA PA 19123","631 NORTH BROAD STREET LP","CYBILLE ST AUDE-TATE","Philadelphia County","Philadelphia City","Sep 24,2025","Oct 31,2026",-75.1607246,39.9646788
"2080",38242,"R121","Restaurant (Liquor)","Active","LOCUST TAVERN, LTD.","LOCUST TAVERN, LTD.","235 S 10TH ST, PHILADELPHIA PA 19107-5751","235 S 10TH ST, PHILADELPHIA PA 19107-5751",NA,"ANA KOENIG","Philadelphia County","Philadelphia City","Aug 14,2025","Oct 31,2026",-75.1574944,39.947249
"2081",133263,"R11314","Restaurant (Liquor)","Active","SHOP RITE SUPERMARKETS INC","SHOP RITE","11000 ROOSEVELT BLVD, SUITE 2, PHILADELPHIA PA 19116-3961","11000 ROOSEVELT BLVD, SUITE 2, PHILADELPHIA PA 19116-3961","LEBANON PAD LP","RICARDO SANTIAGO","Philadelphia County","Philadelphia City","Jul 7,2026","Oct 31,2026",-75.0095727,40.1019415
"2082",101467,"R5521","Restaurant (Liquor)","Active","BOWLS HOLDINGS PHILADELPHIA LLC","BOWLS HOLDINGS PHILADELPHIA LLC","1000 FRANKFORD AVE, PHILADELPHIA PA 19125-4116","C/O THE BOWLS LLC  104 W 29TH ST 11 FL, NEW YORK  10001","CORE EQUITY II, LP","NICHOLAS LEVINE","Philadelphia County","Philadelphia City","Jul 9,2025","Oct 31,2026",-75.1346806,39.9649452
"2083",97048,"R1120","Restaurant (Liquor)","Active","KREWSTOWN ROAD VENTURES LLC","KREWSTOWN ROAD VENTURES LLC","8929 KREWSTOWN RD, PHILADELPHIA PA 19115-4516","8929 KREWSTOWN RD, PHILADELPHIA PA 19115-4516","SMITH BROTHER, ZIEGLER GP DBA SUN VALLEY SHOPPING CENTER","HENRY P BICKEL","Philadelphia County","Philadelphia City","Aug 13,2025","Oct 31,2026",-75.0481721,40.0834676
"2084",80701,"R6753","Restaurant (Liquor)","Active","205-209 LL LLC","205-209 LL LLC","205-09 RACE ST  #102, PHILADELPHIA PA 19106","2337 PHILMONT AVE, HUNTINGDON VALLEY PA 19006","SECOND AND RACE STREETS, LP","KENNETH SZE","Philadelphia County","Philadelphia City","Oct 14,2025","Oct 31,2026",-75.143314,39.954048
"2085",40685,"R11178","Restaurant (Liquor)","Active","MAPLE ENTERPRISES, INC.","MAPLE ENTERPRISES, INC.","4901-03 LANCASTER AVE, PHILADELPHIA PA 19131-4604","4901-03 LANCASTER AVE, PHILADELPHIA PA 19131-4604",NA,"BUNKHENG HENG","Philadelphia County","Philadelphia City","Oct 1,2025","Oct 31,2026",-75.2197487,39.9739838
"2086",70417,"R11330","Restaurant (Liquor)","Active","BUTCHER BAR INC","BUTCHER BAR INC","2034 CHESTNUT ST, PHILADELPHIA PA 19103-4495","2034 CHESTNUT ST, PHILADELPHIA PA 19103-4495",NA,"STEPHANIE ALTES","Philadelphia County","Philadelphia City","Aug 19,2025","Oct 31,2026",-75.1748987,39.9520979
"2087",63903,"R808","Restaurant (Liquor)","Active","LA CURA INC","MACUMBA RESTAURANT BAR","4501 CASTOR AVE, PHILADELPHIA PA 19124-3045","4501 CASTOR AVE, PHILADELPHIA PA 19124-3045",NA,"MANUEL A SANCHEZ RODRIGUEZ","Philadelphia County","Philadelphia City","Jul 2,2026","Oct 31,2026",-75.0965198,40.0166989
"2088",72124,"R15503","Restaurant (Liquor)","Active","KQFH ATLANTIC INC","KQFH ATLANTIC INC","100 E GIRARD AVE, PHILADELPHIA PA 19125-3908","100 E GIRARD AVE, PHILADELPHIA PA 19125-3908",NA,"KEELY ZABORSKY","Philadelphia County","Philadelphia City","Jun 4,2026","Oct 31,2026",-75.1341748,39.9686486
"2089",70916,"R571","Restaurant (Liquor)","Active","2332 ORTHODOX INC","2332 ORTHODOX INC","2332 ORTHODOX ST, PHILADELPHIA PA 19137-1127","2332 ORTHODOX ST, PHILADELPHIA PA 19137-1127",NA,"CHOU LAO","Philadelphia County","Philadelphia City","Feb 27,2026","Oct 31,2026",-75.0782957,40.0066221
"2090",12921,"R7793","Restaurant (Liquor)","Active","WHITE DOG ENTERPRISES, INCORPORATED","WHITE DOG CAFE","3420-24 SANSOM ST, PHILADELPHIA PA 19104","3420-24 SANSOM ST, PHILADELPHIA PA 19104",NA,"JAKE WADE","Philadelphia County","Philadelphia City","Oct 14,2025","Oct 31,2026",-75.1929066,39.9535537
"2091",53656,"R11313","Restaurant (Liquor)","Active","2854 TASKER, INC.","2854 TASKER, INC.","2854 TASKER ST, PHILADELPHIA PA 19145-1234","2854 TASKER ST, PHILADELPHIA PA 19145-1234",NA,"PHELIM DEAN","Philadelphia County","Philadelphia City","Jul 14,2025","Oct 31,2026",-75.1927608,39.9334679
"2092",122258,"R14093","Restaurant (Liquor)","Active","NABRASA PHL LLC","NA BRASA BRAZILIAN STEAKHOUSE","1ST FLR & MEZZANINE KENNEDY HOUSE 1901 JOHN F KENNEDY BLVD, PHILADELPHIA PA 19103-1502","1ST FLR & MEZZANINE KENNEDY HOUSE 1901 JOHN F KENNEDY BLVD, PHILADELPHIA PA 19103-1502","KENNEDY HOUSE INC","GEORGE W CONNOR","Philadelphia County","Philadelphia City","Oct 14,2025","Oct 31,2026",NA,NA
"2093",65721,"R8491","Restaurant (Liquor)","Active","DOS COMPADRES LLC","DOS COMPADRES LLC","2321 FAIRMOUNT AVE, PHILADELPHIA PA 19130-2515","2321 FAIRMOUNT AVE, PHILADELPHIA PA 19130-2515",NA,"TIMOTHY SPINNER","Philadelphia County","Philadelphia City","Oct 1,2025","Oct 31,2026",-75.1760797,39.9675365
"2094",63811,"R9113","Restaurant (Liquor)","Active","UNCLES LLC","UNCLES LLC","1220 LOCUST ST, PHILADELPHIA PA 19107-5605","1220 LOCUST ST, PHILADELPHIA PA 19107-5605","CAMAC PARTNERS LP","MICHAEL J PASTORE","Philadelphia County","Philadelphia City","Jun 18,2026","Oct 31,2026",-75.1614757,39.9476799
"2095",90437,"R1920","Restaurant (Liquor)","Active","VIP 220 LLC","VIP 220 LLC","220 S 17TH ST, PHILADELPHIA PA 19103-6147","220 S 17TH ST, PHILADELPHIA PA 19103-6147","AP RAD VENTURE LP","DARRELL GREER","Philadelphia County","Philadelphia City","Aug 25,2025","Oct 31,2026",-75.1695094,39.9493449
"2096",69889,"R6346","Restaurant (Liquor)","Active","CIRCLES HALL INC","CIRCLES HALL INC","4800 N BROAD ST, PHILADELPHIA PA 19141-2108","4800 N BROAD ST, PHILADELPHIA PA 19141-2108",NA,"ROBIN T JONES","Philadelphia County","Philadelphia City","Nov 12,2025","Oct 31,2026",-75.1478397,40.0262935
"2097",69713,"R9879","Restaurant (Liquor)","Active","WALNUT SUPPER CLUB INC","WALNUT SUPPER CLUB INC","1227-1229 WALNUT ST, PHILADELPHIA PA 19107-4914","1227-1229 WALNUT ST, PHILADELPHIA PA 19107-4914","1227 WALNUT LLC","KIM HUYNH","Philadelphia County","Philadelphia City","Oct 31,2025","Oct 31,2026",-75.1618106,39.9492144
"2098",114847,"R5597","Restaurant (Liquor)","Active","BAR1010 LLC","BAR1010 LLC","701 N 2ND ST, PHILADELPHIA PA 19123","701 N 2ND ST, PHILADELPHIA PA 19123","701 N 2ND LP","MICHAEL D FITZICK","Philadelphia County","Philadelphia City","Oct 31,2025","Oct 31,2026",-75.1408644,39.9619467
"2099",106318,"R3087","Restaurant (Liquor)","Active","SMALLS 1643 INC","SMALLS 1643 INC","1643-45-47 HUNTING PARK AVE, PHILADELPHIA PA 19140-2909","1643-45-47 HUNTING PARK AVE, PHILADELPHIA PA 19140-2909","SMALLS 1643 INC","LAWRENCE B SMALLS","Philadelphia County","Philadelphia City","Nov 4,2025","Oct 31,2026",-75.1544039,40.0159103
"2100",11495,"R4576","Restaurant (Liquor)","Active","SID BOOKER'S STINGER LOUNGE, INC.","SID BOOKER'S STINGER LOUNGE, INC.","4600-06 N BROAD ST, PHILADELPHIA PA 19140","4600-06 N BROAD ST, PHILADELPHIA PA 19140","SIDNEY BOOKER","WANDA D (AKA DARLENE) EBRON","Philadelphia County","Philadelphia City","Jan 22,2026","Oct 31,2026",-75.1483612,40.0233754
"2101",133088,"R250","Restaurant (Liquor)","Active","PALM VINTAGE CAFES SUSHI & TEAS LLC","PALM VINTAGE CAFES SUSHI & TEAS LLC","1414 S PENN SQ, PHILADELPHIA PA 19102","1414 S PENN SQ, PHILADELPHIA PA 19102","SFRR LLC","HOUSTON YANG","Philadelphia County","Philadelphia City","Sep 8,2026","Oct 31,2026",-75.1649,39.95159
"2102",42202,"R4405","Restaurant (Liquor)","Active","MARATHON GRILL RITTENHOUSE SQUARE, L.P.","MARATHON ON THE SQUARE","1839-41 SPRUCE ST, PHILADELPHIA PA 19103-5803","1839-41 SPRUCE ST, PHILADELPHIA PA 19103-5803",NA,"JAY BORISH","Philadelphia County","Philadelphia City","Jul 1,2025","Oct 31,2026",-75.1726188,39.9481101
"2103",45684,"R12067","Restaurant (Liquor)","Active","T.B. STENTON, INC.","T.B. STENTON, INC.","6402 STENTON AVE, PHILADELPHIA PA 19150-3708","6402 STENTON AVE, PHILADELPHIA PA 19150-3708",NA,"JUDITH C BOWEN","Philadelphia County","Philadelphia City","Sep 16,2025","Oct 31,2026",-75.1674934,40.0604359
"2104",109385,"R15511","Restaurant (Liquor)","Active","SIN PHILADELPHIA LLC","SIN","1102 GERMANTOWN  AVE, PHILADELPHIA PA 19123","3335 PIETRO WAY, PHILADELPHIA PA 19145","SDG 1102 GERMANTOWN AVE LLC","JUSTIN VEASEY","Philadelphia County","Philadelphia City","Oct 31,2025","Oct 31,2026",-75.1400319,39.967993
"2105",64191,"R1426","Restaurant (Liquor)","Active","4659 URUGUAY INC","4659 URUGUAY INC","4659-61 N 5TH ST, PHILADELPHIA PA 19140-1419","4659-61 N 5TH ST, PHILADELPHIA PA 19140-1419",NA,"DANIEL VARON","Philadelphia County","Philadelphia City","Jul 15,2025","Oct 31,2026",-75.1333071,40.0225179
"2106",68946,"R260","Restaurant (Liquor)","Active","JUSTAPLUMBER INC","JUSTAPLUMBER INC","1318-22 CHANCELLOR ST, PHILADELPHIA PA 19107-5470","1318-22 CHANCELLOR ST, PHILADELPHIA PA 19107-5470","LORD CHANCELLOR LLC","MARK BEE","Philadelphia County","Philadelphia City","Jul 2,2026","Oct 31,2026",-75.1630273,39.9484908
"2107",104628,"R8621","Restaurant (Liquor)","Active","CUE RECORDS INC","CUE RECORDS INC","400-402 E GIRARD AVE , PHILADELPHIA PA 19125","400-402 E GIRARD AVE , PHILADELPHIA PA 19125","TG PROPERTIES LLC","ADAM A PORTER","Philadelphia County","Philadelphia City","Feb 12,2026","Oct 31,2026",-75.1302031,39.9700178
"2108",51288,"R11310","Restaurant (Liquor)","Active","GUS 61, INC.","GUS 61, INC.","3275 S 61 ST, PHILADELPHIA PA 19153-3502","3275 S 61 ST, PHILADELPHIA PA 19153-3502",NA,"ROBERT C GLENN","Philadelphia County","Philadelphia City","Aug 11,2025","Oct 31,2026",-75.2086561,39.9186553
"2109",63365,"R5469","Restaurant (Liquor)","Active","LUCKY DRINKS LLC","TO-KAI SUSHI & HIBACHI STEAKHOUSE","1699 GRANT AVE, PHILADELPHIA PA 19115-3149","1699 GRANT AVE, PHILADELPHIA PA 19115-3149",NA,"XIU LIU","Philadelphia County","Philadelphia City","Oct 31,2025","Oct 31,2026",-75.0379556,40.0866115
"2110",71040,"R652","Restaurant (Liquor)","Active","GRGFC1 LLC","GRGFC1 LLC","1901 CALLOWHILL ST UNIT C, PHILADELPHIA PA 19130-4150","1901 CALLOWHILL ST UNIT C, PHILADELPHIA PA 19130-4150",NA,"STEVEN L GRAVELY","Philadelphia County","Philadelphia City","Nov 5,2025","Oct 31,2026",-75.1709523,39.9609267
"2111",89764,"R2926","Restaurant (Liquor)","Active","90DEL125 LLC","90DEL125 LLC","901-25 N DELAWARE AVE, PHILADELPHIA PA 19123","100 N 20TH ST STE 200, PHILADELPHIA PA 19103-1454","POPLAR REALTY INVESTMENTS, LP","DYLAN M HUGHES","Philadelphia County","Philadelphia City","Jun 10,2026","Oct 31,2026",-75.13565,39.962615
"2112",52783,"R173","Restaurant (Liquor)","Active","920-22 28TH STREET BAR & GRILL, INC.","920-22 28TH STREET BAR & GRILL, INC.","920-22 N 28TH ST, PHILADELPHIA PA 19130-1229","920-22 N 28TH ST, PHILADELPHIA PA 19130-1229",NA,"BRIAN MORRIS","Philadelphia County","Philadelphia City","Aug 28,2025","Oct 31,2026",-75.1821981,39.9738018
"2113",90448,"R7287","Restaurant (Liquor)","Active","RAMBLERS LLC","RAMBLERS LLC","2911 HOLME AVE, PHILADELPHIA PA 19136-1009","4110 ORCHARD LANE, PHILADELPHIA PA 19154","7701 WALKER STREET LLC","MICHAEL BOJANOWSKI","Philadelphia County","Philadelphia City","Jul 8,2025","Oct 31,2026",-75.0273499,40.0568123
"2114",55283,"R6297","Restaurant (Liquor)","Active","LID'S CAFE SOCIETY, INC.","LID'S CAFE SOCIETY, INC.","2243 TASKER ST, PHILADELPHIA PA 19145-1328","2243 TASKER ST, PHILADELPHIA PA 19145-1328",NA,"MEHARI G GEBRESELASSIE","Philadelphia County","Philadelphia City","Jul 28,2025","Oct 31,2026",-75.1829601,39.9325032
"2115",66160,"R9460","Restaurant (Liquor)","Active","3651 N 5TH ENTERPRISES LLC","3651 N 5TH ENTERPRISES LLC","3651 N 5TH ST, PHILADELPHIA PA 19140-4525","3651 N 5TH ST, PHILADELPHIA PA 19140-4525","3651 N 5TH REAL ESTATE VENTURES LLC","SCOTT KAING","Philadelphia County","Philadelphia City","Oct 14,2025","Oct 31,2026",-75.1366938,40.0071721
"2116",111442,"R38","Restaurant (Liquor)","Active","BLAZE UNIVERSITY CITY LLC","LASCALA'S FIRE","3200 CHESTNUT ST WEST BLDG RETAIL B, PHILADELPHIA PA 19104","3200 CHESTNUT ST WEST BLDG RETAIL B, PHILADELPHIA PA 19104","DREXEL UNIVERSITY","ROBERT C LASCALA","Philadelphia County","Philadelphia City","Aug 5,2025","Oct 31,2026",-75.1892727,39.9538874
"2117",115245,"R858","Restaurant (Liquor)","Active","MY LOUP LLC","MY LOUP LLC","2005 WALNUT ST, PHILADELPHIA PA 19103-4400","2005 WALNUT ST, PHILADELPHIA PA 19103-4400","MICHAEL SINGER 2005 GST EXEMPT TRUST FOR DAVID SINGER, MICHAEL SINGER 2005 GST EXEMPT TRUST FOR JACO","ALEXANDRE K ROUSSY","Philadelphia County","Philadelphia City","Aug 21,2025","Oct 31,2026",-75.1739887,39.950786
"2118",36112,"R13530","Restaurant (Liquor)","Active","C. LEE, INC.","C. LEE, INC.","2272 N BOUVIER ST, PHILADELPHIA PA 19132-4321","2272 N BOUVIER ST, PHILADELPHIA PA 19132-4321",NA,"KIM RANN","Philadelphia County","Philadelphia City","Dec 23,2025","Oct 31,2026",-75.1618667,39.9885678
"2119",102767,"R15521","Restaurant (Liquor)","Active","RIP TIDE LLC","SPLITSVILLE CAFE","3075 HOLME AVE, PHILADELPHIA PA 19136","3075 HOLME AVE, PHILADELPHIA PA 19136","SANDBAR LLC","SCOTT W HUGHES","Philadelphia County","Philadelphia City","Jul 31,2025","Oct 31,2026",-75.0162034,40.0569318
"2120",37600,"R1187","Restaurant (Liquor)","Active","STOKES SPORTS BAR, INC.","STOKES SPORTS BAR, INC.","2651 S 16TH ST, PHILADELPHIA PA 19145-4602","2651 S 16TH ST, PHILADELPHIA PA 19145-4602",NA,"ANTHONY ALBERTO","Philadelphia County","Philadelphia City","Oct 7,2025","Oct 31,2026",-75.1743776,39.9174096
"2121",92503,"R5241","Restaurant (Liquor)","Active","PJ CLARKES AT THE CURTIS LLC","PJ CLARKES AT THE CURTIS","601 WALNUT ST  170 S INDEPENDANCE WEST MALL, PHILADELPHIA PA 19106","601 WALNUT ST  170 S INDEPENDANCE WEST MALL, PHILADELPHIA PA 19106","PJ CLARKES AT THE CURTIS LLC","PHILIP  SCOTTI","Philadelphia County","Philadelphia City","Nov 4,2025","Oct 31,2026",-75.1518312,39.9481192
"2122",93324,"R3916","Restaurant (Liquor)","Active","BERKSHIRE COFFEE LLC","BERKSHIRE COFFEE LLC","1934-40 N FRONT ST, PHILADELPHIA PA 19122",NA,"North Front Street Properties, LLC","YANINA CHEPURA","Philadelphia County","Philadelphia City","Aug 7,2025","Oct 31,2026",-75.1336444,39.9795978
"2123",37861,"R4886","Restaurant (Liquor)","Active","DANTE & LUIGI'S, INC.","DANTE & LUIGI'S, INC.","760-762 S 10TH ST, PHILADELPHIA PA 19147-2742","760-762 S 10TH ST, PHILADELPHIA PA 19147-2742",NA,"CONSTANCE REIVER","Philadelphia County","Philadelphia City","Sep 24,2025","Oct 31,2026",-75.1594878,39.9401498
"2124",72731,"R3789","Restaurant (Liquor)","Active","WISHBONE RESTAURANT LLC","WISHBONE RESTAURANT LLC","210 S 13TH ST, PHILADELPHIA PA 19107-5491","325 CHESTNUT ST STE 713, PHILADELPHIA PA 19106-2607",NA,"ALAN SEGEL","Philadelphia County","Philadelphia City","Aug 20,2025","Oct 31,2026",-75.1624904,39.9484712
"2125",65808,"R15473","Restaurant (Liquor)","Active","CIGARS ON WALNUT LLC","CIGARS ON WALNUT LLC","1522 WALNUT ST  2ND FL, PHILADELPHIA PA 19102-3601","1522 WALNUT ST  2ND FL, PHILADELPHIA PA 19102-3601",NA,"ROBERT A KROL JR","Philadelphia County","Philadelphia City","Apr 16,2026","Oct 31,2026",-75.1671065,39.9494488
"2126",71236,"R9494","Restaurant (Liquor)","Active","517 RJ INC","517 RJ INC","201 W CLARKSON AVE, PHILADELPHIA PA 19120-2816","201 W CLARKSON AVE, PHILADELPHIA PA 19120-2816","CHHAI SIM","MICHAEL HALTERMAN","Philadelphia County","Philadelphia City","Jul 7,2025","Oct 31,2026",-75.1258468,40.0344704
"2127",67204,"R457","Restaurant (Liquor)","Active","809 SPORT BAR INC","809 SPORT BAR INC","3405 N 2ND ST, PHILADELPHIA PA 19140-4601","3405 N 2ND ST, PHILADELPHIA PA 19140-4601",NA,"GONZALO A RODRIGUEZ TORRES","Philadelphia County","Philadelphia City","Sep 30,2025","Oct 31,2026",-75.1323144,40.0024176
"2128",105383,"R14645","Restaurant (Liquor)","Active","KL 5527 INC","KL 5527 INC","5527 BALTIMORE AVE, PHILADELPHIA PA 19143-2841","5527 BALTIMORE AVE, PHILADELPHIA PA 19143-2841","RATTANAK TANG AND SREY N KE","HENG S LIM","Philadelphia County","Philadelphia City","Jun 24,2026","Oct 31,2026",-75.2345143,39.9473534
"2129",81453,"R6276","Restaurant (Liquor)","Active","7101 PT RESTAURANT INC","7101 PT RESTAURANT INC","7101 RISING SUN AVE, PHILADELPHIA PA 19111-3924","7101 RISING SUN AVE, PHILADELPHIA PA 19111-3924","MARYBARBARA BELL","JOHN BELL","Philadelphia County","Philadelphia City","Dec 18,2025","Oct 31,2026",-75.0868397,40.0581936
"2130",100231,"R10265","Restaurant (Liquor)","Active","1907 SANSOM ST OPERATING INC","1907 SANSOM ST OPERATING INC","1905-1907 SANSOM ST, PHILADELPHIA PA 19103-4603","1905-1907 SANSOM ST, PHILADELPHIA PA 19103-4603","MICHAEL SINGER","KATIE E HOLLAND","Philadelphia County","Philadelphia City","Aug 6,2025","Oct 31,2026",-75.1723736,39.9513112
"2131",41545,"R7108","Restaurant (Liquor)","Active","CARVER'S SALOON, INC.","THE BISHOP'S COLLAR","2349 FAIRMOUNT AVE, PHILADELPHIA PA 19130-2515","2349 FAIRMOUNT AVE, PHILADELPHIA PA 19130-2515",NA,"JEFFREY KEEL","Philadelphia County","Philadelphia City","Oct 14,2025","Oct 31,2026",-75.176879,39.9675656
"2132",131366,"R2115","Restaurant (Liquor)","Active","FONTANA 1701 INC","LA FONTANA DELLA CITTA","1701 SPRUCE ST, PHILADELPHIA PA 19103","37-41 ASHLAND AVE, BALA CYNWYD PA 19004","FONTANA 1701 INC","HAZBI DAKU","Philadelphia County","Philadelphia City","May 8,2026","Oct 31,2026",-75.1697005,39.947769
"2133",102264,"R1140","Restaurant (Liquor)","Active","EL PUREPECHA INC","EL PUREPECHA INC","315 N 12TH ST, PHILADELPHIA PA 19107-1201","315 N 12TH ST, PHILADELPHIA PA 19107-1201","POST GOLDTEX LP","JANNETH L SINCHI MEJIA","Philadelphia County","Philadelphia City","Sep 23,2025","Oct 31,2026",-75.1583505,39.9582949
"2134",104509,"R11571","Restaurant (Liquor)","Active","GOOD FRIEND LLC","MIDDLE CHILD CLUBHOUSE","1232 N FRONT ST, PHILADELPHIA PA 19122-4634","1112 SPRUCE ST, APT 3, PHILADLEPHIA PA 19107-6015","1232-42 N FRONT STREET, LLC","MATTHEW A CAHN","Philadelphia County","Philadelphia City","Sep 3,2025","Oct 31,2026",-75.1363565,39.970096
"2135",126153,"R7914","Restaurant (Liquor)","Active","3025 FOOD HALL LL LLC","3025 FOOD HALL LL LLC","3025 MARKET  ST STES 100 & LL 100, PHILADELPHIA PA 19104","3025 MARKET  ST STES 100 & LL 100, PHILADELPHIA PA 19104","ACADEMIC PROPERTIES INC","AARON L FINNEY","Philadelphia County","Philadelphia City","May 21,2026","Oct 31,2026",NA,NA
"2136",107664,"R362","Restaurant (Liquor)","Active","HUA GUI LLC","HUA GUI LLC","180 W GIRARD AVE UNIT 106A, PHILADELPHIA PA 19123-1660","180 W GIRARD AVE UNIT 106A, PHILADELPHIA PA 19123-1660","SUP I SCHMIDTS LLC","XIAOQIAN WU","Philadelphia County","Philadelphia City","Aug 18,2025","Oct 31,2026",-75.1390321,39.9684394
"2137",64772,"R512","Restaurant (Liquor)","Safekeeping","6TH & BAINBRIDGE BAR & GRILL LLC","6TH & BAINBRIDGE BAR & GRILL LLC","625-27 SOUTH SIXTH ST, PHILADELPHIA PA 19147","625-27 SOUTH SIXTH ST, PHILADELPHIA PA 19147","6TH & BAINBRIDGE BAR & GRILL LLC","ADAM D VOLK","Philadelphia County","Philadelphia City","Oct 22,2025","Oct 31,2026",-75.152254,39.9412329
"2138",15353,"R12147","Restaurant (Liquor)","Safekeeping","MCGLINCHEY'S BAR & GRILL INC.","MCGLINCHEY'S BAR","259-261 S 15TH ST, PHILADELPHIA PA 19102-5035","259-261 S 15TH ST, PHILADELPHIA PA 19102-5035",NA,"DOUGLAS SOKOL","Philadelphia County","Philadelphia City","Apr 13,2026","Oct 31,2026",-75.1661456,39.947761
"2139",119640,"R7317","Restaurant (Liquor)","Safekeeping","SP WISTER PROPERTY, INC","SP WISTER PROPERTY, INC","6100 WISTER ST, PHILADELPHIA PA 19138-2452","6100 WISTER ST, PHILADELPHIA PA 19138-2452","SP WISTER PROPERTY, INC","MIHWA S HAN","Philadelphia County","Philadelphia City","Jun 16,2026","Oct 31,2026",-75.1582705,40.0466725
"2140",97159,"R9186","Restaurant (Liquor)","Safekeeping","2240 FRANKFORD INC","2240 FRANKFORD INC","2240 FRANKFORD AVE, PHILADELPHIA PA 19125","TROY TIMPEL-1631 MEADOW ST, PHILADELPHIA PA 19124","TOTEM REAL ESTATE LLC",NA,"Philadelphia County","Philadelphia City","Aug 31,2026","Oct 31,2026",-75.128767,39.9805516
"2141",66445,"R2410","Restaurant (Liquor)","Safekeeping","YO DELI INC","YO DELI INC","900 W HUNTINGDON ST, PHILADELPHIA PA 19133-1922","900 W HUNTINGDON ST, PHILADELPHIA PA 19133-1922",NA,"KENNI KOUCH","Philadelphia County","Philadelphia City","Nov 19,2025","Oct 31,2026",-75.1465975,39.9912166
"2142",72774,"R8476","Restaurant (Liquor)","Safekeeping","D JANSEN LLC","D JANSEN LLC","7402 GERMANTOWN AVE, PHILADELPHIA PA 19119-1649","1234 BRIDGETOWN PK SUITE 110, FEASTERVILLE PA 19053-2208",NA,"DAVID JANSEN","Philadelphia County","Philadelphia City","Dec 1,2025","Oct 31,2026",-75.1931524,40.0626973
"2143",107106,"R7655","Restaurant (Liquor)","Safekeeping","3131 WALNUT STREET TAVERN LLC","3131 WALNUT STREET TAVERN LLC","3131 WALNUT ST, PHILADELPHIA PA 19104","1511 LOCUST ST, PHILADELPHIA PA 19102-3701","AIMCO 3131 WALNUT STREET LLC","ANTHONY J ERCOLE","Philadelphia County","Philadelphia City","Jan 28,2026","Oct 31,2026",-75.186818,39.9534886
"2144",133631,"R8497","Restaurant (Liquor)","Safekeeping","EMEI PASSYUNK LLC","EMEI PASSYUNK LLC","1734-36-38 E PASSYUNK AVE, PHILADELPHIA PA 19148","1734-36-38 E PASSYUNK AVE, PHILADELPHIA PA 19148","1734 EAST PASSYUNK, LLC","YI Q TSAO","Philadelphia County","Philadelphia City","Aug 13,2026","Oct 31,2026",-75.1658701,39.9279881
"2145",126294,"SO57839","Special Occasion Permit","Active","FRIENDS OF RYAN","FRIENDS OF RYAN","11201 ACADEMY RD, PHILADELPHIA PA 19154-3303","11201 ACADEMY RD, PHILADELPHIA PA 19154-3303",NA,NA,"Philadelphia County","Philadelphia City","Jun 11,2026","Dec 31,2026",-74.9865339,40.0850641
"2146",130839,"SO60792","Special Occasion Permit","Active","OVERBROOK WEST NEIGHBORS, INC","OVERBROOK WEST NEIGHBORS, INC","6027 CLIFFORD TERRACE, PHILADELPHIA PA 19151-3505","6027 CLIFFORD TERRACE, PHILADELPHIA PA 19151-3505",NA,NA,"Philadelphia County","Philadelphia City","Apr 29,2026","Dec 31,2026",-75.2422417,39.9819927
"2147",130444,"SO60573","Special Occasion Permit","Active","CULTURA HISPANA DE NJ","CULTURA HISPANA DE NJ","1327 LIBERTY ST, HAMILTON NJ 08629-2213","1327 LIBERTY ST, HAMILTON NJ 08629-2213",NA,NA,"Philadelphia County","Philadelphia City","Jan 22,2026","Dec 31,2026",-74.7367419,40.2100302
"2148",130239,"SO60399","Special Occasion Permit","Active","EAST FALLS FORWARD","EAST FALLS FORWARD","3721 MIDVALE AVE, PHILADELPHIA PA 19129-1743","3721 MIDVALE AVE, PHILADELPHIA PA 19129-1743",NA,NA,"Philadelphia County","Philadelphia City","Jan 22,2026","Dec 31,2026",-75.1935242,40.0097205
"2149",133371,"SO61548","Special Occasion Permit","Active","UNITED STREET ART","UNITED STREET ART","5131 W GIRARD AVE, PHILADELPHIA PA 19131-4403","5131 W GIRARD AVE, PHILADELPHIA PA 19131-4403",NA,NA,"Philadelphia County","Philadelphia City","May 11,2026","Dec 31,2026",-75.2246041,39.9719153
"2150",110147,"SO49511","Special Occasion Permit","Active","UNITED STATES BARTENDERS GUILD","UNITED STATES BARTENDERS GUILD","2654 W HORIZON RIDGE PKWY, STE B5, PMB252, HENDERSON  89052","2654 W HORIZON RIDGE PKWY, STE B5, PMB252, HENDERSON  89052",NA,NA,"Philadelphia County","Philadelphia City","Mar 5,2026","Dec 31,2026",-115.1041829,36.0015215
"2151",129330,NA,"Special Occasion Permit","Pending","FIRE MUSEUM PRESENTS","FIRE MUSEUM PRESENTS","2125 E YORK ST, PHILADELPHIA PA 19125-1637","2125 E YORK ST, PHILADELPHIA PA 19125-1637",NA,NA,"Philadelphia County","Philadelphia City",NA,"Dec 31,2026",-75.1278492,39.9819614
"2152",133815,"R4081","Restaurant (Liquor)","Pending","WIZ HOSPITALITY GROUP LLC","WIZ HOSPITALITY GROUP LLC","5121 TULIP ST, PHILADELPHIA PA 19124-2246","5121 TULIP ST, PHILADELPHIA PA 19124-2246",NA,NA,"Philadelphia County","Philadelphia City",NA,"Oct 31,2026",-75.070305,40.0116583
"2153",135625,"R8476","Restaurant (Liquor)","Pending","7402 LICENSE LLC","7402 LICENSE LLC","7402 GERMANTOWN AVE, PHILADELPHIA PA 19119-1649","7402 GERMANTOWN AVE, PHILADELPHIA PA 19119-1649",NA,NA,"Philadelphia County","Philadelphia City",NA,"Oct 31,2026",-75.1931524,40.0626973
"2154",134173,"R6799","Restaurant (Liquor)","Pending","BAR NOSTRA LLC","BAR NOSTRA LLC","2101 CHESTNUT ST UNIT F, PHILADELPHIA PA 19103-3108","2101 CHESTNUT ST UNIT F, PHILADELPHIA PA 19103-3108","SAULINO LLC","AAKASH N PATEL","Philadelphia County","Philadelphia City",NA,"Oct 31,2026",-75.1757658,39.952626
"2155",133476,"R726","Restaurant (Liquor)","Pending","ERIE AVE MANAGEMENT LLC","MAXS STEAKS AND EAGLE BAR","3653 GERMANTOWN AVE, PHILADELPHIA PA 19140-4255","36 ROUTE 70 WEST, STE 201, MARLTON NJ 08053","CHARLES S WEINER","ANTHONY H CALLAHAN","Philadelphia County","Philadelphia City",NA,"Oct 31,2026",-75.1514073,40.009458
"2156",135359,"R11417","Restaurant (Liquor)","Pending","RETROSOCIAL LLC","RETROSOCIAL LLC","1307 S 6TH ST, PHILADELPHIA PA 19147","1307 S 6TH ST, PHILADELPHIA PA 19147",NA,NA,"Philadelphia County","Philadelphia City",NA,"Oct 31,2026",-75.1544068,39.9321697
"2157",134433,"E1968","Eating Place Retail Dispenser (Malt)","Pending","PUPUSERIA EMILY CORP","PUPUSERIA EMILY CORP","551 E WYOMING AVE, PHILADELPHIA PA 19120","551 E WYOMING AVE, PHILADELPHIA PA 19120",NA,NA,"Philadelphia County","Philadelphia City",NA,"Oct 31,2026",-75.1144286,40.0205103
"2158",49435,"AE864","Alcohol Tax-Exempt","Active","DREXEL UNIVERSITY","DREXEL UNIVERSITY","400 N 31ST ST, PHILADELPHIA PA 19104","400 N 31ST ST, PHILADELPHIA PA 19104",NA,NA,"Philadelphia County","Philadelphia City","Jun 13,2025","Dec 31,2028",-75.1874986,39.961979
"2159",131630,"AE61202","Alcohol Tax-Exempt","Active","MONELL CHEMICAL SENSES CENTER","MONELL CHEMICAL SENSES CENTER","3500 MARKET ST, PHILADELPHIA PA 19104","3500 MARKET ST, PHILADELPHIA PA 19104",NA,NA,"Philadelphia County","Philadelphia City","Jul 15,2025","Dec 31,2028",-75.1926441,39.9555832
"2160",70468,"AE956","Alcohol Tax-Exempt","Active","AMERICAN ONCOLOGIC HOSPITAL","AMERICAN ONCOLOGIC HOSPITAL DBA HOSPITAL OF FOX CHASE CANCER CTR","333 COTTMAN AVE, PHILADELPHIA PA 19111-2434","333 COTTMAN AVE, PHILADELPHIA PA 19111-2434",NA,NA,"Philadelphia County","Philadelphia City","Jan 14,2025","Dec 31,2028",-75.0894183,40.0702597
"2161",36166,"AE784","Alcohol Tax-Exempt","Active","LA SALLE UNIVERSITY","LA SALLE UNIVERSITY","1900 W OLNEY AVE, PHILADELPHIA PA 19141-1199","1900 W OLNEY AVE, PHILADELPHIA PA 19141-1199",NA,NA,"Philadelphia County","Philadelphia City","Sep 9,2024","Dec 31,2028",-75.1558184,40.0390398
"2162",113138,"AE51286","Alcohol Tax-Exempt","Active","SAINT JOSEPH'S UNIVERSITY","SAINT JOSEPH'S UNIVERSITY","UNIVERSITY CITY CAMPUS  600 S 43RD ST, PHILADELPHIA PA 19104-4418","UNIVERSITY CITY CAMPUS  600 S 43RD ST, PHILADELPHIA PA 19104-4418",NA,NA,"Philadelphia County","Philadelphia City","Sep 17,2024","Dec 31,2028",-75.2083472,39.9471015
"2163",29488,"AE162","Alcohol Tax-Exempt","Active","ALBERT EINSTEIN MEDICAL CENTER ATTN: PHARMACY DEPT","ALBERT EINSTEIN MEDICAL CENTER ATTN: PHARMACY DEPT","5501 OLD YORK RD, PHILADELPHIA PA 19141","5501 OLD YORK RD, PHILADELPHIA PA 19141",NA,NA,"Philadelphia County","Philadelphia City","Nov 18,2024","Dec 31,2028",-75.1437099,40.0370503
"2164",40930,"AN2474","Alcohol Non-Beverage","Active","CHESTNUT HILL COLLEGE DEPARTMENT OF CHEMISTRY","CHESTNUT HILL COLLEGE DEPARTMENT OF CHEMISTRY","9601 GERMANTOWN AVE, PHILADELPHIA PA 19118-2693","9601 GERMANTOWN AVE, PHILADELPHIA PA 19118-2693",NA,NA,"Philadelphia County","Philadelphia City","May 21,2025","Dec 31,2028",-75.2267573,40.0873136
"2165",122283,"AN56949","Alcohol Non-Beverage","Active","CARISMA THERAPEUTICS INC","CARISMA THERAPEUTICS INC","3675 MARKET ST STE 401, PHILADELPHIA PA 19104-2897","3675 MARKET ST STE 401, PHILADELPHIA PA 19104-2897",NA,NA,"Philadelphia County","Philadelphia City","Oct 28,2024","Dec 31,2028",-75.1950287,39.9561126
"2166",108700,"AN48600","Alcohol Non-Beverage","Active","ARO BIOTHERAPEUTICS COMPANY","ARO BIOTHERAPEUTICS COMPANY","THE CURTIS 7TH FLOOR (STE 701 & STE 740)  170 S INDEPENDENCE MALL W, PHILADELPHIA PA 19106-3314","THE CURTIS 7TH FLOOR (STE 701 & STE 740)  170 S INDEPENDENCE MALL W, PHILADELPHIA PA 19106-3314",NA,NA,"Philadelphia County","Philadelphia City","Dec 16,2025","Dec 31,2028",NA,NA
"2167",59021,"AN2919","Alcohol Non-Beverage","Active","AVID RADIOPHARMACEUTICALS","AVID RADIOPHARMACEUTICALS","3711 MARKET ST SUITE 710, PHILADELPHIA PA 19104-2614","3711 MARKET ST SUITE 710, PHILADELPHIA PA 19104-2614",NA,NA,"Philadelphia County","Philadelphia City","Feb 7,2025","Dec 31,2028",-75.1967669,39.9567561
"2168",91410,"AR37782","Airport Restaurant (Liquor)","Active","STAR GLOBAL HOSPITALITY LLC","GACHI SUSHI & NOODLES","PHILADELPHIA INTERNATIONAL AIRPORT  8500 ESSINGTON AVE  TERMINAL E   SPACE 8B, PHILADELPHIA PA 19153","911 FORKSBRIDGE CRT, GAMBRILLS MD 21054","CITY OF PHILADELPHIA","MARIA L SULISPYA","Philadelphia County","Philadelphia City","Aug 7,2025","Oct 31,2026",-75.2419857,39.8779187
"2169",59418,"B94","Bonded Warehouse (Liquor)","Active","AMERICAN SUPPLY CO","AMERICAN SUPPLY CO","2411 N AMERICAN ST, PHILADELPHIA PA 19133","PO BOX 60985, PHILADELPHIA PA 19133-0985","AMERICAN SUPPLY CO","THOMAS MANCINI","Philadelphia County","Philadelphia City","Sep 29,2025","Dec 31,2026",-75.1365659,39.9875045
"2170",1440,"C2919","Club (Liquor)","Safekeeping","AMERICAN LEGION CRISPUS ATTUCKS POST NO. 151","AMERICAN LEGION CRISPUS ATTUCKS POST NO. 151","1716-18 N 24TH ST, PHILADELPHIA PA 19121","1716-18 N 24TH ST, PHILADELPHIA PA 19121","AMERICAN LEGION CRISPUS ATTUCKS POST NO. 151","CLAUDY C BAKER","Philadelphia County","Philadelphia City","Sep 8,2026","Oct 31,2026",-75.1741846,39.9813019
"2171",32871,"C761","Club (Liquor)","Active","THE JOLLY SIX","THE JOLLY SIX","3634 N 17TH ST, PHILADELPHIA PA 19140","3634 N 17TH ST, PHILADELPHIA PA 19140","MCKINLEY JOHNSON","BRANDON S PINKNEY","Philadelphia County","Philadelphia City","Sep 3,2025","Oct 31,2026",-75.1564204,40.0092483
"2172",667,"C658","Club (Liquor)","Active","AMERICAN LEGION BRIDESBURG POST NO. 821","AMERICAN LEGION BRIDESBURG POST NO. 821","4404 SALMON ST, PHILADELPHIA PA 19137-1607","4404 SALMON ST, PHILADELPHIA PA 19137-1607","AMERICAN LEGION BRIDESBURG POST NO. 821","GARY P ROMAN","Philadelphia County","Philadelphia City","Sep 19,2025","Oct 31,2026",-75.0739013,39.9984665
"2173",28386,"C351","Club (Liquor)","Active","WOODLAND STRING BAND","WOODLAND STRING BAND","2041 S 3RD ST  , PHILADELPHIA PA 19148","2041 S 3RD ST  , PHILADELPHIA PA 19148","WOODLAND STRING BAND","SCOTT GRECO","Philadelphia County","Philadelphia City","Nov 3,2025","Oct 31,2026",-75.1507996,39.9222174
"2174",1437,"C2905","Club (Liquor)","Active","CHOIR SOC OF THE HOLY GHOST GREEK CATHOLIC CHURCH OF PHILA. PA.","CHOIR SOC OF THE HOLY GHOST GREEK CATHOLIC CHURCH OF PHILA. PA.","2301-09 S 25TH ST, PHILADELPHIA PA 19145","2301-09 S 25TH ST, PHILADELPHIA PA 19145","HOLY GHOST BYZANTINE CATHOLIC CHURCH","TIMOTHY R HANSON","Philadelphia County","Philadelphia City","Oct 15,2025","Oct 31,2026",-75.1883873,39.9242151
"2175",1707,"C3664","Club (Liquor)","Active","IMPROVED ORDER OF RED MEN CROW TRIBE NO. 423","IMPROVED ORDER OF RED MEN CROW TRIBE NO. 423","1433 JACKSON ST, PHILADELPHIA PA 19145-3940","1433 JACKSON ST, PHILADELPHIA PA 19145-3940","IMPROVED ORDER OF RED MEN CROW TRIBE NO. 423","RANDY PIZZO","Philadelphia County","Philadelphia City","Sep 8,2025","Oct 31,2026",-75.1712798,39.9234699
"2176",1277,"C2458","Club (Liquor)","Active","ROXBOROUGH TURNERS","ROXBOROUGH TURNERS","418 LEVERINGTON AVE, PHILADELPHIA PA 19128-3312","418 LEVERINGTON AVE, PHILADELPHIA PA 19128-3312","ROXBOROUGH TURNERS","MICHAEL D BRADY","Philadelphia County","Philadelphia City","Aug 18,2025","Oct 31,2026",-75.2202609,40.0344752
"2177",70623,"C46434","Club (Liquor)","Active","THE CHEVRA INC","THE CHEVRA INC","2007 RANSTEAD ST, PHILADELPHIA PA 19103","325 CHESTNUT ST STE 713B, PHILADELPHIA PA 19106-2614","THE CHEVRA INC","LEON L VINOKUR","Philadelphia County","Philadelphia City","Sep 9,2025","Oct 31,2026",-75.173676,39.952821
"2178",37398,"CC1804","Catering Club (Liquor)","Active","UNITED STEELWORKERS LOCAL UNION NO 10-286","UNITED STEELWORKERS LOCAL UNION NO 10-286","410-24 N 8TH ST, PHILADELPHIA PA 19123-3903","410-24 N 8TH ST, PHILADELPHIA PA 19123-3903","UNITED STEELWORKERS LOCAL UNION NO 10-286","MICHAEL A CONNELL","Philadelphia County","Philadelphia City","Sep 9,2025","Oct 31,2026",-75.1524215,39.9590284
"2179",70679,"D1397","Distributor (Malt)","Active","WINDRIM BEER INC","WINDRIM BEER INC","1025-41 WINDRIM AVE, PHILADELPHIA PA 19141-4027","1025-41 WINDRIM AVE, PHILADELPHIA PA 19141-4027","BRIAN LAV","BRIAN LAV","Philadelphia County","Philadelphia City","Jul 17,2025","Oct 31,2026",-75.140536,40.032964
"2180",60511,"D3250","Distributor (Malt)","Active","HENRY BEVERAGE INC","MCKEOWNS BEVERAGE","6830 RISING SUN AVE, PHILADELPHIA PA 19111-3902","6830 RISING SUN AVE, PHILADELPHIA PA 19111-3902","HO CHANGE","HAN B CHANG","Philadelphia County","Philadelphia City","Aug 13,2025","Oct 31,2026",-75.0911996,40.0554788
"2181",103360,"D2423","Distributor (Malt)","Active","THIRSTY TULIP LLC","THIRSTY TULIP LLC","2313  E VENANGO ST STORE# 4A, PHILADELPHIA PA 19134","2313  E VENANGO ST STORE# 4A, PHILADELPHIA PA 19134","ARAMINGO VILLAGE ASSOCIATES","RANDALL E RAMIREZ","Philadelphia County","Philadelphia City","Jul 16,2025","Oct 31,2026",-75.0970217,39.9944495
"2182",94490,"D1839","Distributor (Malt)","Active","PHILLY BEVERAGES LLC","PHILLY BEVERAGES LLC","2517 W GIRARD AVE, PHILADELPHIA PA 19130","376 AVON RD APT M291 B, DEVON PA 19333","2517 W GIRARD LLC","SUBHASH C TEHLAN","Philadelphia County","Philadelphia City","Jul 28,2025","Oct 31,2026",-75.1782239,39.9740898
"2183",61276,"D2219","Distributor (Malt)","Active","X LIN INC","X LIN INC","4571 ARAMINGO AVE, PHILADELPHIA PA 19124-4103","4571 ARAMINGO AVE, PHILADELPHIA PA 19124-4103","XIONG LIN","XIONG LIN","Philadelphia County","Philadelphia City","Jul 17,2025","Oct 31,2026",-75.078747,40.0028391
"2184",125800,"D3798","Distributor (Malt)","Active","CHAN & COURTNEY INC","CHAN & COURTNEY INC","101 OLNEY AVE UNIT 190, PHILADELPHIA PA 19120-2400","101 OLNEY AVE UNIT 190, PHILADELPHIA PA 19120-2400","O & O OWNER LLC","HUA V LIEU","Philadelphia County","Philadelphia City","Aug 27,2025","Oct 31,2026",-75.1215845,40.0355107
"2185",87351,"D597","Distributor (Malt)","Active","PA NEW DREAM INC","PA NEW DREAM INC","9218 ASHTON RD, PHILADELPHIA PA 19114-3408","818 BARTLETT ST, PHILADELPHIA PA 19115","JOHN GERNER, JANETTE KURZAC, JOYCE ARMSTRONG, JILL PISTORY","MINGWEI ZHOU","Philadelphia County","Philadelphia City","Jul 9,2025","Oct 31,2026",-75.0213252,40.0643915
"2186",63671,"D3309","Distributor (Malt)","Active","VINCE BEVERAGE INC","VINCE BEVERAGE INC","2048 RIDGE AVE, PHILADELPHIA PA 19121-3910","2048 RIDGE AVE, PHILADELPHIA PA 19121-3910","XIN LIN","KAIKAN GUO","Philadelphia County","Philadelphia City","Aug 27,2026","Oct 31,2026",-75.1693208,39.9765804
"2187",82303,"E744","Eating Place Retail Dispenser (Malt)","Active","HBP21 INC","HBP21 INC","648 S 60TH ST, PHILADELPHIA PA 19143-2339","648 S 60TH ST, PHILADELPHIA PA 19143-2339","HYUN-BOO PARK","HYUN-BOO PARK","Philadelphia County","Philadelphia City","Aug 20,2025","Oct 31,2026",-75.2432496,39.9511199
"2188",80684,"E4724","Eating Place Retail Dispenser (Malt)","Active","LUCKY DELI INC","LUCKY DELI","24 N 52ND ST, PHILADELPHIA PA 19139-2643","24 N 52ND ST, PHILADELPHIA PA 19139-2643","SOVANARATH CHEA","RYAN VON","Philadelphia County","Philadelphia City","Apr 8,2026","Oct 31,2026",-75.2249727,39.9607564
"2189",109058,"E2157","Eating Place Retail Dispenser (Malt)","Active","RSD CORPORATION","YELLOW FRONT MARKET","1700-02 RIDGE AVE, PHILADELPHIA PA 19130","1700-02 RIDGE AVE, PHILADELPHIA PA 19130","HSB PROPERTY LLC","DARSHAN S PATEL","Philadelphia County","Philadelphia City","Jul 30,2025","Oct 31,2026",-75.1650739,39.9704762
"2190",114619,"E1941","Eating Place Retail Dispenser (Malt)","Safekeeping","YAO'S COLD BEER & FOOD LLC","YAO'S COLD BEER & FOOD LLC","9037-39 ASHTON RD, PHILADELPHIA PA 19136-1030","9037-39 ASHTON RD, PHILADELPHIA PA 19136-1030","YAO'S REALTY LLC","XING WEI LIN","Philadelphia County","Philadelphia City","Sep 1,2026","Oct 31,2026",-75.022295,40.062314
"2191",130243,"E284","Eating Place Retail Dispenser (Malt)","Active","7103 BUSTLETON INC","7103 BUSTLETON INC","7103 BUSTLETON AVE, PHILADELPHIA PA 19149-1226","7103 BUSTLETON AVE, PHILADELPHIA PA 19149-1226","SAIQING ZHANG","XIOMARA A TORRES-GOMEZ","Philadelphia County","Philadelphia City","Dec 3,2025","Oct 31,2026",-75.0612858,40.0444442
"2192",91715,"G39353","Brewery","Active","BRODSTEIN LLC","SACRED VICE BREWING COMPANY","1817-53 N HOWARD ST, PHILADELPHIA PA 19122","1817-53 N HOWARD ST, PHILADELPHIA PA 19122","Richmond Mills, L.P","JUSTIN M STEINBERG","Philadelphia County","Philadelphia City","Nov 7,2025","Dec 31,2026",-75.1346276,39.9780741
"2193",112125,"G51763","Brewery","Active","NEW GEORGIAN HOUSE LLC","NEW GEORGIAN HOUSE LLC","13033 BUSTLETON AVE, PHILADELPHIA PA 19116-1601","13033 BUSTLETON AVE, PHILADELPHIA PA 19116-1601","SAM INVESTMENTS, LP","ALEXANDRE ANDGULADZE","Philadelphia County","Philadelphia City","Dec 23,2025","Dec 31,2026",-75.0146869,40.1244411
"2194",72603,"G624","Brewery","Active","AR TART LLC","AR TART LLC","8229 GERMANTOWN AVE BLDG D SP 8 AND 9, PHILADELPHIA PA 19118-3446","8229 GERMANTOWN AVE BLDG D SP 8 AND 9, PHILADELPHIA PA 19118-3446","GLENGARRY PROPERTIES LP","NICHOLAS GUNDERSON","Philadelphia County","Philadelphia City","Nov 13,2025","Dec 31,2026",-75.2026171,40.0741038
"2195",85236,"G36972","Brewery","Safekeeping","IRON HILL BREWERY EAST MARKET LLC","IRON HILL BREWERY EAST MARKET LLC","1150 MARKET ST, PHILADELPHIA PA 19107","2502 W 6TH  ST, WILMINGTON DE 19805-2909","1100 MARKET STREET LP","GREGORY LABARBERA","Philadelphia County","Philadelphia City","Dec 24,2025","Dec 31,2026",-75.1594358,39.9516875
"2196",129228,"GS60675","Brewery Storage","Active","TWISTED GINGERS BEER LLC","TWISTED GINGERS BREWING COMPANY","4317 FLEMING ST, PHILADELPHIA PA 19128","4317 FLEMING ST, PHILADELPHIA PA 19128","REDUX DEVELOPMENT LLC","JOSHUA J LEJEUNE","Philadelphia County","Philadelphia City","Oct 27,2025","Dec 31,2026",-75.2185241,40.0274956
"2197",110764,"GS52280","Brewery Storage","Active","BRODSTEIN LLC","SACRED VICE BREWING COMPANY","3237 AMBER ST UNIT 4-1-B, PHILADELPHIA PA 19134","3237 AMBER ST UNIT 4-1-B, PHILADELPHIA PA 19134",NA,"MATTHEW L BRODSKY","Philadelphia County","Philadelphia City","Nov 7,2025","Dec 31,2026",-75.1086783,39.9927066
"2198",84497,"H34241","Hotel (Liquor)","Safekeeping","KPG NORTHEAST LLC","FOUR POINTS SHERATON PHILADELPHIA","9461 ROOSEVELT BLVD, PHILADELPHIA PA 19114-2203","9461 ROOSEVELT BLVD, PHILADELPHIA PA 19114-2203","KPG NORTHEAST LLC","JOHN E HAGGERTY","Philadelphia County","Philadelphia City","Apr 17,2026","Oct 31,2026",-75.0290137,40.0787459
"2199",7733,"H5444","Hotel (Liquor)","Active","THE TRUSTEES OF THE UNIVERSITY OF PENNSYLVANIA","WHARTON EXECUTIVE EDUCATION CENTER","255 S 38TH ST, PHILADELPHIA PA 19104-3706","255 S 38TH ST, PHILADELPHIA PA 19104-3706",NA,"JUSTIN R HUGHES","Philadelphia County","Philadelphia City","Jun 9,2026","Oct 31,2026",-75.1986144,39.9517278
"2200",82419,"I32952","Importer","Active","EPICUREAN SELECTION LLC","EPICUREAN SELECTION LLC","958 NORTH AMERICAN ST, PHILADELPHIA PA 19123","958 NORTH AMERICAN ST, PHILADELPHIA PA 19123","JONATHAN BRANDEN READ",NA,"Philadelphia County","Philadelphia City","Mar 16,2026","Jun 30,2027",-75.1413424,39.9662369
"2201",115319,"I52972","Importer","Active","YACHI BLANC '22 LLC","YACHI BLANC '22, LLC","2672 ALMOND ST, PHILADELPHIA PA 19125-3825","2672 ALMOND ST, PHILADELPHIA PA 19125-3825","TIFFANY T SMITH",NA,"Philadelphia County","Philadelphia City","Mar 31,2026","Jun 30,2027",-75.1160759,39.9792539
"2202",128331,"I60332","Importer","Active","PORTAL 5 LLC","PORTAL 5 LLC","10183 DEDAKER DR, PHILADELPHIA PA 19116","1363 N 31ST ST APT 529, PHILADELPHIA PA 19121","NATALYA  KROTKOVA",NA,"Philadelphia County","Philadelphia City","Apr 17,2026","Jun 30,2027",-75.0202637,40.1043735
"2203",117319,"I54776","Importer","Active","THE VERMOUTHERY, LLC","THE VERMOUTHERY LLC","421 N 7TH ST STE 105, PHILADELPHIA PA 19123-3925","421 N 7TH ST STE 105, PHILADELPHIA PA 19123-3925","NE CALLOWHILL CENTER LLC",NA,"Philadelphia County","Philadelphia City","Jun 15,2026","Jun 30,2027",-75.1499503,39.958844
"2204",129706,"I60945","Importer","Active","KAGAN DISTRIBUTION LLC","KAGAN DISTRIBUTION","130 N 2ND ST STE 2, PHILADELPHIA PA 19106","218 N NARBERTH AVE, NARBERTH PA 19072-1806","GENCO REALTY LLC",NA,"Philadelphia County","Philadelphia City","May 13,2026","Jun 30,2027",-75.1432736,39.9527821
"2205",127631,"I59194","Importer","Active","K2R2 LOGISTICS LLC","K2R2 LOGISTICS","3500 SCOTTS LANE C-01, PHILADELPHIA PA 19129-1836","2429 LOCUST ST APT 211, PHILADELPHIA PA 19103-5557","SCOTT LANE HOLDINGS LLC","DANIEL R RODRIGUEZ","Philadelphia County","Philadelphia City","Jul 1,2026","Jun 30,2027",-75.1832828,40.0081293
"2206",84248,"IA32693","Transporter for Hire Class A","Active","PETE'S FAMOUS PIZZA INC","PETE'S FAMOUS PIZZA INC","116 N 21ST ST, PHILADELPHIA PA 19103-1325","116 N 21ST ST, PHILADELPHIA PA 19103-1325",NA,NA,"Philadelphia County","Philadelphia City","Nov 20,2025","Dec 31,2026",-75.1747602,39.9563543
"2207",50655,"IA3877","Transporter for Hire Class A","Active","FALCON EXPRESS INCORPORATED","FALCON EXPRESS INCORPORATED","2250 E CHURCH ST, PHILADELPHIA PA 19124","2250 E CHURCH ST, PHILADELPHIA PA 19124",NA,NA,"Philadelphia County","Philadelphia City","Jan 7,2026","Dec 31,2026",-75.0835872,40.0044686
"2208",41504,"ID2286","Importing Distributor (Malt)","Active","B & O BEVERAGE INC","B & O BEVERAGE INC","4727-29 N FRONT ST, PHILADELPHIA PA 19120-4443","4727-29 N FRONT ST, PHILADELPHIA PA 19120-4443",NA,"LES GRYCEWICZ","Philadelphia County","Philadelphia City","Jul 3,2025","Oct 31,2026",-75.1237803,40.0224282
"2209",96127,"ID838","Importing Distributor (Malt)","Active","STONES BEER COMPANY LLC","STONES BEER COMPANY LLC","1701-1709 FAIRMOUNT AVE, PHILADELPHIA PA 19130-2811","1701-1709 FAIRMOUNT AVE, PHILADELPHIA PA 19130-2811","DAJ 1701 FAIRMOUNT PARTNERS LLC","NICHOLAS WENDOWSKI","Philadelphia County","Philadelphia City","Aug 29,2025","Oct 31,2026",-75.1654318,39.9674344
"2210",121027,"LK57686","Limited Winery","Active","PHILLY WINERY, LLC","PRAY TELL","1615 N HANCOCK ST, PHILADELPHIA PA 19122-3109","170 W OXFORD ST, PHILADELPHIA PA 19122-3914","MASCHER STREET LP","THOMAS S CARUSO","Philadelphia County","Philadelphia City","Sep 24,2025","Dec 31,2026",-75.1368073,39.9748633
"2211",53571,"P43","Public Service (Liquor)","Active","HORNBLOWER CRUISES AND EVENTS LLC","SPIRIT OF PHILADELPHIA","401 S COLUMBUS BLVD, PHILADELPHIA PA 19106","401 S COLUMBUS BLVD, PHILADELPHIA PA 19106",NA,"MATTHEW D OILER","Philadelphia County","Philadelphia City","Oct 17,2025","Dec 31,2026",-75.1412498,39.9415983
"2212",88254,"PV36668","Public Venue Restaurant","Active","OVATIONS FOOD SERVICES LP","PLEASE TOUCH MUSEUM","MEMORIAL HALL WEST PARK  4231 AVENUE OF THE REPUBLIC, PHILADELPHIA PA 19131-3719","MEMORIAL HALL WEST PARK  4231 AVENUE OF THE REPUBLIC, PHILADELPHIA PA 19131-3719",NA,"WILLIAM J MARKS","Philadelphia County","Philadelphia City","Jan 6,2026","Oct 31,2026",-75.2091411,39.979567
"2213",131302,"R5571","Restaurant (Liquor)","Active","KELLIANN SP LLC","KELLIANN SP LLC","153 SNYDER AVE, PHILADELPHIA PA 19148-2617","153 SNYDER AVE, PHILADELPHIA PA 19148-2617","153 SNYDER LLC","KENNETH F KINSELLA","Philadelphia County","Philadelphia City","Mar 2,2026","Oct 31,2026",-75.1497437,39.9220034
"2214",118212,"R2223","Restaurant (Liquor)","Active","1126 WALNUT RESTAURANT INC.","1126 WALNUT RESTAURANT INC.","1126 WALNUT ST, PHILADELPHIA PA 19107-4918","1126 WALNUT ST, PHILADELPHIA PA 19107-4918","DELANCEY WALNUT 2016 LLC","NEAL C WILLIAMS","Philadelphia County","Philadelphia City","Dec 8,2025","Oct 31,2026",-75.1602747,39.9487806
"2215",105284,"R1158","Restaurant (Liquor)","Active","TAQUERIA CRESTA LLC","TAQUERIA CRESTA","3743 MIDVALE AVE, PHILADELPHIA PA 19129","3333 CONRAD ST S, PHILADELPHIA PA 19129","CRESTA HOLDINGS LLC","FRANCISCO J ANTUNEZ JR","Philadelphia County","Philadelphia City","Oct 30,2025","Oct 31,2026",-75.1938664,40.0093631
"2216",50780,"R1799","Restaurant (Liquor)","Active","BARCLAY RESTAURANT GROUP LP","BARCLAY PRIME","237 S 18TH ST, PHILADELPHIA PA 19103-6161","237 S 18TH ST, PHILADELPHIA PA 19103-6161",NA,"HANI A GABR","Philadelphia County","Philadelphia City","Dec 18,2025","Oct 31,2026",-75.1707493,39.9484947
"2217",109726,"R3830","Restaurant (Liquor)","Active","NAM GIANG INC","NAM GIANG INC","427 FRANKLIN MILLS CIR, PHILADELPHIA PA 19154","427 FRANKLIN MILLS CIR, PHILADELPHIA PA 19154","SINH N VOONG","SINH N VOONG","Philadelphia County","Philadelphia City","Sep 9,2025","Oct 31,2026",-74.9649455,40.086079
"2218",93345,"R2125","Restaurant (Liquor)","Active","LOCUST STREET RESTAURANT GROUP LLC","LOCUST STREET RESTAURANT GROUP LLC","219 S 18TH ST  COMMERCIAL UNIT 103, PHILADELPHIA PA 19103","1217 SANSOM ST STE 5S, PHILADELPHIA PA 19107","ADR PARC LP","ANTHONY P SANTINI JR","Philadelphia County","Philadelphia City","Sep 11,2025","Oct 31,2026",-75.1705153,39.9492726
"2219",72558,"R1368","Restaurant (Liquor)","Active","DCEP LLC","DCEP LLC","108-110 S 18TH ST, PHILADELPHIA PA 19103-4901","108-110 S 18TH ST, PHILADELPHIA PA 19103-4901",NA,"DIMITRI POULIMENOS","Philadelphia County","Philadelphia City","Aug 22,2025","Oct 31,2026",-75.170612,39.9514066
"2220",118989,"R1794","Restaurant (Liquor)","Active","TAVERN KITCHEN BAR LLC","TAVERN KITCHEN BAR LLC","5714 ANDERSON ST, PHILADELPHIA PA 19138-1812","5714 ANDERSON ST, PHILADELPHIA PA 19138-1812","5714 ANDERSON INC","DAVE O DAWES","Philadelphia County","Philadelphia City","Nov 3,2025","Oct 31,2026",-75.1596912,40.0513245
"2221",55347,"R2942","Restaurant (Liquor)","Active","ROSE CASUAL DINING LP","APPLEBEE'S NEIGHBORHOOD GRILL & BAR","2539-53 CASTOR AVE, PHILADELPHIA PA 19134-5501","2539-53 CASTOR AVE, PHILADELPHIA PA 19134-5501",NA,"VICKI DONNELLY","Philadelphia County","Philadelphia City","Aug 14,2025","Oct 31,2026",-75.0910269,39.9922677
"2222",118892,"R1097","Restaurant (Liquor)","Active","HOON CORP","HOON CORP","7830 GERMANTOWN AVE, PHILADELPHIA PA 19118-3527","7830 GERMANTOWN AVE, PHILADELPHIA PA 19118-3527","AN & SA CORPORATION","MICHAEL SHIM","Philadelphia County","Philadelphia City","Aug 5,2025","Oct 31,2026",-75.1995628,40.0690534
"2223",73427,"R56","Restaurant (Liquor)","Active","BARCELONA PASSYUNK LLC","BARCELONA WINE BAR","1709-17 E PASSYUNK AVE, PHILADELPHIA PA 19148-1517","15950 N DALLAS PKY STE 400, DALLAS TX 75248",NA,"MALCOLM D MCDOWELL","Philadelphia County","Philadelphia City","Aug 6,2025","Oct 31,2026",-75.165258,39.928142
"2224",126324,"R691","Restaurant (Liquor)","Active","MEDIUM RARE PHILADELPHIA LLC","MEDIUM RARE PHILADELPHIA LLC","1540 FRANKFORD AVE, PHILADELPHIA PA 19125-","1540 FRANKFORD AVE, PHILADELPHIA PA 19125-","1538-40 Frankford LLC","PAOLA V QUINTERO","Philadelphia County","Philadelphia City","Oct 16,2025","Oct 31,2026",-75.1337309,39.9738332
"2225",126741,"R1437","Restaurant (Liquor)","Active","CELLAR DOG HS LLC","CELLAR DOG","254-258 S 15TH ST SPACE #2, PHILADELPHIA PA 19102-5060","254-258 S 15TH ST SPACE #2, PHILADELPHIA PA 19102-5060","SPRUCE PARKING ASSOCIATES LP","ALLEN W ATWELL","Philadelphia County","Philadelphia City","Jun 11,2026","Oct 31,2026",-75.166424,39.947897
"2226",126621,"R1252","Restaurant (Liquor)","Active","DANCEROBOT LLC","DANCEROBOT LLC","1710-1712 SANSOM ST, PHILADELPHIA PA 19103","1710-1712 SANSOM ST, PHILADELPHIA PA 19103","1222 COMPANY LLC","JUSTIN C BACHARACH","Philadelphia County","Philadelphia City","Sep 25,2025","Oct 31,2026",-75.1693813,39.9505151
"2227",52299,"R337","Restaurant (Liquor)","Active","202 GIRARD, INC.","202 GIRARD, INC.","202 E GIRARD AVE, PHILADELPHIA PA 19125-3917","202 E GIRARD AVE, PHILADELPHIA PA 19125-3917",NA,"GREGORY WALTON","Philadelphia County","Philadelphia City","Sep 9,2025","Oct 31,2026",-75.133367,39.968925
"2228",129681,"R15321","Restaurant (Liquor)","Active","RV HOSPITALITY GROUP LLC","REVOLUTION HOUSE","200 MARKET ST, PHILADELPHIA PA 19106-2805","222 MARKET ST, PHILADELPHIA PA 19106-2815","THE BRUCE LOYD TRUST ESTATE OF SANDRA SCHWALB","VIGYA S DHIMAN","Philadelphia County","Philadelphia City","May 15,2026","Oct 31,2026",-75.1439347,39.9497317
"2229",17497,"R15662","Restaurant (Liquor)","Active","MAI LAI WAH, INC.","MAI LAI WAH, INC.","1001 RACE ST & 204-206-208 N 10TH ST, PHILADELPHIA PA 19107-1810","1001 RACE ST & 204-206-208 N 10TH ST, PHILADELPHIA PA 19107-1810",NA,"DAVID CHAN","Philadelphia County","Philadelphia City","Jul 15,2025","Oct 31,2026",-75.1560585,39.9552285
"2230",90735,"R68","Restaurant (Liquor)","Active","TWO FARMS INC","ROYAL FARMS","2501 CHURCH ST, PHILADELPHIA PA 19124","3611 ROLAND AVE, BALTIMORE MD 21211-2408","FJH ARAMING LP","CARLOS J RODRIGUEZ","Philadelphia County","Philadelphia City","Jul 9,2025","Oct 31,2026",-75.0813014,40.0024462
"2231",92743,"R1020","Restaurant (Liquor)","Active","RKPALMER ASSOCIATES LLC","RKPALMER ASSOCIATES LLC","1739-49 N FRONT ST, PHILADELPHIA  PA 19122","134 MARKET ST, PHILADELPHIA PA 19106-3015","FRONT AND PALMER ASSOCIATES LP","KAYLA KARP","Philadelphia County","Philadelphia City","Sep 10,2026","Oct 31,2026",-75.1339533,39.9761134
"2232",49375,"R3885","Restaurant (Liquor)","Active","6054 ETHIO, INC","6054 ETHIO, INC","6052-6054 MARKET ST, PHILADELPHIA PA 19139-3023","6052-6054 MARKET ST, PHILADELPHIA PA 19139-3023",NA,"ANTHONY H SMITH","Philadelphia County","Philadelphia City","Aug 11,2025","Oct 31,2026",-75.24247,39.961949
"2233",131836,"R9114","Restaurant (Liquor)","Active","BE HOLDINGS CO 3 LLC","PJP MARKETPLACE #3","8920 FRANKFORD AVE, PHILADELPHIA PA 19136-1314","8920 FRANKFORD AVE, PHILADELPHIA PA 19136-1314","MBB REALTY LIMITED PARTNERSHIP","KENNETH J SCHLEINKOFER","Philadelphia County","Philadelphia City","Apr 28,2026","Oct 31,2026",-75.0102892,40.052148
"2234",125470,"R3537","Restaurant (Liquor)","Active","OLD NELSON FOOD PA THREE LLC","OLD NELSON FOOD PA THREE LLC","129A S 30TH ST (AKA 2930 L CHESTNUT ST #B2), PHILADELPHIA PA 19104-5001","129A S 30TH ST (AKA 2930 L CHESTNUT ST #B2), PHILADELPHIA PA 19104-5001","BRANDYWINE CIRA GARAGE I LP","SIAW MIN LEE","Philadelphia County","Philadelphia City","Aug 6,2025","Oct 31,2026",-75.1821256,39.9529969
"2235",129397,"R6173","Restaurant (Liquor)","Active","CG BELLEVUE LLC","CG BELLEVUE LLC","MAIN FLOOR & MEZZANINE LEVEL THE BELLEVUE  BROAD & WALNUT STS, PHILADELPHIA PA 19103","MAIN FLOOR & MEZZANINE LEVEL THE BELLEVUE  BROAD & WALNUT STS, PHILADELPHIA PA 19103","200 S BROAD PROPERTY OWNER LLC","LEO J BARBUTO","Philadelphia County","Philadelphia City","Jun 29,2026","Oct 31,2026",NA,NA
"2236",131423,"R6302","Restaurant (Liquor)","Active","JB 77 LLC","BOMB BOMB BAR","1026 WOLF ST, PHILADELPHIA PA 19148-3032","1026 WOLF ST, PHILADELPHIA PA 19148-3032","FRANK R AND DEBORAH R BARBATO","PETER J ERIKSEN","Philadelphia County","Philadelphia City","Sep 24,2025","Oct 31,2026",-75.1643928,39.9209939
"2237",40892,"R1273","Restaurant (Liquor)","Active","THE PRIME RIB OF PHILADELPHIA, INC.","THE PRIME RIB","1701 LOCUST ST, PHILADELPHIA PA 19103-6106","1701 LOCUST ST, PHILADELPHIA PA 19103-6106",NA,"MOHAMMED LAZIZI","Philadelphia County","Philadelphia City","Jul 18,2025","Oct 31,2026",-75.1695317,39.9489487
"2238",108595,"R72","Restaurant (Liquor)","Active","SOUTHPW LLC","PADDY WHACKS IRISH SPORTS PUB","150-152 SOUTH ST AND 601-605 S 2ND ST, PHILADELPHIA PA 19147-2415","150-152 SOUTH ST AND 601-605 S 2ND ST, PHILADELPHIA PA 19147-2415","PW SOUTH II INC","ANTHONY J D'AMORE III","Philadelphia County","Philadelphia City","Dec 12,2025","Oct 31,2026",-75.1455341,39.941019
"2239",64488,"R4799","Restaurant (Liquor)","Active","BRISTOL EDWIN INC","BRISTOL EDWIN INC","423 W BRISTOL ST, PHILADELPHIA PA 19140-2621","423 W BRISTOL ST, PHILADELPHIA PA 19140-2621",NA,"ANGEL MORALES","Philadelphia County","Philadelphia City","Jan 7,2026","Oct 31,2026",-75.1337591,40.0166886
"2240",114551,"R2052","Restaurant (Liquor)","Active","CONN RESTAURANT CONCEPTS LLC","ALICE","901 CHRISTIAN ST, PHILADELPHIA PA 19147-3807","2035 CATHERINE ST, PHILADELPHIA PA 19146","Christian 9 LP","DAVID A CONN","Philadelphia County","Philadelphia City","Jul 11,2025","Oct 31,2026",-75.1579221,39.9391523
"2241",121229,"R6578","Restaurant (Liquor)","Active","YDE CONCEPTS, LLC","KAPPO YANAGA IZAKAYA","635-637 N 3RD ST & 244 FAIRMOUNT AVE, PHILADELPHIA PA 19123-2928","635-637 N 3RD ST & 244 FAIRMOUNT AVE, PHILADELPHIA PA 19123-2928","MS SQUARE, LLC","MICHAEL R EGO","Philadelphia County","Philadelphia City","Nov 26,2025","Oct 31,2026",-75.1429289,39.962122
"2242",64853,"R9095","Restaurant (Liquor)","Active","CHAP 1949 CORPORATION","CHAP 1949 CORPORATION","1949 E TIOGA ST, PHILADELPHIA PA 19134-2028","1949 E TIOGA ST, PHILADELPHIA PA 19134-2028","CHAP LIM","CHAP LIM","Philadelphia County","Philadelphia City","Aug 12,2025","Oct 31,2026",-75.1041953,39.9980664
"2243",128504,"R8584","Restaurant (Liquor)","Active","SAVANA CARIBBEAN CUISINE COMPANY","SAVANA CARIBBEAN CUISINE","5694-96 RISING SUN AVE  UNITS 6 & 7 , PHILADELPHIA PA 19120","5694-96 RISING SUN AVE  UNITS 6 & 7 , PHILADELPHIA PA 19120","PARAMOUNT PROPERTIES 151 LEWIS, LLC / PP151 LEWIS 7528, LLC","ILZA M PIERRE","Philadelphia County","Philadelphia City","Jul 11,2025","Oct 31,2026",-75.1097254,40.0400067
"2244",71915,"R6762","Restaurant (Liquor)","Active","COCORAS INC","COCORAS INC","112 S 8TH ST, PHILADELPHIA PA 19107-5101","112 S 8TH ST, PHILADELPHIA PA 19107-5101",NA,"VASILIKI TSIORIS","Philadelphia County","Philadelphia City","Jul 16,2025","Oct 31,2026",-75.1543304,39.9491038
"2245",86864,"R6540","Restaurant (Liquor)","Active","REALLY ROTTEN RALPHS LLC","REALLY ROTTEN RALPHS LLC","201 CHESTNUT ST, PHILADELPHIA PA 19106-2808","201 CHESTNUT ST, PHILADELPHIA PA 19106-2808",NA,"DARIN PICORELLA","Philadelphia County","Philadelphia City","Jun 25,2026","Oct 31,2026",-75.1442086,39.9484876
"2246",16824,"R14573","Restaurant (Liquor)","Active","1301 EAST SUSQUEHANNA, INC.","KELLY'S HAPPY TAP","1301 E SUSQUEHANNA AVE, PHILADELPHIA PA 19125-2823","1301 E SUSQUEHANNA AVE, PHILADELPHIA PA 19125-2823",NA,"DOREEN THOMPSON","Philadelphia County","Philadelphia City","Jul 14,2025","Oct 31,2026",-75.1254755,39.9737692
"2247",51193,"R9724","Restaurant (Liquor)","Active","P.J.P. CONSULTING, LLC","P.J.P. CONSULTING, LLC","PIER 25 N 417 N COLUMBUS BLVD, PHILADELPHIA PA 19123-4212","PIER 25 N 417 N COLUMBUS BLVD, PHILADELPHIA PA 19123-4212","KATMANDU INVESTMENTS PARTNERS","PAMELA A MANGUS","Philadelphia County","Philadelphia City","May 4,2026","Oct 31,2026",-75.1374815,39.9577962
"2248",59900,"R6799","Restaurant (Liquor)","Active","2101 VICTOR LLC","2101 VICTOR LLC","2101 CHESTNUT ST UNIT F, PHILADELPHIA PA 19103-3108","2101 CHESTNUT ST UNIT F, PHILADELPHIA PA 19103-3108",NA,"VICTOR FELLUS","Philadelphia County","Philadelphia City","Jul 7,2025","Oct 31,2026",-75.1757658,39.952626
"2249",121376,"R11245","Restaurant (Liquor)","Active","THE NEW DINING CAR INC","THE DINING CAR","8826 FRANKFORD AVE, PHILADELPHIA PA 19136-1313","8826 FRANKFORD AVE, PHILADELPHIA PA 19136-1313","1453 REALTY LLC","BRANDON F TURAL","Philadelphia County","Philadelphia City","Oct 31,2025","Oct 31,2026",-75.0111959,40.0501452
"2250",72304,"R8517","Restaurant (Liquor)","Active","JIMMYS TIMEOUT SPORTS PUB LLC","JIMMYS TIMEOUT SPORTS PUB LLC","5001-5005 LINDEN AVE, PHILADELPHIA PA 19114-4232","5001-5005 LINDEN AVE, PHILADELPHIA PA 19114-4232",NA,"JAMES HASHER","Philadelphia County","Philadelphia City","Jul 11,2025","Oct 31,2026",-74.994223,40.0457756
"2251",126784,"R2801","Restaurant (Liquor)","Active","OVATIONS FOOD SERVICES LP","OVATIONS FOOD SERVICES LP","300 S BROAD ST, PHILADELPHIA PA 19102-4901","300 S BROAD ST, PHILADELPHIA PA 19102-4901","Philadelphia Authority for Industrial Development (PAID)","ILONA E MORAN","Philadelphia County","Philadelphia City","Aug 13,2025","Oct 31,2026",-75.1664754,39.9466709
"2252",15028,"R11568","Restaurant (Liquor)","Active","BIG CHARLIE'S SALOON INCORPORATED","BIG CHARLIE'S SALOON INCORPORATED","1953 S 11TH ST, PHILADELPHIA PA 19148-2334","1953 S 11TH ST, PHILADELPHIA PA 19148-2334",NA,"LINDA A STAICO-MANCINI","Philadelphia County","Philadelphia City","Mar 11,2026","Oct 31,2026",-75.1639736,39.924988
"2253",98392,"R2401","Restaurant (Liquor)","Active","NEW AMERICAN TAVERN CORPORATION","NEW AMERICAN TAVERN CORPORATION","1123 WALNUT ST, PHILADELPHIA PA 19107-4918","1123 WALNUT ST, PHILADELPHIA PA 19107-4918","1123 BUILDING ENTERPRISES CORPORATION","MINDIE L WEINER","Philadelphia County","Philadelphia City","Jan 28,2026","Oct 31,2026",-75.1600233,39.949146
"2254",105940,"R393","Restaurant (Liquor)","Active","UPTOWN BEER GARDEN INC","TWO PENN CENTER","1500 JFK BLVD  STE 100    1515 MARKET STREET - SUITE L100, PHILADELPHIA PA 19102","119 S 12TH ST, PHILADELPHIA PA 19107-4839","CROWN TWO PENN CENTER ASSOC LP","MICHAEL G SMYTH","Philadelphia County","Philadelphia City","Jun 12,2026","Oct 31,2026",-75.1656266,39.9533909
"2255",11013,"R3513","Restaurant (Liquor)","Active","HAPPY HOUR, INC.","HAPPY HOUR, INC.","4091 FORD RD, PHILADELPHIA PA 19131-2833","4091 FORD RD, PHILADELPHIA PA 19131-2833",NA,"JOHN G BASTAS","Philadelphia County","Philadelphia City","Jul 18,2025","Oct 31,2026",-75.2150625,40.0011904
"2256",69318,"R232","Restaurant (Liquor)","Active","ACME MARKETS INC","ACME MARKETS INC","920 RED LION RD, PHILADELPHIA PA 19115-1500","920 RED LION RD, PHILADELPHIA PA 19115-1500",NA,"MICHAEL B BETHEA","Philadelphia County","Philadelphia City","Feb 24,2026","Oct 31,2026",-75.026797,40.1012533
"2257",68312,"R9152","Restaurant (Liquor)","Active","CASK AND MOUSE LLC","CASK AND MOUSE LLC","2400 S 19TH ST, PHILADELPHIA PA 19145-4226","2400 S 19TH ST, PHILADELPHIA PA 19145-4226",NA,"JOHN P FRY","Philadelphia County","Philadelphia City","Aug 6,2025","Oct 31,2026",-75.1786798,39.9216042
"2258",66386,"R9096","Restaurant (Liquor)","Active","HAGGIS & HOPS LLC","HAGGIS & HOPS LLC","2006 CHESTNUT ST, PHILADELPHIA PA 19103-4411","2006 CHESTNUT ST, PHILADELPHIA PA 19103-4411",NA,"CHRISTOPHER R ZINGLER","Philadelphia County","Philadelphia City","Aug 5,2025","Oct 31,2026",-75.1738716,39.9518832
"2259",105744,"R5248","Restaurant (Liquor)","Active","TOP TOMATO II INC","TOP TOMATO II INC","116-120 S 11TH ST, PHILADELPHIA PA 19107-4801","116-120 S 11TH ST, PHILADELPHIA PA 19107-4801","11TH & SANSOM ASSOCIATES, LP","SHMUEL COHEN","Philadelphia County","Philadelphia City","Aug 21,2025","Oct 31,2026",-75.1589277,39.949645
"2260",65510,"R7141","Restaurant (Liquor)","Active","BAR GAME I LLC","BAR GAME I LLC","3800 LANCASTER AVE, PHILADELPHIA PA 19104-2318","3800 LANCASTER AVE, PHILADELPHIA PA 19104-2318",NA,"BARON D HERDER","Philadelphia County","Philadelphia City","Jun 23,2026","Oct 31,2026",-75.1971127,39.9601239
"2261",71232,"R8527","Restaurant (Liquor)","Active","4711 D ST INC","4711 D ST INC","4709-4711 D ST, PHILADELPHIA PA 19120-4516","4709-4711 D ST, PHILADELPHIA PA 19120-4516",NA,"XUNSHOU LIN","Philadelphia County","Philadelphia City","Jul 8,2025","Oct 31,2026",-75.1160429,40.0210239
"2262",72746,"R1056","Restaurant (Liquor)","Active","KL CHESTER INC","KL CHESTER INC","5956 CHESTER AVE, PHILADELPHIA PA 19143-5534","7053 TERMINAL SQ, UPPER DARBY PA 19082-2217",NA,"KIMLONG LEANG","Philadelphia County","Philadelphia City","Nov 6,2025","Oct 31,2026",-75.2312388,39.9335475
"2263",128022,"R13637","Restaurant (Liquor)","Active","MECHA NOODLE BAR FISHTOWN LLC","MECHA NOODLE BAR FISHTOWN LLC","1700 N FRONT ST, PHILADELPHIA PA 19122-3261","46 MILL PLAIN RD 2ND FLOOR, DANBURY CT 06810","MECHA NOODLE BAR FISHTOWN LLC","ROBERT B EMERICH","Philadelphia County","Philadelphia City","Dec 11,2025","Oct 31,2026",-75.1343919,39.9753062
"2264",31919,"R1635","Restaurant (Liquor)","Active","GMR RESTAURANTS OF PENNSYLVANIA LLC","THE OLIVE GARDEN ITALIAN REST #372","9250 ROOSEVELT BLVD, PHILADELPHIA PA 19115-4715","9250 ROOSEVELT BLVD, PHILADELPHIA PA 19115-4715",NA,"KELLY M KOBER","Philadelphia County","Philadelphia City","Sep 5,2025","Oct 31,2026",-75.0317143,40.0778521
"2265",52108,"R10404","Restaurant (Liquor)","Active","1701 LIM, INC.","1701 LIM, INC.","5527 LANSDOWNE AVE, PHILADELPHIA PA 19131-3504","5527 LANSDOWNE AVE, PHILADELPHIA PA 19131-3504","HEANG KIM LIM","HEANG KIM LIM","Philadelphia County","Philadelphia City","Aug 28,2025","Oct 31,2026",-75.2327057,39.9769665
"2266",28637,"R367","Restaurant (Liquor)","Active","SANG KEE PEKING DUCK HOUSE, INC.","SANG KEE PEKING DUCK HOUSE","238-240 N 9TH ST, PHILADELPHIA PA 19107","238-240 N 9TH ST, PHILADELPHIA PA 19107",NA,"MICHAEL CHOW","Philadelphia County","Philadelphia City","Jul 8,2025","Oct 31,2026",-75.1542873,39.9563986
"2267",64855,"R2140","Restaurant (Liquor)","Active","L.X. FRANKFORD INC","L.X. FRANKFORD INC","2958 FRANKFORD AVE, PHILADELPHIA PA 19134-3625","2958 FRANKFORD AVE, PHILADELPHIA PA 19134-3625",NA,"JIAN LIN","Philadelphia County","Philadelphia City","Jan 12,2026","Oct 31,2026",-75.1162073,39.9905546
"2268",67451,"R1406","Restaurant (Liquor)","Active","4201 MAIN STREET ASSOCIATES LL LLC","4201 MAIN STREET ASSOCIATES LL LLC","4201 MAIN ST, PHILADELPHIA PA 19127-1602","4201 MAIN ST, PHILADELPHIA PA 19127-1602","4201 MAIN STREET ASSOCIATES LP","STEPHEN D DELONG","Philadelphia County","Philadelphia City","Jan 12,2026","Oct 31,2026",-75.220129,40.0238384
"2269",42702,"R3445","Restaurant (Liquor)","Active","DONIEL, INC.","DONIEL, INC.","1264-66 S 22ND ST, PHILADELPHIA PA 19146-4238","1264-66 S 22ND ST, PHILADELPHIA PA 19146-4238",NA,"LIONEL SIMMONS","Philadelphia County","Philadelphia City","Aug 18,2025","Oct 31,2026",-75.1808203,39.936
"2270",112119,"R2638","Restaurant (Liquor)","Active","BARCADE PA CHESTNUT, LLC","BARCADE","1326 CHESTNUT ST, PHILADELPHIA PA 19107-4525","201 MONTGOMERY ST STE 263, JERSEY CITY NJ 07302-5057","1326 CHESTNUT OWNER LLC","ERIC D SMITH","Philadelphia County","Philadelphia City","Jul 8,2025","Oct 31,2026",-75.1629745,39.9503277
"2271",55509,"R9066","Restaurant (Liquor)","Active","WONG CORPORATION","WONG CORPORATION","7610 OGONTZ AVE, PHILADELPHIA PA 19150-1817","7610 OGONTZ AVE, PHILADELPHIA PA 19150-1817",NA,"SU Y HUANG","Philadelphia County","Philadelphia City","Aug 18,2025","Oct 31,2026",-75.1576175,40.0702587
"2272",102794,"R750","Restaurant (Liquor)","Active","VICTORY BREWING COMPANY LLC","VICTORY BREWING","1776 BENJAMIN FRANKLIN PKWY, PHILADELPHIA PA 19103-1210","1776 BENJAMIN FRANKLIN PKWY, PHILADELPHIA PA 19103-1210","GP BFP LLC, 1515 BFP LLC, 1501 BFP LLC, 1429 BFP LLC","RYAN J CROWLEY","Philadelphia County","Philadelphia City","Sep 10,2026","Oct 31,2026",-75.1690414,39.9564807
"2273",117237,"R4564","Restaurant (Liquor)","Active","YUHIRO FISHTOWN SUSHI INC","YUHIRO FISHTOWN SUSHI INC","2146 E SUSQUEHANNA AVE, PHILADELPHIA PA 19125-2064","2146 E SUSQUEHANNA AVE, PHILADELPHIA PA 19125-2064","LIBBY GOODMAN","XIABING CHEN","Philadelphia County","Philadelphia City","Oct 7,2025","Oct 31,2026",-75.1298497,39.9798265
"2274",40202,"R13563","Restaurant (Liquor)","Active","10-12 S. 20TH, INC.","10-12 S. 20TH, INC.","10-12 S 20TH ST, PHILADELPHIA PA 19103","PO Box 2235, PHILADELPHIA PA 19103-2235",NA,"TODD BUTLER","Philadelphia County","Philadelphia City","Nov 3,2025","Oct 31,2026",-75.1763176,39.9399354
"2275",60126,"R3859","Restaurant (Liquor)","Active","1899 HL INC","1899 HL INC","6601 LANSDOWNE AVE, PHILADELPHIA PA 19151-3026","6601 LANSDOWNE AVE, PHILADELPHIA PA 19151-3026","HEANG KIM LIM","SOU LIM","Philadelphia County","Philadelphia City","Aug 28,2025","Oct 31,2026",-75.2521223,39.9748287
"2276",70027,"R498","Restaurant (Liquor)","Active","GIOVANIS FALAFEL BAR & GRILL INC","GIOVANIS FALAFEL BAR & GRILL INC","1533 CHESTNUT ST, PHILADELPHIA PA 19102-2501","1533 CHESTNUT ST, PHILADELPHIA PA 19102-2501",NA,"HAIM ATIAS","Philadelphia County","Philadelphia City","Aug 28,2025","Oct 31,2026",-75.1667468,39.951514
"2277",108596,"R11481","Restaurant (Liquor)","Active","WELSHPW LLC","PADDY WHACKS IRISH SPORTS PUB","9241-9245 ROOSEVELT BLVD REAR, PHILADELPHIA PA 19114","9241-9245 ROOSEVELT BLVD REAR, PHILADELPHIA PA 19114","SALVATORE BERARDI HAS 9241-9243 ROOSEVELT BLVD & FAIA EQ 1 LLC HAS 9245 ROOSEVELT BLVD","MATTHEW P JONES","Philadelphia County","Philadelphia City","Aug 5,2025","Oct 31,2026",-75.0318972,40.0769534
"2278",68491,"R376","Restaurant (Liquor)","Active","THE GOOD KING LLC","THE GOOD KING LLC","614 S 7TH ST, PHILADELPHIA PA 19147-2127","614 S 7TH ST, PHILADELPHIA PA 19147-2127",NA,"CHLOE A GRIGRI","Philadelphia County","Philadelphia City","Oct 10,2025","Oct 31,2026",-75.1542674,39.941745
"2279",111168,"R15644","Restaurant (Liquor)","Active","CORNING MANAGEMENT LLC","GYU-KAKU JAPANESE BBQ RESTAURANT","1901-1939 CALLOWHILL ST SPC 1, PHILADELPHIA PA 19130-4150","1901-1939 CALLOWHILL ST SPC 1, PHILADELPHIA PA 19130-4150","GRAN DEVELOPMENT PARTNERS LP","IAN H CHAN","Philadelphia County","Philadelphia City","Sep 17,2025","Oct 31,2026",-75.1709523,39.9609267
"2280",50586,"R695","Restaurant (Liquor)","Active","6500 DICKS, INC.","6500 DICKS, INC.","6500-02 DICKS AVE, PHILADELPHIA PA 19142-2806","6500-02 DICKS AVE, PHILADELPHIA PA 19142-2806",NA,"ABDOVIAZIZZ AHMED","Philadelphia County","Philadelphia City","Nov 26,2025","Oct 31,2026",-75.2275484,39.9196644
"2281",48775,"R8230","Restaurant (Liquor)","Active","1102 LAM INC","1102 LAM INC","1102-06 S 47TH ST, PHILADELPHIA PA 19143-3615","1102-06 S 47TH ST, PHILADELPHIA PA 19143-3615",NA,"WENDY V SEUNG","Philadelphia County","Philadelphia City","Aug 7,2025","Oct 31,2026",-75.2137747,39.9456118
"2282",83589,"R15837","Restaurant (Liquor)","Active","J & J FANG INC","J & J FANG INC","6419 WOODLAND AVE, PHILADELPHIA PA 19142-2032","6419 WOODLAND AVE, PHILADELPHIA PA 19142-2032","FANG ZHENG","ZHANG M TANG","Philadelphia County","Philadelphia City","Mar 13,2026","Oct 31,2026",-75.2338251,39.9262217
"2283",64556,"R9829","Restaurant (Liquor)","Active","NICHOLAS 835 LLC","NICHOLAS 835 LLC","835-837 E ALLEGHENY AVE, PHILADELPHIA PA 19134-2401","835-837 E ALLEGHENY AVE, PHILADELPHIA PA 19134-2401","MICHAEL HOFFNER","YARATZECL ROBERTSON","Philadelphia County","Philadelphia City","Nov 3,2025","Oct 31,2026",-75.1144301,39.9968733
"2284",103441,"R8353","Restaurant (Liquor)","Active","MATTEI FAMILY LLC","MATTEI FAMILY PIZZA","1258-1260 POINT BREEZE AVE, PHILADELPHIA PA 19146","1258-1260 POINT BREEZE AVE, PHILADELPHIA PA 19146","ANGELO MATTEI RACHEL MATTEI","ANGELO MATTEI","Philadelphia County","Philadelphia City","Dec 2,2025","Oct 31,2026",-75.1785621,39.9357623
"2285",70517,"R3858","Restaurant (Liquor)","Active","KICKIN WINGS INC","EAST COAST WINGS & GRILL","2539 CASTOR AVE SPC 2, PHILADELPHIA PA 19134-5500","2539 CASTOR AVE SPC 2, PHILADELPHIA PA 19134-5500",NA,"TONY CHONG","Philadelphia County","Philadelphia City","Aug 8,2025","Oct 31,2026",-75.0914103,39.9928119
"2286",57409,"R3783","Restaurant (Liquor)","Active","JOYCELAIN INC","JOYCELAIN INC","5500 RISING SUN AVE, PHILADELPHIA PA 19120-3011","5500 RISING SUN AVE, PHILADELPHIA PA 19120-3011",NA,"MICHAEL S BROWN","Philadelphia County","Philadelphia City","Aug 21,2025","Oct 31,2026",-75.1162613,40.0331819
"2287",47315,"R13487","Restaurant (Liquor)","Active","O'JUNG'S, INC.","O'JUNG'S, INC.","1625 S 2ND ST, PHILADELPHIA PA 19148-1301","1625 S 2ND ST, PHILADELPHIA PA 19148-1301",NA,"HELEN M OTTO","Philadelphia County","Philadelphia City","Jul 22,2025","Oct 31,2026",-75.148751,39.9272732
"2288",133480,"R15393","Restaurant (Liquor)","Active","CTT HOLDINGS LLC","CTT HOLDINGS LLC","7401 STATE RD, PHILADELPHIA PA 19136-4213","7401 STATE RD, PHILADELPHIA PA 19136-4213","GERALD CURRAN","ERIN M SZELAGOWSKI","Philadelphia County","Philadelphia City","Apr 1,2026","Oct 31,2026",-75.0284497,40.0272623
"2289",66798,"R11529","Restaurant (Liquor)","Active","BSSS PARTNERS LP","BSSS PARTNERS LP","1204-1208 FRANKFORD AVE, PHILADELPHIA PA 19125-3906","1204-1208 FRANKFORD AVE, PHILADELPHIA PA 19125-3906","RIVER CITY FLATS LP","NICOLE KELLY","Philadelphia County","Philadelphia City","May 1,2026","Oct 31,2026",-75.1346025,39.9691409
"2290",129273,"R11213","Restaurant (Liquor)","Active","NORTHERN LIBERTIES MANAGEMENT LLC","NORTHERN LIBERTIES MANAGEMENT LLC","1099 GERMANTOWN AVE, PHILADELPHIA PA 19123","1099 GERMANTOWN AVE, PHILADELPHIA PA 19123","TERMINAL PROPERTY OWNER LLC","RHIANNON E FABEL","Philadelphia County","Philadelphia City","Feb 20,2026","Oct 31,2026",-75.1386077,39.9674027
"2291",117329,"R3961","Restaurant (Liquor)","Active","THE GOAT 4 LLC","MIA RAGAZZA","4411-4413 MAIN ST, PHILADELPHIA PA 19127-1311","4411-4413 MAIN ST, PHILADELPHIA PA 19127-1311","MAIN STREET PROPERTIES II LP","BRENDAN M MCGREW","Philadelphia County","Philadelphia City","Jan 6,2026","Oct 31,2026",-75.2250153,40.0262276
"2292",89549,"R36213","Restaurant (Liquor)","Active","16MA35 LLC","SEVEN PENN CENTER","1635 MARKET ST, LOWER LEVEL, PHILADELPHIA PA 19103-2217","100 N 20TH ST STE 200, PHILADELPHIA PA 19103-1454","NG 1635 MARKET STREET LP, 1635 MARKET STREET MF LP, RC 1635 MARKET STREET LP, ASHLEY 1635 MARKET STR","NICHOLAS S CONQUEST","Philadelphia County","Philadelphia City","Jun 10,2026","Oct 31,2026",-75.1680543,39.9532699
"2293",61260,"R7300","Restaurant (Liquor)","Active","SNUGBAR LLC","SNUGBAR LLC","1700 BENJAMIN FRANKLIN PKWY, PHILADELPHIA PA 19103-2735","1700 BENJAMIN FRANKLIN PKWY, PHILADELPHIA PA 19103-2735",NA,"LIAM KELLY","Philadelphia County","Philadelphia City","Nov 4,2025","Oct 31,2026",-75.1681576,39.9557796
"2294",131553,"R6350","Restaurant (Liquor)","Active","NEXT OF KIN HOSPITALITY LLC","NEXT OF KIN","1137 SPRUCE ST, PHILADELPHIA PA 19107-6738","1137 SPRUCE ST, PHILADELPHIA PA 19107-6738","DELANCEY WALNUT 2016 LLC","JOHN P GRUBB","Philadelphia County","Philadelphia City","May 12,2026","Oct 31,2026",-75.1609088,39.9466782
"2295",97387,"R2357","Restaurant (Liquor)","Safekeeping","FAIRMOUNT LG LICENSE LLC","FAIRMOUNT LG LICENSE LLC","2301 FAIRMOUNT AVE, PHILADELPHIA PA 19130","2220 FAIRMOUNT AVE, PHILADELPHIA PA 19130","Fairmount LG Holdings, LLC","JOSEPH R SPINA","Philadelphia County","Philadelphia City","Dec 23,2025","Oct 31,2026",-75.1754915,39.9675638
"2296",67323,"R8124","Restaurant (Liquor)","Safekeeping","LA FUSION RESTAURANT BAR INC","LA FUSION RESTAURANT BAR INC","1100 WASHINGTON AVE 2ND FL, UNIT H & I, PHILADELPHIA PA 19145-4613","1100 WASHINGTON AVE 2ND FL UNITS H & I, PHILADELPHIA PA 19147-3802",NA,"PHOUMIN THIVARATH","Philadelphia County","Philadelphia City","Jul 2,2026","Oct 31,2026",-80.1332416,25.782374
"2297",103619,"R6671","Restaurant (Liquor)","Safekeeping","ARPESA INC","ARPESA INC","457-459 E WYOMING AVE, PHILADELPHIA PA 19120-4532","457-459 E WYOMING AVE, PHILADELPHIA PA 19120-4532","ANTONIO DOMINGUEZ","FAUSTO RAFAEL  PENA PICHARDO","Philadelphia County","Philadelphia City","Jan 26,2026","Oct 31,2026",-75.1165037,40.0207869
"2298",120073,"R765","Restaurant (Liquor)","Safekeeping","LIEN'S RESTAURANT INC","LIEN'S RESTAURANT","5520 WHITAKER AVE UNIT A, PHILADELPHIA PA 19124-1761","5520 WHITAKER AVE UNIT A, PHILADELPHIA PA 19124-1761","LND GROUP, LLC","KIANA LY","Philadelphia County","Philadelphia City","Apr 9,2026","Oct 31,2026",-75.100501,40.035253
"2299",45599,"R8575","Restaurant (Liquor)","Safekeeping","CONTINENTAL RESTAURANT PARTNERS, L.P.","THE CONTINENTAL","136-138 MARKET ST, PHILADELPHIA PA 19106-3015","136-138 MARKET ST, PHILADELPHIA PA 19106-3015",NA,NA,"Philadelphia County","Philadelphia City","Jun 24,2026","Oct 31,2026",-75.1435389,39.9496985
"2300",62848,"R16370","Restaurant (Liquor)","Safekeeping","4 & 6 SOUTH FRONT CO., LLC","4 & 6 SOUTH FRONT CO., LLC","2013 WALNUT ST, PHILADELPHIA PA 19103-4403","2013 WALNUT ST, PHILADELPHIA PA 19103-4403","JANICE RIMMEIR","JANICE RIMMEIR","Philadelphia County","Philadelphia City","Feb 23,2026","Oct 31,2026",-75.1742669,39.9507598
"2301",27838,"R3634","Restaurant (Liquor)","Safekeeping","1916 DELAWARE TAVERN, INC.","1916 DELAWARE TAVERN, INC.","1916 S CHRISTOPHER COLUMBUS BLVD, PHILADELPHIA PA 19148-2802","1916 S CHRISTOPHER COLUMBUS BLVD, PHILADELPHIA PA 19148-2802",NA,"THOMAS J BROWN SR","Philadelphia County","Philadelphia City","Aug 31,2026","Oct 31,2026",-75.142909,39.9226087
"2302",133068,"R1894","Restaurant (Liquor)","Safekeeping","PR SHORE CLUB LLC","PORT RICHMOND SHORE CLUB","2533-37 E SOMERSET ST, PHILADELPHIA PA 19134","2533-37 E SOMERSET ST, PHILADELPHIA PA 19134","PORTSIDE PROPERTY GROUP LLC","CHRISTOPHER W SANDSTROM","Philadelphia County","Philadelphia City","Apr 8,2026","Oct 31,2026",-75.1136607,39.9816327
"2303",58338,"R1699","Restaurant (Liquor)","Safekeeping","POURBOYS INC","THE POURHOUSE PUB","1350 S 29TH ST, PHILADELPHIA PA 19146-3618","1350 S 29TH ST, PHILADELPHIA PA 19146-3618",NA,"KLITON XHEMAJ","Philadelphia County","Philadelphia City","Sep 1,2026","Oct 31,2026",-75.1925067,39.9362001
"2304",120548,"R5789","Restaurant (Liquor)","Safekeeping","DRC LOMBARD LLC","DRC LOMBARD LLC","500-506 S 20TH ST, PHILADELPHIA PA 19146-1302","500-506 S 20TH ST, PHILADELPHIA PA 19146-1302","SECULA REAL ESTATE LLC","DANIEL R CLARK","Philadelphia County","Philadelphia City","Sep 1,2026","Oct 31,2026",-75.1750223,39.9457011
"2305",133206,"R214","Restaurant (Liquor)","Safekeeping","SLOAN SQUARE PHILA LLC","SLOAN SQUARE PHILA LLC","222 S 15TH ST, PHILADELPHIA PA 19102-3806","222 S 15TH ST, PHILADELPHIA PA 19102-3806","LONDON SQUARE PHILA LLC","SIMON ATIYA","Philadelphia County","Philadelphia City","May 15,2026","Oct 31,2026",-75.1663147,39.9488295
"2306",129959,"R948","Restaurant (Liquor)","Safekeeping","JOAN OCTAVIA JEFFERSON","REFLECTIONS CAFE","1640 W WINGOHOCKING ST, PHILADELPHIA PA 19140-1152","1640 W WINGOHOCKING ST, PHILADELPHIA PA 19140-1152","S & G 180, INC.","JOAN OCTAVIA JEFFERSON","Philadelphia County","Philadelphia City","Dec 4,2025","Oct 31,2026",-75.1532888,40.0219445
"2307",116573,"R5282","Restaurant (Liquor)","Safekeeping","BZ EATERIES LLC","BZ EATERIES LLC","112-114 N 9TH ST, PHILADELPHIA PA 19107-2401","112-114 N 9TH ST, PHILADELPHIA PA 19107-2401","CHIU & LOUIE INC","SHUPING HOU","Philadelphia County","Philadelphia City","May 26,2026","Oct 31,2026",-75.1547889,39.9539123
"2308",60372,"R15424","Restaurant (Liquor)","Safekeeping","1641 W HUNTING PARK INC","1641 W HUNTING PARK INC","1641 W HUNTING PARK AVE, PHILADELPHIA PA 19140-2909","1641 W HUNTING PARK AVE, PHILADELPHIA PA 19140-2909",NA,"AMBER K GREEN","Philadelphia County","Philadelphia City","Jun 10,2026","Oct 31,2026",-75.1543128,40.0159481
"2309",66195,"R4972","Restaurant (Liquor)","Safekeeping","H LOPEZ CORPORATION","H LOPEZ CORPORATION","458 EAST WYOMING AVE, PHILADELPHIA PA 19120-4538","458 EAST WYOMING AVE, PHILADELPHIA PA 19120-4538",NA,"ROSMERY BAEZ-REYNOSO","Philadelphia County","Philadelphia City","May 19,2026","Oct 31,2026",-75.1164797,40.0203913
"2310",128334,"SO59208","Special Occasion Permit","Active","ROXBOROUGH DEVELOPMENT CORPORATION","ROXBOROUGH DEVELOPMENT CORPORATION","6120 RIDGE AVE, PHILADELPHIA PA 19128-1603","6120 RIDGE AVE, PHILADELPHIA PA 19128-1603",NA,NA,"Philadelphia County","Philadelphia City","Apr 30,2026","Dec 31,2026",-75.2159295,40.0337813
"2311",120681,"SO56017","Special Occasion Permit","Active","NATIONAL LIBERTY MUSEUM","NATIONAL LIBERTY MUSEUM","321 CHESTNUT ST, PHILADELPHIA PR 19106-2707","321 CHESTNUT ST, PHILADELPHIA PR 19106-2707",NA,NA,"Philadelphia County","Philadelphia City","May 7,2026","Dec 31,2026",-75.1468394,39.9490658
"2312",133638,NA,"Brewery","Pending","IHB CENTER CITY INC","IHB CENTER CITY INC","1150 MARKET ST, PHILADELPHIA PA 19107","332 QUIGLEY DR, MALVERN PA 19355",NA,NA,"Philadelphia County","Philadelphia City",NA,NA,-75.1594358,39.9516875
"2313",133139,"R13497","Restaurant (Liquor)","Pending","CEPREGI INC","CEPREGI INC","1102 FRANKFORD AVE, PHILADELPHIA PA 19125-4118","1102 FRANKFORD AVE, PHILADELPHIA PA 19125-4118",NA,NA,"Philadelphia County","Philadelphia City",NA,"Oct 31,2025",-75.134637,39.9671208
"2314",131833,"R3384","Restaurant (Liquor)","Pending","BE HOLDINGS CO 1 LLC","PJP MARKETPLACE #1","3899 ARAMINGO AVE, PHILADELPHIA PA 19137-1003","3899 ARAMINGO AVE, PHILADELPHIA PA 19137-1003",NA,NA,"Philadelphia County","Philadelphia City",NA,"Oct 31,2025",-75.0894941,39.9967184
"2315",133336,"R11558","Restaurant (Liquor)","Pending","PIAZZA LIQUOR LICENSE HOLDING LLC","PIAZZA LIQUOR LICENSE HOLDING LLC","1001 N 2ND ST UNIT A, PHILADELPHIA PA 19123-1612","1001 N 2ND ST UNIT A, PHILADELPHIA PA 19123-1612",NA,NA,"Philadelphia County","Philadelphia City",NA,"Oct 31,2026",-75.1400364,39.9665708
"2316",129282,"R101","Restaurant (Liquor)","Pending","600 SOUTH 3RD INC","TASTE TACO BAR","600-606 SOUTH 3RD ST, PHILADELPHIA PA 19147-2302","600-606 SOUTH 3RD ST, PHILADELPHIA PA 19147-2302","SARKISIAN HOLDING LLC","BARON D HERDER","Philadelphia County","Philadelphia City",NA,"Oct 31,2026",-75.147751,39.941289
"2317",131834,"R465","Restaurant (Liquor)","Pending","BE HOLDINGS CO 2 LLC","PJP MARKETPLACE #2","537 ADAMS AVE, PHILADELPHIA PA 19120-2101","537 ADAMS AVE, PHILADELPHIA PA 19120-2101",NA,NA,"Philadelphia County","Philadelphia City",NA,"Oct 31,2025",-75.1094478,40.0373062
"2318",135284,"R8124","Restaurant (Liquor)","Pending","JWN 3 HOSPITALITY LLC","JWN 3 HOSPITALITY LLC","21 S 11TH ST 5TH FLOOR ROOFTOP, PHILADELPHIA PA 19107","316 W BIDDLE ST, WEST CHESTER PA 19380",NA,NA,"Philadelphia County","Philadelphia City",NA,"Oct 31,2026",-75.1583157,39.9509149
"2319",134452,"R744","Restaurant (Liquor)","Pending","OLD NELSON FOOD PA FIVE LLC","OLD NELSON FOOD PA FIVE LLC","1219 LOCUST ST, PHILADELPHIA PA 19107","1414 S PENN SQ UNIT 9B, PHILADELPHIA PA 19102",NA,NA,"Philadelphia County","Philadelphia City",NA,"Oct 31,2026",-75.161338,39.948034
"2320",134109,"R13685","Restaurant (Liquor)","Pending","GRAND CRU CAFE LLC","GRAND CRU CAFE LLC","237 CHESTNUT ST, PHILADELPHIA PA 19106","237 CHESTNUT ST, PHILADELPHIA PA 19106",NA,NA,"Philadelphia County","Philadelphia City",NA,"Oct 31,2026",-75.1456091,39.9487927
"2321",179,"AE379","Alcohol Tax-Exempt","Active","CITY OF PHILADELPHIA DEP'T PUBLIC HEALTH PUBLIC HEALTH LAB","CITY OF PHILADELPHIA DEP'T PUBLIC HEALTH PUBLIC HEALTH LAB","500 S BROAD ST, PHILADELPHIA PA 19146-1613","500 S BROAD ST, PHILADELPHIA PA 19146-1613",NA,NA,"Philadelphia County","Philadelphia City","Oct 2,2024","Dec 31,2028",-75.1656379,39.9443199
"2322",184,"AE398","Alcohol Tax-Exempt","Active","PHILA. CITY OF CHEMICAL LABORATORY POLICE DEPARTMENT","PHILA. CITY OF CHEMICAL LABORATORY POLICE DEPARTMENT","843-49 N. 8TH ST, PHILADELPHIA PA 19123","843-49 N. 8TH ST, PHILADELPHIA PA 19123",NA,NA,"Philadelphia County","Philadelphia City","Sep 13,2024","Dec 31,2028",-75.150189,39.9671809
"2323",129160,"AE59859","Alcohol Tax-Exempt","Active","CABALETTA BIO INC","CABALETTA BIO INC","3675 MARKET ST, STE 200, PHILADELPHIA PA 19104-2897","2929 ARCH ST STE 600, PHILADELPHIA PA 19104-2857",NA,NA,"Philadelphia County","Philadelphia City","Jan 6,2025","Dec 31,2028",-75.195477,39.956599
"2324",135267,"AE62174","Alcohol Tax-Exempt","Active","MARTINA DONADONI","TEMPLE UNIVERSITY -DEPARTMENT OF MICROBIOLOGY, IMMUNOLOGY AND INFLAMMATION","3500 N BROAD ST MERB 7TH FL, PHILADELPHIA PA 19140-4106","3500 N BROAD ST MERB 7TH FL, PHILADELPHIA PA 19140-4106",NA,NA,"Philadelphia County","Philadelphia City","Aug 6,2026","Dec 31,2028",-75.1522838,40.0063511
"2325",130917,"AL61134","Limited Distillery","Active","KITE & KEY LIMITED LIABILITY COMPANY","KITE & KEY LIMITED LIABILITY COMPANY","2772 N HANCOCK ST STE 112, PHILADELPHIA PA 19133-","878 N 19TH ST, PHILADELPHIA PA 19130-2022","HANCOCK STUDIOS LLC","PAULA S BUSSER","Philadelphia County","Philadelphia City","Mar 3,2026","Dec 31,2026",-75.1337305,39.9926968
"2326",110518,"AN49640","Alcohol Non-Beverage","Active","INFINIFLUIDICS","PENNOVATION CENTER","3401 GRAYS FERRY AVE, BLDG 450, PHILADELPHIA PA 19146-2701","3401 GRAYS FERRY AVE, BLDG 450, PHILADELPHIA PA 19146-2701",NA,NA,"Philadelphia County","Philadelphia City","Nov 21,2024","Dec 31,2028",-75.1996656,39.9415397
"2327",132938,"AN61382","Alcohol Non-Beverage","Active","YES GREY MATTERS LLC","MOUNT AIRY CANDLE CO","633 W RITTENHOUSE ST STE 3, PHILADELPHIA PA 19144-4325","633 W RITTENHOUSE ST STE 3, PHILADELPHIA PA 19144-4325",NA,NA,"Philadelphia County","Philadelphia City","Sep 24,2025","Dec 31,2028",-75.18463,40.0310312
"2328",61585,"AN2976","Alcohol Non-Beverage","Active","TEMPLE UNIVERSITY","TEMPLE UNIVERSITY","1701 N 13TH ST, PHILADELPHIA PA 19122-6011","1701 N 13TH ST, PHILADELPHIA PA 19122-6011",NA,NA,"Philadelphia County","Philadelphia City","Sep 19,2024","Dec 31,2028",-75.1551765,39.9786317
"2329",102778,"AN45101","Alcohol Non-Beverage","Active","THOMAS JEFFERSON UNIVERSITY","THOMAS JEFFERSON UNIVERSITY","1020 LOCUST ST M-81, PHILADELPHIA PA 19107","1020 LOCUST ST M-81, PHILADELPHIA PA 19107",NA,NA,"Philadelphia County","Philadelphia City","Jan 13,2025","Dec 31,2028",-75.1583687,39.9470964
"2330",132719,"AR61777","Airport Restaurant (Liquor)","Active","THE GROVE/M2 JV LLC","DOS TOROS","PHILADELPHIA INTERNATIONAL AIRPORT  8500 ESSINGTON AVE  TERMINAL BC SPACE BC7, PHILADELPHIA PA 19153","3 WESTBROOK CORPORATE CTR STE 500, WESTCHESTER IL 60154-5796","CITY OF PHILADELPHIA","MARKERA D TYMES","Philadelphia County","Philadelphia City","Jun 1,2026","Oct 31,2026",-75.2436987,39.8729797
"2331",899,"C1320","Club (Liquor)","Active","UKRAINIAN LEAGUE OF PHILA INC.","UKRAINIAN LEAGUE OF PHILA INC.","800 N 23RD ST, PHILADELPHIA PA 19130-1904","800 N 23RD ST, PHILADELPHIA PA 19130-1904","UKRAINIAN LEAGUE OF PHILA INC.","MYKOLA KOSYK","Philadelphia County","Philadelphia City","Sep 8,2025","Oct 31,2026",-75.1750081,39.969921
"2332",25956,"C1405","Club (Liquor)","Active","PORTUGUESE-AMERICAN ROSARY SOCIETY OF OUR LADY OF FATIMA","PORTUGUESE-AMERICAN ROSARY SOCIETY OF OUR LADY OF FATIMA","8104 CASTOR AVE, PHILADELPHIA PA 19152","8104 CASTOR AVE, PHILADELPHIA PA 19152","PORTUGUESE-AMERICAN ROSARY SOCIETY OF OUR LADY OF FATIMA","EDUARDO DACOSTA","Philadelphia County","Philadelphia City","Aug 25,2025","Oct 31,2026",-75.0550223,40.0633201
"2333",37935,"C3360","Club (Liquor)","Active","DIVISION #39 ANCIENT ORDER OF HIBERNIANS","DIVISION #39 ANCIENT ORDER OF HIBERNIANS","7229 TULIP ST TACONY, PHILADELPHIA PA 19135-1413","7229 TULIP ST TACONY, PHILADELPHIA PA 19135-1413","DIVISION #39 ANCIENT ORDER OF HIBERNIANS","THOMAS M CONWAY","Philadelphia County","Philadelphia City","Aug 19,2025","Oct 31,2026",-75.0338852,40.027501
"2334",36228,"C3472","Club (Liquor)","Active","PEN & PENCIL CLUB, INC.","PEN & PENCIL CLUB, INC.","1522 LATIMER ST, PHILADELPHIA PA 19102-4402","1522 LATIMER ST, PHILADELPHIA PA 19102-4402","PEN & PENCIL CLUB, INC.","SHAWN NIXON","Philadelphia County","Philadelphia City","Aug 27,2025","Oct 31,2026",-75.1672395,39.9479229
"2335",2840,"CC93","Catering Club (Liquor)","Active","THE RACQUET CLUB","THE RACQUET CLUB","213-225 S 16TH ST, PHILADELPHIA PA 19102-3349","213-225 S 16TH ST, PHILADELPHIA PA 19102-3349","THE RACQUET CLUB","NICHOLAS PITT","Philadelphia County","Philadelphia City","Nov 19,2025","Oct 31,2026",-75.1671217,39.948932
"2336",1285,"CC57290","Catering Club (Liquor)","Active","BAYSE MACCABEES","BAYSE MACCABEES","SUMMIT PARK OFFICE D-16 8201 HENRY AVE, PHILADELPHIA PA 19128-2983","SUMMIT PARK OFFICE D-16 8201 HENRY AVE, PHILADELPHIA PA 19128-2983","SUMMIT PARK APARTMENTS","CHRISTINA M BUONOCORE","Philadelphia County","Philadelphia City","Jul 10,2025","Oct 31,2026",-75.2322271,40.0626298
"2337",3130,"CC1369","Catering Club (Liquor)","Active","CITY FIREFIGHTERS HOME ASSOCIATION","CITY FIREFIGHTERS HOME ASSOCIATION","415-427 N 5TH ST, PHILADELPHIA PA 19123","415-427 N 5TH ST, PHILADELPHIA PA 19123","CITY FIREFIGHTERS HOME ASSOCIATION","CHRISTOPHER BECK","Philadelphia County","Philadelphia City","Aug 25,2025","Oct 31,2026",-75.1467344,39.9584977
"2338",1334,"CC2626","Catering Club (Liquor)","Active","GREATER OLNEY DEMOCRATIC CLUB","GREATER OLNEY DEMOCRATIC CLUB","1526 SANSOM ST 2ND FL, PHILADELPHIA PA 19102-2804","1526 SANSOM ST 2ND FL, PHILADELPHIA PA 19102-2804","1526 SANSOM PARTNERS LP","TITO ANOUTI","Philadelphia County","Philadelphia City","Aug 14,2025","Oct 31,2026",-75.1668733,39.9502275
"2339",87460,"D1872","Distributor (Malt)","Active","BEER HUT NORTHEAST LLC","BEER HUT NORTHEAST LLC","9911 NORTHEAST AVE , PHILADELPHIA PA 19115","657 MENNONITE RD, ROYERSFORD PA 19468",NA,"WILLIAM DECKARD, SR","Philadelphia County","Philadelphia City","Jul 29,2025","Oct 31,2026",-75.0280814,40.1005382
"2340",120557,"D3775","Distributor (Malt)","Active","OXFORD BEV 857 INC","OXFORD BEV 857 INC","7517 OXFORD AVE, PHILADELPHIA PA 19111-3014","7517 OXFORD AVE, PHILADELPHIA PA 19111-3014","KYUN CHUNG AND JUNG JOO CHUNG","DAVID LEE","Philadelphia County","Philadelphia City","Jul 30,2025","Oct 31,2026",-75.0836115,40.0663892
"2341",91297,"D1199","Distributor (Malt)","Active","SHERWOOD DISTRIBUTING CO INC","SHERWOOD DISTRIBUTING CO.","718 S 52ND ST, PHILADELPHIA PA 19143-2612","718 S 52ND ST, PHILADELPHIA PA 19143-2612","WILLIE RUSSELL","WILLIAM E RUSSELL","Philadelphia County","Philadelphia City","Oct 1,2025","Oct 31,2026",-75.2275942,39.9484194
"2342",69627,"D2462","Distributor (Malt)","Active","HH BEER BOX LLC","HH BEER BOX LLC","3350 GRANT AVE, PHILADELPHIA PA 19114-2614","3350 GRANT AVE, PHILADELPHIA PA 19114-2614",NA,"PRIYA A PATEL","Philadelphia County","Philadelphia City","Jul 28,2025","Oct 31,2026",-75.0057565,40.0678538
"2343",69193,"D1969","Distributor (Malt)","Active","GOLDEN COAST LLC","GOLDEN COAST LLC","1218-22 SNYDER AVE, PHILADELPHIA PA 19148-5513","1218-22 SNYDER AVE, PHILADELPHIA PA 19148-5513",NA,"TONG SHI","Philadelphia County","Philadelphia City","Jul 9,2025","Oct 31,2026",-75.166749,39.923793
"2344",52381,"E405","Eating Place Retail Dispenser (Malt)","Active","408 NORRIS, INC.","408 NORRIS, INC.","408 W NORRIS ST, PHILADELPHIA PA 19122-2225","408 W NORRIS ST, PHILADELPHIA PA 19122-2225",NA,"MONYNEAT HIN","Philadelphia County","Philadelphia City","Sep 25,2025","Oct 31,2026",-75.1412723,39.9810463
"2345",88769,"E339","Eating Place Retail Dispenser (Malt)","Active","ITSKEVINLEE INC","ITSKEVINLEE INC","1022-24 N MARSHALL ST, PHILADELPHIA PA 19123-1309","1022-24 N MARSHALL ST, PHILADELPHIA PA 19123-1309","JAMES AND OK SOON LEE","KEVIN H LEE","Philadelphia County","Philadelphia City","Sep 2,2025","Oct 31,2026",-75.1475934,39.9701742
"2346",46008,"E103","Eating Place Retail Dispenser (Malt)","Active","MULBERRY MARKET, INC.","MULBERRY MARKET, INC.","236 ARCH ST, PHILADELPHIA PA 19106-4512","236 ARCH ST, PHILADELPHIA PA 19106-4512",NA,"WOO CHUNG","Philadelphia County","Philadelphia City","Jul 25,2025","Oct 31,2026",-75.1445735,39.951917
"2347",52791,"E108","Eating Place Retail Dispenser (Malt)","Active","LUCKY SUE, INC.","LUCKY SUE, INC.","1639 S 24TH ST, PHILADELPHIA PA 19145-1333","1639 S 24TH ST, PHILADELPHIA PA 19145-1333",NA,"SUONG NHAN","Philadelphia County","Philadelphia City","Jul 11,2025","Oct 31,2026",-75.1848092,39.9314238
"2348",73301,"E229","Eating Place Retail Dispenser (Malt)","Active","M & P FOOD INC","M & P FOOD INC","800 BAINBRIDGE ST, PHILADELPHIA PA 19147","1806 CALLOWHILL ST, PHILADELPHIA PA 19130-4110",NA,"MANISH D DESAI","Philadelphia County","Philadelphia City","Oct 20,2025","Oct 31,2026",-75.1559746,39.9414245
"2349",68639,"E144","Eating Place Retail Dispenser (Malt)","Active","LIN'S WILLITS INC","LIN'S WILLITS INC","3217 WILLITS RD, PHILADELPHIA PA 19114-3817","3217 WILLITS RD, PHILADELPHIA PA 19114-3817",NA,"BASSAM AHMED ABDO HAMZAH","Philadelphia County","Philadelphia City","Jun 23,2026","Oct 31,2026",-75.0135739,40.0571099
"2350",54824,"E2103","Eating Place Retail Dispenser (Malt)","Active","FOODERY NORTHERN LIBERTY LTD.","FOODERY NORTHERN LIBERTY LTD.","837-41 N 2ND ST, PHILADELPHIA PA 19123","837-41 N 2ND ST, PHILADELPHIA PA 19123",NA,"SEUNG LEE","Philadelphia County","Philadelphia City","Jul 16,2025","Oct 31,2026",-75.1400811,39.9637488
"2351",106197,"E2154","Eating Place Retail Dispenser (Malt)","Active","7165 DELI & BEER INC","7165 DELI & BEER INC","7165 TORRESDALE AVE, PHILADELPHIA PA 19135-1327","2416 RHAWN ST, PHILADELPHIA PA 19152-3326","RICKY 7165 INC","LOUNG SEK","Philadelphia County","Philadelphia City","Aug 18,2025","Oct 31,2026",-75.0366663,40.029135
"2352",65525,"E901","Eating Place Retail Dispenser (Malt)","Active","1312 DJ INC","1312 DJ INC","1312-14 WALNUT ST , PHILADELPHIA PA 19107-5411","1312-14 WALNUT ST , PHILADELPHIA PA 19107-5411",NA,"KIL KIM","Philadelphia County","Philadelphia City","Jul 9,2025","Oct 31,2026",-75.1627199,39.9490784
"2353",38635,"E143","Eating Place Retail Dispenser (Malt)","Active","NEW DECK CITY DELI, LTD.","NEW DECK CITY DELI, LTD.","4752-54 N 11TH ST, PHILADELPHIA PA 19141-3402","4752-54 N 11TH ST, PHILADELPHIA PA 19141-3402",NA,"DAVID ROA","Philadelphia County","Philadelphia City","Jul 9,2025","Oct 31,2026",-75.1425441,40.0252083
"2354",133369,"G54198","Brewery","Active","KINDRED TABLE LLC","CAROLYN'S MODERN VIETNAMESE","2015 WALNUT ST, PHILADELPHIA PA 19103-4408","2015 WALNUT ST, PHILADELPHIA PA 19103-4408","2015 WALNUT STREET OWNER LLC","HIEN T NGUYEN","Philadelphia County","Philadelphia City","Jul 24,2026","Dec 31,2026",-75.1743299,39.9507667
"2355",98634,"G44162","Brewery","Safekeeping","BO99BREWERY LLC","BO99BREWERY LLC","901-925 N DELAWARE AVE , PHILADELPHIA PA 19123","901-925 N DELAWARE AVE , PHILADELPHIA PA 19123","POPLAR REALTY INVESTMENTS, LP","BRIAN P O'REILLY","Philadelphia County","Philadelphia City","Sep 5,2025","Dec 31,2026",-75.1356508,39.9625785
"2356",116180,"GA53107","Grain Alcohol","Active","JAMES DICKERSON","HOME","6802 N 11TH ST, PHILADELPHIA PA 19126-2806","6802 N 11TH ST, PHILADELPHIA PA 19126-2806",NA,NA,"Philadelphia County","Philadelphia City","Mar 6,2023","Dec 31,2028",-75.136241,40.0563774
"2357",104450,"GR46891","Municipal Golf Course (Liquor)","Active","THE FIRST TEE OF GREATER PHILADELPHIA INC","JOHN F BYRNE GOLF CLUB","9550 LEON ST, PHILADELPHIA PA 19114","9550 LEON ST, PHILADELPHIA PA 19114","CITY OF PHILADELPHIA PARKS & RECREATION","ANTHONY HOFFMAN","Philadelphia County","Philadelphia City","Aug 7,2025","Oct 31,2026",-74.9979042,40.0602018
"2358",132788,"GS61467","Brewery Storage","Active","LOVE CITY BREWING COMPANY","LOVE CITY AT THE COOP","1025 HAMILTON ST, PHILADELPHIA PA 19123-3726","1025 HAMILTON ST, PHILADELPHIA PA 19123-3726","SA HAMILTON LP","MICHAEL J TRAMONTANA","Philadelphia County","Philadelphia City","Nov 18,2025","Dec 31,2026",-75.1557807,39.9603387
"2359",101151,"H45957","Hotel (Liquor)","Active","HYATT CORPORATION","HYATT CENTRIC RITTENHOUSE SQUARE PHILADELPHIA.","1612-1634 CHANCELLOR ST, PHILADELPHIA PA 19103","1612-1634 CHANCELLOR ST, PHILADELPHIA PA 19103","H E PHILADELPHIA HC HOTEL LLC","GREGORY S HIRSCH","Philadelphia County","Philadelphia City","Dec 26,2025","Oct 31,2026",-75.168694,39.9492199
"2360",67271,"H6342","Hotel (Liquor)","Active","ASHFORD TRS PHILADELPHIA ANNEX LLC","THE NOTARY HOTEL, AUTOGRAPH COLLECTION","21 N JUNIPER ST, PHILADELPHIA PA 19107-2532","21 N JUNIPER ST, PHILADELPHIA PA 19107-2532","ASHFORD TRS PHILADELPHIA ANNEX LLC","JAMES GERARD MCSWIGAN","Philadelphia County","Philadelphia City","Jul 14,2025","Oct 31,2026",-75.1620603,39.9531582
"2361",84843,"H34779","Hotel (Liquor)","Active","SHREE SAI SIDDHI SPRUCE LLC AND SHREE SAI SIDDHI SPRUCE RESTUARANT LLC A JOINT VENTURE","FAIRFIELD INN & SUITES BY MARRIOTT","261 S 13TH ST, PHILADELPHIA PA 19107-5669","1650 MARKET ST FL 36, PHILADELPHIA PA 19103-7334","SHREE SAI SIDDHI SPRUCE LLC","MIHIR WANKAWALA","Philadelphia County","Philadelphia City","Oct 28,2025","Oct 31,2026",-75.1624248,39.9468636
"2362",53110,"I738","Importer","Active","SURO INTERNATIONAL IMPORTERS, INC.","SURO INTERNATIONAL IMPORTS INC","1604 LOCUST ST MEZZANINE FLOOR, PHILADELPHIA PA 19103","1530 LOCUST ST APT 9B, PHILADELPHIA PA 19102",NA,"DAVID S PINERA","Philadelphia County","Philadelphia City","Apr 27,2026","Jun 30,2027",-75.168097,39.9484468
"2363",90644,"IA36379","Transporter for Hire Class A","Active","78 H & N ENTERPRISES, INC.","PASQUALLYS PIZZA","200 1/2 S 43RD ST, PHILADELPHIA PA 19104","200 1/2 S 43RD ST, PHILADELPHIA PA 19104",NA,NA,"Philadelphia County","Philadelphia City","Sep 16,2025","Dec 31,2026",-75.2090661,39.9545398
"2364",101468,"ID45578","Importing Distributor (Malt)","Active","CHAMP BEVERAGE LLC","CHAMP BEVERAGE LLC","4252 RISING SUN AVE, PHILADELPHIA PA 19140-2633","4252 RISING SUN AVE, PHILADELPHIA PA 19140-2633","SUNG JA LLC","KIM P TANG","Philadelphia County","Philadelphia City","Aug 6,2025","Oct 31,2026",-75.130184,40.0158513
"2365",114722,"J53269","Bailee For Hire","Active","WINGSTAR DISTRIBUTION INC","WINGSTAR DISTRIBUTION INC","2000 BENNETT RD, PHILADELPHIA PA 19116-3020","2000 BENNETT RD, PHILADELPHIA PA 19116-3020","TISMAN GROUP LLC","OREST BOLONNYY","Philadelphia County","Philadelphia City","Sep 10,2025","Dec 31,2026",-75.0112234,40.1090548
"2366",119979,"J56608","Bailee For Hire","Active","STATESIDE BRANDS LLC","THE STATESIDE VODKA COMPANY","956 E ERIE AVE, PHILADELPHIA PA 19134-","1700 N HANCOCK ST, PHILADELPHIA PA 19122-3111","W-CSV ERIE OWNER IX LP",NA,"Philadelphia County","Philadelphia City","Oct 17,2025","Dec 31,2026",-75.1121005,40.0042605
"2367",113101,"LK53163","Limited Winery","Active","CIDER BELLY HARD CIDER LLC","CIDER BELLY HARD CIDER","8005 GERMANTOWN AVE, PHILADELPHIA PA 19118","8005 ANDERSON ST, PHILADELPHIA PA 19118","BOWMAN PROPERTIES LTD","MATTHEW T VENDEVILLE","Philadelphia County","Philadelphia City","Jan 21,2026","Dec 31,2026",-75.2007048,40.0710147
"2368",72037,"PAF102","Performing Arts Facility","Active","PHILADELPHIA FILM SOCIETY","PHILADELPHIA FILM SOCIETY","1412 CHESTNUT ST, PHILADELPHIA PA 19102-2505","1412 CHESTNUT ST, PHILADELPHIA PA 19102-2505",NA,"JONATHAN ANDREW GREENBLATT","Philadelphia County","Philadelphia City","Sep 2,2025","Oct 31,2026",-75.164713,39.9507263
"2369",88991,"R253","Restaurant (Liquor)","Active","5131 G & D INC","5131 G & D INC","5131 WOODLAND AVE, PHILADELPHIA PA 19143-5035","5131 WOODLAND AVE, PHILADELPHIA PA 19143-5035",NA,"CHANRAKSMEY SENG","Philadelphia County","Philadelphia City","Jun 9,2026","Oct 31,2026",-75.2163107,39.9386297
"2370",33380,"R999","Restaurant (Liquor)","Active","COSTAS CORP.","LITTLE PETE'S","2401 PENNSYLVANIA AVE, PHILADELPHIA PA 19130-3061","2401 PENNSYLVANIA AVE, PHILADELPHIA PA 19130-3061","THE PHILADELPHIAN OWNERS ASSOCIATION","IOANNIS KOUTROUBAS","Philadelphia County","Philadelphia City","Jul 18,2025","Oct 31,2026",-75.1782997,39.9670831
"2371",51701,"R6676","Restaurant (Liquor)","Active","YORK STREET TAVERN ASSOCIATES, INC.","YORK STREET TAVERN ASSOCIATES, INC.","2501 E YORK ST, PHILADELPHIA PA 19125-3632","2501 E YORK ST, PHILADELPHIA PA 19125-3632",NA,"MICHAEL E WEINBERGER","Philadelphia County","Philadelphia City","Jul 25,2025","Oct 31,2026",-75.1236021,39.9772847
"2372",102686,"R7026","Restaurant (Liquor)","Active","ARTESANO GALLERY LLC","ARTESANO GALLERY LLC","107-109 GREEN LN &  4457 MAIN ST, PHILADELPHIA PA 19127","107-109 GREEN LN &  4457 MAIN ST, PHILADELPHIA PA 19127","4446-4450 CRESSON STREET LLC","JAIME KAPLAN","Philadelphia County","Philadelphia City","Aug 14,2025","Oct 31,2026",-1.8603886,52.4731714
"2373",41389,"R272","Restaurant (Liquor)","Active","ROUGE 98, INC.","ROUGE 98","205 S 18TH ST, PHILADELPHIA PA 19103-5956","205 S 18TH ST, PHILADELPHIA PA 19103-5956",NA,"MARY L MOON","Philadelphia County","Philadelphia City","Jan 23,2026","Oct 31,2026",-75.1705367,39.9497043
"2374",92177,"R3989","Restaurant (Liquor)","Active","TETOS GUALAN INC","GUATE GUALAN RESTAURANT","182 W OLNEY AVE, PHILADELPHIA PA 19120-2457","182 W OLNEY AVE, PHILADELPHIA PA 19120-2457",NA,"VERONICA A LOPEZ","Philadelphia County","Philadelphia City","Aug 11,2025","Oct 31,2026",-75.1248014,40.035515
"2375",93155,"R6884","Restaurant (Liquor)","Active","601 N 56TH STREET LLC","601 N 56TH STREET LLC","601 N 56TH ST, PHILADELPHIA PA 19131-4924","601 N 56TH ST, PHILADELPHIA PA 19131-4924","601 N 56TH STREET LLC","JASON E ROBINSON","Philadelphia County","Philadelphia City","Aug 6,2025","Oct 31,2026",-75.2320325,39.9689648
"2376",94760,"R9188","Restaurant (Liquor)","Active","BAR 50 LLC","BAR 50 LLC","1300-02 N 50TH ST, PHILADELPHIA PA 19131-4505","1300-02 N 50TH ST, PHILADELPHIA PA 19131-4505","BARON D HERDER","DANIEL R PRESCOTT","Philadelphia County","Philadelphia City","Jan 21,2026","Oct 31,2026",-75.2230486,39.9734162
"2377",96761,"R11448","Restaurant (Liquor)","Active","VUE ON 50 LLC","VUE ON 50 LLC","1717 ARCH ST FL 50, PHILADELPHIA PA 19103","1717 ARCH ST FL 50, PHILADELPHIA PA 19103","BRANDYWINE OPERATING PARTNERSHIP LP","CLAYRE M CARDI","Philadelphia County","Philadelphia City","Jul 22,2025","Oct 31,2026",-75.1689774,39.9555624
"2378",39909,"R2137","Restaurant (Liquor)","Active","PHILADELPHIA BEER WORKS, INC.","PHILADELPHIA BEER WORKS, INC.","4118 MAIN ST, PHILADELPHIA PA 19127-1618","4118 MAIN ST, PHILADELPHIA PA 19127-1618",NA,"KRISTEN MORAN","Philadelphia County","Philadelphia City","Sep 8,2025","Oct 31,2026",-75.2194599,40.0227364
"2379",120574,"R7153","Restaurant (Liquor)","Active","CLAUDETTE ENA BLANCH BALLROOM LLC","ENA BLANCH BALLROOM","6716-22 GREENWAY AVE, PHILADELPHIA PA 19142-1610","6716-22 GREENWAY AVE, PHILADELPHIA PA 19142-1610","CLAUDETTE A MILLIEN-BROOKS","CLAUDETTE A MILLIEN-BROOKS","Philadelphia County","Philadelphia City","May 11,2026","Oct 31,2026",-75.238445,39.92433
"2380",46722,"R120","Restaurant (Liquor)","Active","217 VEGA, INC","217 VEGA, INC","217 E WESTMORELAND ST, PHILADELPHIA PA 19134-1627","217 E WESTMORELAND ST, PHILADELPHIA PA 19134-1627",NA,"CAMILO VEGA","Philadelphia County","Philadelphia City","Sep 12,2025","Oct 31,2026",-75.1264197,39.999983
"2381",65871,"R3372","Restaurant (Liquor)","Active","J & L CORNER BAR INC","CORNER BAR","3066-68 RICHMOND ST, PHILADELPHIA PA 19134-5807","3066-68 RICHMOND ST, PHILADELPHIA PA 19134-5807",NA,"LOUISE SAVAGE","Philadelphia County","Philadelphia City","Jul 30,2025","Oct 31,2026",-75.1041792,39.9817243
"2382",35105,"R373","Restaurant (Liquor)","Active","TIERRA COLOMBIANA INC.","TIERRA COLOMBIANA BAR & REST.","4531-4539 N 5TH ST, PHILADELPHIA PA 19140-1421","4531-4539 N 5TH ST, PHILADELPHIA PA 19140-1421",NA,"JORGE MOSQUERA","Philadelphia County","Philadelphia City","Jun 18,2026","Oct 31,2026",-75.1335525,40.0204485
"2383",116128,"R6964","Restaurant (Liquor)","Active","KHP COTTMAN LLC","2301 COTTMAN AVENUE","2301 COTTMAN AVE, PHILADELPHIA PA 19149-1041","2301 COTTMAN AVE, PHILADELPHIA PA 19149-1041","BRIXMOR ROOSEVELT MALL OWNER LLC","DAVID LAM","Philadelphia County","Philadelphia City","Aug 25,2025","Oct 31,2026",-75.0594,40.0478712
"2384",72597,"R9046","Restaurant (Liquor)","Active","URBN CALLOWHILL LLC","VETRI PIZZA","1939 CALLOWHILL ST, PHILADELPHIA PA 19130-3841","1939 CALLOWHILL ST, PHILADELPHIA PA 19130-3841","GRAN DEVELOPMENT PARTNERS LP","MARK ROSATI","Philadelphia County","Philadelphia City","Jul 8,2025","Oct 31,2026",-75.1712139,39.9608917
"2385",31302,"R4622","Restaurant (Liquor)","Active","1142 LIONS DEN, INC.","1142 LIONS DEN, INC.","1142 MIFFLIN ST, PHILADELPHIA PA 19148-2110","1142 MIFFLIN ST, PHILADELPHIA PA 19148-2110",NA,"PERRY CAVALIER","Philadelphia County","Philadelphia City","Jul 15,2025","Oct 31,2026",-75.1654039,39.9262068
"2386",44620,"R4302","Restaurant (Liquor)","Active","CHUN MAUV KUOCH BEER DELI, INC.","CHUN MAUV KUOCH BEER DELI, INC.","1655 S CHADWICK ST, PHILADELPHIA PA 19145-1525","1655 S CHADWICK ST, PHILADELPHIA PA 19145-1525",NA,"MEAZA M FIKAK","Philadelphia County","Philadelphia City","Jul 22,2025","Oct 31,2026",-75.1727572,39.9298902
"2387",127082,"R15560","Restaurant (Liquor)","Active","DIAMOND LIL LLC","LILLIAN'S","1900 S 19TH ST, PHILADELPHIA PA 19145-2812","1900 S 19TH ST, PHILADELPHIA PA 19145-2812","101 BARNARD ST, LLC.","SAMANTHA D AHERN","Philadelphia County","Philadelphia City","Jun 9,2026","Oct 31,2026",-75.1774065,39.9278024
"2388",73292,"R1471","Restaurant (Liquor)","Active","D AND W ARAMINGO INC","D AND W ARAMINGO INC","2974 ARAMINGO AVE, PHILADELPHIA PA 19134-4303","7053 TERMINAL SQ, UPPER DARBY PA 19082-2217",NA,"WEI JIAN LIN","Philadelphia County","Philadelphia City","Aug 3,2026","Oct 31,2026",-75.1118133,39.9859028
"2389",45766,"R16494","Restaurant (Liquor)","Active","MOZE, INC.","MOZE, INC.","6517-21 HAVERFORD AVE, PHILADELPHIA PA 19151-3738","6517-21 HAVERFORD AVE, PHILADELPHIA PA 19151-3738",NA,"ZERAI GEBREMICAEL","Philadelphia County","Philadelphia City","Jul 15,2025","Oct 31,2026",-75.249686,39.972546
"2390",89275,"R3149","Restaurant (Liquor)","Active","ACME MARKETS INC","THE FROSTED MUG","5927-59 RIDGE AVE, PHILADELPHIA PA 19128",NA,"NEW PLAN REALTY TRUST INC","BRIAN T MCCREERY","Philadelphia County","Philadelphia City","Sep 3,2025","Oct 31,2026",-75.2112706,40.0317052
"2391",72969,"R3335","Restaurant (Liquor)","Active","BROTHERS SPORTS BAR AND GRILL LLC","BROTHERS SPORTS BAR AND GRILL","7538-40 CASTOR AVE, PHILADELPHIA PA 19152-4002","331 E ST RD, TREVOSE PA 19053-7711",NA,"ALVARO A SOUSA","Philadelphia County","Philadelphia City","Jun 10,2026","Oct 31,2026",-75.0625949,40.0554769
"2392",54242,"R4071","Restaurant (Liquor)","Active","AEGEAN ESTIATORIO, INC.","AEGEAN ESTIATORIO, INC.","1405 LOCUST ST, PHILADELPHIA PA 19102-3807","1405 LOCUST ST, PHILADELPHIA PA 19102-3807",NA,"GUS PASHALIS","Philadelphia County","Philadelphia City","Jul 7,2025","Oct 31,2026",-75.165319,39.948452
"2393",86761,"R5890","Restaurant (Liquor)","Active","THIRSTY SOULS LLC","THIRSTY SOULS LLC","1551 W PASSYUNK AVE, PHILADELPHIA PA 19145-3029","1551 W PASSYUNK AVE, PHILADELPHIA PA 19145-3029","CONCETTA SALVATORE","ADRIENNE SALVATORE-MARKEY","Philadelphia County","Philadelphia City","Aug 12,2025","Oct 31,2026",-75.1727617,39.9251306
"2394",65022,"R263","Restaurant (Liquor)","Active","1640 BRIDGE INC","1640 BRIDGE INC","1640-42 BRIDGE ST, PHILADELPHIA PA 19124-1303","1640-42 BRIDGE ST, PHILADELPHIA PA 19124-1303",NA,"TIENG P KHOV","Philadelphia County","Philadelphia City","May 12,2026","Oct 31,2026",-75.0761692,40.022254
"2395",132830,"R1484","Restaurant (Liquor)","Active","EV 29 INC","EV 29 INC","2748 N 29TH ST, PHILADELPHIA PA 19132-1803","2748 N 29TH ST, PHILADELPHIA PA 19132-1803","DAVUTH ENG & LYLY SOK","YOUVISAL ENG","Philadelphia County","Philadelphia City","Feb 3,2026","Oct 31,2026",-75.1785111,39.9982712
"2396",85984,"R34672","Restaurant (Liquor)","Active","ZHI LLC","ZHI LLC","210 N 9TH ST 1st Floor, PHILADELPHIA PA 19107","210 N 9TH ST 1st Floor, PHILADELPHIA PA 19107","WANGS INVESTMENT LLC","WEI WANG","Philadelphia County","Philadelphia City","Aug 8,2025","Oct 31,2026",-75.1544708,39.9555632
"2397",100917,"R6445","Restaurant (Liquor)","Active","TKJR RESTAURANT ASSOCIATES INC","MAGGIE'S WATERFRONT CAFE","9242-9250 N DELAWARE AVE, PHILADELPHIA PA 19114-4209","9242-9250 N DELAWARE AVE, PHILADELPHIA PA 19114-4209","KEVIN GOODCHILD","TIMOTHY J RYAN","Philadelphia County","Philadelphia City","Aug 12,2025","Oct 31,2026",-74.9896819,40.0436679
"2398",100981,"R15554","Restaurant (Liquor)","Active","E & B 2601 LLC","E & B 2601 LLC","2601 E VENANGO ST, PHILADELPHIA PA 19134-5513","2943 ALMOND ST, PHILADELPHIA PA 19134","ALMOND VENANGO LLC","JOHN E ARNOLDY","Philadelphia County","Philadelphia City","Oct 14,2025","Oct 31,2026",-75.0941554,39.9904336
"2399",125601,"R864","Restaurant (Liquor)","Active","LA SUPERBA LLC","LA SUPERBA LLC","TRENT PLAZA  14425 BUSTLETON AVE, PHILADELPHIA PA 19116-1177","TRENT PLAZA  14425 BUSTLETON AVE, PHILADELPHIA PA 19116-1177","TRENTALANGE, LP","TARIEL TSETSKHLADZE","Philadelphia County","Philadelphia City","Oct 6,2025","Oct 31,2026",-75.0108108,40.1324806
"2400",51786,"R8112","Restaurant (Liquor)","Active","YLSL, INC.","JADE HARBOR SEAFOOD RESTAURANT","942 RACE ST, PHILADELPHIA PA 19107-2408","942 RACE ST, PHILADELPHIA PA 19107-2408",NA,"FUNG SIU","Philadelphia County","Philadelphia City","Nov 12,2025","Oct 31,2026",-75.1558036,39.9552322
"2401",117245,"R11251","Restaurant (Liquor)","Active","KITCHEN 1600 LLC","KITCHEN 1600 LLC","1200 S 21ST ST, PHILADELPHIA PA 19146-4322","1200 S 21ST ST, PHILADELPHIA PA 19146-4322","1200 SOUTH 21ST STREET LLC","DENISE A GESEK","Philadelphia County","Philadelphia City","Dec 1,2025","Oct 31,2026",-75.1788232,39.9375434
"2402",98721,"R4848","Restaurant (Liquor)","Active","STEAK 48 PHILADELPHIA LLC","STEAK 48 PHILADELPHIA LLC","260 S BROAD ST, PHILADELPHIA PA 19102-5012","8355 E HARTFORD DR, SCOTTSDALE AZ 85255",NA,"WILLIAM A HAMMOND","Philadelphia County","Philadelphia City","Mar 31,2026","Oct 31,2026",-75.1651663,39.9474082
"2403",105099,"R9036","Restaurant (Liquor)","Active","ANDREANA 509 INC","ANDREANA 509 INC","507-509 SOUTH ST, PHILADELPHIA PA 19147-2209","507-509 SOUTH ST, PHILADELPHIA PA 19147-2209","VASILIADES FAMILY LTD","ISMAEL MERCADO","Philadelphia County","Philadelphia City","Aug 8,2025","Oct 31,2026",-75.151111,39.9419989
"2404",132976,"R182","Restaurant (Liquor)","Active","TK N5 INC","TK N5 INC","5440 N 5TH ST, PHILADELPHIA PA 19120-2802","2110 S 16TH ST, PHILADELPHIA PA 19145-3812","TK N5 INC","KUY OUN LAM","Philadelphia County","Philadelphia City","Jan 20,2026","Oct 31,2026",-75.1312102,40.0347079
"2405",68703,"R11540","Restaurant (Liquor)","Active","JADE AND FRIENDS COMPANY INC","JADE AND FRIENDS COMPANY INC","6836-38 BUSTLETON AVE, PHILADELPHIA PA 19149-2318","6836-38 BUSTLETON AVE, PHILADELPHIA PA 19149-2318","JADE AND FRIENDS COMPANY INC","JU WONG","Philadelphia County","Philadelphia City","Aug 13,2025","Oct 31,2026",-75.0649326,40.0415183
"2406",131034,"R3928","Restaurant (Liquor)","Active","LOS TACOS FOOD MARKET INC","LOS TACOS FOOD MARKET","5104 N 5TH ST, PHILADELPHIA PA 19120-3309","5104 N 5TH ST, PHILADELPHIA PA 19120-3309","DAISY HURTADO","RICARDO HURTADO","Philadelphia County","Philadelphia City","Jun 15,2026","Oct 31,2026",-75.1323937,40.0290144
"2407",95357,"R1","Restaurant (Liquor)","Active","BRBH HD LLC","BRBH HD LLC","129L S 30TH ST, PHILADELPHIA PA 19104","129L S 30TH ST, PHILADELPHIA PA 19104","BRANDYWINE CIRA GARAGE I LP","MICHAEL J GASIEWSKI JR","Philadelphia County","Philadelphia City","Apr 29,2026","Oct 31,2026",-75.1832363,39.9528175
"2408",12183,"R6289","Restaurant (Liquor)","Active","T & S LTD","T & S LTD","4415 NORTH BROAD ST, PHILADELPHIA PA 19140-1932","4415 NORTH BROAD ST, PHILADELPHIA PA 19140-1932",NA,"TYRONE MOORE","Philadelphia County","Philadelphia City","Sep 12,2025","Oct 31,2026",-75.1484046,40.0206986
"2409",67946,"R1288","Restaurant (Liquor)","Active","LOLITA RESTAURANT INC","LOLITA RESTAURANT INC","104-106 S 13TH ST, PHILADELPHIA PA 19107-4522","104-106 S 13TH ST, PHILADELPHIA PA 19107-4522",NA,"ROBERT TURNEY","Philadelphia County","Philadelphia City","Aug 10,2026","Oct 31,2026",-75.1621167,39.95011
"2410",14863,"R11301","Restaurant (Liquor)","Active","SUNSHINE BAR, INC.","SUNSHINE BAR","1402-04 W OXFORD ST, PHILADELPHIA PA 19121","1402-04 W OXFORD ST, PHILADELPHIA PA 19121",NA,"JASON H ADAMS","Philadelphia County","Philadelphia City","Oct 31,2025","Oct 31,2026",-75.158942,39.97713
"2411",31193,"R9058","Restaurant (Liquor)","Active","RACE STREET RESTAURANT, INC.","RACE STREET RESTAURANT, INC.","1214 SANSOM ST, PHILADELPHIA PA 19107-4913","1214 SANSOM ST, PHILADELPHIA PA 19107-4913",NA,"JAMES MCNAMARA","Philadelphia County","Philadelphia City","Jul 1,2025","Oct 31,2026",-75.161159,39.9496152
"2412",118139,"R1708","Restaurant (Liquor)","Active","GMS HOSPITALITY LLC","GMS HOSPITALITY LLC","402 WOOD ST, PHILADELPHIA PA 19106-2060","402 WOOD ST, PHILADELPHIA PA 19106-2060","JJW REALTY LLC","JOHN V FRANKOWSKI","Philadelphia County","Philadelphia City","Nov 12,2025","Oct 31,2026",-75.1463334,39.9566201
"2413",65813,"R1777","Restaurant (Liquor)","Active","E MEI CORPORATION","E MEI CORPORATION","915 ARCH ST, PHILADELPHIA PA 19107","915 ARCH ST, PHILADELPHIA PA 19107",NA,"JINWEN YU","Philadelphia County","Philadelphia City","Jul 23,2025","Oct 31,2026",-75.1554122,39.9537321
"2414",33647,"R7124","Restaurant (Liquor)","Active","DAVE & BUSTERS OF PENNSYLVANIA INC","DAVE & BUSTERS","325 N CHRISTOPHER COLUMBUS BLVD, PHILADELPHIA PA 19106","325 N CHRISTOPHER COLUMBUS BLVD, PHILADELPHIA PA 19106",NA,"JAMES P JOHNSON","Philadelphia County","Philadelphia City","Nov 7,2025","Oct 31,2026",-75.1384984,39.9561726
"2415",130821,"R4297","Restaurant (Liquor)","Active","JNS1 LLC","JNS1","6424 CASTOR AVE, PHILADELPHIA PA 19149-2737","6424 CASTOR AVE, PHILADELPHIA PA 19149-2737","Tommy Castor LLC","NAIEEM R FURLOW","Philadelphia County","Philadelphia City","Nov 12,2025","Oct 31,2026",-75.0769338,40.0405236
"2416",45175,"R135","Restaurant (Liquor)","Active","DELAWARE VALLEY ROSE LP","APPLEBEE'S NEIGHBORHOOD GRILL & BAR","9142 ROOSEVELT BLVD, PHILADELPHIA PA 19115-4714","9142 ROOSEVELT BLVD, PHILADELPHIA PA 19115-4714",NA,"JULIAN SCOTT","Philadelphia County","Philadelphia City","Aug 14,2025","Oct 31,2026",-75.0336543,40.0767109
"2417",132825,"R671","Restaurant (Liquor)","Active","TAILGATE SPORTS BAR LLC","TAILGATE SPORTS BAR","1033 N 2ND ST, PHILADELPHIA PA 19123-1661","1033 N 2ND ST, PHILADELPHIA PA 19123-1661","1033 NORTH SECOND ASSOCIATES LP","SIMRATPAL SINGH","Philadelphia County","Philadelphia City","Jun 16,2026","Oct 31,2026",-75.1398075,39.967481
"2418",81228,"R1493","Restaurant (Liquor)","Active","GAUL & CO MALTHOUSE LLC","GAUL & CO MALTHOUSE LLC","2619 E INDIANA AVENUE, PHILADELPHIA PA 19134","2619 E INDIANA AVE, PHILADELPHIA PA 19134",NA,"ANDREA L MALIZIA","Philadelphia County","Philadelphia City","Sep 3,2025","Oct 31,2026",-75.1075148,39.9825654
"2419",101278,"R5042","Restaurant (Liquor)","Active","BLEU BROOK LLC","BLEU BROOK LLC","5610 LANCASTER AVE STE 900B-1000, PHILADELPHIA PA 19131","5610 LANCASTER AVE STE 900B-1000, PHILADELPHIA PA 19131","5610 ASSOCIATES, LLC","GARY L MAPP","Philadelphia County","Philadelphia City","Feb 26,2026","Oct 31,2026",-75.2345972,39.9796259
"2420",99267,"R4574","Restaurant (Liquor)","Active","QU JAPANESE BISTRO INC","QU JAPANESE BISTRO INC","1635 MARKET ST, PHILADELPHIA PA 19103","938 RACE ST 1ST FLOOR, PHILADELPHIA PA 19107","NG 1635 MARKET LLC","JINGJING YANG","Philadelphia County","Philadelphia City","Apr 14,2026","Oct 31,2026",-75.1680543,39.9532699
"2421",15058,"R11614","Restaurant (Liquor)","Active","601 MIDDLEBROOK, INC.","601 MIDDLEBROOK, INC.","601 W BRISTOL ST, PHILADELPHIA PA 19140-2526","601 W BRISTOL ST, PHILADELPHIA PA 19140-2526",NA,"WAYNE MIDDLEBROOK","Philadelphia County","Philadelphia City","Aug 26,2025","Oct 31,2026",-75.1369169,40.0170855
"2422",54334,"R6572","Restaurant (Liquor)","Active","CENTER STAGE COMEDY, L.P.","CENTER STAGE COMEDY, L.P.","2031-33 SANSOM ST, PHILADELPHIA PA 19103-4416","2031-33 SANSOM ST, PHILADELPHIA PA 19103-4416",NA,"BRADLEY T LENORA","Philadelphia County","Philadelphia City","Jun 12,2026","Oct 31,2026",-75.1746935,39.9516589
"2423",11130,"R3776","Restaurant (Liquor)","Active","2054 JOE'S INTERNATIONAL BAR, INC.","2054 JOE'S INTERNATIONAL BAR, INC.","2054 DENNIE ST, PHILADELPHIA PA 19140-1723","2054 DENNIE ST, PHILADELPHIA PA 19140-1723",NA,"DESIREA T GRANT","Philadelphia County","Philadelphia City","Jan 2,2026","Oct 31,2026",-75.1597267,40.0189014
"2424",66675,"R11259","Restaurant (Liquor)","Active","CHILI BAMBOO LLC","CHILI BAMBOO LLC","1228 CHESTNUT ST, PHILADELPHIA PA 19107-4849","1228 CHESTNUT ST, PHILADELPHIA PA 19107-4849",NA,"MIN QING LI","Philadelphia County","Philadelphia City","Jul 8,2025","Oct 31,2026",-75.1615729,39.9503596
"2425",51065,"R9142","Restaurant (Liquor)","Active","2501 X FACTOR, INC.","2501 X FACTOR, INC.","2501 N 2ND ST, PHILADELPHIA PA 19133-3409","2501 N 2ND ST, PHILADELPHIA PA 19133-3409","ALBERT NORAT","HARRY FERNANDEZ","Philadelphia County","Philadelphia City","Aug 25,2025","Oct 31,2026",-75.1353956,39.988385
"2426",27173,"R11185","Restaurant (Liquor)","Active","VIETNAM RESTAURANT, INC.","VIETNAM RESTAURANT, INC.","221-223 N 11TH ST, PHILADELPHIA PA 19107-1821","221-223 N 11TH ST, PHILADELPHIA PA 19107-1821",NA,"BENNY LAI","Philadelphia County","Philadelphia City","Jul 8,2025","Oct 31,2026",-75.157069,39.9563297
"2427",90709,"R7423","Restaurant (Liquor)","Active","AMERICAN MULTI-CINEMA INC","AMC FASHION DISTRICT 8","901 MARKET ST, PHILADELPHIA PA 19107","901 MARKET ST, PHILADELPHIA PA 19107","PHILADELPHIA REDEVELOPMENT AUTHORITY (PREVIOUSLY REDEVELOPMENT AUTHORITY OF THE CITY OF PHILADELPHIA","JESSICA E KLEIN","Philadelphia County","Philadelphia City","Jul 9,2025","Oct 31,2026",-75.1584092,39.9525621
"2428",109440,"R3138","Restaurant (Liquor)","Active","SABRINA'S LLC","SABRINAS LLC","2101 SOUTH ST, PHILADELPHIA PA 19146","2101 SOUTH ST, PHILADELPHIA PA 19146","2101 SOUTH GH ASSOCIATES LP","TAISHA T BROWN","Philadelphia County","Philadelphia City","Sep 8,2025","Oct 31,2026",-75.1771757,39.9452828
"2429",9194,"R69","Restaurant (Liquor)","Active","120 LOMBARD, INC.","120 LOMBARD, INC.","120 LOMBARD ST, PHILADELPHIA PA 19147-1602","120 LOMBARD ST, PHILADELPHIA PA 19147-1602",NA,"MICHAEL GRANATO","Philadelphia County","Philadelphia City","Sep 19,2025","Oct 31,2026",-75.1447285,39.9418627
"2430",113062,"R7802","Restaurant (Liquor)","Active","1017 CUMBERLAND INC","1017 CUMBERLAND INC","1017 W CUMBERLAND ST, PHILADELPHIA PA 19133-1633","1017 W CUMBERLAND ST, PHILADELPHIA PA 19133-1633","K. CUMBERLAND LLC","DOMINIQUE M DIXON","Philadelphia County","Philadelphia City","Aug 13,2026","Oct 31,2026",-75.1492359,39.9902435
"2431",115477,"R15549","Restaurant (Liquor)","Active","MONROE PRESS INC","MONROE PRESS","6786 RIDGE AVE, PHILADELPHIA PA 19128-2430","6786 RIDGE AVE, PHILADELPHIA PA 19128-2430","HARDY & HARDY HOLDINGS LLC","GEORGE M HARDY","Philadelphia County","Philadelphia City","Jul 20,2026","Oct 31,2026",-75.2264217,40.0421596
"2432",52326,"R7468","Restaurant (Liquor)","Active","1206 JOYCE INC","1206 JOYCE INC","1206-08 POINT BREEZE AVE, PHILADELPHIA PA 19146-4332","1206-08 POINT BREEZE AVE, PHILADELPHIA PA 19146-4332",NA,"TAK LAO","Philadelphia County","Philadelphia City","Aug 18,2025","Oct 31,2026",-75.177268,39.9371099
"2433",69755,"R4234","Restaurant (Liquor)","Active","300 ONTARIO LLC","300 ONTARIO LLC","300 E ONTARIO ST, PHILADELPHIA PA 19134-1620","300 E ONTARIO ST, PHILADELPHIA PA 19134-1620",NA,"MICHAEL SIM","Philadelphia County","Philadelphia City","Mar 11,2026","Oct 31,2026",-75.1246251,40.0009108
"2434",59764,"R1162","Restaurant (Liquor)","Active","SMBW INC","SMBW INC","5642-44 BOYER ST, PHILADELPHIA PA 19138-1733","5642-44 BOYER ST, PHILADELPHIA PA 19138-1733",NA,"BYRON T WHITING JR","Philadelphia County","Philadelphia City","Jun 10,2026","Oct 31,2026",-75.1623215,40.0463437
"2435",83473,"R15347","Restaurant (Liquor)","Active","CHEN ON THE PARKWAY LLC","CHEN ON THE PARKWAY LLC","1700 BENJAMIN FRANKLIN PKWY  1ST FL, PHILADELPHIA PA 19103-2714","1700 BENJAMIN FRANKLIN PKWY  1ST FL, PHILADELPHIA PA 19103-2714","WINDSOR ASSOCIATES LIMITED PARTNERSHIP","JIN WU CHEN","Philadelphia County","Philadelphia City","Jul 15,2025","Oct 31,2026",-75.1681576,39.9557796
"2436",94731,"R15564","Restaurant (Liquor)","Active","BROAD & LOCUST EVENTS LLC","BROAD & LOCUST EVENTS LLC","227-31 S BROAD ST, PHILADELPHIA PA 19107","925 N 2ND ST, PHILADELPHIA PA 19123","BL PARTNERS GROUP LP","MICHAEL G MILLER","Philadelphia County","Philadelphia City","Dec 10,2025","Oct 31,2026",-75.1640408,39.9483922
"2437",68949,"R6598","Restaurant (Liquor)","Active","GRAN CAFFE L'AQUILA LP","GRAN CAFFE L'AQUILA LP","1716 CHESTNUT ST, PHILADELPHIA PA 19103-5120","1716 CHESTNUT ST, PHILADELPHIA PA 19103-5120",NA,"RICCARDO LONGO","Philadelphia County","Philadelphia City","Nov 3,2025","Oct 31,2026",-75.1695115,39.9512859
"2438",73273,"R4362","Restaurant (Liquor)","Active","4201 FAIRHILL INC","4201 FAIRHILL INC","4201 N FAIRHILL ST, PHILADELPHIA PA 19140-2636","7053 TERMINAL SQ, UPPER DARBY PA 19082-2217","FENG E LIU","FENG E LIU","Philadelphia County","Philadelphia City","Aug 13,2026","Oct 31,2026",-75.1362706,40.0153527
"2439",89663,"R447","Restaurant (Liquor)","Active","LYCHEE 93 INC","LYCHEE 93 INC","4653 WALNUT ST, PHILADELPHIA PA 19139","5527 BALTIMORE AVE, PHILADELPHIA PA 19143-2841",NA,"NGIEM H TANG","Philadelphia County","Philadelphia City","Sep 2,2025","Oct 31,2026",-75.2154591,39.9559688
"2440",117978,"R11124","Restaurant (Liquor)","Active","SMALLVILLE RESTAURANT ASSOCIATES LLC","SMALLVILLE RESTAURANT ASSOCIATES LLC","1805 WALNUT ST, PHILADELPHIA PA 19103","134 MARKET ST, PHILADELPHIA PA 19106-3015","1805 RETAIL PARTNERS LP","GREGORY D DINISIO","Philadelphia County","Philadelphia City","Jun 8,2026","Oct 31,2026",-75.1708533,39.950851
"2441",72754,"R15632","Restaurant (Liquor)","Active","1822 KM INC","1822 KM INC","1822-24 S 18TH ST, PHILADELPHIA PA 19145-2142","1822-24 S 18TH ST, PHILADELPHIA PA 19145-2142",NA,"KIMSOUR MEY","Philadelphia County","Philadelphia City","Dec 2,2025","Oct 31,2026",-75.1756393,39.9282249
"2442",81785,"R3612","Restaurant (Liquor)","Active","GRAYS FERRY FOODS LLC","GRAYS FERRY FOODS LLC","3021 GRAYS FERRY AVE, PHILADELPHIA PA 19146-2709","P.O. BOX 306, DREXEL HILL PA 19026-0306","WAKEFERN FOOD CORP","SAMIRAH A SYED","Philadelphia County","Philadelphia City","Aug 21,2025","Oct 31,2026",-75.1933874,39.9403495
"2443",95492,"R425","Restaurant (Liquor)","Active","CITY RESTAURANT INC","CITY RESTAURANT INC","2 PENN CENTER CONCOURSE, PHILADELPHIA PA 19102","2 PENN CENTER CONCOURSE, PHILADELPHIA PA 19102","CROWN TWO PENN CENTER ASSOC LP","SE H JANG","Philadelphia County","Philadelphia City","Sep 16,2025","Oct 31,2026",-75.1657243,39.9534021
"2444",94388,"R663","Restaurant (Liquor)","Active","1500 G & G INC","1500 G & G INC","1500 S BAILEY ST, PHILADELPHIA PA 19146-4414","1500 S BAILEY ST, PHILADELPHIA PA 19146-4414","THOMAS  P BARR","SAROM SOB","Philadelphia County","Philadelphia City","Jul 22,2026","Oct 31,2026",-75.1885746,39.9342593
"2445",131529,"R13537","Restaurant (Liquor)","Active","EMMETT43 LLC","EMMETT43 LLC","161 W GIRARD AVE, PHILADELPHIA PA 19123-1839","161 W GIRARD AVE, PHILADELPHIA PA 19123-1839","MIRWAIS SAIDI & SHARARA SAIDI","JULIAN H VAN DER TAK","Philadelphia County","Philadelphia City","Dec 30,2025","Oct 31,2026",-75.1383573,39.9695337
"2446",121356,"R7680","Restaurant (Liquor)","Active","GIVE ME FIVE LLC","GIVE ME FIVE LLC","2421 MARTHA ST, PHILADELPHIA PA 19125","2421 MARTHA ST, PHILADELPHIA PA 19125","2403 MARTHA LLC","AARON J DEARY","Philadelphia County","Philadelphia City","Sep 22,2025","Oct 31,2026",-75.1275127,39.9822813
"2447",105457,"R6109","Restaurant (Liquor)","Active","ZIG ZAG BBQ LLC","ZIG ZAG BBQ LLC","2111 E YORK ST, PHILADELPHIA PA 19125","2111 E YORK ST, PHILADELPHIA PA 19125","YORK & MARTHA LLC","MATTHEW BRYAN RAAB LANG","Philadelphia County","Philadelphia City","Oct 30,2025","Oct 31,2026",-75.1281429,39.9822912
"2448",66494,"R4085","Restaurant (Liquor)","Active","REAL FRESH INC","REAL FRESH INC","TWO COMMERCE SQ 2001 MARKET ST, PHILADELPHIA PA 19103-7044","TWO COMMERCE SQ 2001 MARKET ST, PHILADELPHIA PA 19103-7044",NA,"MATTHEW J PAGANO","Philadelphia County","Philadelphia City","Dec 30,2025","Oct 31,2026",-75.1737268,39.9537926
"2449",65595,"R6877","Restaurant (Liquor)","Active","1601 V & W INC","1601 V & W INC","1601 N 5TH ST, PHILADELPHIA PA 19122-2907","1601 N 5TH ST, PHILADELPHIA PA 19122-2907",NA,"MAYRA PADILLA","Philadelphia County","Philadelphia City","Aug 18,2025","Oct 31,2026",-75.1433192,39.975671
"2450",132699,"R2006","Restaurant (Liquor)","Safekeeping","HANDS AND PANS LLC","HANDS AND PANS LLC","6745 GERMANTOWN AVE, PHILADELPHIA PA 19119-2109","6745 GERMANTOWN AVE, PHILADELPHIA PA 19119-2109","GOOD LUCK REALTY LLC","ADAM R HONEYCUTT","Philadelphia County","Philadelphia City","Feb 27,2026","Oct 31,2026",-75.1858044,40.0531298
"2451",98625,"R7272","Restaurant (Liquor)","Safekeeping","ROSE TATTOO CAFE LLC","ROSE TATTOO CAFE LLC","1847 CALLOWHILL ST, PHILADELPHIA PA 19130-4109","1847 CALLOWHILL ST, PHILADELPHIA PA 19130-4109","MALTEA PROPERTIES LLC","MICHAEL MALTEPES","Philadelphia County","Philadelphia City","Apr 14,2026","Oct 31,2026",-75.169858,39.9608481
"2452",92575,"R2772","Restaurant (Liquor)","Safekeeping","ARGENTINA GRILL LLC","ARGENTINA GRILL LLC","1901 CHESTNUT ST 2ND FL, PHILADELPHIA PA 19103-3500","100 N 20TH ST STE 200, PHILADELPHIA PA 19103-1454","SEUNG HO  KIM","ANNE DOUGHERTY","Philadelphia County","Philadelphia City","May 28,2026","Oct 31,2026",-75.1720184,39.9520009
"2453",123898,"R7536","Restaurant (Liquor)","Safekeeping","JIMENEZ PROPERTY INVESTMENTS INC","JIMENEZ PROPERTY INVESTMENTS INC","1342 S 22ND  ST, PHILADELPHIA PA 19146","1342 S 22ND  ST, PHILADELPHIA PA 19146","JIMENEZ PROPERTY INVESTMENTS INC","ANTONIO JIMENEZ HERNANDEZ","Philadelphia County","Philadelphia City","Oct 9,2025","Oct 31,2026",-75.1810798,39.9347323
"2454",88229,"R1175","Restaurant (Liquor)","Safekeeping","ETHAN D LLC","ETHAN D LLC","541-543 E GIRARD AVE, PHILADELPHIA PA 19125-3311","1845 WALNUT ST, PHILADELPHIA PA 19103",NA,"JONATHAN SCHULZE","Philadelphia County","Philadelphia City","Sep 22,2025","Oct 31,2026",-75.1273404,39.9715147
"2455",133005,"R15472","Restaurant (Liquor)","Safekeeping","BB3 OLDE BAR LLC","BB3 OLDE BAR LLC","125 WALNUT ST, PHILADELPHIA PA 19106-3016","125 WALNUT ST, PHILADELPHIA PA 19106-3016","BB3 OLDE BAR LLC",NA,"Philadelphia County","Philadelphia City","May 26,2026","Oct 31,2026",-75.14392,39.9468959
"2456",38531,"R9034","Restaurant (Liquor)","Safekeeping","IBIS LOUNGE, INC.","IBIS LOUNGE, INC.","5409 JEFFERSON ST, PHILADELPHIA PA 19131-3513","5409 JEFFERSON ST, PHILADELPHIA PA 19131-3513","IBIS LOUNGE, INC.","BERTIE SMITH","Philadelphia County","Philadelphia City","Nov 26,2025","Oct 31,2026",-75.231286,39.979161
"2457",65104,"R3166","Restaurant (Liquor)","Safekeeping","C & D BREWING COMPANY OF CHESTNUT HILL, LLC","IRON HILL BREWERY & RESTAURANT","8400 GERMANTOWN AVE STE 2, PHILADELPHIA PA 19118-3328","8400 GERMANTOWN AVE STE 2, PHILADELPHIA PA 19118-3328",NA,"TIMOTHY P COLLINS","Philadelphia County","Philadelphia City","Sep 16,2025","Oct 31,2026",-75.2054628,40.0751842
"2458",51824,"R6793","Restaurant (Liquor)","Safekeeping","SAPPHIRE L.R., INC.","SAPPHIRE L.R., INC.","4137-41 MAIN ST, PHILADELPHIA PA 19127-2102","4137-41 MAIN ST, PHILADELPHIA PA 19127-2102",NA,"GUIDO ABBATE","Philadelphia County","Philadelphia City","Aug 24,2026","Oct 31,2026",-75.2189741,40.0229164
"2459",127109,"R7349","Restaurant (Liquor)","Safekeeping","926 ARCH ASSOCIATES LLC","926 ARCH ASSOCIATES LLC","926 ARCH ST, PHILADELPHIA PA 19107-1852","917 ARCH ST UNIT 102, PHILADELPHIA PA 19107","DA FUHAO REAL ESTATE INC","KEVIN REN","Philadelphia County","Philadelphia City","Oct 31,2025","Oct 31,2026",-75.1558288,39.9533403
"2460",134420,"R6549","Restaurant (Liquor)","Safekeeping","BARCELONA FISHTOWN LLC","BARCELONA WINE BAR","1339-45 N FRONT ST, PHILADELPHIA PA 19123","1339-45 N FRONT ST, PHILADELPHIA PA 19123","1339 N FRONT STREET OWNER LLC",NA,"Philadelphia County","Philadelphia City","Aug 25,2026","Oct 31,2026",-75.1351975,39.9712977
"2461",53017,"R3619","Restaurant (Liquor)","Safekeeping","1225 RAW INC.","1225 RAW INC.","1225 SANSOM ST & 1224 CHESTNUT ST, PHILADELPHIA PA 19107","1225 SANSOM ST & 1224 CHESTNUT ST, PHILADELPHIA PA 19107",NA,"DONG M RIM","Philadelphia County","Philadelphia City","Jan 16,2026","Oct 31,2026",-75.1614905,39.9500178
"2462",106179,"S49203","Sacramental Wine","Active","HOUSE OF KOSHER INC","HOUSE OF KOSHER INC","9806  BUSTLETON  AVE, PHILADELPHIA  PA 19115","9806  BUSTLETON  AVE, PHILADELPHIA  PA 19115","BUSTLETON ASSOCIATES","ARTHUR DANEKYANTS","Philadelphia County","Philadelphia City","Oct 3,2025","Dec 31,2026",-75.0329116,40.0922647
"2463",130754,"SO60735","Special Occasion Permit","Active","CHESTNUT HILL CONSERVANCY","CHESTNUT HILL CONSERVANCY","8708 GERMANTOWN AVE, PHILADELPHIA PA 19118-2717","8708 GERMANTOWN AVE, PHILADELPHIA PA 19118-2717",NA,NA,"Philadelphia County","Philadelphia City","May 6,2026","Dec 31,2026",-75.2095884,40.0772929
"2464",130433,"SO60578","Special Occasion Permit","Active","EAST PASSYUNK AVE BUSINESS IMPROVEMENT DISTRICT","EAST PASSYUNK AVE BUSINESS IMPROVEMENT DISTRICT","1904 EAST PASSYUNK  AVE, PHILADELPHIA PA 19148","1904 EAST PASSYUNK  AVE, PHILADELPHIA PA 19148",NA,NA,"Philadelphia County","Philadelphia City","Mar 25,2026","Dec 31,2026",-75.1677,39.9264579
"2465",127259,"SO58585","Special Occasion Permit","Active","WEST PHILADELPHIA SOCCER ACADEMY","WEST PHILADELPHIA SOCCER ACADEMY","851 N 65TH ST, PHILADELPHIA PA 19151-3304","851 N 65TH ST, PHILADELPHIA PA 19151-3304",NA,NA,"Philadelphia County","Philadelphia City","Jul 9,2026","Dec 31,2026",-75.2493659,39.9763427
"2466",130972,"SO60874","Special Occasion Permit","Active","MEXICAN CULTURAL EXPRESSIONS NATIONAL SOCIETY INC","MEXICAN CULTURAL EXPRESSIONS NATIONAL SOCIETY INC","65 CRYSTAL ST FL 2, NORTH ARLINGTON NJ 07031-5611","65 CRYSTAL ST FL 2, NORTH ARLINGTON NJ 07031-5611",NA,NA,"Philadelphia County","Philadelphia City","Jun 22,2026","Dec 31,2026",-74.1328724,40.7922612
"2467",128355,"SO59219","Special Occasion Permit","Active","EVANGELISMOS OF THEOTOKOS","EVANGELISMOS OF THEOTOKOS","6501-5 BUSTLETON AVE, PHILADELPHIA PA 19149","6501-5 BUSTLETON AVE, PHILADELPHIA PA 19149",NA,NA,"Philadelphia County","Philadelphia City","Feb 6,2026","Dec 31,2026",-75.0689145,40.0368945
"2468",130070,"SO60298","Special Occasion Permit","Active","CHRIST THE KING CHURCH SWIM TEAM","CHRIST THE KING CHURCH SWIM TEAM","3252 CHESTERFIELD RD, PHILADELPHIA PA 19114-1524","3252 CHESTERFIELD RD, PHILADELPHIA PA 19114-1524",NA,NA,"Philadelphia County","Philadelphia City","Feb 19,2026","Dec 31,2026",-74.9962187,40.0755204
"2469",134582,"R512","Restaurant (Liquor)","Pending","UMAMI & CO INC","UMAMI & CO INC","625-27 SOUTH SIXTH ST, PHILADELPHIA PA 19147","625-27 SOUTH SIXTH ST, PHILADELPHIA PA 19147",NA,NA,"Philadelphia County","Philadelphia City",NA,"Oct 31,2026",-75.152254,39.9412329
"2470",132837,"R9153","Restaurant (Liquor)","Pending","ROSA MAE GALLON","CAROLINA MARKET","2952-54 RIDGE AVE, PHILADELPHIA PA 19121-1807","2952-54 RIDGE AVE, PHILADELPHIA PA 19121-1807",NA,NA,"Philadelphia County","Philadelphia City",NA,"Oct 31,2026",-75.182117,39.9875768
"2471",135350,"R663","Restaurant (Liquor)","Pending","1500 M&K INC","1500 M&K INC","1500 S BAILEY ST, PHILADELPHIA PA 19146-4414","1500 S BAILEY ST, PHILADELPHIA PA 19146-4414",NA,NA,"Philadelphia County","Philadelphia City",NA,"Oct 31,2026",-75.1885746,39.9342593
"2472",135273,"R54","Restaurant (Liquor)","Pending","NIPPY'S ON SOUTH LLC","NIPPYS ON SOUTH","1312 SOUTH ST, PHILADELPHIA PA 19147-1823","1312 SOUTH ST, PHILADELPHIA PA 19147-1823",NA,NA,"Philadelphia County","Philadelphia City",NA,"Oct 31,2026",-75.1638263,39.9432694
"2473",134387,"R12260","Restaurant (Liquor)","Pending","DASH GERMANTOWN LLC","DASH GERMANTOWN LLC","6206 GERMANTOWN AVE, PHILADELPHIA PA 19144","6206 GERMANTOWN AVE, PHILADELPHIA PA 19144","GERMANTOWN 6206 LLC","DAREN C HARDIMON","Philadelphia County","Philadelphia City",NA,"Oct 31,2026",-75.1802843,40.0421708
"2474",134242,"E114","Eating Place Retail Dispenser (Malt)","Pending","AKS INVESTMENT LLC","SHELL GAS STATION","137 W WYOMING AVE, PHILADELPHIA PA 19140","137 W WYOMING AVE, PHILADELPHIA PA 19140",NA,NA,"Philadelphia County","Philadelphia City",NA,"Oct 31,2026",-75.1257434,40.0220345
